,Dst Port,Protocol,Flow Duration,Tot Fwd Pkts,Tot Bwd Pkts,TotLen Fwd Pkts,TotLen Bwd Pkts,Fwd Pkt Len Max,Fwd Pkt Len Min,Fwd Pkt Len Mean,Fwd Pkt Len Std,Bwd Pkt Len Max,Bwd Pkt Len Min,Bwd Pkt Len Mean,Bwd Pkt Len Std,Flow Byts/s,Flow Pkts/s,Flow IAT Mean,Flow IAT Std,Flow IAT Max,Flow IAT Min,Fwd IAT Tot,Fwd IAT Mean,Fwd IAT Std,Fwd IAT Max,Fwd IAT Min,Bwd IAT Tot,Bwd IAT Mean,Bwd IAT Std,Bwd IAT Max,Bwd IAT Min,Fwd PSH Flags,Bwd PSH Flags,Fwd URG Flags,Bwd URG Flags,Fwd Header Len,Bwd Header Len,Fwd Pkts/s,Bwd Pkts/s,Pkt Len Min,Pkt Len Max,Pkt Len Mean,Pkt Len Std,Pkt Len Var,FIN Flag Cnt,SYN Flag Cnt,RST Flag Cnt,PSH Flag Cnt,ACK Flag Cnt,URG Flag Cnt,CWE Flag Count,ECE Flag Cnt,Down/Up Ratio,Pkt Size Avg,Fwd Seg Size Avg,Bwd Seg Size Avg,Fwd Byts/b Avg,Fwd Pkts/b Avg,Fwd Blk Rate Avg,Bwd Byts/b Avg,Bwd Pkts/b Avg,Bwd Blk Rate Avg,Subflow Fwd Pkts,Subflow Fwd Byts,Subflow Bwd Pkts,Subflow Bwd Byts,Init Fwd Win Byts,Init Bwd Win Byts,Fwd Act Data Pkts,Fwd Seg Size Min,Active Mean,Active Std,Active Max,Active Min,Idle Mean,Idle Std,Idle Max,Idle Min,Flow ID,Src IP,Src Port,Dst IP
Dst Port,1.0,-0.13603980147699843,-0.0118304738189731,-0.014631110163076605,-0.017471798464032184,-0.014650388785940115,-0.008428175885045252,-0.06860274066951867,-0.06149937398925867,-0.0719468185942835,-0.06611584758791086,-0.2001150362538669,-0.12611320029699413,-0.19677607182706655,-0.19402642900441502,0.10833563225769638,-0.013595268777727093,0.15067206399593622,-0.06649229289561875,0.06941835873142993,0.1673801213127167,-0.007284218979608329,0.12676364146994593,-0.06996705597882,0.0756894132263478,0.13857196066202057,-0.07957866226400918,-0.04987219283057928,-0.07513495621534363,-0.0713514844360632,-0.028646258613569526,0.1616133171243471,,0.007545873840041904,,-0.014822012256658166,-0.018981967282372763,0.06925867036448637,-0.12180294715802127,-0.0678708756088651,-0.1777792658926795,-0.16916402816875406,-0.18944727575715972,-0.032598124159996994,0.09392493146143502,0.1616133171243471,-0.12000508579487765,-0.31726974115980827,0.48500944725601375,0.4835843248709818,0.007545873840041904,-0.12000508579487765,-0.14375759389715156,-0.17928179790496362,-0.0719468185942835,-0.19677607182706655,,,,,,,-0.014631110163076605,-0.014650388785940115,-0.017471798464032184,-0.008428175885045252,-0.11012276662158559,-0.01037320102531809,-0.014585024374235415,-0.08615925301729084,-0.02344118128228752,-0.019005288308939546,-0.0263877876175525,-0.01912159647294388,0.09808926751166562,-0.0341342656110315,0.08823732216564628,0.10390250626178345,,,-0.24489243336096697,
Protocol,-0.13603980147699843,1.0,-0.10136646289557777,0.09766500071424548,-0.020604848304541994,0.0960625318381099,-0.010021816665215797,-0.09834389371092377,0.5142026828485721,0.08762692945925278,-0.1944244549234329,-0.201160117937711,0.8360485495284173,-0.0052958137572618625,-0.2678709491186368,-0.0026979196320748747,-0.17439988164568662,-0.105989956037206,-0.037316264996858035,-0.11634887463605807,-0.10744387164477012,-0.09606586378210959,-0.10497820462770163,-0.033502274854524776,-0.10939781339669943,-0.1048536288926964,-0.09225996591210606,-0.05256899786517249,-0.08857363811872504,-0.08267815351417462,-0.028073367023870376,-0.06865996517925498,,-0.005611210135197714,,0.09716300083938635,-0.02804019910717418,-0.1623578251812968,-0.16914442997081683,0.5302295444640799,-0.18820456150486584,0.03428746977485592,-0.2069465021512242,-0.04313205306882778,-0.01990126519006042,-0.06865996517925498,-0.23903906330604144,-0.48943722065147105,-0.21991235401375261,-0.05872415308937705,-0.005611210135197714,-0.23903906330604144,0.1459222615888091,0.10699782579545747,0.08762692945925278,-0.0052958137572618625,,,,,,,0.09766500071424548,0.0960625318381099,-0.020604848304541994,-0.010021816665215797,-0.3400181469889712,-0.11483608776184576,0.0978305082935207,-0.5561248472716634,-0.04321244153775455,-0.05485805131665599,-0.05345669830715072,-0.027412384385046493,-0.11509692904013201,0.041655865789788415,-0.10051045349883678,-0.1226103996171865,,,0.24920972147185635,
Flow Duration,-0.0118304738189731,-0.10136646289557777,1.0,0.16163694554150668,0.09732010941402021,0.16026017796454375,0.06392833577427852,0.1672354463672135,0.11248460161804201,0.1324940247534821,0.10424642887527574,0.16722638559054515,-0.11104306608070609,0.16808974373759034,0.10843158237633284,-0.0170585245175042,-0.1518452813577357,0.5373071828699226,0.5353717113883215,0.7803183699310234,0.43767275228874886,0.996738862127789,0.5831079661602431,0.6225672784145314,0.7792605893583059,0.48642566918645147,0.7764318687618769,0.4153052978164354,0.5546522902307699,0.5932131512467599,0.2654853652173923,0.08332834312476424,,-0.004687903907465626,,0.1627161382563411,0.10516550603991748,-0.14126898851552058,-0.14741430136775835,0.1145079004221647,0.17723161245921748,0.257759933798668,0.15616798979739907,0.04029659933554646,-0.017113618405828365,0.08332834312476424,-0.019806534799964554,-0.049414901305922784,0.03781888309995912,-0.0458334057623203,-0.004687903907465626,-0.019806534799964554,-0.12247001734806136,0.2319336745023001,0.1324940247534821,0.16808974373759034,,,,,,,0.16163694554150668,0.16026017796454375,0.09732010941402021,0.06392833577427852,-0.01981526331688222,-0.03431045151849844,0.16116036807266051,-0.13584899993846528,0.22325785777501356,0.19049588650746357,0.2570027278751134,0.17856826578498777,0.7307093365197573,0.3684363359775744,0.763675830603251,0.691368799906368,,,-0.27632342673426624,
Tot Fwd Pkts,-0.014631110163076605,0.09766500071424548,0.16163694554150668,1.0,0.0007208381613121444,0.9866173566340365,0.002591186272251728,-0.012902300646982072,0.026842565655278625,-0.0027997485834471278,-0.01983903552726613,-0.029003400718858652,-0.015126823891529962,-0.02652440560829697,-0.02770246340936976,-0.0017283917192999953,-0.01863843814209887,-0.008989592391249825,-0.008405624489064692,-0.010631418013901188,-0.0074290468907482685,0.1626019698374313,-0.009311984570620107,-0.008969910719892319,-0.009889148813405562,-0.007892224345099504,-0.009645012453816314,-0.006145435735606081,-0.009326469079793096,-0.008783112590632403,-0.003502506666188675,-0.007032093086923986,,-0.0005932943832547202,,0.9999737319716848,0.0004878721816694211,-0.01726667409516825,-0.018189945013508225,0.027802979115407477,-0.02562166871449343,-0.013888212529270657,-0.029578370074893015,-0.004252223192162494,-0.0021071525874849168,-0.007032093086923986,-0.024813736135009663,-0.051041219417662244,-0.02314157433366559,-0.006233744701623996,-0.0005932943832547202,-0.024813736135009663,-0.03337461170121074,-0.016804572495308593,-0.0027997485834471278,-0.02652440560829697,,,,,,,1.0,0.9866173566340365,0.0007208381613121444,0.002591186272251728,-0.03570342379986397,-0.01164833193553687,0.9999913042155769,-0.05965947788117969,-0.002722971137022173,-0.0019084343331176993,-0.0029405655003846174,-0.002339950378437442,-0.01038211529249374,-0.004717678424381071,-0.010744066572841281,-0.00990449432294482,,,-0.2261274557211519,
Tot Bwd Pkts,-0.017471798464032184,-0.020604848304541994,0.09732010941402021,0.0007208381613121444,1.0,0.017419859966309733,0.9829020722869323,0.14501156132211068,-0.01301516443688522,0.10238953123876131,0.11410593453025664,0.09988938018445553,-0.014787163903380635,0.20046017686670778,0.05580288946544988,-0.0006628172340606735,-0.02523858633208637,-0.011267955748196843,0.01808737231602877,0.03287094655130705,-0.013060971180530056,0.09637325698976106,-0.00766091910250212,0.04323252269687897,0.03219609679099185,-0.012758084161157052,0.13151131149627177,0.006689807318422903,0.036753303809362446,0.06546670468237438,-0.0021303284784177324,0.019116277557121135,,-0.0010430133766532734,,0.006903315953098243,0.9995814386760519,-0.02390904410336628,-0.023948004201477923,-0.013248962215454069,0.13662899748927088,0.23362175211774544,0.1325928454138463,0.14301659714729809,-0.003206687717032405,0.019116277557121135,0.02642792826945902,0.03850963465610096,-0.023755219195405308,-0.008332034940445085,-0.0010430133766532734,0.02642792826945902,0.14789555881628944,0.21628819952002243,0.10238953123876131,0.20046017686670778,,,,,,,0.0007208381613121455,0.017419859966309733,1.0,0.9829020722869323,-0.00846735117533916,0.026769658821831067,-0.002859943864146239,-0.012970341876376254,0.016340352575343327,0.014673996194377243,0.026534048903074352,0.014317464901327572,0.034727934889884814,0.013191647417754996,0.034378856769966284,0.03315185580667816,,,-0.19056478573300908,
TotLen Fwd Pkts,-0.014650388785940115,0.0960625318381099,0.16026017796454375,0.9866173566340365,0.017419859966309733,1.0,4.9817665434919495e-05,0.09957798751884082,0.027480899852521914,0.10696503485147436,0.07438654173673945,-0.024824387862745434,-0.015410363837021978,-0.02521609360329308,-0.026549562660659113,0.0014636229852193984,-0.01908483263493454,-0.009054847901229407,-0.007820575228627044,-0.010166307343948593,-0.007622885815456447,0.16121219080173338,-0.009342794377893726,-0.007953251798230572,-0.009421552550569952,-0.008083748524456246,-0.008496326842682912,-0.0056283965542275665,-0.00835261036352448,-0.0079693930795571,-0.0032623718594517784,-0.007137472326371958,,-0.0006104355675756348,,0.9866572348295928,0.020133252323709334,-0.0176886613540941,-0.018615075052204107,0.028085761684272893,0.039186461682899555,0.00541441108333072,0.00501305937029998,0.15562684573845792,-0.00216503032662484,-0.007137472326371958,-0.024145302734024928,-0.04927730605087905,-0.0236364666739496,-0.006376615316350116,-0.0006104355675756348,-0.024145302734024928,-0.03169874776287036,0.001233709059245752,0.10696503485147436,-0.02521609360329308,,,,,,,0.9866173566340365,1.0,0.017419859966309733,4.9817665434919495e-05,-0.03497826818033054,-0.010337262918575101,0.9866196435342995,-0.05919828840821249,-0.0024676801339611944,-0.001986867515408733,-0.00272222547071915,-0.002011117849322671,-0.01011960026529472,-0.0036194947178205326,-0.010290978584835188,-0.00978011690241265,,,-0.2383528645611335,
TotLen Bwd Pkts,-0.008428175885045252,-0.010021816665215797,0.06392833577427852,0.002591186272251728,0.9829020722869323,4.9817665434919495e-05,1.0,0.032422309146754695,-0.005810705241171269,0.003486122552822827,0.0147289469601577,0.05714176074653515,-0.006355166895095915,0.1712611963134225,0.02197915170468942,-0.0009853584504717332,-0.012013457487583036,-0.004806593444500522,0.006234744818786025,0.024407458563918488,-0.0047932573639320065,0.06351879809624608,-0.0036291731654627536,0.02088364355739868,0.024201644675866253,-0.005085511648586958,0.08332597882104965,-0.0009423463935587675,0.013179992156273355,0.04191092665957722,-0.0022442787209455885,0.016155235853823675,,-0.00038240122330237425,,0.008670136983661382,0.9798065112763737,-0.011181753151638869,-0.011662020706833556,-0.005866574337666803,0.05230626402183654,0.19098969168164534,0.07246740141879011,0.022389502323856964,-0.0013562614784655186,0.016155235853823675,0.0009456203764190134,0.01389288203495004,-0.006333348053139556,-0.0039955947767536994,-0.00038240122330237425,0.0009456203764190134,0.06426975486602553,0.1765715449125552,0.003486122552822827,0.1712611963134225,,,,,,,0.002591186272251728,4.981766543491961e-05,0.9829020722869323,1.0,-0.008125935839313281,0.00164901601175659,-0.0010092168298941936,-0.00700005109757232,0.009612498803905372,0.011684063329628444,0.018844643278758365,0.007603062172062373,0.02580522199557526,0.008257236872641903,0.02539520447246471,0.02485929853109748,,,-0.0544057544357502,
Fwd Pkt Len Max,-0.06860274066951867,-0.09834389371092377,0.1672354463672135,-0.012902300646982072,0.14501156132211068,0.09957798751884082,0.032422309146754695,1.0,0.031544981128240286,0.8790313445955747,0.9460428810436786,0.4895341161461335,-0.10096138111151404,0.352546078834751,0.408845182813642,0.02047057110381682,-0.1908959374496382,-0.05302175375231479,0.10434137579032227,0.057063351180353265,-0.07365336154693605,0.16251775356380602,-0.0379379131649901,0.1908809579188063,0.054922087215178175,-0.06939240584140227,0.2308324684316734,0.047255432078364086,0.16603734337293954,0.13678279102912738,-0.011045240019166267,-0.0290193011256062,,-0.006152321225599793,,-0.011679122690554527,0.16354530564851466,-0.1763528790875494,-0.1868688966811955,0.026324779881798058,0.7393133801361602,0.5115544342534911,0.5810872216559985,0.7404652025395866,-0.021820422563944133,-0.0290193011256062,0.27815084477863433,0.26893791093157343,-0.20770276516485842,-0.060962825379851766,-0.006152321225599793,0.27815084477863433,-0.02159281232574478,0.4944941911434585,0.8790313445955747,0.352546078834751,,,,,,,-0.01290230064698207,0.09957798751884082,0.14501156132211068,0.03242230914675471,0.037925418442687465,0.4384260386465012,-0.013143997910375167,-0.08788403266443308,0.03323393085829381,0.01428028983117249,0.038405512119649626,0.03363492159343162,0.039895366970691584,0.07930701484572826,0.05045775426965707,0.029285401457274176,,,-0.2698836721364555,
Fwd Pkt Len Min,-0.06149937398925867,0.5142026828485721,0.11248460161804201,0.026842565655278625,-0.01301516443688522,0.027480899852521914,-0.005810705241171269,0.031544981128240286,1.0,0.3796362734930392,-0.10998514125388661,-0.12309375152237975,0.3633038703210066,-0.03138628415429132,-0.1512167833844922,0.08891905313010924,-0.09608478900931491,0.041994620092464525,0.13762001650639866,0.08387688261040294,-0.012068624483097224,0.11571807048426096,0.03544276442678006,0.19149518874487348,0.08809373572686145,-0.011722954180707793,-0.05243270719067234,-0.022484617497488608,-0.051763876557305716,-0.042543235934516005,-0.006465298326242128,-0.00737247553717124,,-0.003190537553132426,,0.02655091385838991,-0.01632588600968431,-0.08971251529447057,-0.0929374506935719,0.9733713900328158,-0.06391774793858129,0.26635520383461564,-0.12604025838093005,-0.024160655414904662,-0.011315871695027584,-0.00737247553717124,-0.13591775922978178,-0.2782943063554119,-0.11018616167033395,-0.010100816568980838,-0.003190537553132426,-0.13591775922978178,0.017866963372450948,0.32890639183038556,0.3796362734930392,-0.03138628415429132,,,,,,,0.02684256565527863,0.027480899852521914,-0.01301516443688522,-0.005810705241171269,-0.19298149849935223,-0.06517825962549209,0.026915934234091266,-0.3132880096757577,0.08717516715656674,-0.006815202826347808,0.06629530079019261,0.1015432807071381,0.03237833458905534,0.3600799440566639,0.09851354671166491,-0.015702309088164026,,,-0.17613976458356956,
Fwd Pkt Len Mean,-0.0719468185942835,0.08762692945925278,0.1324940247534821,-0.0027997485834471278,0.10238953123876131,0.10696503485147436,0.003486122552822827,0.8790313445955747,0.3796362734930392,1.0,0.8343989435163087,0.32234674929357043,0.033361100654808636,0.2481968061679035,0.2710314914502505,0.06583451400000563,-0.20904630475413943,-0.03184410730686761,0.15086751327124637,0.079756058497393,-0.07250597333440562,0.12920164931279934,-0.021470525421917203,0.21901394498144616,0.07871709181405391,-0.060209724041271215,0.11500991684188965,0.07089005753215738,0.1479747847127397,0.11208080594000475,0.025516964528895583,0.00022280552827609116,,-0.006820222231906576,,-0.001989277144720753,0.11742935965677928,-0.19231066856609697,-0.2056654547108914,0.3631425798559067,0.6026912926463827,0.5317719481755799,0.4532878555138001,0.6938411519932817,-0.024189265420824512,0.00022280552827609116,0.20487240318085037,0.139634326612152,-0.215397509168983,-0.05933427688627888,-0.006820222231906576,0.20487240318085037,0.006706985007085306,0.545328944792925,1.0,0.2481968061679035,,,,,,,-0.0027997485834471286,0.10696503485147436,0.1023895312387613,0.003486122552822827,0.024760922255019482,0.2726781181060377,-0.002871641650621632,-0.17926791607861794,0.07864241942184858,0.0185722339501391,0.07132581323547835,0.08212757671622693,0.033962488602955754,0.2575322084171246,0.07979999769344709,0.0008079684151532612,,,-0.283400244446633,
Fwd Pkt Len Std,-0.06611584758791086,-0.1944244549234329,0.10424642887527574,-0.01983903552726613,0.11410593453025664,0.07438654173673945,0.0147289469601577,0.9460428810436786,-0.10998514125388661,0.8343989435163087,1.0,0.5229969957006092,-0.17508562227690733,0.3703656296495676,0.47707590305580183,0.019744436492252708,-0.21500266596549544,-0.07074189689307976,0.09007057957061505,0.02593322028072791,-0.08704474209314164,0.09749802036756873,-0.05335697670808099,0.14364761091912084,0.02156491009247339,-0.07465917730469754,0.1838573634711141,0.04677869626546264,0.1595578725499026,0.11849427615723981,-0.01027293887130616,-0.02454427248450045,,-0.006953061495411393,,-0.01879402619506733,0.13158389021737113,-0.19767856332171718,-0.21165559761045652,-0.11165541752317591,0.7355388384542926,0.49618473831558363,0.6289632796634934,0.6384461242186957,-0.024660406110081228,-0.02454427248450045,0.3676052321899323,0.3594040995328222,-0.22733975784188445,-0.07172826038047972,-0.006953061495411393,0.3676052321899323,0.009784494540873087,0.47834545588791694,0.8343989435163089,0.3703656296495676,,,,,,,-0.01983903552726613,0.07438654173673948,0.11410593453025665,0.0147289469601577,0.15548194163298232,0.3822619217983112,-0.020000697816066688,-0.04691888976853217,0.0208290489259528,0.010389186758991935,0.025949171920999527,0.020830720859424636,0.01333137714063225,0.03245636323648197,0.01691941224059769,0.00899355159868851,,,-0.27119491673476354,
Bwd Pkt Len Max,-0.2001150362538669,-0.201160117937711,0.16722638559054515,-0.029003400718858652,0.09988938018445553,-0.024824387862745434,0.05714176074653515,0.4895341161461335,-0.12309375152237975,0.32234674929357043,0.5229969957006092,1.0,-0.16244670656027935,0.8365753165514562,0.9735381873555862,-0.028738925670874528,-0.31724141768411573,-0.11799807721729229,0.09965976115206757,0.04846984358754227,-0.1265941694857335,0.15263372721234356,-0.104016093395411,0.23490989973275886,0.03004867444346291,-0.13403008990893764,0.3069631461117972,0.020234798444110143,0.25766205367643846,0.21418327635039347,-0.05546152258034967,-0.10800090165349813,,-0.010100155545432378,,-0.027835577080266297,0.10906578013516911,-0.2950449843681096,-0.30763614365948466,-0.12462390544267075,0.9178186503982926,0.7464768113850371,0.949541396023494,0.18805241292006356,-0.035822196839439234,-0.10800090165349813,0.6503792345740677,0.5088231707020484,-0.38532251919925115,-0.10466800117893864,-0.010100155545432378,0.6503792345740677,0.07422528689652898,0.7315659279191427,0.3223467492935704,0.8365753165514562,,,,,,,-0.02900340071885865,-0.024824387862745437,0.09988938018445553,0.05714176074653516,0.08311475995746705,0.3909449020733345,-0.02934566437921177,-0.15441053729333648,-0.011498837217067109,-0.0017580420228226893,-0.002610024516377844,-0.010219827449194441,0.042836274211724625,-0.016800339679033417,0.03392304322906721,0.044740612913868896,,,0.3474828998265278,
Bwd Pkt Len Min,-0.12611320029699413,0.8360485495284173,-0.11104306608070609,-0.015126823891529962,-0.014787163903380635,-0.015410363837021978,-0.006355166895095915,-0.10096138111151404,0.3633038703210066,0.033361100654808636,-0.17508562227690733,-0.16244670656027935,1.0,0.05934128569147848,-0.24312717808701978,0.0004191898930648742,-0.158322054058489,-0.07391495628052164,-0.057378009525894405,-0.0983175049000171,-0.06362663467490923,-0.10622300527607183,-0.07480685712725178,-0.058173520188917624,-0.09206769525296249,-0.06557624320128196,-0.08171593794454443,-0.04162360392404342,-0.08105117244127012,-0.07095247350679207,-0.01743382319273804,-0.03803745646685847,,-0.00509157518999407,,-0.015570728743154547,-0.021528533988728123,-0.1473986151201024,-0.15355797522112472,0.3730835895537705,-0.16249073972252417,0.022949252411607696,-0.1595664823563294,-0.037689658351361,-0.0180582772075483,-0.03803745646685847,-0.21690247466120974,-0.4441121165819429,-0.18908716091601604,-0.05328591047548638,-0.00509157518999407,-0.21690247466120974,0.14286824415031166,0.09856265164618172,0.033361100654808636,0.05934128569147848,,,,,,,-0.015126823891529967,-0.015410363837021978,-0.014787163903380637,-0.006355166895095915,-0.3064699356044576,-0.10086079128002967,-0.015038568056767582,-0.5101777141404111,-0.02740597330997765,-0.02019612828149868,-0.03009721923717586,-0.02318202919842335,-0.0803990809781755,-0.041393513513000406,-0.08405207771292288,-0.0760995047089179,,,,
Bwd Pkt Len Mean,-0.19677607182706655,-0.0052958137572618625,0.16808974373759034,-0.02652440560829697,0.20046017686670778,-0.02521609360329308,0.1712611963134225,0.352546078834751,-0.03138628415429132,0.2481968061679035,0.3703656296495676,0.8365753165514562,0.05934128569147848,1.0,0.8106387975079216,-0.023261796194500382,-0.29455637603701984,-0.11315085876503503,0.09322228322050209,0.07517494554424915,-0.1176539318893525,0.1559822502844285,-0.09943203786816505,0.2459259326184735,0.05943019591754915,-0.12421205685716602,0.2911774166254638,0.0003259474432435894,0.21775889360473194,0.22274875407730066,-0.04968067133191743,-0.09293787454223856,,-0.009389798210917377,,-0.024776094515202858,0.20600719471605478,-0.27400871822304523,-0.2856379448875701,-0.03140260458912708,0.7597028440148685,0.8976970636913587,0.870133694956135,0.18373450463766414,-0.03330277422769177,-0.09293787454223856,0.463908278489323,0.3358134023647691,-0.3555977334254654,-0.09663305931116277,-0.009389798210917377,0.463908278489323,0.1386791246089152,0.8844982714173851,0.24819680616790352,1.0,,,,,,,-0.026524405608296973,-0.02521609360329308,0.20046017686670775,0.1712611963134225,-0.0028711106567761552,0.17518722030990064,-0.02727595230689534,-0.22520718642848597,-0.008783785040872912,0.0034973326113591813,0.003594915124734979,-0.008772406361135318,0.0643488346976183,-0.005597984065531324,0.05619453036609147,0.06524336918137008,,,0.3659770840616257,
Bwd Pkt Len Std,-0.19402642900441502,-0.2678709491186368,0.10843158237633284,-0.02770246340936976,0.05580288946544988,-0.026549562660659113,0.02197915170468942,0.408845182813642,-0.1512167833844922,0.2710314914502505,0.47707590305580183,0.9735381873555862,-0.24312717808701978,0.8106387975079216,1.0,-0.028194353242601274,-0.30086648748782757,-0.1142055618627739,0.07963266299831477,0.024786076191184045,-0.12006530754903347,0.09264876710158945,-0.10462881294437804,0.18662915635499824,0.00376737181532573,-0.12725508019603962,0.2298874685865458,0.01129173596856658,0.22250333788556967,0.17187242072025552,-0.053739868395422524,-0.10553164677717022,,-0.009577984692172385,,-0.026876011072124582,0.06475754789764494,-0.27985466974739776,-0.29176853570191946,-0.1540291329073911,0.8877679767568156,0.7030221438805865,0.9502077025173488,0.17212718982812747,-0.033970214758057955,-0.10553164677717022,0.6796554523061712,0.5414728279929371,-0.3673694847004759,-0.0986146636043081,-0.009577984692172385,0.6796554523061712,0.07165501848750012,0.6897640343503656,0.27103149145025063,0.8106387975079217,,,,,,,-0.02770246340936976,-0.026549562660659113,0.05580288946544987,0.021979151704689424,0.15182170765197328,0.2802809325912091,-0.027888530497873928,-0.09973285025693379,-0.01707041382532111,-0.00691057923400367,-0.010409226938057207,-0.014881287183121508,0.01648654954587922,-0.02418325709761807,0.008178872214934772,0.019154123385432865,,,0.36976899010619796,
Flow Byts/s,0.10833563225769638,-0.0026979196320748747,-0.0170585245175042,-0.0017283917192999953,-0.0006628172340606735,0.0014636229852193984,-0.0009853584504717332,0.02047057110381682,0.08891905313010924,0.06583451400000563,0.019744436492252708,-0.028738925670874528,0.0004191898930648742,-0.023261796194500382,-0.028194353242601274,1.0,0.12342329634360336,-0.010828940155749268,-0.010633492664162051,-0.015450484679553345,-0.008898310583872809,-0.01636207248518235,-0.011248415639907975,-0.011659871170915976,-0.01455961145745832,-0.009453492720367822,-0.012764382540467014,-0.007613053913285899,-0.011756755765226914,-0.011200537660207255,-0.004277156655005841,0.18617220852089683,,-0.0007098300277440745,,-0.0017419381303137125,-0.0006420783965651761,0.1996455039739985,0.019978625780524315,0.00027463654172559204,-0.00689889337405087,0.03692284137763383,-0.005403175399161906,0.014893786245638783,-0.0024358045397788225,0.18617220852089683,-0.026429750854773428,-0.05425635538138029,0.0671528488195086,-0.006831943139179269,-0.0007098300277440745,-0.026429750854773428,-0.014272566332463906,0.048252665217602575,0.06583451400000565,-0.023261796194500393,,,,,,,-0.0017283917192999951,0.0014636229852193984,-0.0006628172340606738,-0.0009853584504717335,-0.035264984223451964,-0.014304675485587991,-0.0017198065548929714,-0.010961701755224611,-0.003851660560055543,-0.0028272761218259075,-0.004227339655202964,-0.003262676790849088,-0.012883323675413746,-0.005996848902815768,-0.013352452701519985,-0.012270517966054365,,,-0.07015282602411896,
Flow Pkts/s,-0.013595268777727093,-0.17439988164568662,-0.1518452813577357,-0.01863843814209887,-0.02523858633208637,-0.01908483263493454,-0.012013457487583036,-0.1908959374496382,-0.09608478900931491,-0.20904630475413943,-0.21500266596549544,-0.31724141768411573,-0.158322054058489,-0.29455637603701984,-0.30086648748782757,0.12342329634360336,1.0,-0.09593407062794312,-0.09427651963013021,-0.13699375679402725,-0.07881972177382046,-0.14565649887088566,-0.0996510918046426,-0.10340334978981154,-0.12907560769558243,-0.08373577104501452,-0.11330187222759205,-0.0674796945755187,-0.10428840159006182,-0.09939931375775297,-0.037891194983715876,-0.012694765925579816,,-0.006287045833712876,,-0.01890961275795238,-0.027762287663882872,0.9604437054331865,0.943541474686986,-0.10010388646448114,-0.3079244814822116,-0.2997018209225729,-0.3223801235581283,-0.05055890958608396,0.008473532744114907,-0.012694765925579816,-0.26775081283806,0.28130645039316005,-0.16049405605683292,-0.04006470771658767,-0.006287045833712876,-0.26775081283806,0.14591123523505609,-0.3186168800626426,-0.20904630475413943,-0.29455637603701984,,,,,,,-0.018638438142098875,-0.01908483263493454,-0.02523858633208637,-0.012013457487583038,0.2175182135465422,-0.12752154121881312,-0.01849986701747085,0.6417131479272125,-0.03415980692803391,-0.025069648331010237,-0.037500695583080675,-0.02894062846064744,-0.1141959793228438,-0.05314958759834877,-0.11835167309141618,-0.10876475306653186,,,-0.07041059669801138,
Flow IAT Mean,0.15067206399593622,-0.105989956037206,0.5373071828699226,-0.008989592391249825,-0.011267955748196843,-0.009054847901229407,-0.004806593444500522,-0.05302175375231479,0.041994620092464525,-0.03184410730686761,-0.07074189689307976,-0.11799807721729229,-0.07391495628052164,-0.11315085876503503,-0.1142055618627739,-0.010828940155749268,-0.09593407062794312,1.0,0.18993369412784097,0.8203033078154927,0.9732087321313108,0.537452699231275,0.955116913413798,0.0583416651950556,0.8209198868778356,0.9496364884522575,0.047492921446741415,0.12702717934158633,0.0163121111999322,0.08550721311441052,0.13772370243848991,0.028391840869163427,,-0.002722344351109062,,-0.009101616765946058,-0.011509721349420863,-0.08927125955684061,-0.0931368659902914,0.04234932407029362,-0.10568290232711922,-0.07837468800964782,-0.11748968929937169,-0.018226622972271192,-0.010780164890758342,0.028391840869163427,-0.11180542403848602,-0.22570523136890056,0.2479052692450828,-0.027034852898078235,-0.002722344351109062,-0.11180542403848602,-0.14922988421054748,-0.0838706230310131,-0.03184410730686761,-0.11315085876503503,,,,,,,-0.008989592391249827,-0.009054847901229407,-0.011267955748196843,-0.004806593444500522,0.16789697477596432,-0.05526345913931793,-0.008979737480984611,-0.0914335358547812,0.012944334428307476,0.002541687446273413,0.011032121496647585,0.013565396304326129,0.7741006224368072,0.061221802941078346,0.753111899864913,0.7765151408200635,,,-0.24500865988948334,
Flow IAT Std,-0.06649229289561875,-0.037316264996858035,0.5353717113883215,-0.008405624489064692,0.01808737231602877,-0.007820575228627044,0.006234744818786025,0.10434137579032227,0.13762001650639866,0.15086751327124637,0.09007057957061505,0.09965976115206757,-0.057378009525894405,0.09322228322050209,0.07963266299831477,-0.010633492664162051,-0.09427651963013021,0.18993369412784097,1.0,0.6062516058941894,-0.03180373635332724,0.5226966115783508,0.41570967314261714,0.5474951352165558,0.5884222038294143,0.34088737068271546,0.5134906769894285,0.7256148224457358,0.4117970267837344,0.7019111348591592,0.6929198010540669,0.26210226532170144,,-0.002999331797559012,,-0.008028111613936082,0.021387208904488076,-0.08772913305447519,-0.09152783950209184,0.1345689484475724,0.11876421629190491,0.17842765897840043,0.11148525891430185,0.023483750499067892,-0.010636584658831341,0.26210226532170144,-0.011034931950773296,-0.014050197793239206,0.043342887753958434,-0.027556790683431472,-0.002999331797559012,-0.011034931950773296,-0.03294481316152342,0.17261991975438595,0.15086751327124637,0.09322228322050206,,,,,,,-0.008405624489064692,-0.007820575228627044,0.01808737231602877,0.006234744818786025,-0.09046565053763052,-0.02562949288891722,-0.008485921458863727,0.0034066315041224064,0.09275462108889009,0.05814599430919003,0.09493537170529624,0.08197020502727782,0.5777475763980001,0.29964777282651395,0.6051080119448086,0.5477641446806383,,,0.07038955944929463,
Flow IAT Max,0.06941835873142993,-0.11634887463605807,0.7803183699310234,-0.010631418013901188,0.03287094655130705,-0.010166307343948593,0.024407458563918488,0.057063351180353265,0.08387688261040294,0.079756058497393,0.02593322028072791,0.04846984358754227,-0.0983175049000171,0.07517494554424915,0.024786076191184045,-0.015450484679553345,-0.13699375679402725,0.8203033078154927,0.6062516058941894,1.0,0.714299888002399,0.7743272350412883,0.868971907051793,0.5261792518677152,0.9926497237243458,0.807849668673248,0.43344759734933963,0.4477479075803148,0.43388817685026626,0.5730516200911869,0.3830010910427516,0.12080182944219216,,-0.004108148497781129,,-0.010198573850209273,0.03454026263342405,-0.12746818850672337,-0.1329879275893867,0.08365293083444005,0.06048713830596234,0.14657652021577355,0.0544634765005659,0.019727616233301236,-0.015422383203924613,0.12080182944219216,-0.06793260502579529,-0.1295857178213985,0.16788667425431575,-0.0397901923472175,-0.004108148497781129,-0.06793260502579529,-0.12139463858334323,0.13026049613750038,0.07975605849739299,0.07517494554424914,,,,,,,-0.010631418013901188,-0.010166307343948593,0.03287094655130705,0.024407458563918488,0.08037167912829488,-0.054299429895781834,-0.010807899548414546,-0.08018894553461127,0.10711678659799512,0.0758761475873496,0.1103688788128341,0.09060664614912707,0.9275423264830449,0.3077112819414497,0.9410033695124009,0.9023713135127163,,,-0.22542281470002687,
Flow IAT Min,0.1673801213127167,-0.10744387164477012,0.43767275228874886,-0.0074290468907482685,-0.013060971180530056,-0.007622885815456447,-0.0047932573639320065,-0.07365336154693605,-0.012068624483097224,-0.07250597333440562,-0.08704474209314164,-0.1265941694857335,-0.06362663467490923,-0.1176539318893525,-0.12006530754903347,-0.008898310583872809,-0.07881972177382046,0.9732087321313108,-0.03180373635332724,0.714299888002399,1.0,0.4406977501667742,0.8756177909296341,-0.03327683017092779,0.7189450196258006,0.885396911060516,-0.04501834029561509,-0.026834971123774448,-0.0415840110198362,-0.03958866018258831,-0.015028662553614097,-0.028339268276043713,,-0.002170768952991663,,-0.0075953794644629076,-0.014065079083259921,-0.07334750911283648,-0.0765236105000416,-0.011644176784649303,-0.12138432672381538,-0.1108693826146255,-0.1293888217789892,-0.020222818360390454,-0.008848657656208236,-0.028339268276043713,-0.1064436523611845,-0.2178712567631698,0.23964257039420883,-0.022249971995964957,-0.002170768952991663,-0.1064436523611845,-0.14214438392765086,-0.11694797791201995,-0.07250597333440562,-0.11765393188935248,,,,,,,-0.007429046890748269,-0.007622885815456445,-0.013060971180530056,-0.004793257363932007,0.19265661574521936,-0.051292249808315975,-0.007412115521804813,-0.09254520615824002,-0.009284144437574023,-0.008754810332759324,-0.011057616009680696,-0.007144314446548477,0.6732361888848027,-0.008927875541717815,0.6439501313478913,0.6834458819626605,,,-0.2492100569279849,
Fwd IAT Tot,-0.007284218979608329,-0.09606586378210959,0.996738862127789,0.1626019698374313,0.09637325698976106,0.16121219080173338,0.06351879809624608,0.16251775356380602,0.11571807048426096,0.12920164931279934,0.09749802036756873,0.15263372721234356,-0.10622300527607183,0.1559822502844285,0.09264876710158945,-0.01636207248518235,-0.14565649887088566,0.537452699231275,0.5226966115783508,0.7743272350412883,0.4406977501667742,1.0,0.58616488970833,0.6224874582840241,0.7822066007712515,0.48954140421977543,0.77111706432933,0.4105129761615663,0.5444439771802633,0.5837171426824003,0.2634767608226439,0.08509826406857764,,-0.0044909865979870355,,0.16366941233634785,0.10399857381516797,-0.13551295321321644,-0.141409136829256,0.11780020331375066,0.1640915402566659,0.24702965057380133,0.14114337042285147,0.0375689530518695,-0.016434997876882608,0.08509826406857764,-0.02680174228927638,-0.05948993429632698,0.044100522980832245,-0.043985081806984454,-0.0044909865979870355,-0.02680174228927638,-0.13066017437916563,0.22145904499215352,0.12920164931279934,0.1559822502844285,,,,,,,0.16260196983743133,0.16121219080173338,0.09637325698976104,0.06351879809624608,-0.017699353390065464,-0.03218569190777014,0.1621280824991781,-0.1365849525031616,0.21974912368627977,0.19087192038810952,0.2543403300865469,0.17441734277422408,0.7255758460711612,0.3659280376285749,0.7585688954668637,0.6864472740942663,,,-0.29684212432516877,
Fwd IAT Mean,0.12676364146994593,-0.10497820462770163,0.5831079661602431,-0.009311984570620107,-0.00766091910250212,-0.009342794377893726,-0.0036291731654627536,-0.0379379131649901,0.03544276442678006,-0.021470525421917203,-0.05335697670808099,-0.104016093395411,-0.07480685712725178,-0.09943203786816505,-0.10462881294437804,-0.011248415639907975,-0.0996510918046426,0.955116913413798,0.41570967314261714,0.868971907051793,0.8756177909296341,0.58616488970833,1.0,0.096832574166258,0.8748056664069088,0.9891715391132196,0.1520699686012584,0.3410889028471244,0.04833876892100762,0.2440059461619077,0.370164411618867,0.11192641742706971,,-0.0028719043346261733,,-0.00937063683571298,-0.00724792692777391,-0.09272951567830796,-0.09674487458891833,0.03271038061498127,-0.09046847585637514,-0.06339051146439346,-0.10159712328935439,-0.015099832211345473,-0.011243858900050748,0.11192641742706971,-0.11079218829104592,-0.22203754617644816,0.25246333661808734,-0.028954894661634915,-0.0028719043346261733,-0.11079218829104592,-0.13576641105312465,-0.0698224456543944,-0.021470525421917193,-0.09943203786816505,,,,,,,-0.009311984570620106,-0.009342794377893726,-0.0076609191025021174,-0.0036291731654627536,0.13273766646569396,-0.05296258168157308,-0.009308199032167338,-0.07172772330537862,0.01267600971081846,0.004974148705610234,0.012403965965876795,0.012465110838272507,0.8341330078776933,0.06434502269621664,0.8107708311743571,0.8368408043961153,,,-0.2536984779837229,
Fwd IAT Std,-0.06996705597882,-0.033502274854524776,0.6225672784145314,-0.008969910719892319,0.04323252269687897,-0.007953251798230572,0.02088364355739868,0.1908809579188063,0.19149518874487348,0.21901394498144616,0.14364761091912084,0.23490989973275886,-0.058173520188917624,0.2459259326184735,0.18662915635499824,-0.011659871170915976,-0.10340334978981154,0.0583416651950556,0.5474951352165558,0.5261792518677152,-0.03327683017092779,0.6224874582840241,0.096832574166258,1.0,0.5315686173671113,-0.036098810879964104,0.6292926538652348,0.3110470263966621,0.7399377793280795,0.6536393030001639,0.12502052015666565,0.10569036557040103,,-0.003289639817549686,,-0.008262231981025785,0.04731184959273176,-0.09622052351688946,-0.10038696369172723,0.19804048376837843,0.24412832656582167,0.35159527419999914,0.226946516755936,0.05136605527889996,-0.011667272172294789,0.10569036557040103,0.01743711147857434,0.07400611755301266,-0.06138468767446194,-0.030376138633613554,-0.003289639817549686,0.01743711147857434,-0.058454211132384845,0.3352607567393742,0.21901394498144616,0.2459259326184735,,,,,,,-0.008969910719892319,-0.007953251798230572,0.04323252269687897,0.02088364355739868,-0.06884534875167167,-0.005589045750563364,-0.009160695869048815,-0.05082027325924253,0.14097022251341734,0.09821474581275665,0.1478447747740961,0.12071171599334272,0.44906437122819187,0.46847116010267603,0.5091029899637401,0.39658118693230004,,,-0.2760320976536177,
Fwd IAT Max,0.0756894132263478,-0.10939781339669943,0.7792605893583059,-0.009889148813405562,0.03219609679099185,-0.009421552550569952,0.024201644675866253,0.054922087215178175,0.08809373572686145,0.07871709181405391,0.02156491009247339,0.03004867444346291,-0.09206769525296249,0.05943019591754915,0.00376737181532573,-0.01455961145745832,-0.12907560769558243,0.8209198868778356,0.5884222038294143,0.9926497237243458,0.7189450196258006,0.7822066007712515,0.8748056664069088,0.5315686173671113,1.0,0.8128852954076046,0.43102517752863473,0.44307900169951964,0.42274303219240317,0.5622061749777402,0.3802186384316032,0.1240150327105613,,-0.0038558469510296418,,-0.009463415463007847,0.03366514939635462,-0.12010285838462792,-0.1253037465899437,0.08794144851100272,0.04394004907465616,0.1337766374141527,0.034740495213645785,0.01608862058277905,-0.014563101452150983,0.1240150327105613,-0.08096540040243662,-0.14304551836166748,0.1765145710635971,-0.03751580954187982,-0.0038558469510296418,-0.08096540040243662,-0.1317268797126104,0.11759136691011017,0.07871709181405391,0.059430195917549146,,,,,,,-0.00988914881340556,-0.009421552550569952,0.03219609679099184,0.02420164467586625,0.08467801316010831,-0.04860104857188499,-0.01006415144910683,-0.07934901713163792,0.10474160372247085,0.07705786259714015,0.10897056939127911,0.08744227146572647,0.9215768145561715,0.3077813177515841,0.9354305823965678,0.8962634102802964,,,-0.2766926216904509,
Fwd IAT Min,0.13857196066202057,-0.1048536288926964,0.48642566918645147,-0.007892224345099504,-0.012758084161157052,-0.008083748524456246,-0.005085511648586958,-0.06939240584140227,-0.011722954180707793,-0.060209724041271215,-0.07465917730469754,-0.13403008990893764,-0.06557624320128196,-0.12421205685716602,-0.12725508019603962,-0.009453492720367822,-0.08373577104501452,0.9496364884522575,0.34088737068271546,0.807849668673248,0.885396911060516,0.48954140421977543,0.9891715391132196,-0.036098810879964104,0.8128852954076046,1.0,0.05556590557394601,0.2962735101164447,-0.043291130383329074,0.168160268932434,0.35392992129497974,0.09669605189391003,,-0.002363947081334445,,-0.008047464832331182,-0.013417471340424222,-0.07792169190440817,-0.08129585995988162,-0.015978367884468266,-0.12366225389402119,-0.11118646232247716,-0.12871944874073002,-0.020699930357463057,-0.0094483293045158,0.09669605189391003,-0.11297952309797613,-0.23090791871770786,0.2629009714333272,-0.02431281724856765,-0.002363947081334445,-0.11297952309797613,-0.12330174029558416,-0.11616976353055262,-0.060209724041271215,-0.124212056857166,,,,,,,-0.007892224345099504,-0.008083748524456246,-0.01275808416115705,-0.0050855116485869585,0.14607481931442326,-0.053913678971599086,-0.007868091979374991,-0.06110955729420401,-0.010265981199435352,-0.009396503246937245,-0.012084060613485785,-0.008003503697161102,0.7839255416329118,-0.010780782101986217,0.7496686594683066,0.7958448807939793,,,-0.24927454280528683,
Bwd IAT Tot,-0.07957866226400918,-0.09225996591210606,0.7764318687618769,-0.009645012453816314,0.13151131149627177,-0.008496326842682912,0.08332597882104965,0.2308324684316734,-0.05243270719067234,0.11500991684188965,0.1838573634711141,0.3069631461117972,-0.08171593794454443,0.2911774166254638,0.2298874685865458,-0.012764382540467014,-0.11330187222759205,0.047492921446741415,0.5134906769894285,0.43344759734933963,-0.04501834029561509,0.77111706432933,0.1520699686012584,0.6292926538652348,0.43102517752863473,0.05556590557394601,1.0,0.5391578579419251,0.7223511960629238,0.7716332738401956,0.34522633997346186,0.1040688136637061,,-0.0036044784891094994,,-0.008056791237089977,0.1419227468026154,-0.10542951046858486,-0.10999448299016412,-0.0561832996201293,0.29831710177854753,0.31715223281405325,0.2898448672306463,0.06377550274157563,-0.012783992206469998,0.1040688136637061,0.07144112379620063,0.12774260048884167,-0.06000147232323898,-0.03751411989584488,-0.0036044784891094994,0.07144112379620063,-0.021774513834879664,0.28534072297942487,0.11500991684188967,0.2911774166254638,,,,,,,-0.009645012453816314,-0.008496326842682912,0.13151131149627177,0.08332597882104967,-0.06778353213290629,0.0025852865473819818,-0.0101638215964535,-0.020320158874488067,0.1040871199543,0.096064058789874,0.13468969585248985,0.08368880947682426,0.4319033828579611,0.29844098936123464,0.4634084255710358,0.3975599827240209,,,-0.12070659816519602,
Bwd IAT Mean,-0.04987219283057928,-0.05256899786517249,0.4153052978164354,-0.006145435735606081,0.006689807318422903,-0.0056283965542275665,-0.0009423463935587675,0.047255432078364086,-0.022484617497488608,0.07089005753215738,0.04677869626546264,0.020234798444110143,-0.04162360392404342,0.0003259474432435894,0.01129173596856658,-0.007613053913285899,-0.0674796945755187,0.12702717934158633,0.7256148224457358,0.4477479075803148,-0.026834971123774448,0.4105129761615663,0.3410889028471244,0.3110470263966621,0.44307900169951964,0.2962735101164447,0.5391578579419251,1.0,0.47547486549701296,0.7982329006059634,0.9508534172218254,0.2540085840216522,,-0.0021468941936797744,,-0.005703453211870241,0.010730309746804757,-0.06279578477576186,-0.06551484439824735,-0.0315216610446813,0.033879311643950805,0.047605316857433286,0.0350149623473905,0.003639048310663832,-0.0076143752219432,0.2540085840216522,-0.028696976789155042,0.010968836458528962,0.034448093358075936,-0.021789008416824417,-0.0021468941936797744,-0.028696976789155042,-0.021828152516857314,0.03912065566342515,0.07089005753215738,0.00032594744324359524,,,,,,,-0.006145435735606079,-0.005628396554227565,0.006689807318422903,-0.0009423463935587678,-0.031076200393321783,-0.01763425441895601,-0.006172443488299861,0.05729440917700907,0.10496834436839855,0.07583413665316611,0.10842334454584941,0.08866262825871218,0.42075247355882056,0.37521149053066977,0.47402488301811496,0.379940888770982,,,0.07001035059300934,
Bwd IAT Std,-0.07513495621534363,-0.08857363811872504,0.5546522902307699,-0.009326469079793096,0.036753303809362446,-0.00835261036352448,0.013179992156273355,0.16603734337293954,-0.051763876557305716,0.1479747847127397,0.1595578725499026,0.25766205367643846,-0.08105117244127012,0.21775889360473194,0.22250333788556967,-0.011756755765226914,-0.10428840159006182,0.0163121111999322,0.4117970267837344,0.43388817685026626,-0.0415840110198362,0.5444439771802633,0.04833876892100762,0.7399377793280795,0.42274303219240317,-0.043291130383329074,0.7223511960629238,0.47547486549701296,1.0,0.8124651500895053,0.20915369218705873,0.016772919161777138,,-0.0033177989184603376,,-0.008440385595498005,0.04215493202976925,-0.09704403213170432,-0.10124591156511024,-0.05229252670710062,0.2576804679877376,0.25743044794519365,0.26037702455771594,0.0496783658836597,-0.011767229266534493,0.016772919161777138,0.0623415746784368,0.16359893955226412,-0.10330181633754336,-0.034713046650575584,-0.0033177989184603376,0.0623415746784368,-0.029980951616672944,0.23755473006703895,0.1479747847127397,0.21775889360473194,,,,,,,-0.009326469079793098,-0.00835261036352448,0.03675330380936246,0.013179992156273355,-0.019683778709687447,-0.013460817926855995,-0.009484284250129179,0.019792719341034486,0.14363487348235673,0.11201737629346196,0.15206774212413454,0.11824183745623448,0.3829180338845901,0.5106334510141428,0.4576936729270053,0.3259949612799255,,,0.07178900999248981,
Bwd IAT Max,-0.0713514844360632,-0.08267815351417462,0.5932131512467599,-0.008783112590632403,0.06546670468237438,-0.0079693930795571,0.04191092665957722,0.13678279102912738,-0.042543235934516005,0.11208080594000475,0.11849427615723981,0.21418327635039347,-0.07095247350679207,0.22274875407730066,0.17187242072025552,-0.011200537660207255,-0.09939931375775297,0.08550721311441052,0.7019111348591592,0.5730516200911869,-0.03958866018258831,0.5837171426824003,0.2440059461619077,0.6536393030001639,0.5622061749777402,0.168160268932434,0.7716332738401956,0.7982329006059634,0.8124651500895053,1.0,0.6565657052151908,0.17241233840498305,,-0.0031622836635357256,,-0.007815444855513963,0.06962541106036474,-0.09249540236167962,-0.09650031917705561,-0.04866773264241997,0.21222520195202665,0.26006233822617375,0.2204194141478053,0.04825830812286513,-0.011215657786729708,0.17241233840498305,0.03750181857733619,0.09637178887139876,-0.03378929311728184,-0.03265350429055759,-0.0031622836635357256,0.03750181857733619,0.0007377472284895228,0.2368758818634073,0.11208080594000475,0.22274875407730066,,,,,,,-0.008783112590632402,-0.0079693930795571,0.06546670468237438,0.04191092665957722,-0.05142246915855037,-0.014593990861948772,-0.009043032474908754,0.024851626234407436,0.12120393178615266,0.09535200731870436,0.128187834103042,0.09929126658568421,0.5547206813170906,0.43364324057253706,0.6057396261990805,0.5101014331791683,,,0.023828092982800454,
Bwd IAT Min,-0.028646258613569526,-0.028073367023870376,0.2654853652173923,-0.003502506666188675,-0.0021303284784177324,-0.0032623718594517784,-0.0022442787209455885,-0.011045240019166267,-0.006465298326242128,0.025516964528895583,-0.01027293887130616,-0.05546152258034967,-0.01743382319273804,-0.04968067133191743,-0.053739868395422524,-0.004277156655005841,-0.037891194983715876,0.13772370243848991,0.6929198010540669,0.3830010910427516,-0.015028662553614097,0.2634767608226439,0.370164411618867,0.12502052015666565,0.3802186384316032,0.35392992129497974,0.34522633997346186,0.9508534172218254,0.20915369218705873,0.6565657052151908,1.0,0.28245178130691917,,-0.001205554542064864,,-0.0033171275013221735,-0.000716609342784332,-0.035262064764785536,-0.036788948037080695,-0.01652647869700706,-0.04233805077988619,-0.014229209000226957,-0.03788508275790441,-0.008270851466437197,-0.004275726903244216,0.28245178130691917,-0.04916855500354736,-0.0462859578406877,0.07623337761217436,-0.011845201350076363,-0.001205554542064864,-0.04916855500354736,-0.00394896847335936,-0.017954822153724802,0.025516964528895587,-0.04968067133191741,,,,,,,-0.003502506666188675,-0.0032623718594517784,-0.002130328478417732,-0.002244278720945588,-0.031355367921568476,-0.016134084766227595,-0.003494758508831174,0.05456115174141621,0.0651744296730928,0.04425569030269883,0.06415630451729921,0.05570272916553074,0.37510881810567576,0.23583718096754352,0.4051524121785973,0.3512633548197141,,,-0.17604093231139992,
Fwd PSH Flags,0.1616133171243471,-0.06865996517925498,0.08332834312476424,-0.007032093086923986,0.019116277557121135,-0.007137472326371958,0.016155235853823675,-0.0290193011256062,-0.00737247553717124,0.00022280552827609116,-0.02454427248450045,-0.10800090165349813,-0.03803745646685847,-0.09293787454223856,-0.10553164677717022,0.18617220852089683,-0.012694765925579816,0.028391840869163427,0.26210226532170144,0.12080182944219216,-0.028339268276043713,0.08509826406857764,0.11192641742706971,0.10569036557040103,0.1240150327105613,0.09669605189391003,0.1040688136637061,0.2540085840216522,0.016772919161777138,0.17241233840498305,0.28245178130691917,1.0,,0.08172462832668388,,-0.006807464184610161,0.01849137185437423,0.01685981650491421,-0.05173539301206036,-0.025818463747424025,-0.08862067033864432,-0.042224979001896173,-0.08515418249342553,-0.016032480176726614,-0.008681365936582133,1.0,-0.10427405302522995,-0.21179995346923097,0.30940808013550747,0.011772458635293196,0.08172462832668388,-0.10427405302522995,-0.09169828428551519,-0.03719426638323302,0.00022280552827609224,-0.09293787454223856,,,,,,,-0.007032093086923987,-0.00713747232637196,0.019116277557121135,0.016155235853823675,-0.12875902716637436,-0.03591199293053358,-0.007174714001929755,-0.014383886209811549,-0.0005366795363307921,-0.0025923049824478498,-7.763079239698019e-05,4.391683758046429e-05,0.13258579569301077,0.017701258936841862,0.12846173218294782,0.13191759453355706,,,-0.24911170108949324,
Bwd PSH Flags,,,,,,,,,,,,,,,,,,,,,,,,,,,,,,,,,,,,,,,,,,,,,,,,,,,,,,,,,,,,,,,,,,,,,,,,,,,,,,,,,,
Fwd URG Flags,0.007545873840041904,-0.005611210135197714,-0.004687903907465626,-0.0005932943832547202,-0.0010430133766532734,-0.0006104355675756348,-0.00038240122330237425,-0.006152321225599793,-0.003190537553132426,-0.006820222231906576,-0.006953061495411393,-0.010100155545432378,-0.00509157518999407,-0.009389798210917377,-0.009577984692172385,-0.0007098300277440745,-0.006287045833712876,-0.002722344351109062,-0.002999331797559012,-0.004108148497781129,-0.002170768952991663,-0.0044909865979870355,-0.0028719043346261733,-0.003289639817549686,-0.0038558469510296418,-0.002363947081334445,-0.0036044784891094994,-0.0021468941936797744,-0.0033177989184603376,-0.0031622836635357256,-0.001205554542064864,0.08172462832668388,,1.0,,-0.0005902887366782505,-0.001122887973282328,-0.005850684678500737,-0.006104470290128203,-0.003220366594223533,-0.0098425486823696,-0.009673319481685405,-0.010328016758436302,-0.0016133276778840992,-0.0007094814045351016,0.08172462832668388,-0.00852175822760387,0.002790691022451059,-0.007839889791440055,0.09555199760237533,1.0,-0.00852175822760387,-0.011352801423788356,-0.01031814993181131,-0.006820222231906575,-0.009389798210917377,,,,,,,-0.0005932943832547202,-0.0006104355675756348,-0.0010430133766532734,-0.00038240122330237435,0.0038356003834353948,-0.004093914033027573,-0.0005914742479698523,0.023782603712815,-0.0010868403132168799,-0.0007976282565040173,-0.001193132770975497,-0.0009207880335576698,-0.0036329023814889224,-0.001690997242835908,-0.0037650739783166454,-0.0034601573356390896,,,,
Bwd URG Flags,,,,,,,,,,,,,,,,,,,,,,,,,,,,,,,,,,,,,,,,,,,,,,,,,,,,,,,,,,,,,,,,,,,,,,,,,,,,,,,,,,
Fwd Header Len,-0.014822012256658166,0.09716300083938635,0.1627161382563411,0.9999737319716848,0.006903315953098243,0.9866572348295928,0.008670136983661382,-0.011679122690554527,0.02655091385838991,-0.001989277144720753,-0.01879402619506733,-0.027835577080266297,-0.015570728743154547,-0.024776094515202858,-0.026876011072124582,-0.0017419381303137125,-0.01890961275795238,-0.009101616765946058,-0.008028111613936082,-0.010198573850209273,-0.0075953794644629076,0.16366941233634785,-0.00937063683571298,-0.008262231981025785,-0.009463415463007847,-0.008047464832331182,-0.008056791237089977,-0.005703453211870241,-0.008440385595498005,-0.007815444855513963,-0.0033171275013221735,-0.006807464184610161,,-0.0005902887366782505,,1.0,0.006678584823272124,-0.017520869849563595,-0.018450493379179887,0.027493471626144985,-0.024333401223513344,-0.01200609776771688,-0.0282430100010259,-0.003485939545509404,-0.0021503360571421093,-0.006807464184610161,-0.024405675405169587,-0.050339945547457285,-0.02336961255807402,-0.006381374458437318,-0.0005902887366782505,-0.024405675405169587,-0.033339515146984806,-0.015081941098030687,-0.0019892771447207525,-0.024776094515202855,,,,,,,0.9999737319716848,0.9866572348295928,0.006903315953098243,0.008670136983661382,-0.03562746433128592,-0.011047265894277736,0.9999366923493851,-0.059458320406312035,-0.0028436529129255805,-0.0020505819743432433,-0.003006488132009277,-0.0024042041320253052,-0.009995342552118916,-0.0043048232113040005,-0.01030249149014322,-0.00956794596662526,,,-0.1957469023516249,
Bwd Header Len,-0.018981967282372763,-0.02804019910717418,0.10516550603991748,0.0004878721816694211,0.9995814386760519,0.020133252323709334,0.9798065112763737,0.16354530564851466,-0.01632588600968431,0.11742935965677928,0.13158389021737113,0.10906578013516911,-0.021528533988728123,0.20600719471605478,0.06475754789764494,-0.0006420783965651761,-0.027762287663882872,-0.011509721349420863,0.021387208904488076,0.03454026263342405,-0.014065079083259921,0.10399857381516797,-0.00724792692777391,0.04731184959273176,0.03366514939635462,-0.013417471340424222,0.1419227468026154,0.010730309746804757,0.04215493202976925,0.06962541106036474,-0.000716609342784332,0.01849137185437423,,-0.001122887973282328,,0.006678584823272124,1.0,-0.026257640227317417,-0.026398308304359325,-0.016664858428537745,0.15206356421528147,0.2409648452694554,0.14481148338061242,0.16209388854301365,-0.0034881568767127415,0.01849137185437423,0.03152399622680386,0.04661333501420979,-0.026448147414839085,-0.009105530261681578,-0.0011228879732823284,0.03152399622680386,0.1465596575786795,0.22293485754691728,0.11742935965677931,0.20600719471605483,,,,,,,0.0004878721816694211,0.020133252323709338,0.9995814386760516,0.9798065112763737,-0.006221078594223928,0.028176562819276458,-0.0030840792242538863,-0.010018362390169408,0.016784110481263586,0.01525799558303451,0.02742740520305305,0.01467895389264056,0.03616443431608364,0.014738508248316193,0.036012214346320424,0.03434157867578883,,,-0.18617456024415763,
Fwd Pkts/s,0.06925867036448637,-0.1623578251812968,-0.14126898851552058,-0.01726667409516825,-0.02390904410336628,-0.0176886613540941,-0.011181753151638869,-0.1763528790875494,-0.08971251529447057,-0.19231066856609697,-0.19767856332171718,-0.2950449843681096,-0.1473986151201024,-0.27400871822304523,-0.27985466974739776,0.1996455039739985,0.9604437054331865,-0.08927125955684061,-0.08772913305447519,-0.12746818850672337,-0.07334750911283648,-0.13551295321321644,-0.09272951567830796,-0.09622052351688946,-0.12010285838462792,-0.07792169190440817,-0.10542951046858486,-0.06279578477576186,-0.09704403213170432,-0.09249540236167962,-0.035262064764785536,0.01685981650491421,,-0.005850684678500737,,-0.017520869849563595,-0.026257640227317417,1.0,0.8140908619269253,-0.09314513734198177,-0.2856457738559495,-0.2765876548151933,-0.298585363331914,-0.04702916500335798,0.02948269680607005,0.016859816504914207,-0.24905672127723968,0.2162623779116914,-0.09933712652482657,-0.038289412660827686,-0.0058506846785007375,-0.24905672127723968,0.10764614844168001,-0.2934847452646218,-0.19231066856609697,-0.2740087182230452,,,,,,,-0.01726667409516825,-0.0176886613540941,-0.023909044103366292,-0.011181753151638869,0.17448914383468783,-0.11871406668403714,-0.017142240903101656,0.5563056843286683,-0.03178964981725824,-0.023330313666345776,-0.034898661420774454,-0.026932684833638025,-0.10626122775306646,-0.049461117119091284,-0.11012720406948182,-0.101208491784793,,,-0.07049312751018175,
Bwd Pkts/s,-0.12180294715802127,-0.16914442997081683,-0.14741430136775835,-0.018189945013508225,-0.023948004201477923,-0.018615075052204107,-0.011662020706833556,-0.1868688966811955,-0.0929374506935719,-0.2056654547108914,-0.21165559761045652,-0.30763614365948466,-0.15355797522112472,-0.2856379448875701,-0.29176853570191946,0.019978625780524315,0.943541474686986,-0.0931368659902914,-0.09152783950209184,-0.1329879275893867,-0.0765236105000416,-0.141409136829256,-0.09674487458891833,-0.10038696369172723,-0.1253037465899437,-0.08129585995988162,-0.10999448299016412,-0.06551484439824735,-0.10124591156511024,-0.09650031917705561,-0.036788948037080695,-0.05173539301206036,,-0.006104470290128203,,-0.018450493379179887,-0.026398308304359325,0.8140908619269253,1.0,-0.09718234832037498,-0.2995888959698251,-0.2935088828583856,-0.3142260067033389,-0.04911272820020318,-0.020769442435536595,-0.05173539301206036,-0.2597441560814157,0.3318458245709926,-0.2202534211436526,-0.037510965351537744,-0.006104470290128201,-0.2597441560814157,0.17846290761829545,-0.3127258111104093,-0.20566545471089137,-0.2856379448875701,,,,,,,-0.018189945013508225,-0.018615075052204107,-0.02394800420147792,-0.011662020706833552,0.24809704643047978,-0.12371880159237147,-0.018049429661983904,0.6771607666525767,-0.03316619902541526,-0.024340572138657913,-0.03640982753530214,-0.02809891010289357,-0.11086237399949044,-0.05160282408197981,-0.11489575486856263,-0.10559084998833478,,,-0.07034869206559001,
Pkt Len Min,-0.0678708756088651,0.5302295444640799,0.1145079004221647,0.027802979115407477,-0.013248962215454069,0.028085761684272893,-0.005866574337666803,0.026324779881798058,0.9733713900328158,0.3631425798559067,-0.11165541752317591,-0.12462390544267075,0.3730835895537705,-0.03140260458912708,-0.1540291329073911,0.00027463654172559204,-0.10010388646448114,0.04234932407029362,0.1345689484475724,0.08365293083444005,-0.011644176784649303,0.11780020331375066,0.03271038061498127,0.19804048376837843,0.08794144851100272,-0.015978367884468266,-0.0561832996201293,-0.0315216610446813,-0.05229252670710062,-0.04866773264241997,-0.01652647869700706,-0.025818463747424025,,-0.003220366594223533,,0.027493471626144985,-0.016664858428537745,-0.09314513734198177,-0.09718234832037498,1.0,-0.06768257650124268,0.25651581624312925,-0.13132535663372077,-0.025090036411081568,-0.01142166628172381,-0.025818463747424022,-0.1371884844156048,-0.2808961413632946,-0.12082728227111639,-0.018362066549079462,-0.0032203665942235325,-0.1371884844156048,0.015713447425546808,0.3193947401285626,0.3631425798559067,-0.03140260458912708,,,,,,,0.027802979115407484,0.0280857616842729,-0.01324896221545407,-0.005866574337666803,-0.19508032539961834,-0.06590621057480585,0.027877030638002318,-0.32334597746314614,0.08930959851123657,-0.007327166621150881,0.06762168529634204,0.1042218592047035,0.030291078457878085,0.37108281903317225,0.09856270810997632,-0.019298043298334146,,,,
Pkt Len Max,-0.1777792658926795,-0.18820456150486584,0.17723161245921748,-0.02562166871449343,0.13662899748927088,0.039186461682899555,0.05230626402183654,0.7393133801361602,-0.06391774793858129,0.6026912926463827,0.7355388384542926,0.9178186503982926,-0.16249073972252417,0.7597028440148685,0.8877679767568156,-0.00689889337405087,-0.3079244814822116,-0.10568290232711922,0.11876421629190491,0.06048713830596234,-0.12138432672381538,0.1640915402566659,-0.09046847585637514,0.24412832656582167,0.04394004907465616,-0.12366225389402119,0.29831710177854753,0.033879311643950805,0.2576804679877376,0.21222520195202665,-0.04233805077988619,-0.08862067033864432,,-0.0098425486823696,,-0.024333401223513344,0.15206356421528147,-0.2856457738559495,-0.2995888959698251,-0.06768257650124268,1.0,0.7542177272811039,0.9573933120821753,0.5388082546546307,-0.034908543211599495,-0.0886206703386443,0.6242633532088265,0.4794282343687829,-0.3630650024674609,-0.1003985503701356,-0.0098425486823696,0.6242633532088265,0.0694731625693016,0.7395831519841786,0.6026912926463825,0.7597028440148685,,,,,,,-0.02562166871449343,0.039186461682899555,0.13662899748927088,0.05230626402183654,0.06601839382232212,0.35863308435201685,-0.02594046091914213,-0.15310680012480887,0.0037121482570376023,0.0030886131644845926,0.010939237366742231,0.004865836743130444,0.04918291424571227,0.030341297668961455,0.049143465284706214,0.045106454071232746,,,0.3190975757791329,
Pkt Len Mean,-0.16916402816875406,0.03428746977485592,0.257759933798668,-0.013888212529270657,0.23362175211774544,0.00541441108333072,0.19098969168164534,0.5115544342534911,0.26635520383461564,0.5317719481755799,0.49618473831558363,0.7464768113850371,0.022949252411607696,0.8976970636913587,0.7030221438805865,0.03692284137763383,-0.2997018209225729,-0.07837468800964782,0.17842765897840043,0.14657652021577355,-0.1108693826146255,0.24702965057380133,-0.06339051146439346,0.35159527419999914,0.1337766374141527,-0.11118646232247716,0.31715223281405325,0.047605316857433286,0.25743044794519365,0.26006233822617375,-0.014229209000226957,-0.042224979001896173,,-0.009673319481685405,,-0.01200609776771688,0.2409648452694554,-0.2765876548151933,-0.2935088828583856,0.25651581624312925,0.7542177272811039,1.0,0.8126163296083204,0.2703091433116527,-0.034308338421622266,-0.042224979001896173,0.40879827117430856,0.29091401648766774,-0.33644627282993295,-0.0920693929250374,-0.009673319481685405,0.40879827117430856,0.12383004178339227,0.993815630648662,0.5317719481755799,0.8976970636913586,,,,,,,-0.013888212529270657,0.005414411083330725,0.23362175211774544,0.19098969168164534,-0.011653700897748098,0.21536187696965603,-0.014658243737059345,-0.2433072933707599,0.05527836037636125,0.02142790494104671,0.06084401570706486,0.05656724124975506,0.10364914983511245,0.2046857861870398,0.133179263858112,0.07770103317116965,,,0.29325630839828853,
Pkt Len Std,-0.18944727575715972,-0.2069465021512242,0.15616798979739907,-0.029578370074893015,0.1325928454138463,0.00501305937029998,0.07246740141879011,0.5810872216559985,-0.12604025838093005,0.4532878555138001,0.6289632796634934,0.949541396023494,-0.1595664823563294,0.870133694956135,0.9502077025173488,-0.005403175399161906,-0.3223801235581283,-0.11748968929937169,0.11148525891430185,0.0544634765005659,-0.1293888217789892,0.14114337042285147,-0.10159712328935439,0.226946516755936,0.034740495213645785,-0.12871944874073002,0.2898448672306463,0.0350149623473905,0.26037702455771594,0.2204194141478053,-0.03788508275790441,-0.08515418249342553,,-0.010328016758436302,,-0.0282430100010259,0.14481148338061242,-0.298585363331914,-0.3142260067033389,-0.13132535663372077,0.9573933120821753,0.8126163296083204,1.0,0.37898981005902477,-0.03663035164335148,-0.08515418249342552,0.661727801967754,0.5059385148970101,-0.3760981673950527,-0.10578120786921505,-0.010328016758436302,0.661727801967754,0.10154431745833796,0.7976701644451227,0.4532878555138001,0.870133694956135,,,,,,,-0.029578370074893022,0.005013059370299979,0.13259284541384628,0.07246740141879011,0.09733998749512023,0.2655850614640659,-0.029980854704031105,-0.1499473647632447,-0.002256916183906984,0.004170067951191061,0.00713155497374875,-0.002208301482840981,0.042702339018641344,0.0138668827990172,0.03992464558385494,0.04092414797224506,,,0.3589827520231352,
Pkt Len Var,-0.032598124159996994,-0.04313205306882778,0.04029659933554646,-0.004252223192162494,0.14301659714729809,0.15562684573845792,0.022389502323856964,0.7404652025395866,-0.024160655414904662,0.6938411519932817,0.6384461242186957,0.18805241292006356,-0.037689658351361,0.18373450463766414,0.17212718982812747,0.014893786245638783,-0.05055890958608396,-0.018226622972271192,0.023483750499067892,0.019727616233301236,-0.020222818360390454,0.0375689530518695,-0.015099832211345473,0.05136605527889996,0.01608862058277905,-0.020699930357463057,0.06377550274157563,0.003639048310663832,0.0496783658836597,0.04825830812286513,-0.008270851466437197,-0.016032480176726614,,-0.0016133276778840992,,-0.003485939545509404,0.16209388854301365,-0.04702916500335798,-0.04911272820020318,-0.025090036411081568,0.5388082546546307,0.2703091433116527,0.37898981005902477,1.0,-0.0057219853084159574,-0.016032480176726614,0.10247382480385234,0.08833046662751454,-0.06018582663056402,-0.016575236825871215,-0.0016133276778840992,0.10247382480385234,0.027651769074101634,0.2576900586922087,0.6938411519932817,0.1837345046376641,,,,,,,-0.004252223192162494,0.15562684573845792,0.14301659714729809,0.022389502323856964,0.017358185265190725,0.036426639890112376,-0.004373041727296901,-0.020262862618361327,0.0003643205770085434,0.001953276296970838,0.002792144265523862,0.0001140678166405386,0.0173921697673267,0.002289256057339739,0.016206771980429024,0.017178640324080497,,,0.37068071145986464,
FIN Flag Cnt,0.09392493146143502,-0.01990126519006042,-0.017113618405828365,-0.0021071525874849168,-0.003206687717032405,-0.00216503032662484,-0.0013562614784655186,-0.021820422563944133,-0.011315871695027584,-0.024189265420824512,-0.024660406110081228,-0.035822196839439234,-0.0180582772075483,-0.03330277422769177,-0.033970214758057955,-0.0024358045397788225,0.008473532744114907,-0.010780164890758342,-0.010636584658831341,-0.015422383203924613,-0.008848657656208236,-0.016434997876882608,-0.011243858900050748,-0.011667272172294789,-0.014563101452150983,-0.0094483293045158,-0.012783992206469998,-0.0076143752219432,-0.011767229266534493,-0.011215657786729708,-0.004275726903244216,-0.008681365936582133,,-0.0007094814045351016,,-0.0021503360571421093,-0.0034881568767127415,0.02948269680607005,-0.020769442435536595,-0.01142166628172381,-0.034908543211599495,-0.034308338421622266,-0.03663035164335148,-0.0057219853084159574,1.0,-0.008681365936582133,-0.03022409895314856,-0.06188444174659879,0.011314089196172938,-0.0074250818647193,-0.0007094814045351017,-0.03022409895314856,-0.008989161803059245,-0.03659535699362036,-0.02418926542082451,-0.03330277422769176,,,,,,,-0.0021071525874849168,-0.00216503032662484,-0.003206687717032405,-0.001356261478465519,-0.04298904170417075,-0.011843424935093473,-0.0020977802609997683,-0.0132587403967965,-0.0038546938666404037,-0.002828946176191053,-0.004231681065228591,-0.003265756654650712,-0.012884805944104304,-0.0059974557634621005,-0.01335357862159895,-0.012272131514721752,,,,
SYN Flag Cnt,0.1616133171243471,-0.06865996517925498,0.08332834312476424,-0.007032093086923986,0.019116277557121135,-0.007137472326371958,0.016155235853823675,-0.0290193011256062,-0.00737247553717124,0.00022280552827609116,-0.02454427248450045,-0.10800090165349813,-0.03803745646685847,-0.09293787454223856,-0.10553164677717022,0.18617220852089683,-0.012694765925579816,0.028391840869163427,0.26210226532170144,0.12080182944219216,-0.028339268276043713,0.08509826406857764,0.11192641742706971,0.10569036557040103,0.1240150327105613,0.09669605189391003,0.1040688136637061,0.2540085840216522,0.016772919161777138,0.17241233840498305,0.28245178130691917,1.0,,0.08172462832668388,,-0.006807464184610161,0.01849137185437423,0.016859816504914207,-0.05173539301206036,-0.025818463747424022,-0.0886206703386443,-0.042224979001896173,-0.08515418249342552,-0.016032480176726614,-0.008681365936582133,1.0,-0.10427405302522995,-0.21179995346923097,0.30940808013550747,0.011772458635293196,0.08172462832668388,-0.10427405302522995,-0.09169828428551519,-0.03719426638323302,0.00022280552827609224,-0.09293787454223856,,,,,,,-0.007032093086923987,-0.00713747232637196,0.019116277557121135,0.016155235853823675,-0.12875902716637436,-0.03591199293053358,-0.007174714001929755,-0.014383886209811549,-0.0005366795363307921,-0.0025923049824478498,-7.763079239698019e-05,4.391683758046429e-05,0.13258579569301077,0.017701258936841862,0.12846173218294782,0.13191759453355706,,,-0.24911170108949324,
RST Flag Cnt,-0.12000508579487765,-0.23903906330604144,-0.019806534799964554,-0.024813736135009663,0.02642792826945902,-0.024145302734024928,0.0009456203764190134,0.27815084477863433,-0.13591775922978178,0.20487240318085037,0.3676052321899323,0.6503792345740677,-0.21690247466120974,0.463908278489323,0.6796554523061712,-0.026429750854773428,-0.26775081283806,-0.11180542403848602,-0.011034931950773296,-0.06793260502579529,-0.1064436523611845,-0.02680174228927638,-0.11079218829104592,0.01743711147857434,-0.08096540040243662,-0.11297952309797613,0.07144112379620063,-0.028696976789155042,0.0623415746784368,0.03750181857733619,-0.04916855500354736,-0.10427405302522995,,-0.00852175822760387,,-0.024405675405169587,0.03152399622680386,-0.24905672127723968,-0.2597441560814157,-0.1371884844156048,0.6242633532088265,0.40879827117430856,0.661727801967754,0.10247382480385234,-0.03022409895314856,-0.10427405302522995,1.0,0.48839575990534845,-0.33398141702322576,-0.0891845114852103,-0.008521758227603872,1.0,0.11302307167431591,0.40515642998361256,0.20487240318085037,0.46390827848932287,,,,,,,-0.024813736135009663,-0.024145302734024928,0.026427928269459014,0.0009456203764190148,0.12064292813954818,0.2242848319562057,-0.024877370211828422,-0.15641041922566373,-0.029500858441428277,-0.019163026979830716,-0.028191108499897654,-0.025016843973526742,-0.05924174096863139,-0.04480632818577749,-0.0659845875632501,-0.054434290596244335,,,0.38715843515282805,
PSH Flag Cnt,-0.31726974115980827,-0.48943722065147105,-0.049414901305922784,-0.051041219417662244,0.03850963465610096,-0.04927730605087905,0.01389288203495004,0.26893791093157343,-0.2782943063554119,0.139634326612152,0.3594040995328222,0.5088231707020484,-0.4441121165819429,0.3358134023647691,0.5414728279929371,-0.05425635538138029,0.28130645039316005,-0.22570523136890056,-0.014050197793239206,-0.1295857178213985,-0.2178712567631698,-0.05948993429632698,-0.22203754617644816,0.07400611755301266,-0.14304551836166748,-0.23090791871770786,0.12774260048884167,0.010968836458528962,0.16359893955226412,0.09637178887139876,-0.0462859578406877,-0.21179995346923097,,0.002790691022451059,,-0.050339945547457285,0.04661333501420979,0.2162623779116914,0.3318458245709926,-0.2808961413632946,0.4794282343687829,0.29091401648766774,0.5059385148970101,0.08833046662751454,-0.06188444174659879,-0.21179995346923097,0.48839575990534845,1.0,-0.6830139856743822,-0.1806311872016093,0.0027906910224510598,0.4883957599053484,0.22920199404485123,0.25519731025624404,0.13963432661215203,0.33581340236476914,,,,,,,-0.051041219417662244,-0.04927730605087905,0.03850963465610095,0.01389288203495004,0.3540554018830175,0.21103659337722178,-0.05109844162159483,0.5543422519520496,-0.0312915645273769,-0.021258652939871732,-0.02988102959477982,-0.025693924974694648,-0.12782288654450746,-0.0020026529243392624,-0.12360938782879025,-0.12901651098188513,,,0.3524017060866003,
ACK Flag Cnt,0.48500944725601375,-0.21991235401375261,0.03781888309995912,-0.02314157433366559,-0.023755219195405308,-0.0236364666739496,-0.006333348053139556,-0.20770276516485842,-0.11018616167033395,-0.215397509168983,-0.22733975784188445,-0.38532251919925115,-0.18908716091601604,-0.3555977334254654,-0.3673694847004759,0.0671528488195086,-0.16049405605683292,0.2479052692450828,0.043342887753958434,0.16788667425431575,0.23964257039420883,0.044100522980832245,0.25246333661808734,-0.06138468767446194,0.1765145710635971,0.2629009714333272,-0.06000147232323898,0.034448093358075936,-0.10330181633754336,-0.03378929311728184,0.07623337761217436,0.30940808013550747,,-0.007839889791440055,,-0.02336961255807402,-0.026448147414839085,-0.09933712652482657,-0.2202534211436526,-0.12082728227111639,-0.3630650024674609,-0.33644627282993295,-0.3760981673950527,-0.06018582663056402,0.011314089196172938,0.30940808013550747,-0.33398141702322576,-0.6830139856743822,1.0,0.26377798354466675,-0.007839889791440055,-0.33398141702322576,-0.35750206926592915,-0.35567611732085863,-0.215397509168983,-0.3555977334254653,,,,,,,-0.02314157433366559,-0.023636466673949603,-0.02375521919540531,-0.006333348053139556,-0.08221535408639741,-0.1332276291378113,-0.023140769753608372,-0.0802834166608643,-0.02932608356511084,-0.0263168296145354,-0.033108097621905155,-0.02303898451322006,0.15641850548353575,-0.04617053181122579,0.14145391831853765,0.16440353777047767,,,-0.24911170108949324,
URG Flag Cnt,0.4835843248709818,-0.05872415308937705,-0.0458334057623203,-0.006233744701623996,-0.008332034940445085,-0.006376615316350116,-0.0039955947767536994,-0.060962825379851766,-0.010100816568980838,-0.05933427688627888,-0.07172826038047972,-0.10466800117893864,-0.05328591047548638,-0.09663305931116277,-0.0986146636043081,-0.006831943139179269,-0.04006470771658767,-0.027034852898078235,-0.027556790683431472,-0.0397901923472175,-0.022249971995964957,-0.043985081806984454,-0.028954894661634915,-0.030376138633613554,-0.03751580954187982,-0.02431281724856765,-0.03751411989584488,-0.021789008416824417,-0.034713046650575584,-0.03265350429055759,-0.011845201350076363,0.011772458635293196,,0.09555199760237533,,-0.006381374458437318,-0.009105530261681578,-0.038289412660827686,-0.037510965351537744,-0.018362066549079462,-0.1003985503701356,-0.0920693929250374,-0.10578120786921505,-0.016575236825871215,-0.0074250818647193,0.011772458635293196,-0.0891845114852103,-0.1806311872016093,0.26377798354466675,1.0,0.09555199760237533,-0.0891845114852103,0.050285756385634775,-0.09576497410109601,-0.05933427688627887,-0.09663305931116274,,,,,,,-0.006233744701623996,-0.006376615316350116,-0.008332034940445083,-0.0039955947767536994,-0.09310931175198599,0.0059143042078022776,-0.006187871386104592,-0.027489892478712724,-0.008877011553860453,-0.008347583268988552,-0.010501596047475598,-0.006795794012962132,-0.03668269029849887,-0.010490895217659125,-0.036796296672533695,-0.035786842922882096,,,,
CWE Flag Count,0.007545873840041904,-0.005611210135197714,-0.004687903907465626,-0.0005932943832547202,-0.0010430133766532734,-0.0006104355675756348,-0.00038240122330237425,-0.006152321225599793,-0.003190537553132426,-0.006820222231906576,-0.006953061495411393,-0.010100155545432378,-0.00509157518999407,-0.009389798210917377,-0.009577984692172385,-0.0007098300277440745,-0.006287045833712876,-0.002722344351109062,-0.002999331797559012,-0.004108148497781129,-0.002170768952991663,-0.0044909865979870355,-0.0028719043346261733,-0.003289639817549686,-0.0038558469510296418,-0.002363947081334445,-0.0036044784891094994,-0.0021468941936797744,-0.0033177989184603376,-0.0031622836635357256,-0.001205554542064864,0.08172462832668388,,1.0,,-0.0005902887366782505,-0.0011228879732823284,-0.0058506846785007375,-0.006104470290128201,-0.0032203665942235325,-0.0098425486823696,-0.009673319481685405,-0.010328016758436302,-0.0016133276778840992,-0.0007094814045351017,0.08172462832668388,-0.008521758227603872,0.0027906910224510598,-0.007839889791440055,0.09555199760237533,1.0,-0.00852175822760387,-0.011352801423788356,-0.01031814993181131,-0.006820222231906575,-0.009389798210917377,,,,,,,-0.0005932943832547202,-0.0006104355675756348,-0.0010430133766532734,-0.00038240122330237435,0.0038356003834353948,-0.004093914033027573,-0.0005914742479698523,0.023782603712815,-0.0010868403132168799,-0.0007976282565040173,-0.001193132770975497,-0.0009207880335576698,-0.0036329023814889224,-0.001690997242835908,-0.0037650739783166454,-0.0034601573356390896,,,,
ECE Flag Cnt,-0.12000508579487765,-0.23903906330604144,-0.019806534799964554,-0.024813736135009663,0.02642792826945902,-0.024145302734024928,0.0009456203764190134,0.27815084477863433,-0.13591775922978178,0.20487240318085037,0.3676052321899323,0.6503792345740677,-0.21690247466120974,0.463908278489323,0.6796554523061712,-0.026429750854773428,-0.26775081283806,-0.11180542403848602,-0.011034931950773296,-0.06793260502579529,-0.1064436523611845,-0.02680174228927638,-0.11079218829104592,0.01743711147857434,-0.08096540040243662,-0.11297952309797613,0.07144112379620063,-0.028696976789155042,0.0623415746784368,0.03750181857733619,-0.04916855500354736,-0.10427405302522995,,-0.00852175822760387,,-0.024405675405169587,0.03152399622680386,-0.24905672127723968,-0.2597441560814157,-0.1371884844156048,0.6242633532088265,0.40879827117430856,0.661727801967754,0.10247382480385234,-0.03022409895314856,-0.10427405302522995,1.0,0.4883957599053484,-0.33398141702322576,-0.0891845114852103,-0.00852175822760387,1.0,0.11302307167431591,0.40515642998361256,0.20487240318085037,0.46390827848932287,,,,,,,-0.024813736135009663,-0.024145302734024928,0.026427928269459014,0.0009456203764190148,0.12064292813954818,0.2242848319562057,-0.024877370211828422,-0.15641041922566373,-0.029500858441428277,-0.019163026979830716,-0.028191108499897654,-0.025016843973526742,-0.05924174096863139,-0.04480632818577749,-0.0659845875632501,-0.054434290596244335,,,0.38715843515282805,
Down/Up Ratio,-0.14375759389715156,0.1459222615888091,-0.12247001734806136,-0.03337461170121074,0.14789555881628944,-0.03169874776287036,0.06426975486602553,-0.02159281232574478,0.017866963372450948,0.006706985007085306,0.009784494540873087,0.07422528689652898,0.14286824415031166,0.1386791246089152,0.07165501848750012,-0.014272566332463906,0.14591123523505609,-0.14922988421054748,-0.03294481316152342,-0.12139463858334323,-0.14214438392765086,-0.13066017437916563,-0.13576641105312465,-0.058454211132384845,-0.1317268797126104,-0.12330174029558416,-0.021774513834879664,-0.021828152516857314,-0.029980951616672944,0.0007377472284895228,-0.00394896847335936,-0.09169828428551519,,-0.011352801423788356,,-0.033339515146984806,0.1465596575786795,0.10764614844168001,0.17846290761829545,0.015713447425546808,0.0694731625693016,0.12383004178339227,0.10154431745833796,0.027651769074101634,-0.008989161803059245,-0.09169828428551519,0.11302307167431591,0.22920199404485123,-0.35750206926592915,0.050285756385634775,-0.011352801423788356,0.11302307167431591,1.0,0.1345393915321319,0.006706985007085304,0.1386791246089152,,,,,,,-0.03337461170121074,-0.03169874776287036,0.14789555881628944,0.06426975486602553,0.0664242252829844,-0.14865753555262284,-0.033403342873573,0.09254978092176439,-0.028884550675931285,-0.02820304311313179,-0.03188536229963691,-0.021131811215038453,-0.10175974097672455,-0.05474384725767971,-0.1092833244477575,-0.09569465153791236,,,0.24920972147185566,
Pkt Size Avg,-0.17928179790496362,0.10699782579545747,0.2319336745023001,-0.016804572495308593,0.21628819952002243,0.001233709059245752,0.1765715449125552,0.4944941911434585,0.32890639183038556,0.545328944792925,0.47834545588791694,0.7315659279191427,0.09856265164618172,0.8844982714173851,0.6897640343503656,0.048252665217602575,-0.3186168800626426,-0.0838706230310131,0.17261991975438595,0.13026049613750038,-0.11694797791201995,0.22145904499215352,-0.0698224456543944,0.3352607567393742,0.11759136691011017,-0.11616976353055262,0.28534072297942487,0.03912065566342515,0.23755473006703895,0.2368758818634073,-0.017954822153724802,-0.03719426638323302,,-0.01031814993181131,,-0.015081941098030687,0.22293485754691728,-0.2934847452646218,-0.3127258111104093,0.3193947401285626,0.7395831519841786,0.993815630648662,0.7976701644451227,0.2576900586922087,-0.03659535699362036,-0.03719426638323302,0.40515642998361256,0.25519731025624404,-0.35567611732085863,-0.09576497410109601,-0.01031814993181131,0.40515642998361256,0.1345393915321319,1.0,0.545328944792925,0.8844982714173852,,,,,,,-0.016804572495308593,0.001233709059245749,0.21628819952002243,0.1765715449125552,-0.028409860318948855,0.19612207408485735,-0.01750953354902035,-0.2905927764957479,0.05236075333112903,0.016403637574093327,0.05589371898320239,0.05509569386421262,0.08746189745495814,0.20665675852587972,0.11838656657002368,0.061027719954259915,,,0.31216778136445633,
Fwd Seg Size Avg,-0.0719468185942835,0.08762692945925278,0.1324940247534821,-0.0027997485834471278,0.10238953123876131,0.10696503485147436,0.003486122552822827,0.8790313445955747,0.3796362734930392,1.0,0.8343989435163089,0.3223467492935704,0.033361100654808636,0.24819680616790352,0.27103149145025063,0.06583451400000565,-0.20904630475413943,-0.03184410730686761,0.15086751327124637,0.07975605849739299,-0.07250597333440562,0.12920164931279934,-0.021470525421917193,0.21901394498144616,0.07871709181405391,-0.060209724041271215,0.11500991684188967,0.07089005753215738,0.1479747847127397,0.11208080594000475,0.025516964528895587,0.00022280552827609224,,-0.006820222231906575,,-0.0019892771447207525,0.11742935965677931,-0.19231066856609697,-0.20566545471089137,0.3631425798559067,0.6026912926463825,0.5317719481755799,0.4532878555138001,0.6938411519932817,-0.02418926542082451,0.00022280552827609224,0.20487240318085037,0.13963432661215203,-0.215397509168983,-0.05933427688627887,-0.006820222231906575,0.20487240318085037,0.006706985007085304,0.545328944792925,1.0,0.2481968061679035,,,,,,,-0.0027997485834471286,0.10696503485147436,0.1023895312387613,0.003486122552822827,0.024760922255019482,0.2726781181060377,-0.002871641650621632,-0.17926791607861794,0.07864241942184858,0.0185722339501391,0.07132581323547835,0.08212757671622693,0.033962488602955754,0.2575322084171246,0.07979999769344709,0.0008079684151532612,,,-0.283400244446633,
Bwd Seg Size Avg,-0.19677607182706655,-0.0052958137572618625,0.16808974373759034,-0.02652440560829697,0.20046017686670778,-0.02521609360329308,0.1712611963134225,0.352546078834751,-0.03138628415429132,0.2481968061679035,0.3703656296495676,0.8365753165514562,0.05934128569147848,1.0,0.8106387975079217,-0.023261796194500393,-0.29455637603701984,-0.11315085876503503,0.09322228322050206,0.07517494554424914,-0.11765393188935248,0.1559822502844285,-0.09943203786816505,0.2459259326184735,0.059430195917549146,-0.124212056857166,0.2911774166254638,0.00032594744324359524,0.21775889360473194,0.22274875407730066,-0.04968067133191741,-0.09293787454223856,,-0.009389798210917377,,-0.024776094515202855,0.20600719471605483,-0.2740087182230452,-0.2856379448875701,-0.03140260458912708,0.7597028440148685,0.8976970636913586,0.870133694956135,0.1837345046376641,-0.03330277422769176,-0.09293787454223856,0.46390827848932287,0.33581340236476914,-0.3555977334254653,-0.09663305931116274,-0.009389798210917377,0.46390827848932287,0.1386791246089152,0.8844982714173852,0.2481968061679035,1.0,,,,,,,-0.026524405608296973,-0.02521609360329308,0.20046017686670775,0.1712611963134225,-0.0028711106567761552,0.17518722030990064,-0.02727595230689534,-0.22520718642848597,-0.008783785040872912,0.0034973326113591813,0.003594915124734979,-0.008772406361135318,0.0643488346976183,-0.005597984065531324,0.05619453036609147,0.06524336918137008,,,0.3659770840616257,
Fwd Byts/b Avg,,,,,,,,,,,,,,,,,,,,,,,,,,,,,,,,,,,,,,,,,,,,,,,,,,,,,,,,,,,,,,,,,,,,,,,,,,,,,,,,,,
Fwd Pkts/b Avg,,,,,,,,,,,,,,,,,,,,,,,,,,,,,,,,,,,,,,,,,,,,,,,,,,,,,,,,,,,,,,,,,,,,,,,,,,,,,,,,,,
Fwd Blk Rate Avg,,,,,,,,,,,,,,,,,,,,,,,,,,,,,,,,,,,,,,,,,,,,,,,,,,,,,,,,,,,,,,,,,,,,,,,,,,,,,,,,,,
Bwd Byts/b Avg,,,,,,,,,,,,,,,,,,,,,,,,,,,,,,,,,,,,,,,,,,,,,,,,,,,,,,,,,,,,,,,,,,,,,,,,,,,,,,,,,,
Bwd Pkts/b Avg,,,,,,,,,,,,,,,,,,,,,,,,,,,,,,,,,,,,,,,,,,,,,,,,,,,,,,,,,,,,,,,,,,,,,,,,,,,,,,,,,,
Bwd Blk Rate Avg,,,,,,,,,,,,,,,,,,,,,,,,,,,,,,,,,,,,,,,,,,,,,,,,,,,,,,,,,,,,,,,,,,,,,,,,,,,,,,,,,,
Subflow Fwd Pkts,-0.014631110163076605,0.09766500071424548,0.16163694554150668,1.0,0.0007208381613121455,0.9866173566340365,0.002591186272251728,-0.01290230064698207,0.02684256565527863,-0.0027997485834471286,-0.01983903552726613,-0.02900340071885865,-0.015126823891529967,-0.026524405608296973,-0.02770246340936976,-0.0017283917192999951,-0.018638438142098875,-0.008989592391249827,-0.008405624489064692,-0.010631418013901188,-0.007429046890748269,0.16260196983743133,-0.009311984570620106,-0.008969910719892319,-0.00988914881340556,-0.007892224345099504,-0.009645012453816314,-0.006145435735606079,-0.009326469079793098,-0.008783112590632402,-0.003502506666188675,-0.007032093086923987,,-0.0005932943832547202,,0.9999737319716848,0.0004878721816694211,-0.01726667409516825,-0.018189945013508225,0.027802979115407484,-0.02562166871449343,-0.013888212529270657,-0.029578370074893022,-0.004252223192162494,-0.0021071525874849168,-0.007032093086923987,-0.024813736135009663,-0.051041219417662244,-0.02314157433366559,-0.006233744701623996,-0.0005932943832547202,-0.024813736135009663,-0.03337461170121074,-0.016804572495308593,-0.0027997485834471286,-0.026524405608296973,,,,,,,1.0,0.9866173566340365,0.0007208381613121444,0.002591186272251728,-0.03570342379986397,-0.01164833193553687,0.9999913042155769,-0.05965947788117969,-0.002722971137022173,-0.0019084343331176993,-0.0029405655003846174,-0.002339950378437442,-0.01038211529249374,-0.004717678424381071,-0.010744066572841281,-0.00990449432294482,,,-0.2261274557211519,
Subflow Fwd Byts,-0.014650388785940115,0.0960625318381099,0.16026017796454375,0.9866173566340365,0.017419859966309733,1.0,4.981766543491961e-05,0.09957798751884082,0.027480899852521914,0.10696503485147436,0.07438654173673948,-0.024824387862745437,-0.015410363837021978,-0.02521609360329308,-0.026549562660659113,0.0014636229852193984,-0.01908483263493454,-0.009054847901229407,-0.007820575228627044,-0.010166307343948593,-0.007622885815456445,0.16121219080173338,-0.009342794377893726,-0.007953251798230572,-0.009421552550569952,-0.008083748524456246,-0.008496326842682912,-0.005628396554227565,-0.00835261036352448,-0.0079693930795571,-0.0032623718594517784,-0.00713747232637196,,-0.0006104355675756348,,0.9866572348295928,0.020133252323709338,-0.0176886613540941,-0.018615075052204107,0.0280857616842729,0.039186461682899555,0.005414411083330725,0.005013059370299979,0.15562684573845792,-0.00216503032662484,-0.00713747232637196,-0.024145302734024928,-0.04927730605087905,-0.023636466673949603,-0.006376615316350116,-0.0006104355675756348,-0.024145302734024928,-0.03169874776287036,0.001233709059245749,0.10696503485147436,-0.02521609360329308,,,,,,,0.9866173566340365,1.0,0.017419859966309733,4.9817665434919495e-05,-0.03497826818033054,-0.010337262918575101,0.9866196435342995,-0.05919828840821249,-0.0024676801339611944,-0.001986867515408733,-0.00272222547071915,-0.002011117849322671,-0.01011960026529472,-0.0036194947178205326,-0.010290978584835188,-0.00978011690241265,,,-0.2383528645611335,
Subflow Bwd Pkts,-0.017471798464032184,-0.020604848304541994,0.09732010941402021,0.0007208381613121444,1.0,0.017419859966309733,0.9829020722869323,0.14501156132211068,-0.01301516443688522,0.1023895312387613,0.11410593453025665,0.09988938018445553,-0.014787163903380637,0.20046017686670775,0.05580288946544987,-0.0006628172340606738,-0.02523858633208637,-0.011267955748196843,0.01808737231602877,0.03287094655130705,-0.013060971180530056,0.09637325698976104,-0.0076609191025021174,0.04323252269687897,0.03219609679099184,-0.01275808416115705,0.13151131149627177,0.006689807318422903,0.03675330380936246,0.06546670468237438,-0.002130328478417732,0.019116277557121135,,-0.0010430133766532734,,0.006903315953098243,0.9995814386760516,-0.023909044103366292,-0.02394800420147792,-0.01324896221545407,0.13662899748927088,0.23362175211774544,0.13259284541384628,0.14301659714729809,-0.003206687717032405,0.019116277557121135,0.026427928269459014,0.03850963465610095,-0.02375521919540531,-0.008332034940445083,-0.0010430133766532734,0.026427928269459014,0.14789555881628944,0.21628819952002243,0.1023895312387613,0.20046017686670775,,,,,,,0.0007208381613121444,0.017419859966309733,1.0,0.9829020722869323,-0.00846735117533916,0.026769658821831067,-0.002859943864146239,-0.012970341876376254,0.016340352575343327,0.014673996194377243,0.026534048903074352,0.014317464901327572,0.034727934889884814,0.013191647417754996,0.034378856769966284,0.03315185580667816,,,-0.19056478573300908,
Subflow Bwd Byts,-0.008428175885045252,-0.010021816665215797,0.06392833577427852,0.002591186272251728,0.9829020722869323,4.9817665434919495e-05,1.0,0.03242230914675471,-0.005810705241171269,0.003486122552822827,0.0147289469601577,0.05714176074653516,-0.006355166895095915,0.1712611963134225,0.021979151704689424,-0.0009853584504717335,-0.012013457487583038,-0.004806593444500522,0.006234744818786025,0.024407458563918488,-0.004793257363932007,0.06351879809624608,-0.0036291731654627536,0.02088364355739868,0.02420164467586625,-0.0050855116485869585,0.08332597882104967,-0.0009423463935587678,0.013179992156273355,0.04191092665957722,-0.002244278720945588,0.016155235853823675,,-0.00038240122330237435,,0.008670136983661382,0.9798065112763737,-0.011181753151638869,-0.011662020706833552,-0.005866574337666803,0.05230626402183654,0.19098969168164534,0.07246740141879011,0.022389502323856964,-0.001356261478465519,0.016155235853823675,0.0009456203764190148,0.01389288203495004,-0.006333348053139556,-0.0039955947767536994,-0.00038240122330237435,0.0009456203764190148,0.06426975486602553,0.1765715449125552,0.003486122552822827,0.1712611963134225,,,,,,,0.002591186272251728,4.9817665434919495e-05,0.9829020722869323,1.0,-0.008125935839313281,0.00164901601175659,-0.0010092168298941936,-0.00700005109757232,0.009612498803905372,0.011684063329628444,0.018844643278758365,0.007603062172062373,0.02580522199557526,0.008257236872641903,0.02539520447246471,0.02485929853109748,,,-0.0544057544357502,
Init Fwd Win Byts,-0.11012276662158559,-0.3400181469889712,-0.01981526331688222,-0.03570342379986397,-0.00846735117533916,-0.03497826818033054,-0.008125935839313281,0.037925418442687465,-0.19298149849935223,0.024760922255019482,0.15548194163298232,0.08311475995746705,-0.3064699356044576,-0.0028711106567761552,0.15182170765197328,-0.035264984223451964,0.2175182135465422,0.16789697477596432,-0.09046565053763052,0.08037167912829488,0.19265661574521936,-0.017699353390065464,0.13273766646569396,-0.06884534875167167,0.08467801316010831,0.14607481931442326,-0.06778353213290629,-0.031076200393321783,-0.019683778709687447,-0.05142246915855037,-0.031355367921568476,-0.12875902716637436,,0.0038356003834353948,,-0.03562746433128592,-0.006221078594223928,0.17448914383468783,0.24809704643047978,-0.19508032539961834,0.06601839382232212,-0.011653700897748098,0.09733998749512023,0.017358185265190725,-0.04298904170417075,-0.12875902716637436,0.12064292813954818,0.3540554018830175,-0.08221535408639741,-0.09310931175198599,0.0038356003834353948,0.12064292813954818,0.0664242252829844,-0.028409860318948855,0.024760922255019482,-0.0028711106567761552,,,,,,,-0.03570342379986397,-0.03497826818033054,-0.00846735117533916,-0.008125935839313281,1.0,-0.06488933781054408,-0.03566196558964939,0.4218714883617797,-0.032922757120258404,-0.0257898871642896,-0.03693947017496828,-0.027116296330724862,0.11893819817078995,-0.017951318388563366,0.11207240208722158,0.12342619038633897,,,-0.0594232410963286,
Init Bwd Win Byts,-0.01037320102531809,-0.11483608776184576,-0.03431045151849844,-0.01164833193553687,0.026769658821831067,-0.010337262918575101,0.00164901601175659,0.4384260386465012,-0.06517825962549209,0.2726781181060377,0.3822619217983112,0.3909449020733345,-0.10086079128002967,0.17518722030990064,0.2802809325912091,-0.014304675485587991,-0.12752154121881312,-0.05526345913931793,-0.02562949288891722,-0.054299429895781834,-0.051292249808315975,-0.03218569190777014,-0.05296258168157308,-0.005589045750563364,-0.04860104857188499,-0.053913678971599086,0.0025852865473819818,-0.01763425441895601,-0.013460817926855995,-0.014593990861948772,-0.016134084766227595,-0.03591199293053358,,-0.004093914033027573,,-0.011047265894277736,0.028176562819276458,-0.11871406668403714,-0.12371880159237147,-0.06590621057480585,0.35863308435201685,0.21536187696965603,0.2655850614640659,0.036426639890112376,-0.011843424935093473,-0.03591199293053358,0.2242848319562057,0.21103659337722178,-0.1332276291378113,0.0059143042078022776,-0.004093914033027573,0.2242848319562057,-0.14865753555262284,0.19612207408485735,0.2726781181060377,0.17518722030990064,,,,,,,-0.01164833193553687,-0.010337262918575101,0.026769658821831067,0.00164901601175659,-0.06488933781054408,1.0,-0.011797112512576341,-0.07457501154300127,-0.008958001650386162,-0.00822828090221178,-0.010291165201395547,-0.006852643424298098,-0.057673550930874604,-0.02648320369989038,-0.060199577147837205,-0.055006149554566425,,,0.16749752602644868,
Fwd Act Data Pkts,-0.014585024374235415,0.0978305082935207,0.16116036807266051,0.9999913042155769,-0.002859943864146239,0.9866196435342995,-0.0010092168298941936,-0.013143997910375167,0.026915934234091266,-0.002871641650621632,-0.020000697816066688,-0.02934566437921177,-0.015038568056767582,-0.02727595230689534,-0.027888530497873928,-0.0017198065548929714,-0.01849986701747085,-0.008979737480984611,-0.008485921458863727,-0.010807899548414546,-0.007412115521804813,0.1621280824991781,-0.009308199032167338,-0.009160695869048815,-0.01006415144910683,-0.007868091979374991,-0.0101638215964535,-0.006172443488299861,-0.009484284250129179,-0.009043032474908754,-0.003494758508831174,-0.007174714001929755,,-0.0005914742479698523,,0.9999366923493851,-0.0030840792242538863,-0.017142240903101656,-0.018049429661983904,0.027877030638002318,-0.02594046091914213,-0.014658243737059345,-0.029980854704031105,-0.004373041727296901,-0.0020977802609997683,-0.007174714001929755,-0.024877370211828422,-0.05109844162159483,-0.023140769753608372,-0.006187871386104592,-0.0005914742479698523,-0.024877370211828422,-0.033403342873573,-0.01750953354902035,-0.002871641650621632,-0.02727595230689534,,,,,,,0.9999913042155769,0.9866196435342995,-0.002859943864146239,-0.0010092168298941936,-0.03566196558964939,-0.011797112512576341,1.0,-0.05955330873608645,-0.0031288090934700847,-0.0022897015387140533,-0.003421098068010988,-0.002651427893929704,-0.010559189195733386,-0.004804339363444611,-0.010923662382850828,-0.010072636676396325,,,-0.203848526831296,
Fwd Seg Size Min,-0.08615925301729084,-0.5561248472716634,-0.13584899993846528,-0.05965947788117969,-0.012970341876376254,-0.05919828840821249,-0.00700005109757232,-0.08788403266443308,-0.3132880096757577,-0.17926791607861794,-0.04691888976853217,-0.15441053729333648,-0.5101777141404111,-0.22520718642848597,-0.09973285025693379,-0.010961701755224611,0.6417131479272125,-0.0914335358547812,0.0034066315041224064,-0.08018894553461127,-0.09254520615824002,-0.1365849525031616,-0.07172772330537862,-0.05082027325924253,-0.07934901713163792,-0.06110955729420401,-0.020320158874488067,0.05729440917700907,0.019792719341034486,0.024851626234407436,0.05456115174141621,-0.014383886209811549,,0.023782603712815,,-0.059458320406312035,-0.010018362390169408,0.5563056843286683,0.6771607666525767,-0.32334597746314614,-0.15310680012480887,-0.2433072933707599,-0.1499473647632447,-0.020262862618361327,-0.0132587403967965,-0.014383886209811549,-0.15641041922566373,0.5543422519520496,-0.0802834166608643,-0.027489892478712724,0.023782603712815,-0.15641041922566373,0.09254978092176439,-0.2905927764957479,-0.17926791607861794,-0.22520718642848597,,,,,,,-0.05965947788117969,-0.05919828840821249,-0.012970341876376254,-0.00700005109757232,0.4218714883617797,-0.07457501154300127,-0.05955330873608645,1.0,-0.06832028152801117,-0.060155622072286905,-0.07611909369815996,-0.052996641831381766,-0.07498926014722966,-0.02557417878812752,-0.0754604483819832,-0.07208052717524861,,,0.24920972147185577,
Active Mean,-0.02344118128228752,-0.04321244153775455,0.22325785777501356,-0.002722971137022173,0.016340352575343327,-0.0024676801339611944,0.009612498803905372,0.03323393085829381,0.08717516715656674,0.07864241942184858,0.0208290489259528,-0.011498837217067109,-0.02740597330997765,-0.008783785040872912,-0.01707041382532111,-0.003851660560055543,-0.03415980692803391,0.012944334428307476,0.09275462108889009,0.10711678659799512,-0.009284144437574023,0.21974912368627977,0.01267600971081846,0.14097022251341734,0.10474160372247085,-0.010265981199435352,0.1040871199543,0.10496834436839855,0.14363487348235673,0.12120393178615266,0.0651744296730928,-0.0005366795363307921,,-0.0010868403132168799,,-0.0028436529129255805,0.016784110481263586,-0.03178964981725824,-0.03316619902541526,0.08930959851123657,0.0037121482570376023,0.05527836037636125,-0.002256916183906984,0.0003643205770085434,-0.0038546938666404037,-0.0005366795363307921,-0.029500858441428277,-0.0312915645273769,-0.02932608356511084,-0.008877011553860453,-0.0010868403132168799,-0.029500858441428277,-0.028884550675931285,0.05236075333112903,0.07864241942184858,-0.008783785040872912,,,,,,,-0.002722971137022173,-0.0024676801339611944,0.016340352575343327,0.009612498803905372,-0.032922757120258404,-0.008958001650386162,-0.0031288090934700847,-0.06832028152801117,1.0,0.4932709754633159,0.9528713568239808,0.9337628729574555,0.07421801883562457,0.2564070713140986,0.11617397370805857,0.04392865513375301,,,-0.17613976458356942,
Active Std,-0.019005288308939546,-0.05485805131665599,0.19049588650746357,-0.0019084343331176993,0.014673996194377243,-0.001986867515408733,0.011684063329628444,0.01428028983117249,-0.006815202826347808,0.0185722339501391,0.010389186758991935,-0.0017580420228226893,-0.02019612828149868,0.0034973326113591813,-0.00691057923400367,-0.0028272761218259075,-0.025069648331010237,0.002541687446273413,0.05814599430919003,0.0758761475873496,-0.008754810332759324,0.19087192038810952,0.004974148705610234,0.09821474581275665,0.07705786259714015,-0.009396503246937245,0.096064058789874,0.07583413665316611,0.11201737629346196,0.09535200731870436,0.04425569030269883,-0.0025923049824478498,,-0.0007976282565040173,,-0.0020505819743432433,0.01525799558303451,-0.023330313666345776,-0.024340572138657913,-0.007327166621150881,0.0030886131644845926,0.02142790494104671,0.004170067951191061,0.001953276296970838,-0.002828946176191053,-0.0025923049824478498,-0.019163026979830716,-0.021258652939871732,-0.0263168296145354,-0.008347583268988552,-0.0007976282565040173,-0.019163026979830716,-0.02820304311313179,0.016403637574093327,0.0185722339501391,0.0034973326113591813,,,,,,,-0.0019084343331176993,-0.001986867515408733,0.014673996194377243,0.011684063329628444,-0.0257898871642896,-0.00822828090221178,-0.0022897015387140533,-0.060155622072286905,0.4932709754633159,1.0,0.7192557460968744,0.15013217024805375,0.054381285469621614,0.19241739024772528,0.08251710338440837,0.03238977776508217,,,-0.17613976458356953,
Active Max,-0.0263877876175525,-0.05345669830715072,0.2570027278751134,-0.0029405655003846174,0.026534048903074352,-0.00272222547071915,0.018844643278758365,0.038405512119649626,0.06629530079019261,0.07132581323547835,0.025949171920999527,-0.002610024516377844,-0.03009721923717586,0.003594915124734979,-0.010409226938057207,-0.004227339655202964,-0.037500695583080675,0.011032121496647585,0.09493537170529624,0.1103688788128341,-0.011057616009680696,0.2543403300865469,0.012403965965876795,0.1478447747740961,0.10897056939127911,-0.012084060613485785,0.13468969585248985,0.10842334454584941,0.15206774212413454,0.128187834103042,0.06415630451729921,-7.763079239698019e-05,,-0.001193132770975497,,-0.003006488132009277,0.02742740520305305,-0.034898661420774454,-0.03640982753530214,0.06762168529634204,0.010939237366742231,0.06084401570706486,0.00713155497374875,0.002792144265523862,-0.004231681065228591,-7.763079239698019e-05,-0.028191108499897654,-0.02988102959477982,-0.033108097621905155,-0.010501596047475598,-0.001193132770975497,-0.028191108499897654,-0.03188536229963691,0.05589371898320239,0.07132581323547835,0.003594915124734979,,,,,,,-0.0029405655003846174,-0.00272222547071915,0.026534048903074352,0.018844643278758365,-0.03693947017496828,-0.010291165201395547,-0.003421098068010988,-0.07611909369815996,0.9528713568239808,0.7192557460968744,1.0,0.7889230242478293,0.07796676142422317,0.26414442576457986,0.12003682345619912,0.04671397478594094,,,-0.17613976458356956,
Active Min,-0.01912159647294388,-0.027412384385046493,0.17856826578498777,-0.002339950378437442,0.014317464901327572,-0.002011117849322671,0.007603062172062373,0.03363492159343162,0.1015432807071381,0.08212757671622693,0.020830720859424636,-0.010219827449194441,-0.02318202919842335,-0.008772406361135318,-0.014881287183121508,-0.003262676790849088,-0.02894062846064744,0.013565396304326129,0.08197020502727782,0.09060664614912707,-0.007144314446548477,0.17441734277422408,0.012465110838272507,0.12071171599334272,0.08744227146572647,-0.008003503697161102,0.08368880947682426,0.08866262825871218,0.11824183745623448,0.09929126658568421,0.05570272916553074,4.391683758046429e-05,,-0.0009207880335576698,,-0.0024042041320253052,0.01467895389264056,-0.026932684833638025,-0.02809891010289357,0.1042218592047035,0.004865836743130444,0.05656724124975506,-0.002208301482840981,0.0001140678166405386,-0.003265756654650712,4.391683758046429e-05,-0.025016843973526742,-0.025693924974694648,-0.02303898451322006,-0.006795794012962132,-0.0009207880335576698,-0.025016843973526742,-0.021131811215038453,0.05509569386421262,0.08212757671622693,-0.008772406361135318,,,,,,,-0.002339950378437442,-0.002011117849322671,0.014317464901327572,0.007603062172062373,-0.027116296330724862,-0.006852643424298098,-0.002651427893929704,-0.052996641831381766,0.9337628729574555,0.15013217024805375,0.7889230242478293,1.0,0.06233579437877271,0.21138573394937604,0.09822692156986353,0.03702160042041243,,,-0.17613976458356934,
Idle Mean,0.09808926751166562,-0.11509692904013201,0.7307093365197573,-0.01038211529249374,0.034727934889884814,-0.01011960026529472,0.02580522199557526,0.039895366970691584,0.03237833458905534,0.033962488602955754,0.01333137714063225,0.042836274211724625,-0.0803990809781755,0.0643488346976183,0.01648654954587922,-0.012883323675413746,-0.1141959793228438,0.7741006224368072,0.5777475763980001,0.9275423264830449,0.6732361888848027,0.7255758460711612,0.8341330078776933,0.44906437122819187,0.9215768145561715,0.7839255416329118,0.4319033828579611,0.42075247355882056,0.3829180338845901,0.5547206813170906,0.37510881810567576,0.13258579569301077,,-0.0036329023814889224,,-0.009995342552118916,0.03616443431608364,-0.10626122775306646,-0.11086237399949044,0.030291078457878085,0.04918291424571227,0.10364914983511245,0.042702339018641344,0.0173921697673267,-0.012884805944104304,0.13258579569301077,-0.05924174096863139,-0.12782288654450746,0.15641850548353575,-0.03668269029849887,-0.0036329023814889224,-0.05924174096863139,-0.10175974097672455,0.08746189745495814,0.033962488602955754,0.0643488346976183,,,,,,,-0.01038211529249374,-0.01011960026529472,0.034727934889884814,0.02580522199557526,0.11893819817078995,-0.057673550930874604,-0.010559189195733386,-0.07498926014722966,0.07421801883562457,0.054381285469621614,0.07796676142422317,0.06233579437877271,1.0,0.16918968708761256,0.9854015093198885,0.992677762222291,,,-0.26443080519853807,
Idle Std,-0.0341342656110315,0.041655865789788415,0.3684363359775744,-0.004717678424381071,0.013191647417754996,-0.0036194947178205326,0.008257236872641903,0.07930701484572826,0.3600799440566639,0.2575322084171246,0.03245636323648197,-0.016800339679033417,-0.041393513513000406,-0.005597984065531324,-0.02418325709761807,-0.005996848902815768,-0.05314958759834877,0.061221802941078346,0.29964777282651395,0.3077112819414497,-0.008927875541717815,0.3659280376285749,0.06434502269621664,0.46847116010267603,0.3077813177515841,-0.010780782101986217,0.29844098936123464,0.37521149053066977,0.5106334510141428,0.43364324057253706,0.23583718096754352,0.017701258936841862,,-0.001690997242835908,,-0.0043048232113040005,0.014738508248316193,-0.049461117119091284,-0.05160282408197981,0.37108281903317225,0.030341297668961455,0.2046857861870398,0.0138668827990172,0.002289256057339739,-0.0059974557634621005,0.017701258936841862,-0.04480632818577749,-0.0020026529243392624,-0.04617053181122579,-0.010490895217659125,-0.001690997242835908,-0.04480632818577749,-0.05474384725767971,0.20665675852587972,0.2575322084171246,-0.005597984065531324,,,,,,,-0.004717678424381071,-0.0036194947178205326,0.013191647417754996,0.008257236872641903,-0.017951318388563366,-0.02648320369989038,-0.004804339363444611,-0.02557417878812752,0.2564070713140986,0.19241739024772528,0.26414442576457986,0.21138573394937604,0.16918968708761256,1.0,0.3286116904782405,0.050654498738143997,,,-0.17615806636230447,
Idle Max,0.08823732216564628,-0.10051045349883678,0.763675830603251,-0.010744066572841281,0.034378856769966284,-0.010290978584835188,0.02539520447246471,0.05045775426965707,0.09851354671166491,0.07979999769344709,0.01691941224059769,0.03392304322906721,-0.08405207771292288,0.05619453036609147,0.008178872214934772,-0.013352452701519985,-0.11835167309141618,0.753111899864913,0.6051080119448086,0.9410033695124009,0.6439501313478913,0.7585688954668637,0.8107708311743571,0.5091029899637401,0.9354305823965678,0.7496686594683066,0.4634084255710358,0.47402488301811496,0.4576936729270053,0.6057396261990805,0.4051524121785973,0.12846173218294782,,-0.0037650739783166454,,-0.01030249149014322,0.036012214346320424,-0.11012720406948182,-0.11489575486856263,0.09856270810997632,0.049143465284706214,0.133179263858112,0.03992464558385494,0.016206771980429024,-0.01335357862159895,0.12846173218294782,-0.0659845875632501,-0.12360938782879025,0.14145391831853765,-0.036796296672533695,-0.0037650739783166454,-0.0659845875632501,-0.1092833244477575,0.11838656657002368,0.07979999769344709,0.05619453036609147,,,,,,,-0.010744066572841281,-0.010290978584835188,0.034378856769966284,0.02539520447246471,0.11207240208722158,-0.060199577147837205,-0.010923662382850828,-0.0754604483819832,0.11617397370805857,0.08251710338440837,0.12003682345619912,0.09822692156986353,0.9854015093198885,0.3286116904782405,1.0,0.9583902087510177,,,-0.2678694496970053,
Idle Min,0.10390250626178345,-0.1226103996171865,0.691368799906368,-0.00990449432294482,0.03315185580667816,-0.00978011690241265,0.02485929853109748,0.029285401457274176,-0.015702309088164026,0.0008079684151532612,0.00899355159868851,0.044740612913868896,-0.0760995047089179,0.06524336918137008,0.019154123385432865,-0.012270517966054365,-0.10876475306653186,0.7765151408200635,0.5477641446806383,0.9023713135127163,0.6834458819626605,0.6864472740942663,0.8368408043961153,0.39658118693230004,0.8962634102802964,0.7958448807939793,0.3975599827240209,0.379940888770982,0.3259949612799255,0.5101014331791683,0.3512633548197141,0.13191759453355706,,-0.0034601573356390896,,-0.00956794596662526,0.03434157867578883,-0.101208491784793,-0.10559084998833478,-0.019298043298334146,0.045106454071232746,0.07770103317116965,0.04092414797224506,0.017178640324080497,-0.012272131514721752,0.13191759453355706,-0.054434290596244335,-0.12901651098188513,0.16440353777047767,-0.035786842922882096,-0.0034601573356390896,-0.054434290596244335,-0.09569465153791236,0.061027719954259915,0.0008079684151532612,0.06524336918137008,,,,,,,-0.00990449432294482,-0.00978011690241265,0.03315185580667816,0.02485929853109748,0.12342619038633897,-0.055006149554566425,-0.010072636676396325,-0.07208052717524861,0.04392865513375301,0.03238977776508217,0.04671397478594094,0.03702160042041243,0.992677762222291,0.050654498738143997,0.9583902087510177,1.0,,,-0.2608362924135668,
Flow ID,,,,,,,,,,,,,,,,,,,,,,,,,,,,,,,,,,,,,,,,,,,,,,,,,,,,,,,,,,,,,,,,,,,,,,,,,,,,,,,,,,
Src IP,,,,,,,,,,,,,,,,,,,,,,,,,,,,,,,,,,,,,,,,,,,,,,,,,,,,,,,,,,,,,,,,,,,,,,,,,,,,,,,,,,
Src Port,-0.24489243336096697,0.24920972147185635,-0.27632342673426624,-0.2261274557211519,-0.19056478573300908,-0.2383528645611335,-0.0544057544357502,-0.2698836721364555,-0.17613976458356956,-0.283400244446633,-0.27119491673476354,0.3474828998265278,,0.3659770840616257,0.36976899010619796,-0.07015282602411896,-0.07041059669801138,-0.24500865988948334,0.07038955944929463,-0.22542281470002687,-0.2492100569279849,-0.29684212432516877,-0.2536984779837229,-0.2760320976536177,-0.2766926216904509,-0.24927454280528683,-0.12070659816519602,0.07001035059300934,0.07178900999248981,0.023828092982800454,-0.17604093231139992,-0.24911170108949324,,,,-0.1957469023516249,-0.18617456024415763,-0.07049312751018175,-0.07034869206559001,,0.3190975757791329,0.29325630839828853,0.3589827520231352,0.37068071145986464,,-0.24911170108949324,0.38715843515282805,0.3524017060866003,-0.24911170108949324,,,0.38715843515282805,0.24920972147185566,0.31216778136445633,-0.283400244446633,0.3659770840616257,,,,,,,-0.2261274557211519,-0.2383528645611335,-0.19056478573300908,-0.0544057544357502,-0.0594232410963286,0.16749752602644868,-0.203848526831296,0.24920972147185577,-0.17613976458356942,-0.17613976458356953,-0.17613976458356956,-0.17613976458356934,-0.26443080519853807,-0.17615806636230447,-0.2678694496970053,-0.2608362924135668,,,1.0,
Dst IP,,,,,,,,,,,,,,,,,,,,,,,,,,,,,,,,,,,,,,,,,,,,,,,,,,,,,,,,,,,,,,,,,,,,,,,,,,,,,,,,,,
