Source_File,Split,Target_Window,Previous_Target,Target_Attack,Prediction
Friday-02-03-2018_TrafficForML_CICFlowMeter_30s_state.csv,TEST,2018-03-02 01:05:30,1,1,1
Friday-02-03-2018_TrafficForML_CICFlowMeter_30s_state.csv,TEST,2018-03-02 01:06:00,1,1,1
Friday-02-03-2018_TrafficForML_CICFlowMeter_30s_state.csv,TEST,2018-03-02 01:06:30,1,1,1
Friday-02-03-2018_TrafficForML_CICFlowMeter_30s_state.csv,TEST,2018-03-02 01:07:00,1,1,1
Friday-02-03-2018_TrafficForML_CICFlowMeter_30s_state.csv,TEST,2018-03-02 01:07:30,1,1,1
Friday-02-03-2018_TrafficForML_CICFlowMeter_30s_state.csv,TEST,2018-03-02 01:08:00,1,1,1
Friday-02-03-2018_TrafficForML_CICFlowMeter_30s_state.csv,TEST,2018-03-02 01:08:30,1,1,1
Friday-02-03-2018_TrafficForML_CICFlowMeter_30s_state.csv,TEST,2018-03-02 01:09:00,1,1,1
Friday-02-03-2018_TrafficForML_CICFlowMeter_30s_state.csv,TEST,2018-03-02 01:09:30,1,1,1
Friday-02-03-2018_TrafficForML_CICFlowMeter_30s_state.csv,TEST,2018-03-02 01:10:00,1,1,1
Friday-02-03-2018_TrafficForML_CICFlowMeter_30s_state.csv,TEST,2018-03-02 01:10:30,1,1,1
Friday-02-03-2018_TrafficForML_CICFlowMeter_30s_state.csv,TEST,2018-03-02 01:11:00,1,1,1
Friday-02-03-2018_TrafficForML_CICFlowMeter_30s_state.csv,TEST,2018-03-02 01:11:30,1,1,1
Friday-02-03-2018_TrafficForML_CICFlowMeter_30s_state.csv,TEST,2018-03-02 01:12:00,1,1,1
Friday-02-03-2018_TrafficForML_CICFlowMeter_30s_state.csv,TEST,2018-03-02 01:12:30,1,1,1
Friday-02-03-2018_TrafficForML_CICFlowMeter_30s_state.csv,TEST,2018-03-02 01:13:00,1,1,1
Friday-02-03-2018_TrafficForML_CICFlowMeter_30s_state.csv,TEST,2018-03-02 01:13:30,1,1,1
Friday-02-03-2018_TrafficForML_CICFlowMeter_30s_state.csv,TEST,2018-03-02 01:14:00,1,1,1
Friday-02-03-2018_TrafficForML_CICFlowMeter_30s_state.csv,TEST,2018-03-02 01:14:30,1,1,1
Friday-02-03-2018_TrafficForML_CICFlowMeter_30s_state.csv,TEST,2018-03-02 01:15:00,1,1,1
Friday-02-03-2018_TrafficForML_CICFlowMeter_30s_state.csv,TEST,2018-03-02 01:15:30,1,1,1
Friday-02-03-2018_TrafficForML_CICFlowMeter_30s_state.csv,TEST,2018-03-02 01:16:00,1,1,1
Friday-02-03-2018_TrafficForML_CICFlowMeter_30s_state.csv,TEST,2018-03-02 01:16:30,1,1,1
Friday-02-03-2018_TrafficForML_CICFlowMeter_30s_state.csv,TEST,2018-03-02 01:17:00,1,1,1
Friday-02-03-2018_TrafficForML_CICFlowMeter_30s_state.csv,TEST,2018-03-02 01:17:30,1,1,1
Friday-02-03-2018_TrafficForML_CICFlowMeter_30s_state.csv,TEST,2018-03-02 01:18:00,1,1,1
Friday-02-03-2018_TrafficForML_CICFlowMeter_30s_state.csv,TEST,2018-03-02 01:18:30,1,1,1
Friday-02-03-2018_TrafficForML_CICFlowMeter_30s_state.csv,TEST,2018-03-02 01:19:00,1,1,1
Friday-02-03-2018_TrafficForML_CICFlowMeter_30s_state.csv,TEST,2018-03-02 01:19:30,1,1,1
Friday-02-03-2018_TrafficForML_CICFlowMeter_30s_state.csv,TEST,2018-03-02 01:20:00,1,1,1
Friday-02-03-2018_TrafficForML_CICFlowMeter_30s_state.csv,TEST,2018-03-02 01:20:30,1,1,1
Friday-02-03-2018_TrafficForML_CICFlowMeter_30s_state.csv,TEST,2018-03-02 01:21:00,1,1,1
Friday-02-03-2018_TrafficForML_CICFlowMeter_30s_state.csv,TEST,2018-03-02 01:21:30,1,1,1
Friday-02-03-2018_TrafficForML_CICFlowMeter_30s_state.csv,TEST,2018-03-02 01:22:00,1,1,1
Friday-02-03-2018_TrafficForML_CICFlowMeter_30s_state.csv,TEST,2018-03-02 01:22:30,1,1,1
Friday-02-03-2018_TrafficForML_CICFlowMeter_30s_state.csv,TEST,2018-03-02 01:23:00,1,1,1
Friday-02-03-2018_TrafficForML_CICFlowMeter_30s_state.csv,TEST,2018-03-02 01:23:30,1,1,1
Friday-02-03-2018_TrafficForML_CICFlowMeter_30s_state.csv,TEST,2018-03-02 01:24:00,1,1,1
Friday-02-03-2018_TrafficForML_CICFlowMeter_30s_state.csv,TEST,2018-03-02 01:24:30,1,1,1
Friday-02-03-2018_TrafficForML_CICFlowMeter_30s_state.csv,TEST,2018-03-02 01:25:00,1,1,1
Friday-02-03-2018_TrafficForML_CICFlowMeter_30s_state.csv,TEST,2018-03-02 01:25:30,1,1,1
Friday-02-03-2018_TrafficForML_CICFlowMeter_30s_state.csv,TEST,2018-03-02 01:26:00,1,1,1
Friday-02-03-2018_TrafficForML_CICFlowMeter_30s_state.csv,TEST,2018-03-02 01:26:30,1,1,1
Friday-02-03-2018_TrafficForML_CICFlowMeter_30s_state.csv,TEST,2018-03-02 01:27:00,1,1,1
Friday-02-03-2018_TrafficForML_CICFlowMeter_30s_state.csv,TEST,2018-03-02 01:27:30,1,1,1
Friday-02-03-2018_TrafficForML_CICFlowMeter_30s_state.csv,TEST,2018-03-02 01:28:00,1,1,1
Friday-02-03-2018_TrafficForML_CICFlowMeter_30s_state.csv,TEST,2018-03-02 01:28:30,1,1,1
Friday-02-03-2018_TrafficForML_CICFlowMeter_30s_state.csv,TEST,2018-03-02 01:29:00,1,1,1
Friday-02-03-2018_TrafficForML_CICFlowMeter_30s_state.csv,TEST,2018-03-02 01:29:30,1,1,1
Friday-02-03-2018_TrafficForML_CICFlowMeter_30s_state.csv,TEST,2018-03-02 01:30:00,1,1,1
Friday-02-03-2018_TrafficForML_CICFlowMeter_30s_state.csv,TEST,2018-03-02 01:30:30,1,1,1
Friday-02-03-2018_TrafficForML_CICFlowMeter_30s_state.csv,TEST,2018-03-02 01:31:00,1,1,1
Friday-02-03-2018_TrafficForML_CICFlowMeter_30s_state.csv,TEST,2018-03-02 01:31:30,1,1,1
Friday-02-03-2018_TrafficForML_CICFlowMeter_30s_state.csv,TEST,2018-03-02 01:32:00,1,1,1
Friday-02-03-2018_TrafficForML_CICFlowMeter_30s_state.csv,TEST,2018-03-02 01:32:30,1,1,1
Friday-02-03-2018_TrafficForML_CICFlowMeter_30s_state.csv,TEST,2018-03-02 01:33:00,1,1,1
Friday-02-03-2018_TrafficForML_CICFlowMeter_30s_state.csv,TEST,2018-03-02 01:33:30,1,1,1
Friday-02-03-2018_TrafficForML_CICFlowMeter_30s_state.csv,TEST,2018-03-02 01:34:00,1,1,1
Friday-02-03-2018_TrafficForML_CICFlowMeter_30s_state.csv,TEST,2018-03-02 01:34:30,1,1,1
Friday-02-03-2018_TrafficForML_CICFlowMeter_30s_state.csv,TEST,2018-03-02 01:35:00,1,1,1
Friday-02-03-2018_TrafficForML_CICFlowMeter_30s_state.csv,TEST,2018-03-02 01:35:30,1,1,1
Friday-02-03-2018_TrafficForML_CICFlowMeter_30s_state.csv,TEST,2018-03-02 01:36:00,1,1,1
Friday-02-03-2018_TrafficForML_CICFlowMeter_30s_state.csv,TEST,2018-03-02 01:36:30,1,1,1
Friday-02-03-2018_TrafficForML_CICFlowMeter_30s_state.csv,TEST,2018-03-02 01:37:00,1,1,1
Friday-02-03-2018_TrafficForML_CICFlowMeter_30s_state.csv,TEST,2018-03-02 01:37:30,1,1,1
Friday-02-03-2018_TrafficForML_CICFlowMeter_30s_state.csv,TEST,2018-03-02 01:38:00,1,1,1
Friday-02-03-2018_TrafficForML_CICFlowMeter_30s_state.csv,TEST,2018-03-02 01:38:30,1,1,1
Friday-02-03-2018_TrafficForML_CICFlowMeter_30s_state.csv,TEST,2018-03-02 01:39:00,1,1,1
Friday-02-03-2018_TrafficForML_CICFlowMeter_30s_state.csv,TEST,2018-03-02 01:39:30,1,1,1
Friday-02-03-2018_TrafficForML_CICFlowMeter_30s_state.csv,TEST,2018-03-02 01:40:00,1,1,1
Friday-02-03-2018_TrafficForML_CICFlowMeter_30s_state.csv,TEST,2018-03-02 01:40:30,1,1,1
Friday-02-03-2018_TrafficForML_CICFlowMeter_30s_state.csv,TEST,2018-03-02 01:41:00,1,1,1
Friday-02-03-2018_TrafficForML_CICFlowMeter_30s_state.csv,TEST,2018-03-02 01:41:30,1,1,1
Friday-02-03-2018_TrafficForML_CICFlowMeter_30s_state.csv,TEST,2018-03-02 01:42:00,1,1,1
Friday-02-03-2018_TrafficForML_CICFlowMeter_30s_state.csv,TEST,2018-03-02 01:42:30,1,1,1
Friday-02-03-2018_TrafficForML_CICFlowMeter_30s_state.csv,TEST,2018-03-02 01:43:00,1,1,1
Friday-02-03-2018_TrafficForML_CICFlowMeter_30s_state.csv,TEST,2018-03-02 01:43:30,1,1,1
Friday-02-03-2018_TrafficForML_CICFlowMeter_30s_state.csv,TEST,2018-03-02 01:44:00,1,1,1
Friday-02-03-2018_TrafficForML_CICFlowMeter_30s_state.csv,TEST,2018-03-02 01:44:30,1,1,1
Friday-02-03-2018_TrafficForML_CICFlowMeter_30s_state.csv,TEST,2018-03-02 01:45:00,1,1,1
Friday-02-03-2018_TrafficForML_CICFlowMeter_30s_state.csv,TEST,2018-03-02 01:45:30,1,1,1
Friday-02-03-2018_TrafficForML_CICFlowMeter_30s_state.csv,TEST,2018-03-02 01:46:00,1,1,1
Friday-02-03-2018_TrafficForML_CICFlowMeter_30s_state.csv,TEST,2018-03-02 01:46:30,1,1,1
Friday-02-03-2018_TrafficForML_CICFlowMeter_30s_state.csv,TEST,2018-03-02 01:47:00,1,1,1
Friday-02-03-2018_TrafficForML_CICFlowMeter_30s_state.csv,TEST,2018-03-02 01:47:30,1,1,1
Friday-02-03-2018_TrafficForML_CICFlowMeter_30s_state.csv,TEST,2018-03-02 01:48:00,1,1,1
Friday-02-03-2018_TrafficForML_CICFlowMeter_30s_state.csv,TEST,2018-03-02 01:48:30,1,1,1
Friday-02-03-2018_TrafficForML_CICFlowMeter_30s_state.csv,TEST,2018-03-02 01:49:00,1,1,1
Friday-02-03-2018_TrafficForML_CICFlowMeter_30s_state.csv,TEST,2018-03-02 01:49:30,1,1,1
Friday-02-03-2018_TrafficForML_CICFlowMeter_30s_state.csv,TEST,2018-03-02 01:50:00,1,1,1
Friday-02-03-2018_TrafficForML_CICFlowMeter_30s_state.csv,TEST,2018-03-02 01:50:30,1,1,1
Friday-02-03-2018_TrafficForML_CICFlowMeter_30s_state.csv,TEST,2018-03-02 01:51:00,1,1,1
Friday-02-03-2018_TrafficForML_CICFlowMeter_30s_state.csv,TEST,2018-03-02 01:51:30,1,1,1
Friday-02-03-2018_TrafficForML_CICFlowMeter_30s_state.csv,TEST,2018-03-02 01:52:00,1,1,1
Friday-02-03-2018_TrafficForML_CICFlowMeter_30s_state.csv,TEST,2018-03-02 01:52:30,1,1,1
Friday-02-03-2018_TrafficForML_CICFlowMeter_30s_state.csv,TEST,2018-03-02 01:53:00,1,1,1
Friday-02-03-2018_TrafficForML_CICFlowMeter_30s_state.csv,TEST,2018-03-02 01:53:30,1,1,1
Friday-02-03-2018_TrafficForML_CICFlowMeter_30s_state.csv,TEST,2018-03-02 01:54:00,1,1,1
Friday-02-03-2018_TrafficForML_CICFlowMeter_30s_state.csv,TEST,2018-03-02 01:54:30,1,1,1
Friday-02-03-2018_TrafficForML_CICFlowMeter_30s_state.csv,TEST,2018-03-02 01:55:00,1,1,1
Friday-02-03-2018_TrafficForML_CICFlowMeter_30s_state.csv,TEST,2018-03-02 01:55:30,1,1,1
Friday-02-03-2018_TrafficForML_CICFlowMeter_30s_state.csv,TEST,2018-03-02 01:56:00,1,1,1
Friday-02-03-2018_TrafficForML_CICFlowMeter_30s_state.csv,TEST,2018-03-02 01:56:30,1,1,1
Friday-02-03-2018_TrafficForML_CICFlowMeter_30s_state.csv,TEST,2018-03-02 01:57:00,1,1,1
Friday-02-03-2018_TrafficForML_CICFlowMeter_30s_state.csv,TEST,2018-03-02 01:57:30,1,1,1
Friday-02-03-2018_TrafficForML_CICFlowMeter_30s_state.csv,TEST,2018-03-02 01:58:00,1,1,1
Friday-02-03-2018_TrafficForML_CICFlowMeter_30s_state.csv,TEST,2018-03-02 01:58:30,1,1,1
Friday-02-03-2018_TrafficForML_CICFlowMeter_30s_state.csv,TEST,2018-03-02 01:59:00,1,1,1
Friday-02-03-2018_TrafficForML_CICFlowMeter_30s_state.csv,TEST,2018-03-02 01:59:30,1,1,1
Friday-02-03-2018_TrafficForML_CICFlowMeter_30s_state.csv,TEST,2018-03-02 02:00:00,1,1,1
Friday-02-03-2018_TrafficForML_CICFlowMeter_30s_state.csv,TEST,2018-03-02 02:00:30,1,1,1
Friday-02-03-2018_TrafficForML_CICFlowMeter_30s_state.csv,TEST,2018-03-02 02:01:00,1,1,1
Friday-02-03-2018_TrafficForML_CICFlowMeter_30s_state.csv,TEST,2018-03-02 02:01:30,1,1,1
Friday-02-03-2018_TrafficForML_CICFlowMeter_30s_state.csv,TEST,2018-03-02 02:02:00,1,1,1
Friday-02-03-2018_TrafficForML_CICFlowMeter_30s_state.csv,TEST,2018-03-02 02:02:30,1,1,1
Friday-02-03-2018_TrafficForML_CICFlowMeter_30s_state.csv,TEST,2018-03-02 02:03:00,1,1,1
Friday-02-03-2018_TrafficForML_CICFlowMeter_30s_state.csv,TEST,2018-03-02 02:03:30,1,1,1
Friday-02-03-2018_TrafficForML_CICFlowMeter_30s_state.csv,TEST,2018-03-02 02:04:00,1,1,1
Friday-02-03-2018_TrafficForML_CICFlowMeter_30s_state.csv,TEST,2018-03-02 02:04:30,1,1,1
Friday-02-03-2018_TrafficForML_CICFlowMeter_30s_state.csv,TEST,2018-03-02 02:05:00,1,1,1
Friday-02-03-2018_TrafficForML_CICFlowMeter_30s_state.csv,TEST,2018-03-02 02:05:30,1,1,1
Friday-02-03-2018_TrafficForML_CICFlowMeter_30s_state.csv,TEST,2018-03-02 02:06:00,1,1,1
Friday-02-03-2018_TrafficForML_CICFlowMeter_30s_state.csv,TEST,2018-03-02 02:06:30,1,1,1
Friday-02-03-2018_TrafficForML_CICFlowMeter_30s_state.csv,TEST,2018-03-02 02:07:00,1,1,1
Friday-02-03-2018_TrafficForML_CICFlowMeter_30s_state.csv,TEST,2018-03-02 02:07:30,1,1,1
Friday-02-03-2018_TrafficForML_CICFlowMeter_30s_state.csv,TEST,2018-03-02 02:08:00,1,1,1
Friday-02-03-2018_TrafficForML_CICFlowMeter_30s_state.csv,TEST,2018-03-02 02:08:30,1,1,1
Friday-02-03-2018_TrafficForML_CICFlowMeter_30s_state.csv,TEST,2018-03-02 02:09:00,1,1,1
Friday-02-03-2018_TrafficForML_CICFlowMeter_30s_state.csv,TEST,2018-03-02 02:09:30,1,1,1
Friday-02-03-2018_TrafficForML_CICFlowMeter_30s_state.csv,TEST,2018-03-02 02:10:00,1,1,1
Friday-02-03-2018_TrafficForML_CICFlowMeter_30s_state.csv,TEST,2018-03-02 02:10:30,1,1,1
Friday-02-03-2018_TrafficForML_CICFlowMeter_30s_state.csv,TEST,2018-03-02 02:11:00,1,1,1
Friday-02-03-2018_TrafficForML_CICFlowMeter_30s_state.csv,TEST,2018-03-02 02:11:30,1,1,1
Friday-02-03-2018_TrafficForML_CICFlowMeter_30s_state.csv,TEST,2018-03-02 02:12:00,1,1,1
Friday-02-03-2018_TrafficForML_CICFlowMeter_30s_state.csv,TEST,2018-03-02 02:12:30,1,1,1
Friday-02-03-2018_TrafficForML_CICFlowMeter_30s_state.csv,TEST,2018-03-02 02:13:00,1,1,1
Friday-02-03-2018_TrafficForML_CICFlowMeter_30s_state.csv,TEST,2018-03-02 02:13:30,1,1,1
Friday-02-03-2018_TrafficForML_CICFlowMeter_30s_state.csv,TEST,2018-03-02 02:14:00,1,1,1
Friday-02-03-2018_TrafficForML_CICFlowMeter_30s_state.csv,TEST,2018-03-02 02:14:30,1,1,1
Friday-02-03-2018_TrafficForML_CICFlowMeter_30s_state.csv,TEST,2018-03-02 02:15:00,1,1,1
Friday-02-03-2018_TrafficForML_CICFlowMeter_30s_state.csv,TEST,2018-03-02 02:15:30,1,1,1
Friday-02-03-2018_TrafficForML_CICFlowMeter_30s_state.csv,TEST,2018-03-02 02:16:00,1,1,1
Friday-02-03-2018_TrafficForML_CICFlowMeter_30s_state.csv,TEST,2018-03-02 02:16:30,1,1,1
Friday-02-03-2018_TrafficForML_CICFlowMeter_30s_state.csv,TEST,2018-03-02 02:17:00,1,1,1
Friday-02-03-2018_TrafficForML_CICFlowMeter_30s_state.csv,TEST,2018-03-02 02:17:30,1,1,1
Friday-02-03-2018_TrafficForML_CICFlowMeter_30s_state.csv,TEST,2018-03-02 02:18:00,1,1,1
Friday-02-03-2018_TrafficForML_CICFlowMeter_30s_state.csv,TEST,2018-03-02 02:18:30,1,1,1
Friday-02-03-2018_TrafficForML_CICFlowMeter_30s_state.csv,TEST,2018-03-02 02:19:00,1,1,1
Friday-02-03-2018_TrafficForML_CICFlowMeter_30s_state.csv,TEST,2018-03-02 02:19:30,1,1,1
Friday-02-03-2018_TrafficForML_CICFlowMeter_30s_state.csv,TEST,2018-03-02 02:20:00,1,1,1
Friday-02-03-2018_TrafficForML_CICFlowMeter_30s_state.csv,TEST,2018-03-02 02:20:30,1,1,1
Friday-02-03-2018_TrafficForML_CICFlowMeter_30s_state.csv,TEST,2018-03-02 02:21:00,1,1,1
Friday-02-03-2018_TrafficForML_CICFlowMeter_30s_state.csv,TEST,2018-03-02 02:21:30,1,1,1
Friday-02-03-2018_TrafficForML_CICFlowMeter_30s_state.csv,TEST,2018-03-02 02:22:00,1,1,1
Friday-02-03-2018_TrafficForML_CICFlowMeter_30s_state.csv,TEST,2018-03-02 02:22:30,1,1,1
Friday-02-03-2018_TrafficForML_CICFlowMeter_30s_state.csv,TEST,2018-03-02 02:23:00,1,1,1
Friday-02-03-2018_TrafficForML_CICFlowMeter_30s_state.csv,TEST,2018-03-02 02:23:30,1,1,1
Friday-02-03-2018_TrafficForML_CICFlowMeter_30s_state.csv,TEST,2018-03-02 02:24:00,1,1,1
Friday-02-03-2018_TrafficForML_CICFlowMeter_30s_state.csv,TEST,2018-03-02 02:24:30,1,1,1
Friday-02-03-2018_TrafficForML_CICFlowMeter_30s_state.csv,TEST,2018-03-02 02:25:00,1,1,1
Friday-02-03-2018_TrafficForML_CICFlowMeter_30s_state.csv,TEST,2018-03-02 02:25:30,1,1,1
Friday-02-03-2018_TrafficForML_CICFlowMeter_30s_state.csv,TEST,2018-03-02 02:26:00,1,1,1
Friday-02-03-2018_TrafficForML_CICFlowMeter_30s_state.csv,TEST,2018-03-02 02:26:30,1,1,1
Friday-02-03-2018_TrafficForML_CICFlowMeter_30s_state.csv,TEST,2018-03-02 02:27:00,1,1,1
Friday-02-03-2018_TrafficForML_CICFlowMeter_30s_state.csv,TEST,2018-03-02 02:27:30,1,1,1
Friday-02-03-2018_TrafficForML_CICFlowMeter_30s_state.csv,TEST,2018-03-02 02:28:00,1,1,1
Friday-02-03-2018_TrafficForML_CICFlowMeter_30s_state.csv,TEST,2018-03-02 02:28:30,1,1,1
Friday-02-03-2018_TrafficForML_CICFlowMeter_30s_state.csv,TEST,2018-03-02 02:29:00,1,1,1
Friday-02-03-2018_TrafficForML_CICFlowMeter_30s_state.csv,TEST,2018-03-02 02:29:30,1,1,1
Friday-02-03-2018_TrafficForML_CICFlowMeter_30s_state.csv,TEST,2018-03-02 02:30:00,1,1,1
Friday-02-03-2018_TrafficForML_CICFlowMeter_30s_state.csv,TEST,2018-03-02 02:30:30,1,1,1
Friday-02-03-2018_TrafficForML_CICFlowMeter_30s_state.csv,TEST,2018-03-02 02:31:00,1,1,1
Friday-02-03-2018_TrafficForML_CICFlowMeter_30s_state.csv,TEST,2018-03-02 02:31:30,1,1,1
Friday-02-03-2018_TrafficForML_CICFlowMeter_30s_state.csv,TEST,2018-03-02 02:32:00,1,1,1
Friday-02-03-2018_TrafficForML_CICFlowMeter_30s_state.csv,TEST,2018-03-02 02:32:30,1,1,1
Friday-02-03-2018_TrafficForML_CICFlowMeter_30s_state.csv,TEST,2018-03-02 02:33:00,1,1,1
Friday-02-03-2018_TrafficForML_CICFlowMeter_30s_state.csv,TEST,2018-03-02 02:33:30,1,1,1
Friday-02-03-2018_TrafficForML_CICFlowMeter_30s_state.csv,TEST,2018-03-02 02:34:00,1,1,1
Friday-02-03-2018_TrafficForML_CICFlowMeter_30s_state.csv,TEST,2018-03-02 02:34:30,1,1,1
Friday-02-03-2018_TrafficForML_CICFlowMeter_30s_state.csv,TEST,2018-03-02 02:35:00,1,1,1
Friday-02-03-2018_TrafficForML_CICFlowMeter_30s_state.csv,TEST,2018-03-02 02:35:30,1,1,1
Friday-02-03-2018_TrafficForML_CICFlowMeter_30s_state.csv,TEST,2018-03-02 02:36:00,1,1,1
Friday-02-03-2018_TrafficForML_CICFlowMeter_30s_state.csv,TEST,2018-03-02 02:36:30,1,1,1
Friday-02-03-2018_TrafficForML_CICFlowMeter_30s_state.csv,TEST,2018-03-02 02:37:00,1,1,1
Friday-02-03-2018_TrafficForML_CICFlowMeter_30s_state.csv,TEST,2018-03-02 02:37:30,1,1,1
Friday-02-03-2018_TrafficForML_CICFlowMeter_30s_state.csv,TEST,2018-03-02 02:38:00,1,1,1
Friday-02-03-2018_TrafficForML_CICFlowMeter_30s_state.csv,TEST,2018-03-02 02:38:30,1,1,1
Friday-02-03-2018_TrafficForML_CICFlowMeter_30s_state.csv,TEST,2018-03-02 02:39:00,1,1,1
Friday-02-03-2018_TrafficForML_CICFlowMeter_30s_state.csv,TEST,2018-03-02 02:39:30,1,1,1
Friday-02-03-2018_TrafficForML_CICFlowMeter_30s_state.csv,TEST,2018-03-02 02:40:00,1,1,1
Friday-02-03-2018_TrafficForML_CICFlowMeter_30s_state.csv,TEST,2018-03-02 02:40:30,1,1,1
Friday-02-03-2018_TrafficForML_CICFlowMeter_30s_state.csv,TEST,2018-03-02 02:41:00,1,1,1
Friday-02-03-2018_TrafficForML_CICFlowMeter_30s_state.csv,TEST,2018-03-02 02:41:30,1,1,1
Friday-02-03-2018_TrafficForML_CICFlowMeter_30s_state.csv,TEST,2018-03-02 02:42:00,1,1,1
Friday-02-03-2018_TrafficForML_CICFlowMeter_30s_state.csv,TEST,2018-03-02 02:42:30,1,1,1
Friday-02-03-2018_TrafficForML_CICFlowMeter_30s_state.csv,TEST,2018-03-02 02:43:00,1,1,1
Friday-02-03-2018_TrafficForML_CICFlowMeter_30s_state.csv,TEST,2018-03-02 02:43:30,1,1,1
Friday-02-03-2018_TrafficForML_CICFlowMeter_30s_state.csv,TEST,2018-03-02 02:44:00,1,1,1
Friday-02-03-2018_TrafficForML_CICFlowMeter_30s_state.csv,TEST,2018-03-02 02:44:30,1,1,1
Friday-02-03-2018_TrafficForML_CICFlowMeter_30s_state.csv,TEST,2018-03-02 02:45:00,1,1,1
Friday-02-03-2018_TrafficForML_CICFlowMeter_30s_state.csv,TEST,2018-03-02 02:45:30,1,1,1
Friday-02-03-2018_TrafficForML_CICFlowMeter_30s_state.csv,TEST,2018-03-02 02:46:00,1,1,1
Friday-02-03-2018_TrafficForML_CICFlowMeter_30s_state.csv,TEST,2018-03-02 02:46:30,1,1,1
Friday-02-03-2018_TrafficForML_CICFlowMeter_30s_state.csv,TEST,2018-03-02 02:47:00,1,1,1
Friday-02-03-2018_TrafficForML_CICFlowMeter_30s_state.csv,TEST,2018-03-02 02:47:30,1,1,1
Friday-02-03-2018_TrafficForML_CICFlowMeter_30s_state.csv,TEST,2018-03-02 02:48:00,1,1,1
Friday-02-03-2018_TrafficForML_CICFlowMeter_30s_state.csv,TEST,2018-03-02 02:48:30,1,1,1
Friday-02-03-2018_TrafficForML_CICFlowMeter_30s_state.csv,TEST,2018-03-02 02:49:00,1,1,1
Friday-02-03-2018_TrafficForML_CICFlowMeter_30s_state.csv,TEST,2018-03-02 02:49:30,1,1,1
Friday-02-03-2018_TrafficForML_CICFlowMeter_30s_state.csv,TEST,2018-03-02 02:50:00,1,1,1
Friday-02-03-2018_TrafficForML_CICFlowMeter_30s_state.csv,TEST,2018-03-02 02:50:30,1,1,1
Friday-02-03-2018_TrafficForML_CICFlowMeter_30s_state.csv,TEST,2018-03-02 02:51:00,1,1,1
Friday-02-03-2018_TrafficForML_CICFlowMeter_30s_state.csv,TEST,2018-03-02 02:51:30,1,1,1
Friday-02-03-2018_TrafficForML_CICFlowMeter_30s_state.csv,TEST,2018-03-02 02:52:00,1,1,1
Friday-02-03-2018_TrafficForML_CICFlowMeter_30s_state.csv,TEST,2018-03-02 02:52:30,1,1,1
Friday-02-03-2018_TrafficForML_CICFlowMeter_30s_state.csv,TEST,2018-03-02 02:53:00,1,1,1
Friday-02-03-2018_TrafficForML_CICFlowMeter_30s_state.csv,TEST,2018-03-02 02:53:30,1,1,1
Friday-02-03-2018_TrafficForML_CICFlowMeter_30s_state.csv,TEST,2018-03-02 02:54:00,1,1,1
Friday-02-03-2018_TrafficForML_CICFlowMeter_30s_state.csv,TEST,2018-03-02 02:54:30,1,1,1
Friday-02-03-2018_TrafficForML_CICFlowMeter_30s_state.csv,TEST,2018-03-02 02:55:00,1,1,1
Friday-02-03-2018_TrafficForML_CICFlowMeter_30s_state.csv,TEST,2018-03-02 02:55:30,1,1,1
Friday-02-03-2018_TrafficForML_CICFlowMeter_30s_state.csv,TEST,2018-03-02 02:56:00,1,1,1
Friday-02-03-2018_TrafficForML_CICFlowMeter_30s_state.csv,TEST,2018-03-02 02:56:30,1,1,1
Friday-02-03-2018_TrafficForML_CICFlowMeter_30s_state.csv,TEST,2018-03-02 02:57:00,1,1,1
Friday-02-03-2018_TrafficForML_CICFlowMeter_30s_state.csv,TEST,2018-03-02 02:57:30,1,1,1
Friday-02-03-2018_TrafficForML_CICFlowMeter_30s_state.csv,TEST,2018-03-02 02:58:00,1,1,1
Friday-02-03-2018_TrafficForML_CICFlowMeter_30s_state.csv,TEST,2018-03-02 02:58:30,1,1,1
Friday-02-03-2018_TrafficForML_CICFlowMeter_30s_state.csv,TEST,2018-03-02 02:59:00,1,1,1
Friday-02-03-2018_TrafficForML_CICFlowMeter_30s_state.csv,TEST,2018-03-02 02:59:30,1,1,1
Friday-02-03-2018_TrafficForML_CICFlowMeter_30s_state.csv,TEST,2018-03-02 03:00:00,1,1,1
Friday-02-03-2018_TrafficForML_CICFlowMeter_30s_state.csv,TEST,2018-03-02 03:00:30,1,1,1
Friday-02-03-2018_TrafficForML_CICFlowMeter_30s_state.csv,TEST,2018-03-02 03:01:00,1,1,1
Friday-02-03-2018_TrafficForML_CICFlowMeter_30s_state.csv,TEST,2018-03-02 03:01:30,1,1,1
Friday-02-03-2018_TrafficForML_CICFlowMeter_30s_state.csv,TEST,2018-03-02 03:02:00,1,1,1
Friday-02-03-2018_TrafficForML_CICFlowMeter_30s_state.csv,TEST,2018-03-02 03:02:30,1,1,1
Friday-02-03-2018_TrafficForML_CICFlowMeter_30s_state.csv,TEST,2018-03-02 03:03:00,1,1,1
Friday-02-03-2018_TrafficForML_CICFlowMeter_30s_state.csv,TEST,2018-03-02 03:03:30,1,1,1
Friday-02-03-2018_TrafficForML_CICFlowMeter_30s_state.csv,TEST,2018-03-02 03:04:00,1,1,1
Friday-02-03-2018_TrafficForML_CICFlowMeter_30s_state.csv,TEST,2018-03-02 03:04:30,1,1,1
Friday-02-03-2018_TrafficForML_CICFlowMeter_30s_state.csv,TEST,2018-03-02 03:05:00,1,1,1
Friday-02-03-2018_TrafficForML_CICFlowMeter_30s_state.csv,TEST,2018-03-02 03:05:30,1,1,1
Friday-02-03-2018_TrafficForML_CICFlowMeter_30s_state.csv,TEST,2018-03-02 03:06:00,1,1,1
Friday-02-03-2018_TrafficForML_CICFlowMeter_30s_state.csv,TEST,2018-03-02 03:06:30,1,1,1
Friday-02-03-2018_TrafficForML_CICFlowMeter_30s_state.csv,TEST,2018-03-02 03:07:00,1,1,1
Friday-02-03-2018_TrafficForML_CICFlowMeter_30s_state.csv,TEST,2018-03-02 03:07:30,1,1,1
Friday-02-03-2018_TrafficForML_CICFlowMeter_30s_state.csv,TEST,2018-03-02 03:08:00,1,1,1
Friday-02-03-2018_TrafficForML_CICFlowMeter_30s_state.csv,TEST,2018-03-02 03:08:30,1,1,1
Friday-02-03-2018_TrafficForML_CICFlowMeter_30s_state.csv,TEST,2018-03-02 03:09:00,1,1,1
Friday-02-03-2018_TrafficForML_CICFlowMeter_30s_state.csv,TEST,2018-03-02 03:09:30,1,1,1
Friday-02-03-2018_TrafficForML_CICFlowMeter_30s_state.csv,TEST,2018-03-02 03:10:00,1,1,1
Friday-02-03-2018_TrafficForML_CICFlowMeter_30s_state.csv,TEST,2018-03-02 03:10:30,1,1,1
Friday-02-03-2018_TrafficForML_CICFlowMeter_30s_state.csv,TEST,2018-03-02 03:11:00,1,1,1
Friday-02-03-2018_TrafficForML_CICFlowMeter_30s_state.csv,TEST,2018-03-02 03:11:30,1,1,1
Friday-02-03-2018_TrafficForML_CICFlowMeter_30s_state.csv,TEST,2018-03-02 03:12:00,1,1,1
Friday-02-03-2018_TrafficForML_CICFlowMeter_30s_state.csv,TEST,2018-03-02 03:12:30,1,1,1
Friday-02-03-2018_TrafficForML_CICFlowMeter_30s_state.csv,TEST,2018-03-02 03:13:00,1,1,1
Friday-02-03-2018_TrafficForML_CICFlowMeter_30s_state.csv,TEST,2018-03-02 03:13:30,1,1,1
Friday-02-03-2018_TrafficForML_CICFlowMeter_30s_state.csv,TEST,2018-03-02 03:14:00,1,1,1
Friday-02-03-2018_TrafficForML_CICFlowMeter_30s_state.csv,TEST,2018-03-02 03:14:30,1,1,1
Friday-02-03-2018_TrafficForML_CICFlowMeter_30s_state.csv,TEST,2018-03-02 03:15:00,1,1,1
Friday-02-03-2018_TrafficForML_CICFlowMeter_30s_state.csv,TEST,2018-03-02 03:15:30,1,1,1
Friday-02-03-2018_TrafficForML_CICFlowMeter_30s_state.csv,TEST,2018-03-02 03:16:00,1,1,1
Friday-02-03-2018_TrafficForML_CICFlowMeter_30s_state.csv,TEST,2018-03-02 03:16:30,1,1,1
Friday-02-03-2018_TrafficForML_CICFlowMeter_30s_state.csv,TEST,2018-03-02 03:17:00,1,1,1
Friday-02-03-2018_TrafficForML_CICFlowMeter_30s_state.csv,TEST,2018-03-02 03:17:30,1,1,1
Friday-02-03-2018_TrafficForML_CICFlowMeter_30s_state.csv,TEST,2018-03-02 03:18:00,1,1,1
Friday-02-03-2018_TrafficForML_CICFlowMeter_30s_state.csv,TEST,2018-03-02 03:18:30,1,1,1
Friday-02-03-2018_TrafficForML_CICFlowMeter_30s_state.csv,TEST,2018-03-02 03:19:00,1,1,1
Friday-02-03-2018_TrafficForML_CICFlowMeter_30s_state.csv,TEST,2018-03-02 03:19:30,1,1,1
Friday-02-03-2018_TrafficForML_CICFlowMeter_30s_state.csv,TEST,2018-03-02 03:20:00,1,1,1
Friday-02-03-2018_TrafficForML_CICFlowMeter_30s_state.csv,TEST,2018-03-02 03:20:30,1,1,1
Friday-02-03-2018_TrafficForML_CICFlowMeter_30s_state.csv,TEST,2018-03-02 03:21:00,1,1,1
Friday-02-03-2018_TrafficForML_CICFlowMeter_30s_state.csv,TEST,2018-03-02 03:21:30,1,1,1
Friday-02-03-2018_TrafficForML_CICFlowMeter_30s_state.csv,TEST,2018-03-02 03:22:00,1,1,1
Friday-02-03-2018_TrafficForML_CICFlowMeter_30s_state.csv,TEST,2018-03-02 03:22:30,1,1,1
Friday-02-03-2018_TrafficForML_CICFlowMeter_30s_state.csv,TEST,2018-03-02 03:23:00,1,1,1
Friday-02-03-2018_TrafficForML_CICFlowMeter_30s_state.csv,TEST,2018-03-02 03:23:30,1,1,1
Friday-02-03-2018_TrafficForML_CICFlowMeter_30s_state.csv,TEST,2018-03-02 03:24:00,1,1,1
Friday-02-03-2018_TrafficForML_CICFlowMeter_30s_state.csv,TEST,2018-03-02 03:24:30,1,1,1
Friday-02-03-2018_TrafficForML_CICFlowMeter_30s_state.csv,TEST,2018-03-02 03:25:00,1,1,1
Friday-02-03-2018_TrafficForML_CICFlowMeter_30s_state.csv,TEST,2018-03-02 03:25:30,1,1,1
Friday-02-03-2018_TrafficForML_CICFlowMeter_30s_state.csv,TEST,2018-03-02 03:26:00,1,1,1
Friday-02-03-2018_TrafficForML_CICFlowMeter_30s_state.csv,TEST,2018-03-02 03:26:30,1,1,1
Friday-02-03-2018_TrafficForML_CICFlowMeter_30s_state.csv,TEST,2018-03-02 03:27:00,1,1,1
Friday-02-03-2018_TrafficForML_CICFlowMeter_30s_state.csv,TEST,2018-03-02 03:27:30,1,1,1
Friday-02-03-2018_TrafficForML_CICFlowMeter_30s_state.csv,TEST,2018-03-02 03:28:00,1,1,1
Friday-02-03-2018_TrafficForML_CICFlowMeter_30s_state.csv,TEST,2018-03-02 03:28:30,1,1,1
Friday-02-03-2018_TrafficForML_CICFlowMeter_30s_state.csv,TEST,2018-03-02 03:29:00,1,1,1
Friday-02-03-2018_TrafficForML_CICFlowMeter_30s_state.csv,TEST,2018-03-02 03:29:30,1,1,1
Friday-02-03-2018_TrafficForML_CICFlowMeter_30s_state.csv,TEST,2018-03-02 03:30:00,1,1,1
Friday-02-03-2018_TrafficForML_CICFlowMeter_30s_state.csv,TEST,2018-03-02 03:30:30,1,1,1
Friday-02-03-2018_TrafficForML_CICFlowMeter_30s_state.csv,TEST,2018-03-02 03:31:00,1,1,1
Friday-02-03-2018_TrafficForML_CICFlowMeter_30s_state.csv,TEST,2018-03-02 03:31:30,1,1,1
Friday-02-03-2018_TrafficForML_CICFlowMeter_30s_state.csv,TEST,2018-03-02 03:32:00,1,1,1
Friday-02-03-2018_TrafficForML_CICFlowMeter_30s_state.csv,TEST,2018-03-02 03:32:30,1,1,1
Friday-02-03-2018_TrafficForML_CICFlowMeter_30s_state.csv,TEST,2018-03-02 03:33:00,1,1,1
Friday-02-03-2018_TrafficForML_CICFlowMeter_30s_state.csv,TEST,2018-03-02 03:33:30,1,1,1
Friday-02-03-2018_TrafficForML_CICFlowMeter_30s_state.csv,TEST,2018-03-02 03:34:00,1,1,1
Friday-02-03-2018_TrafficForML_CICFlowMeter_30s_state.csv,TEST,2018-03-02 03:34:30,1,1,1
Friday-02-03-2018_TrafficForML_CICFlowMeter_30s_state.csv,TEST,2018-03-02 03:35:00,1,1,1
Friday-02-03-2018_TrafficForML_CICFlowMeter_30s_state.csv,TEST,2018-03-02 03:35:30,1,1,1
Friday-02-03-2018_TrafficForML_CICFlowMeter_30s_state.csv,TEST,2018-03-02 03:36:00,1,1,1
Friday-02-03-2018_TrafficForML_CICFlowMeter_30s_state.csv,TEST,2018-03-02 03:36:30,1,1,1
Friday-02-03-2018_TrafficForML_CICFlowMeter_30s_state.csv,TEST,2018-03-02 03:37:00,1,1,1
Friday-02-03-2018_TrafficForML_CICFlowMeter_30s_state.csv,TEST,2018-03-02 03:37:30,1,1,1
Friday-02-03-2018_TrafficForML_CICFlowMeter_30s_state.csv,TEST,2018-03-02 03:38:00,1,1,1
Friday-02-03-2018_TrafficForML_CICFlowMeter_30s_state.csv,TEST,2018-03-02 03:38:30,1,1,1
Friday-02-03-2018_TrafficForML_CICFlowMeter_30s_state.csv,TEST,2018-03-02 03:39:00,1,1,1
Friday-02-03-2018_TrafficForML_CICFlowMeter_30s_state.csv,TEST,2018-03-02 03:39:30,1,1,1
Friday-02-03-2018_TrafficForML_CICFlowMeter_30s_state.csv,TEST,2018-03-02 03:40:00,1,1,1
Friday-02-03-2018_TrafficForML_CICFlowMeter_30s_state.csv,TEST,2018-03-02 03:40:30,1,1,1
Friday-02-03-2018_TrafficForML_CICFlowMeter_30s_state.csv,TEST,2018-03-02 03:41:00,1,1,1
Friday-02-03-2018_TrafficForML_CICFlowMeter_30s_state.csv,TEST,2018-03-02 03:41:30,1,1,1
Friday-02-03-2018_TrafficForML_CICFlowMeter_30s_state.csv,TEST,2018-03-02 03:42:00,1,1,1
Friday-02-03-2018_TrafficForML_CICFlowMeter_30s_state.csv,TEST,2018-03-02 03:42:30,1,1,1
Friday-02-03-2018_TrafficForML_CICFlowMeter_30s_state.csv,TEST,2018-03-02 03:43:00,1,1,1
Friday-02-03-2018_TrafficForML_CICFlowMeter_30s_state.csv,TEST,2018-03-02 03:43:30,1,1,1
Friday-02-03-2018_TrafficForML_CICFlowMeter_30s_state.csv,TEST,2018-03-02 03:44:00,1,1,1
Friday-02-03-2018_TrafficForML_CICFlowMeter_30s_state.csv,TEST,2018-03-02 03:44:30,1,1,1
Friday-02-03-2018_TrafficForML_CICFlowMeter_30s_state.csv,TEST,2018-03-02 03:45:00,1,1,1
Friday-02-03-2018_TrafficForML_CICFlowMeter_30s_state.csv,TEST,2018-03-02 03:45:30,1,1,1
Friday-02-03-2018_TrafficForML_CICFlowMeter_30s_state.csv,TEST,2018-03-02 03:46:00,1,1,1
Friday-02-03-2018_TrafficForML_CICFlowMeter_30s_state.csv,TEST,2018-03-02 03:46:30,1,1,1
Friday-02-03-2018_TrafficForML_CICFlowMeter_30s_state.csv,TEST,2018-03-02 03:47:00,1,1,1
Friday-02-03-2018_TrafficForML_CICFlowMeter_30s_state.csv,TEST,2018-03-02 03:47:30,1,1,1
Friday-02-03-2018_TrafficForML_CICFlowMeter_30s_state.csv,TEST,2018-03-02 03:48:00,1,1,1
Friday-02-03-2018_TrafficForML_CICFlowMeter_30s_state.csv,TEST,2018-03-02 03:48:30,1,1,1
Friday-02-03-2018_TrafficForML_CICFlowMeter_30s_state.csv,TEST,2018-03-02 03:49:00,1,1,1
Friday-02-03-2018_TrafficForML_CICFlowMeter_30s_state.csv,TEST,2018-03-02 03:49:30,1,1,1
Friday-02-03-2018_TrafficForML_CICFlowMeter_30s_state.csv,TEST,2018-03-02 03:50:00,1,1,1
Friday-02-03-2018_TrafficForML_CICFlowMeter_30s_state.csv,TEST,2018-03-02 03:50:30,1,1,1
Friday-02-03-2018_TrafficForML_CICFlowMeter_30s_state.csv,TEST,2018-03-02 03:51:00,1,1,1
Friday-02-03-2018_TrafficForML_CICFlowMeter_30s_state.csv,TEST,2018-03-02 03:51:30,1,1,1
Friday-02-03-2018_TrafficForML_CICFlowMeter_30s_state.csv,TEST,2018-03-02 03:52:00,1,1,1
Friday-02-03-2018_TrafficForML_CICFlowMeter_30s_state.csv,TEST,2018-03-02 03:52:30,1,1,1
Friday-02-03-2018_TrafficForML_CICFlowMeter_30s_state.csv,TEST,2018-03-02 03:53:00,1,1,1
Friday-02-03-2018_TrafficForML_CICFlowMeter_30s_state.csv,TEST,2018-03-02 03:53:30,1,1,1
Friday-02-03-2018_TrafficForML_CICFlowMeter_30s_state.csv,TEST,2018-03-02 03:54:00,1,1,1
Friday-02-03-2018_TrafficForML_CICFlowMeter_30s_state.csv,TEST,2018-03-02 03:54:30,1,1,1
Friday-02-03-2018_TrafficForML_CICFlowMeter_30s_state.csv,TEST,2018-03-02 03:55:00,1,0,1
Friday-02-03-2018_TrafficForML_CICFlowMeter_30s_state.csv,TEST,2018-03-02 03:55:30,0,0,0
Friday-02-03-2018_TrafficForML_CICFlowMeter_30s_state.csv,TEST,2018-03-02 03:56:00,0,0,0
Friday-02-03-2018_TrafficForML_CICFlowMeter_30s_state.csv,TEST,2018-03-02 03:56:30,0,0,0
Friday-02-03-2018_TrafficForML_CICFlowMeter_30s_state.csv,TEST,2018-03-02 03:57:00,0,0,0
Friday-02-03-2018_TrafficForML_CICFlowMeter_30s_state.csv,TEST,2018-03-02 03:57:30,0,0,0
Friday-02-03-2018_TrafficForML_CICFlowMeter_30s_state.csv,TEST,2018-03-02 03:58:00,0,0,0
Friday-02-03-2018_TrafficForML_CICFlowMeter_30s_state.csv,TEST,2018-03-02 03:58:30,0,0,0
Friday-02-03-2018_TrafficForML_CICFlowMeter_30s_state.csv,TEST,2018-03-02 03:59:00,0,0,0
Friday-02-03-2018_TrafficForML_CICFlowMeter_30s_state.csv,TEST,2018-03-02 03:59:30,0,0,0
Friday-02-03-2018_TrafficForML_CICFlowMeter_30s_state.csv,TEST,2018-03-02 04:00:00,0,0,0
Friday-02-03-2018_TrafficForML_CICFlowMeter_30s_state.csv,TEST,2018-03-02 04:00:30,0,0,0
Friday-02-03-2018_TrafficForML_CICFlowMeter_30s_state.csv,TEST,2018-03-02 04:01:00,0,0,0
Friday-02-03-2018_TrafficForML_CICFlowMeter_30s_state.csv,TEST,2018-03-02 04:01:30,0,0,0
Friday-02-03-2018_TrafficForML_CICFlowMeter_30s_state.csv,TEST,2018-03-02 04:02:00,0,0,0
Friday-02-03-2018_TrafficForML_CICFlowMeter_30s_state.csv,TEST,2018-03-02 04:02:30,0,0,0
Friday-02-03-2018_TrafficForML_CICFlowMeter_30s_state.csv,TEST,2018-03-02 04:03:00,0,0,0
Friday-02-03-2018_TrafficForML_CICFlowMeter_30s_state.csv,TEST,2018-03-02 04:03:30,0,0,0
Friday-02-03-2018_TrafficForML_CICFlowMeter_30s_state.csv,TEST,2018-03-02 04:04:00,0,0,0
Friday-02-03-2018_TrafficForML_CICFlowMeter_30s_state.csv,TEST,2018-03-02 04:04:30,0,0,0
Friday-02-03-2018_TrafficForML_CICFlowMeter_30s_state.csv,TEST,2018-03-02 04:05:00,0,0,0
Friday-02-03-2018_TrafficForML_CICFlowMeter_30s_state.csv,TEST,2018-03-02 04:05:30,0,0,0
Friday-02-03-2018_TrafficForML_CICFlowMeter_30s_state.csv,TEST,2018-03-02 04:06:00,0,0,0
Friday-02-03-2018_TrafficForML_CICFlowMeter_30s_state.csv,TEST,2018-03-02 04:06:30,0,0,0
Friday-02-03-2018_TrafficForML_CICFlowMeter_30s_state.csv,TEST,2018-03-02 04:07:00,0,0,0
Friday-02-03-2018_TrafficForML_CICFlowMeter_30s_state.csv,TEST,2018-03-02 04:07:30,0,0,0
Friday-02-03-2018_TrafficForML_CICFlowMeter_30s_state.csv,TEST,2018-03-02 04:08:00,0,0,0
Friday-02-03-2018_TrafficForML_CICFlowMeter_30s_state.csv,TEST,2018-03-02 04:08:30,0,0,0
Friday-02-03-2018_TrafficForML_CICFlowMeter_30s_state.csv,TEST,2018-03-02 04:09:00,0,0,0
Friday-02-03-2018_TrafficForML_CICFlowMeter_30s_state.csv,TEST,2018-03-02 04:09:30,0,0,0
Friday-02-03-2018_TrafficForML_CICFlowMeter_30s_state.csv,TEST,2018-03-02 04:10:00,0,0,0
Friday-02-03-2018_TrafficForML_CICFlowMeter_30s_state.csv,TEST,2018-03-02 04:10:30,0,0,0
Friday-02-03-2018_TrafficForML_CICFlowMeter_30s_state.csv,TEST,2018-03-02 04:11:00,0,0,0
Friday-02-03-2018_TrafficForML_CICFlowMeter_30s_state.csv,TEST,2018-03-02 04:11:30,0,0,0
Friday-02-03-2018_TrafficForML_CICFlowMeter_30s_state.csv,TEST,2018-03-02 04:12:00,0,0,0
Friday-02-03-2018_TrafficForML_CICFlowMeter_30s_state.csv,TEST,2018-03-02 04:12:30,0,0,0
Friday-02-03-2018_TrafficForML_CICFlowMeter_30s_state.csv,TEST,2018-03-02 04:13:00,0,0,0
Friday-02-03-2018_TrafficForML_CICFlowMeter_30s_state.csv,TEST,2018-03-02 04:13:30,0,0,0
Friday-02-03-2018_TrafficForML_CICFlowMeter_30s_state.csv,TEST,2018-03-02 04:14:00,0,0,0
Friday-02-03-2018_TrafficForML_CICFlowMeter_30s_state.csv,TEST,2018-03-02 04:14:30,0,0,0
Friday-02-03-2018_TrafficForML_CICFlowMeter_30s_state.csv,TEST,2018-03-02 04:15:00,0,0,0
Friday-02-03-2018_TrafficForML_CICFlowMeter_30s_state.csv,TEST,2018-03-02 04:15:30,0,0,0
Friday-02-03-2018_TrafficForML_CICFlowMeter_30s_state.csv,TEST,2018-03-02 04:16:00,0,0,0
Friday-02-03-2018_TrafficForML_CICFlowMeter_30s_state.csv,TEST,2018-03-02 04:16:30,0,0,0
Friday-02-03-2018_TrafficForML_CICFlowMeter_30s_state.csv,TEST,2018-03-02 04:17:00,0,0,0
Friday-02-03-2018_TrafficForML_CICFlowMeter_30s_state.csv,TEST,2018-03-02 04:17:30,0,0,0
Friday-02-03-2018_TrafficForML_CICFlowMeter_30s_state.csv,TEST,2018-03-02 04:18:00,0,0,0
Friday-02-03-2018_TrafficForML_CICFlowMeter_30s_state.csv,TEST,2018-03-02 04:18:30,0,0,0
Friday-02-03-2018_TrafficForML_CICFlowMeter_30s_state.csv,TEST,2018-03-02 04:19:00,0,0,0
Friday-02-03-2018_TrafficForML_CICFlowMeter_30s_state.csv,TEST,2018-03-02 04:19:30,0,0,0
Friday-02-03-2018_TrafficForML_CICFlowMeter_30s_state.csv,TEST,2018-03-02 04:20:00,0,0,0
Friday-02-03-2018_TrafficForML_CICFlowMeter_30s_state.csv,TEST,2018-03-02 04:20:30,0,0,0
Friday-02-03-2018_TrafficForML_CICFlowMeter_30s_state.csv,TEST,2018-03-02 04:21:00,0,0,0
Friday-02-03-2018_TrafficForML_CICFlowMeter_30s_state.csv,TEST,2018-03-02 04:21:30,0,0,0
Friday-02-03-2018_TrafficForML_CICFlowMeter_30s_state.csv,TEST,2018-03-02 04:22:00,0,0,0
Friday-02-03-2018_TrafficForML_CICFlowMeter_30s_state.csv,TEST,2018-03-02 04:22:30,0,0,0
Friday-02-03-2018_TrafficForML_CICFlowMeter_30s_state.csv,TEST,2018-03-02 04:23:00,0,0,0
Friday-02-03-2018_TrafficForML_CICFlowMeter_30s_state.csv,TEST,2018-03-02 04:23:30,0,0,0
Friday-02-03-2018_TrafficForML_CICFlowMeter_30s_state.csv,TEST,2018-03-02 04:24:00,0,0,0
Friday-02-03-2018_TrafficForML_CICFlowMeter_30s_state.csv,TEST,2018-03-02 04:24:30,0,0,0
Friday-02-03-2018_TrafficForML_CICFlowMeter_30s_state.csv,TEST,2018-03-02 04:25:00,0,0,0
Friday-02-03-2018_TrafficForML_CICFlowMeter_30s_state.csv,TEST,2018-03-02 04:25:30,0,0,0
Friday-02-03-2018_TrafficForML_CICFlowMeter_30s_state.csv,TEST,2018-03-02 04:26:00,0,0,0
Friday-02-03-2018_TrafficForML_CICFlowMeter_30s_state.csv,TEST,2018-03-02 04:26:30,0,0,0
Friday-02-03-2018_TrafficForML_CICFlowMeter_30s_state.csv,TEST,2018-03-02 04:27:00,0,0,0
Friday-02-03-2018_TrafficForML_CICFlowMeter_30s_state.csv,TEST,2018-03-02 04:27:30,0,0,0
Friday-02-03-2018_TrafficForML_CICFlowMeter_30s_state.csv,TEST,2018-03-02 04:28:00,0,0,0
Friday-02-03-2018_TrafficForML_CICFlowMeter_30s_state.csv,TEST,2018-03-02 04:28:30,0,0,0
Friday-02-03-2018_TrafficForML_CICFlowMeter_30s_state.csv,TEST,2018-03-02 04:29:00,0,0,0
Friday-02-03-2018_TrafficForML_CICFlowMeter_30s_state.csv,TEST,2018-03-02 04:29:30,0,0,0
Friday-02-03-2018_TrafficForML_CICFlowMeter_30s_state.csv,TEST,2018-03-02 04:30:00,0,0,0
Friday-02-03-2018_TrafficForML_CICFlowMeter_30s_state.csv,TEST,2018-03-02 04:30:30,0,0,0
Friday-02-03-2018_TrafficForML_CICFlowMeter_30s_state.csv,TEST,2018-03-02 04:31:00,0,0,0
Friday-02-03-2018_TrafficForML_CICFlowMeter_30s_state.csv,TEST,2018-03-02 04:31:30,0,0,0
Friday-02-03-2018_TrafficForML_CICFlowMeter_30s_state.csv,TEST,2018-03-02 04:32:00,0,0,0
Friday-02-03-2018_TrafficForML_CICFlowMeter_30s_state.csv,TEST,2018-03-02 04:32:30,0,0,0
Friday-02-03-2018_TrafficForML_CICFlowMeter_30s_state.csv,TEST,2018-03-02 04:33:00,0,0,0
Friday-02-03-2018_TrafficForML_CICFlowMeter_30s_state.csv,TEST,2018-03-02 04:33:30,0,0,0
Friday-02-03-2018_TrafficForML_CICFlowMeter_30s_state.csv,TEST,2018-03-02 04:34:00,0,0,0
Friday-02-03-2018_TrafficForML_CICFlowMeter_30s_state.csv,TEST,2018-03-02 04:34:30,0,0,0
Friday-02-03-2018_TrafficForML_CICFlowMeter_30s_state.csv,TEST,2018-03-02 04:35:00,0,0,0
Friday-02-03-2018_TrafficForML_CICFlowMeter_30s_state.csv,TEST,2018-03-02 04:35:30,0,0,0
Friday-02-03-2018_TrafficForML_CICFlowMeter_30s_state.csv,TEST,2018-03-02 04:36:00,0,0,0
Friday-02-03-2018_TrafficForML_CICFlowMeter_30s_state.csv,TEST,2018-03-02 04:36:30,0,0,0
Friday-02-03-2018_TrafficForML_CICFlowMeter_30s_state.csv,TEST,2018-03-02 04:37:00,0,0,0
Friday-02-03-2018_TrafficForML_CICFlowMeter_30s_state.csv,TEST,2018-03-02 04:37:30,0,0,0
Friday-02-03-2018_TrafficForML_CICFlowMeter_30s_state.csv,TEST,2018-03-02 04:38:00,0,0,0
Friday-02-03-2018_TrafficForML_CICFlowMeter_30s_state.csv,TEST,2018-03-02 04:38:30,0,0,0
Friday-02-03-2018_TrafficForML_CICFlowMeter_30s_state.csv,TEST,2018-03-02 04:39:00,0,0,0
Friday-02-03-2018_TrafficForML_CICFlowMeter_30s_state.csv,TEST,2018-03-02 04:39:30,0,0,0
Friday-02-03-2018_TrafficForML_CICFlowMeter_30s_state.csv,TEST,2018-03-02 04:40:00,0,0,0
Friday-02-03-2018_TrafficForML_CICFlowMeter_30s_state.csv,TEST,2018-03-02 04:40:30,0,0,0
Friday-02-03-2018_TrafficForML_CICFlowMeter_30s_state.csv,TEST,2018-03-02 04:41:00,0,0,0
Friday-02-03-2018_TrafficForML_CICFlowMeter_30s_state.csv,TEST,2018-03-02 04:41:30,0,0,0
Friday-02-03-2018_TrafficForML_CICFlowMeter_30s_state.csv,TEST,2018-03-02 04:42:00,0,0,0
Friday-02-03-2018_TrafficForML_CICFlowMeter_30s_state.csv,TEST,2018-03-02 04:42:30,0,0,0
Friday-02-03-2018_TrafficForML_CICFlowMeter_30s_state.csv,TEST,2018-03-02 04:43:00,0,0,0
Friday-02-03-2018_TrafficForML_CICFlowMeter_30s_state.csv,TEST,2018-03-02 04:43:30,0,0,0
Friday-02-03-2018_TrafficForML_CICFlowMeter_30s_state.csv,TEST,2018-03-02 04:44:00,0,0,0
Friday-02-03-2018_TrafficForML_CICFlowMeter_30s_state.csv,TEST,2018-03-02 04:44:30,0,0,0
Friday-02-03-2018_TrafficForML_CICFlowMeter_30s_state.csv,TEST,2018-03-02 04:45:00,0,0,0
Friday-02-03-2018_TrafficForML_CICFlowMeter_30s_state.csv,TEST,2018-03-02 04:45:30,0,0,0
Friday-02-03-2018_TrafficForML_CICFlowMeter_30s_state.csv,TEST,2018-03-02 04:46:00,0,0,0
Friday-02-03-2018_TrafficForML_CICFlowMeter_30s_state.csv,TEST,2018-03-02 04:46:30,0,0,0
Friday-02-03-2018_TrafficForML_CICFlowMeter_30s_state.csv,TEST,2018-03-02 04:47:00,0,0,0
Friday-02-03-2018_TrafficForML_CICFlowMeter_30s_state.csv,TEST,2018-03-02 04:47:30,0,0,0
Friday-02-03-2018_TrafficForML_CICFlowMeter_30s_state.csv,TEST,2018-03-02 04:48:00,0,0,0
Friday-02-03-2018_TrafficForML_CICFlowMeter_30s_state.csv,TEST,2018-03-02 04:48:30,0,0,0
Friday-02-03-2018_TrafficForML_CICFlowMeter_30s_state.csv,TEST,2018-03-02 04:49:00,0,0,0
Friday-02-03-2018_TrafficForML_CICFlowMeter_30s_state.csv,TEST,2018-03-02 04:49:30,0,0,0
Friday-02-03-2018_TrafficForML_CICFlowMeter_30s_state.csv,TEST,2018-03-02 04:50:00,0,0,0
Friday-02-03-2018_TrafficForML_CICFlowMeter_30s_state.csv,TEST,2018-03-02 04:50:30,0,0,0
Friday-02-03-2018_TrafficForML_CICFlowMeter_30s_state.csv,TEST,2018-03-02 04:51:00,0,0,0
Friday-02-03-2018_TrafficForML_CICFlowMeter_30s_state.csv,TEST,2018-03-02 04:51:30,0,0,0
Friday-02-03-2018_TrafficForML_CICFlowMeter_30s_state.csv,TEST,2018-03-02 04:52:00,0,0,0
Friday-02-03-2018_TrafficForML_CICFlowMeter_30s_state.csv,TEST,2018-03-02 04:52:30,0,0,0
Friday-02-03-2018_TrafficForML_CICFlowMeter_30s_state.csv,TEST,2018-03-02 04:53:00,0,0,0
Friday-02-03-2018_TrafficForML_CICFlowMeter_30s_state.csv,TEST,2018-03-02 04:53:30,0,0,0
Friday-02-03-2018_TrafficForML_CICFlowMeter_30s_state.csv,TEST,2018-03-02 04:54:00,0,0,0
Friday-02-03-2018_TrafficForML_CICFlowMeter_30s_state.csv,TEST,2018-03-02 04:54:30,0,0,0
Friday-02-03-2018_TrafficForML_CICFlowMeter_30s_state.csv,TEST,2018-03-02 04:55:00,0,0,0
Friday-02-03-2018_TrafficForML_CICFlowMeter_30s_state.csv,TEST,2018-03-02 04:55:30,0,0,0
Friday-02-03-2018_TrafficForML_CICFlowMeter_30s_state.csv,TEST,2018-03-02 04:56:00,0,0,0
Friday-02-03-2018_TrafficForML_CICFlowMeter_30s_state.csv,TEST,2018-03-02 04:56:30,0,0,0
Friday-02-03-2018_TrafficForML_CICFlowMeter_30s_state.csv,TEST,2018-03-02 04:57:00,0,0,0
Friday-02-03-2018_TrafficForML_CICFlowMeter_30s_state.csv,TEST,2018-03-02 04:57:30,0,0,0
Friday-02-03-2018_TrafficForML_CICFlowMeter_30s_state.csv,TEST,2018-03-02 04:58:00,0,0,0
Friday-02-03-2018_TrafficForML_CICFlowMeter_30s_state.csv,TEST,2018-03-02 04:58:30,0,0,0
Friday-02-03-2018_TrafficForML_CICFlowMeter_30s_state.csv,TEST,2018-03-02 04:59:00,0,0,0
Friday-02-03-2018_TrafficForML_CICFlowMeter_30s_state.csv,TEST,2018-03-02 04:59:30,0,0,0
Friday-02-03-2018_TrafficForML_CICFlowMeter_30s_state.csv,TEST,2018-03-02 05:00:00,0,0,0
Friday-02-03-2018_TrafficForML_CICFlowMeter_30s_state.csv,TEST,2018-03-02 05:00:30,0,0,0
Friday-02-03-2018_TrafficForML_CICFlowMeter_30s_state.csv,TEST,2018-03-02 05:01:00,0,0,0
Friday-02-03-2018_TrafficForML_CICFlowMeter_30s_state.csv,TEST,2018-03-02 05:01:30,0,0,0
Friday-02-03-2018_TrafficForML_CICFlowMeter_30s_state.csv,TEST,2018-03-02 05:02:00,0,0,0
Friday-02-03-2018_TrafficForML_CICFlowMeter_30s_state.csv,TEST,2018-03-02 05:02:30,0,0,0
Friday-02-03-2018_TrafficForML_CICFlowMeter_30s_state.csv,TEST,2018-03-02 05:03:00,0,0,0
Friday-02-03-2018_TrafficForML_CICFlowMeter_30s_state.csv,TEST,2018-03-02 05:03:30,0,0,0
Friday-02-03-2018_TrafficForML_CICFlowMeter_30s_state.csv,TEST,2018-03-02 05:04:00,0,0,0
Friday-02-03-2018_TrafficForML_CICFlowMeter_30s_state.csv,TEST,2018-03-02 05:04:30,0,0,0
Friday-02-03-2018_TrafficForML_CICFlowMeter_30s_state.csv,TEST,2018-03-02 05:05:00,0,0,0
Friday-02-03-2018_TrafficForML_CICFlowMeter_30s_state.csv,TEST,2018-03-02 05:05:30,0,0,0
Friday-02-03-2018_TrafficForML_CICFlowMeter_30s_state.csv,TEST,2018-03-02 05:06:00,0,0,0
Friday-02-03-2018_TrafficForML_CICFlowMeter_30s_state.csv,TEST,2018-03-02 05:06:30,0,0,0
Friday-02-03-2018_TrafficForML_CICFlowMeter_30s_state.csv,TEST,2018-03-02 05:07:00,0,0,0
Friday-02-03-2018_TrafficForML_CICFlowMeter_30s_state.csv,TEST,2018-03-02 05:07:30,0,0,0
Friday-02-03-2018_TrafficForML_CICFlowMeter_30s_state.csv,TEST,2018-03-02 05:08:00,0,0,0
Friday-02-03-2018_TrafficForML_CICFlowMeter_30s_state.csv,TEST,2018-03-02 05:08:30,0,0,0
Friday-02-03-2018_TrafficForML_CICFlowMeter_30s_state.csv,TEST,2018-03-02 05:09:00,0,0,0
Friday-02-03-2018_TrafficForML_CICFlowMeter_30s_state.csv,TEST,2018-03-02 05:09:30,0,0,0
Friday-02-03-2018_TrafficForML_CICFlowMeter_30s_state.csv,TEST,2018-03-02 05:10:00,0,0,0
Friday-02-03-2018_TrafficForML_CICFlowMeter_30s_state.csv,TEST,2018-03-02 05:10:30,0,0,0
Friday-02-03-2018_TrafficForML_CICFlowMeter_30s_state.csv,TEST,2018-03-02 05:11:00,0,0,0
Friday-02-03-2018_TrafficForML_CICFlowMeter_30s_state.csv,TEST,2018-03-02 05:11:30,0,0,0
Friday-02-03-2018_TrafficForML_CICFlowMeter_30s_state.csv,TEST,2018-03-02 05:12:00,0,0,0
Friday-02-03-2018_TrafficForML_CICFlowMeter_30s_state.csv,TEST,2018-03-02 05:12:30,0,0,0
Friday-02-03-2018_TrafficForML_CICFlowMeter_30s_state.csv,TEST,2018-03-02 05:13:00,0,0,0
Friday-02-03-2018_TrafficForML_CICFlowMeter_30s_state.csv,TEST,2018-03-02 05:13:30,0,0,0
Friday-02-03-2018_TrafficForML_CICFlowMeter_30s_state.csv,TEST,2018-03-02 05:14:00,0,0,0
Friday-02-03-2018_TrafficForML_CICFlowMeter_30s_state.csv,TEST,2018-03-02 05:14:30,0,0,0
Friday-02-03-2018_TrafficForML_CICFlowMeter_30s_state.csv,TEST,2018-03-02 05:15:00,0,0,0
Friday-02-03-2018_TrafficForML_CICFlowMeter_30s_state.csv,TEST,2018-03-02 05:15:30,0,0,0
Friday-02-03-2018_TrafficForML_CICFlowMeter_30s_state.csv,TEST,2018-03-02 05:16:00,0,0,0
Friday-02-03-2018_TrafficForML_CICFlowMeter_30s_state.csv,TEST,2018-03-02 05:16:30,0,0,0
Friday-02-03-2018_TrafficForML_CICFlowMeter_30s_state.csv,TEST,2018-03-02 05:17:00,0,0,0
Friday-02-03-2018_TrafficForML_CICFlowMeter_30s_state.csv,TEST,2018-03-02 05:17:30,0,0,0
Friday-02-03-2018_TrafficForML_CICFlowMeter_30s_state.csv,TEST,2018-03-02 05:18:00,0,0,0
Friday-02-03-2018_TrafficForML_CICFlowMeter_30s_state.csv,TEST,2018-03-02 05:18:30,0,0,0
Friday-02-03-2018_TrafficForML_CICFlowMeter_30s_state.csv,TEST,2018-03-02 05:19:00,0,0,0
Friday-02-03-2018_TrafficForML_CICFlowMeter_30s_state.csv,TEST,2018-03-02 05:19:30,0,0,0
Friday-02-03-2018_TrafficForML_CICFlowMeter_30s_state.csv,TEST,2018-03-02 05:20:00,0,0,0
Friday-02-03-2018_TrafficForML_CICFlowMeter_30s_state.csv,TEST,2018-03-02 05:20:30,0,0,0
Friday-02-03-2018_TrafficForML_CICFlowMeter_30s_state.csv,TEST,2018-03-02 05:21:00,0,0,0
Friday-02-03-2018_TrafficForML_CICFlowMeter_30s_state.csv,TEST,2018-03-02 05:21:30,0,0,0
Friday-02-03-2018_TrafficForML_CICFlowMeter_30s_state.csv,TEST,2018-03-02 05:22:00,0,0,0
Friday-02-03-2018_TrafficForML_CICFlowMeter_30s_state.csv,TEST,2018-03-02 05:22:30,0,0,0
Friday-02-03-2018_TrafficForML_CICFlowMeter_30s_state.csv,TEST,2018-03-02 05:23:00,0,0,0
Friday-02-03-2018_TrafficForML_CICFlowMeter_30s_state.csv,TEST,2018-03-02 05:23:30,0,0,0
Friday-02-03-2018_TrafficForML_CICFlowMeter_30s_state.csv,TEST,2018-03-02 05:24:00,0,0,0
Friday-02-03-2018_TrafficForML_CICFlowMeter_30s_state.csv,TEST,2018-03-02 05:24:30,0,0,0
Friday-02-03-2018_TrafficForML_CICFlowMeter_30s_state.csv,TEST,2018-03-02 05:25:00,0,0,0
Friday-02-03-2018_TrafficForML_CICFlowMeter_30s_state.csv,TEST,2018-03-02 05:25:30,0,0,0
Friday-02-03-2018_TrafficForML_CICFlowMeter_30s_state.csv,TEST,2018-03-02 05:26:00,0,0,0
Friday-02-03-2018_TrafficForML_CICFlowMeter_30s_state.csv,TEST,2018-03-02 05:26:30,0,0,0
Friday-02-03-2018_TrafficForML_CICFlowMeter_30s_state.csv,TEST,2018-03-02 05:27:00,0,0,0
Friday-02-03-2018_TrafficForML_CICFlowMeter_30s_state.csv,TEST,2018-03-02 05:27:30,0,0,0
Friday-02-03-2018_TrafficForML_CICFlowMeter_30s_state.csv,TEST,2018-03-02 05:28:00,0,0,0
Friday-02-03-2018_TrafficForML_CICFlowMeter_30s_state.csv,TEST,2018-03-02 05:28:30,0,0,0
Friday-02-03-2018_TrafficForML_CICFlowMeter_30s_state.csv,TEST,2018-03-02 05:29:00,0,0,0
Friday-02-03-2018_TrafficForML_CICFlowMeter_30s_state.csv,TEST,2018-03-02 05:29:30,0,0,0
Friday-02-03-2018_TrafficForML_CICFlowMeter_30s_state.csv,TEST,2018-03-02 05:30:00,0,0,0
Friday-02-03-2018_TrafficForML_CICFlowMeter_30s_state.csv,TEST,2018-03-02 08:51:30,0,0,0
Friday-02-03-2018_TrafficForML_CICFlowMeter_30s_state.csv,TEST,2018-03-02 08:52:00,0,0,0
Friday-02-03-2018_TrafficForML_CICFlowMeter_30s_state.csv,TEST,2018-03-02 08:52:30,0,0,0
Friday-02-03-2018_TrafficForML_CICFlowMeter_30s_state.csv,TEST,2018-03-02 08:53:00,0,0,0
Friday-02-03-2018_TrafficForML_CICFlowMeter_30s_state.csv,TEST,2018-03-02 08:53:30,0,0,0
Friday-02-03-2018_TrafficForML_CICFlowMeter_30s_state.csv,TEST,2018-03-02 08:54:00,0,0,0
Friday-02-03-2018_TrafficForML_CICFlowMeter_30s_state.csv,TEST,2018-03-02 08:54:30,0,0,0
Friday-02-03-2018_TrafficForML_CICFlowMeter_30s_state.csv,TEST,2018-03-02 08:55:00,0,0,0
Friday-02-03-2018_TrafficForML_CICFlowMeter_30s_state.csv,TEST,2018-03-02 08:55:30,0,0,0
Friday-02-03-2018_TrafficForML_CICFlowMeter_30s_state.csv,TEST,2018-03-02 08:56:00,0,0,0
Friday-02-03-2018_TrafficForML_CICFlowMeter_30s_state.csv,TEST,2018-03-02 08:56:30,0,0,0
Friday-02-03-2018_TrafficForML_CICFlowMeter_30s_state.csv,TEST,2018-03-02 08:57:00,0,0,0
Friday-02-03-2018_TrafficForML_CICFlowMeter_30s_state.csv,TEST,2018-03-02 08:57:30,0,0,0
Friday-02-03-2018_TrafficForML_CICFlowMeter_30s_state.csv,TEST,2018-03-02 08:58:00,0,0,0
Friday-02-03-2018_TrafficForML_CICFlowMeter_30s_state.csv,TEST,2018-03-02 08:58:30,0,0,0
Friday-02-03-2018_TrafficForML_CICFlowMeter_30s_state.csv,TEST,2018-03-02 08:59:00,0,0,0
Friday-02-03-2018_TrafficForML_CICFlowMeter_30s_state.csv,TEST,2018-03-02 08:59:30,0,0,0
Friday-02-03-2018_TrafficForML_CICFlowMeter_30s_state.csv,TEST,2018-03-02 09:00:00,0,0,0
Friday-02-03-2018_TrafficForML_CICFlowMeter_30s_state.csv,TEST,2018-03-02 09:00:30,0,0,0
Friday-02-03-2018_TrafficForML_CICFlowMeter_30s_state.csv,TEST,2018-03-02 09:01:00,0,0,0
Friday-02-03-2018_TrafficForML_CICFlowMeter_30s_state.csv,TEST,2018-03-02 09:01:30,0,0,0
Friday-02-03-2018_TrafficForML_CICFlowMeter_30s_state.csv,TEST,2018-03-02 09:02:00,0,0,0
Friday-02-03-2018_TrafficForML_CICFlowMeter_30s_state.csv,TEST,2018-03-02 09:02:30,0,0,0
Friday-02-03-2018_TrafficForML_CICFlowMeter_30s_state.csv,TEST,2018-03-02 09:03:00,0,0,0
Friday-02-03-2018_TrafficForML_CICFlowMeter_30s_state.csv,TEST,2018-03-02 09:03:30,0,0,0
Friday-02-03-2018_TrafficForML_CICFlowMeter_30s_state.csv,TEST,2018-03-02 09:04:00,0,0,0
Friday-02-03-2018_TrafficForML_CICFlowMeter_30s_state.csv,TEST,2018-03-02 09:04:30,0,0,0
Friday-02-03-2018_TrafficForML_CICFlowMeter_30s_state.csv,TEST,2018-03-02 09:05:00,0,0,0
Friday-02-03-2018_TrafficForML_CICFlowMeter_30s_state.csv,TEST,2018-03-02 09:05:30,0,0,0
Friday-02-03-2018_TrafficForML_CICFlowMeter_30s_state.csv,TEST,2018-03-02 09:06:00,0,0,0
Friday-02-03-2018_TrafficForML_CICFlowMeter_30s_state.csv,TEST,2018-03-02 09:06:30,0,0,0
Friday-02-03-2018_TrafficForML_CICFlowMeter_30s_state.csv,TEST,2018-03-02 09:07:00,0,0,0
Friday-02-03-2018_TrafficForML_CICFlowMeter_30s_state.csv,TEST,2018-03-02 09:07:30,0,0,0
Friday-02-03-2018_TrafficForML_CICFlowMeter_30s_state.csv,TEST,2018-03-02 09:08:00,0,0,0
Friday-02-03-2018_TrafficForML_CICFlowMeter_30s_state.csv,TEST,2018-03-02 09:08:30,0,0,0
Friday-02-03-2018_TrafficForML_CICFlowMeter_30s_state.csv,TEST,2018-03-02 09:09:00,0,0,0
Friday-02-03-2018_TrafficForML_CICFlowMeter_30s_state.csv,TEST,2018-03-02 09:09:30,0,0,0
Friday-02-03-2018_TrafficForML_CICFlowMeter_30s_state.csv,TEST,2018-03-02 09:10:00,0,0,0
Friday-02-03-2018_TrafficForML_CICFlowMeter_30s_state.csv,TEST,2018-03-02 09:10:30,0,0,0
Friday-02-03-2018_TrafficForML_CICFlowMeter_30s_state.csv,TEST,2018-03-02 09:11:00,0,0,0
Friday-02-03-2018_TrafficForML_CICFlowMeter_30s_state.csv,TEST,2018-03-02 09:11:30,0,0,0
Friday-02-03-2018_TrafficForML_CICFlowMeter_30s_state.csv,TEST,2018-03-02 09:12:00,0,0,0
Friday-02-03-2018_TrafficForML_CICFlowMeter_30s_state.csv,TEST,2018-03-02 09:12:30,0,0,0
Friday-02-03-2018_TrafficForML_CICFlowMeter_30s_state.csv,TEST,2018-03-02 09:13:00,0,0,0
Friday-02-03-2018_TrafficForML_CICFlowMeter_30s_state.csv,TEST,2018-03-02 09:13:30,0,0,0
Friday-02-03-2018_TrafficForML_CICFlowMeter_30s_state.csv,TEST,2018-03-02 09:14:00,0,0,0
Friday-02-03-2018_TrafficForML_CICFlowMeter_30s_state.csv,TEST,2018-03-02 09:14:30,0,0,0
Friday-02-03-2018_TrafficForML_CICFlowMeter_30s_state.csv,TEST,2018-03-02 09:15:00,0,0,0
Friday-02-03-2018_TrafficForML_CICFlowMeter_30s_state.csv,TEST,2018-03-02 09:15:30,0,0,0
Friday-02-03-2018_TrafficForML_CICFlowMeter_30s_state.csv,TEST,2018-03-02 09:16:00,0,0,0
Friday-02-03-2018_TrafficForML_CICFlowMeter_30s_state.csv,TEST,2018-03-02 09:16:30,0,0,0
Friday-02-03-2018_TrafficForML_CICFlowMeter_30s_state.csv,TEST,2018-03-02 09:17:00,0,0,0
Friday-02-03-2018_TrafficForML_CICFlowMeter_30s_state.csv,TEST,2018-03-02 09:17:30,0,0,0
Friday-02-03-2018_TrafficForML_CICFlowMeter_30s_state.csv,TEST,2018-03-02 09:18:00,0,0,0
Friday-02-03-2018_TrafficForML_CICFlowMeter_30s_state.csv,TEST,2018-03-02 09:18:30,0,0,0
Friday-02-03-2018_TrafficForML_CICFlowMeter_30s_state.csv,TEST,2018-03-02 09:19:00,0,0,0
Friday-02-03-2018_TrafficForML_CICFlowMeter_30s_state.csv,TEST,2018-03-02 09:19:30,0,0,0
Friday-02-03-2018_TrafficForML_CICFlowMeter_30s_state.csv,TEST,2018-03-02 09:20:00,0,0,0
Friday-02-03-2018_TrafficForML_CICFlowMeter_30s_state.csv,TEST,2018-03-02 09:20:30,0,0,0
Friday-02-03-2018_TrafficForML_CICFlowMeter_30s_state.csv,TEST,2018-03-02 09:21:00,0,0,0
Friday-02-03-2018_TrafficForML_CICFlowMeter_30s_state.csv,TEST,2018-03-02 09:21:30,0,0,0
Friday-02-03-2018_TrafficForML_CICFlowMeter_30s_state.csv,TEST,2018-03-02 09:22:00,0,0,0
Friday-02-03-2018_TrafficForML_CICFlowMeter_30s_state.csv,TEST,2018-03-02 09:22:30,0,0,0
Friday-02-03-2018_TrafficForML_CICFlowMeter_30s_state.csv,TEST,2018-03-02 09:23:00,0,0,0
Friday-02-03-2018_TrafficForML_CICFlowMeter_30s_state.csv,TEST,2018-03-02 09:23:30,0,0,0
Friday-02-03-2018_TrafficForML_CICFlowMeter_30s_state.csv,TEST,2018-03-02 09:24:00,0,0,0
Friday-02-03-2018_TrafficForML_CICFlowMeter_30s_state.csv,TEST,2018-03-02 09:24:30,0,0,0
Friday-02-03-2018_TrafficForML_CICFlowMeter_30s_state.csv,TEST,2018-03-02 09:25:00,0,0,0
Friday-02-03-2018_TrafficForML_CICFlowMeter_30s_state.csv,TEST,2018-03-02 09:25:30,0,0,0
Friday-02-03-2018_TrafficForML_CICFlowMeter_30s_state.csv,TEST,2018-03-02 09:26:00,0,0,0
Friday-02-03-2018_TrafficForML_CICFlowMeter_30s_state.csv,TEST,2018-03-02 09:26:30,0,0,0
Friday-02-03-2018_TrafficForML_CICFlowMeter_30s_state.csv,TEST,2018-03-02 09:27:00,0,0,0
Friday-02-03-2018_TrafficForML_CICFlowMeter_30s_state.csv,TEST,2018-03-02 09:27:30,0,0,0
Friday-02-03-2018_TrafficForML_CICFlowMeter_30s_state.csv,TEST,2018-03-02 09:28:00,0,0,0
Friday-02-03-2018_TrafficForML_CICFlowMeter_30s_state.csv,TEST,2018-03-02 09:28:30,0,0,0
Friday-02-03-2018_TrafficForML_CICFlowMeter_30s_state.csv,TEST,2018-03-02 09:29:00,0,0,0
Friday-02-03-2018_TrafficForML_CICFlowMeter_30s_state.csv,TEST,2018-03-02 09:29:30,0,0,0
Friday-02-03-2018_TrafficForML_CICFlowMeter_30s_state.csv,TEST,2018-03-02 09:30:00,0,0,0
Friday-02-03-2018_TrafficForML_CICFlowMeter_30s_state.csv,TEST,2018-03-02 09:30:30,0,0,0
Friday-02-03-2018_TrafficForML_CICFlowMeter_30s_state.csv,TEST,2018-03-02 09:31:00,0,0,0
Friday-02-03-2018_TrafficForML_CICFlowMeter_30s_state.csv,TEST,2018-03-02 09:31:30,0,0,0
Friday-02-03-2018_TrafficForML_CICFlowMeter_30s_state.csv,TEST,2018-03-02 09:32:00,0,0,0
Friday-02-03-2018_TrafficForML_CICFlowMeter_30s_state.csv,TEST,2018-03-02 09:32:30,0,0,0
Friday-02-03-2018_TrafficForML_CICFlowMeter_30s_state.csv,TEST,2018-03-02 09:33:00,0,0,0
Friday-02-03-2018_TrafficForML_CICFlowMeter_30s_state.csv,TEST,2018-03-02 09:33:30,0,0,0
Friday-02-03-2018_TrafficForML_CICFlowMeter_30s_state.csv,TEST,2018-03-02 09:34:00,0,0,0
Friday-02-03-2018_TrafficForML_CICFlowMeter_30s_state.csv,TEST,2018-03-02 09:34:30,0,0,0
Friday-02-03-2018_TrafficForML_CICFlowMeter_30s_state.csv,TEST,2018-03-02 09:35:00,0,0,0
Friday-02-03-2018_TrafficForML_CICFlowMeter_30s_state.csv,TEST,2018-03-02 09:35:30,0,0,0
Friday-02-03-2018_TrafficForML_CICFlowMeter_30s_state.csv,TEST,2018-03-02 09:36:00,0,0,0
Friday-02-03-2018_TrafficForML_CICFlowMeter_30s_state.csv,TEST,2018-03-02 09:36:30,0,0,0
Friday-02-03-2018_TrafficForML_CICFlowMeter_30s_state.csv,TEST,2018-03-02 09:37:00,0,0,0
Friday-02-03-2018_TrafficForML_CICFlowMeter_30s_state.csv,TEST,2018-03-02 09:37:30,0,0,0
Friday-02-03-2018_TrafficForML_CICFlowMeter_30s_state.csv,TEST,2018-03-02 09:38:00,0,0,0
Friday-02-03-2018_TrafficForML_CICFlowMeter_30s_state.csv,TEST,2018-03-02 09:38:30,0,0,0
Friday-02-03-2018_TrafficForML_CICFlowMeter_30s_state.csv,TEST,2018-03-02 09:39:00,0,0,0
Friday-02-03-2018_TrafficForML_CICFlowMeter_30s_state.csv,TEST,2018-03-02 09:39:30,0,0,0
Friday-02-03-2018_TrafficForML_CICFlowMeter_30s_state.csv,TEST,2018-03-02 09:40:00,0,0,0
Friday-02-03-2018_TrafficForML_CICFlowMeter_30s_state.csv,TEST,2018-03-02 09:40:30,0,0,0
Friday-02-03-2018_TrafficForML_CICFlowMeter_30s_state.csv,TEST,2018-03-02 09:41:00,0,0,0
Friday-02-03-2018_TrafficForML_CICFlowMeter_30s_state.csv,TEST,2018-03-02 09:41:30,0,0,0
Friday-02-03-2018_TrafficForML_CICFlowMeter_30s_state.csv,TEST,2018-03-02 09:42:00,0,0,0
Friday-02-03-2018_TrafficForML_CICFlowMeter_30s_state.csv,TEST,2018-03-02 09:42:30,0,0,0
Friday-02-03-2018_TrafficForML_CICFlowMeter_30s_state.csv,TEST,2018-03-02 09:43:00,0,0,0
Friday-02-03-2018_TrafficForML_CICFlowMeter_30s_state.csv,TEST,2018-03-02 09:43:30,0,0,0
Friday-02-03-2018_TrafficForML_CICFlowMeter_30s_state.csv,TEST,2018-03-02 09:44:00,0,0,0
Friday-02-03-2018_TrafficForML_CICFlowMeter_30s_state.csv,TEST,2018-03-02 09:44:30,0,0,0
Friday-02-03-2018_TrafficForML_CICFlowMeter_30s_state.csv,TEST,2018-03-02 09:45:00,0,0,0
Friday-02-03-2018_TrafficForML_CICFlowMeter_30s_state.csv,TEST,2018-03-02 09:45:30,0,0,0
Friday-02-03-2018_TrafficForML_CICFlowMeter_30s_state.csv,TEST,2018-03-02 09:46:00,0,0,0
Friday-02-03-2018_TrafficForML_CICFlowMeter_30s_state.csv,TEST,2018-03-02 09:46:30,0,0,0
Friday-02-03-2018_TrafficForML_CICFlowMeter_30s_state.csv,TEST,2018-03-02 09:47:00,0,0,0
Friday-02-03-2018_TrafficForML_CICFlowMeter_30s_state.csv,TEST,2018-03-02 09:47:30,0,0,0
Friday-02-03-2018_TrafficForML_CICFlowMeter_30s_state.csv,TEST,2018-03-02 09:48:00,0,0,0
Friday-02-03-2018_TrafficForML_CICFlowMeter_30s_state.csv,TEST,2018-03-02 09:48:30,0,0,0
Friday-02-03-2018_TrafficForML_CICFlowMeter_30s_state.csv,TEST,2018-03-02 09:49:00,0,0,0
Friday-02-03-2018_TrafficForML_CICFlowMeter_30s_state.csv,TEST,2018-03-02 09:49:30,0,0,0
Friday-02-03-2018_TrafficForML_CICFlowMeter_30s_state.csv,TEST,2018-03-02 09:50:00,0,0,0
Friday-02-03-2018_TrafficForML_CICFlowMeter_30s_state.csv,TEST,2018-03-02 09:50:30,0,0,0
Friday-02-03-2018_TrafficForML_CICFlowMeter_30s_state.csv,TEST,2018-03-02 09:51:00,0,0,0
Friday-02-03-2018_TrafficForML_CICFlowMeter_30s_state.csv,TEST,2018-03-02 09:51:30,0,0,0
Friday-02-03-2018_TrafficForML_CICFlowMeter_30s_state.csv,TEST,2018-03-02 09:52:00,0,0,0
Friday-02-03-2018_TrafficForML_CICFlowMeter_30s_state.csv,TEST,2018-03-02 09:52:30,0,0,0
Friday-02-03-2018_TrafficForML_CICFlowMeter_30s_state.csv,TEST,2018-03-02 09:53:00,0,0,0
Friday-02-03-2018_TrafficForML_CICFlowMeter_30s_state.csv,TEST,2018-03-02 09:53:30,0,0,0
Friday-02-03-2018_TrafficForML_CICFlowMeter_30s_state.csv,TEST,2018-03-02 09:54:00,0,0,0
Friday-02-03-2018_TrafficForML_CICFlowMeter_30s_state.csv,TEST,2018-03-02 09:54:30,0,0,0
Friday-02-03-2018_TrafficForML_CICFlowMeter_30s_state.csv,TEST,2018-03-02 09:55:00,0,0,0
Friday-02-03-2018_TrafficForML_CICFlowMeter_30s_state.csv,TEST,2018-03-02 09:55:30,0,0,0
Friday-02-03-2018_TrafficForML_CICFlowMeter_30s_state.csv,TEST,2018-03-02 09:56:00,0,0,0
Friday-02-03-2018_TrafficForML_CICFlowMeter_30s_state.csv,TEST,2018-03-02 09:56:30,0,0,0
Friday-02-03-2018_TrafficForML_CICFlowMeter_30s_state.csv,TEST,2018-03-02 09:57:00,0,0,0
Friday-02-03-2018_TrafficForML_CICFlowMeter_30s_state.csv,TEST,2018-03-02 09:57:30,0,0,0
Friday-02-03-2018_TrafficForML_CICFlowMeter_30s_state.csv,TEST,2018-03-02 09:58:00,0,0,0
Friday-02-03-2018_TrafficForML_CICFlowMeter_30s_state.csv,TEST,2018-03-02 09:58:30,0,0,0
Friday-02-03-2018_TrafficForML_CICFlowMeter_30s_state.csv,TEST,2018-03-02 09:59:00,0,0,0
Friday-02-03-2018_TrafficForML_CICFlowMeter_30s_state.csv,TEST,2018-03-02 09:59:30,0,0,0
Friday-02-03-2018_TrafficForML_CICFlowMeter_30s_state.csv,TEST,2018-03-02 10:00:00,0,0,0
Friday-02-03-2018_TrafficForML_CICFlowMeter_30s_state.csv,TEST,2018-03-02 10:00:30,0,0,0
Friday-02-03-2018_TrafficForML_CICFlowMeter_30s_state.csv,TEST,2018-03-02 10:01:00,0,0,0
Friday-02-03-2018_TrafficForML_CICFlowMeter_30s_state.csv,TEST,2018-03-02 10:01:30,0,0,0
Friday-02-03-2018_TrafficForML_CICFlowMeter_30s_state.csv,TEST,2018-03-02 10:02:00,0,0,0
Friday-02-03-2018_TrafficForML_CICFlowMeter_30s_state.csv,TEST,2018-03-02 10:02:30,0,0,0
Friday-02-03-2018_TrafficForML_CICFlowMeter_30s_state.csv,TEST,2018-03-02 10:03:00,0,0,0
Friday-02-03-2018_TrafficForML_CICFlowMeter_30s_state.csv,TEST,2018-03-02 10:03:30,0,0,0
Friday-02-03-2018_TrafficForML_CICFlowMeter_30s_state.csv,TEST,2018-03-02 10:04:00,0,0,0
Friday-02-03-2018_TrafficForML_CICFlowMeter_30s_state.csv,TEST,2018-03-02 10:04:30,0,0,0
Friday-02-03-2018_TrafficForML_CICFlowMeter_30s_state.csv,TEST,2018-03-02 10:05:00,0,0,0
Friday-02-03-2018_TrafficForML_CICFlowMeter_30s_state.csv,TEST,2018-03-02 10:05:30,0,0,0
Friday-02-03-2018_TrafficForML_CICFlowMeter_30s_state.csv,TEST,2018-03-02 10:06:00,0,0,0
Friday-02-03-2018_TrafficForML_CICFlowMeter_30s_state.csv,TEST,2018-03-02 10:06:30,0,0,0
Friday-02-03-2018_TrafficForML_CICFlowMeter_30s_state.csv,TEST,2018-03-02 10:07:00,0,0,0
Friday-02-03-2018_TrafficForML_CICFlowMeter_30s_state.csv,TEST,2018-03-02 10:07:30,0,0,0
Friday-02-03-2018_TrafficForML_CICFlowMeter_30s_state.csv,TEST,2018-03-02 10:08:00,0,0,0
Friday-02-03-2018_TrafficForML_CICFlowMeter_30s_state.csv,TEST,2018-03-02 10:08:30,0,0,0
Friday-02-03-2018_TrafficForML_CICFlowMeter_30s_state.csv,TEST,2018-03-02 10:09:00,0,0,0
Friday-02-03-2018_TrafficForML_CICFlowMeter_30s_state.csv,TEST,2018-03-02 10:09:30,0,0,0
Friday-02-03-2018_TrafficForML_CICFlowMeter_30s_state.csv,TEST,2018-03-02 10:10:00,0,0,0
Friday-02-03-2018_TrafficForML_CICFlowMeter_30s_state.csv,TEST,2018-03-02 10:10:30,0,0,0
Friday-02-03-2018_TrafficForML_CICFlowMeter_30s_state.csv,TEST,2018-03-02 10:11:00,0,0,0
Friday-02-03-2018_TrafficForML_CICFlowMeter_30s_state.csv,TEST,2018-03-02 10:11:30,0,0,0
Friday-02-03-2018_TrafficForML_CICFlowMeter_30s_state.csv,TEST,2018-03-02 10:12:00,0,0,0
Friday-02-03-2018_TrafficForML_CICFlowMeter_30s_state.csv,TEST,2018-03-02 10:12:30,0,0,0
Friday-02-03-2018_TrafficForML_CICFlowMeter_30s_state.csv,TEST,2018-03-02 10:13:00,0,1,0
Friday-02-03-2018_TrafficForML_CICFlowMeter_30s_state.csv,TEST,2018-03-02 10:13:30,1,1,1
Friday-02-03-2018_TrafficForML_CICFlowMeter_30s_state.csv,TEST,2018-03-02 10:14:00,1,1,1
Friday-02-03-2018_TrafficForML_CICFlowMeter_30s_state.csv,TEST,2018-03-02 10:14:30,1,1,1
Friday-02-03-2018_TrafficForML_CICFlowMeter_30s_state.csv,TEST,2018-03-02 10:15:00,1,1,1
Friday-02-03-2018_TrafficForML_CICFlowMeter_30s_state.csv,TEST,2018-03-02 10:15:30,1,1,1
Friday-02-03-2018_TrafficForML_CICFlowMeter_30s_state.csv,TEST,2018-03-02 10:16:00,1,1,1
Friday-02-03-2018_TrafficForML_CICFlowMeter_30s_state.csv,TEST,2018-03-02 10:16:30,1,1,1
Friday-02-03-2018_TrafficForML_CICFlowMeter_30s_state.csv,TEST,2018-03-02 10:17:00,1,1,1
Friday-02-03-2018_TrafficForML_CICFlowMeter_30s_state.csv,TEST,2018-03-02 10:17:30,1,1,1
Friday-02-03-2018_TrafficForML_CICFlowMeter_30s_state.csv,TEST,2018-03-02 10:18:00,1,1,1
Friday-02-03-2018_TrafficForML_CICFlowMeter_30s_state.csv,TEST,2018-03-02 10:18:30,1,1,1
Friday-02-03-2018_TrafficForML_CICFlowMeter_30s_state.csv,TEST,2018-03-02 10:19:00,1,1,1
Friday-02-03-2018_TrafficForML_CICFlowMeter_30s_state.csv,TEST,2018-03-02 10:19:30,1,1,1
Friday-02-03-2018_TrafficForML_CICFlowMeter_30s_state.csv,TEST,2018-03-02 10:20:00,1,1,1
Friday-02-03-2018_TrafficForML_CICFlowMeter_30s_state.csv,TEST,2018-03-02 10:20:30,1,1,1
Friday-02-03-2018_TrafficForML_CICFlowMeter_30s_state.csv,TEST,2018-03-02 10:21:00,1,1,1
Friday-02-03-2018_TrafficForML_CICFlowMeter_30s_state.csv,TEST,2018-03-02 10:21:30,1,1,1
Friday-02-03-2018_TrafficForML_CICFlowMeter_30s_state.csv,TEST,2018-03-02 10:22:00,1,1,1
Friday-02-03-2018_TrafficForML_CICFlowMeter_30s_state.csv,TEST,2018-03-02 10:22:30,1,1,1
Friday-02-03-2018_TrafficForML_CICFlowMeter_30s_state.csv,TEST,2018-03-02 10:23:00,1,1,1
Friday-02-03-2018_TrafficForML_CICFlowMeter_30s_state.csv,TEST,2018-03-02 10:23:30,1,1,1
Friday-02-03-2018_TrafficForML_CICFlowMeter_30s_state.csv,TEST,2018-03-02 10:24:00,1,1,1
Friday-02-03-2018_TrafficForML_CICFlowMeter_30s_state.csv,TEST,2018-03-02 10:24:30,1,1,1
Friday-02-03-2018_TrafficForML_CICFlowMeter_30s_state.csv,TEST,2018-03-02 10:25:00,1,1,1
Friday-02-03-2018_TrafficForML_CICFlowMeter_30s_state.csv,TEST,2018-03-02 10:25:30,1,1,1
Friday-02-03-2018_TrafficForML_CICFlowMeter_30s_state.csv,TEST,2018-03-02 10:26:00,1,1,1
Friday-02-03-2018_TrafficForML_CICFlowMeter_30s_state.csv,TEST,2018-03-02 10:26:30,1,1,1
Friday-02-03-2018_TrafficForML_CICFlowMeter_30s_state.csv,TEST,2018-03-02 10:27:00,1,1,1
Friday-02-03-2018_TrafficForML_CICFlowMeter_30s_state.csv,TEST,2018-03-02 10:27:30,1,1,1
Friday-02-03-2018_TrafficForML_CICFlowMeter_30s_state.csv,TEST,2018-03-02 10:28:00,1,1,1
Friday-02-03-2018_TrafficForML_CICFlowMeter_30s_state.csv,TEST,2018-03-02 10:28:30,1,1,1
Friday-02-03-2018_TrafficForML_CICFlowMeter_30s_state.csv,TEST,2018-03-02 10:29:00,1,1,1
Friday-02-03-2018_TrafficForML_CICFlowMeter_30s_state.csv,TEST,2018-03-02 10:29:30,1,1,1
Friday-02-03-2018_TrafficForML_CICFlowMeter_30s_state.csv,TEST,2018-03-02 10:30:00,1,1,1
Friday-02-03-2018_TrafficForML_CICFlowMeter_30s_state.csv,TEST,2018-03-02 10:30:30,1,1,1
Friday-02-03-2018_TrafficForML_CICFlowMeter_30s_state.csv,TEST,2018-03-02 10:31:00,1,1,1
Friday-02-03-2018_TrafficForML_CICFlowMeter_30s_state.csv,TEST,2018-03-02 10:31:30,1,1,1
Friday-02-03-2018_TrafficForML_CICFlowMeter_30s_state.csv,TEST,2018-03-02 10:32:00,1,1,1
Friday-02-03-2018_TrafficForML_CICFlowMeter_30s_state.csv,TEST,2018-03-02 10:32:30,1,1,1
Friday-02-03-2018_TrafficForML_CICFlowMeter_30s_state.csv,TEST,2018-03-02 10:33:00,1,1,1
Friday-02-03-2018_TrafficForML_CICFlowMeter_30s_state.csv,TEST,2018-03-02 10:33:30,1,1,1
Friday-02-03-2018_TrafficForML_CICFlowMeter_30s_state.csv,TEST,2018-03-02 10:34:00,1,1,1
Friday-02-03-2018_TrafficForML_CICFlowMeter_30s_state.csv,TEST,2018-03-02 10:34:30,1,1,1
Friday-02-03-2018_TrafficForML_CICFlowMeter_30s_state.csv,TEST,2018-03-02 10:35:00,1,1,1
Friday-02-03-2018_TrafficForML_CICFlowMeter_30s_state.csv,TEST,2018-03-02 10:35:30,1,1,1
Friday-02-03-2018_TrafficForML_CICFlowMeter_30s_state.csv,TEST,2018-03-02 10:36:00,1,1,1
Friday-02-03-2018_TrafficForML_CICFlowMeter_30s_state.csv,TEST,2018-03-02 10:36:30,1,1,1
Friday-02-03-2018_TrafficForML_CICFlowMeter_30s_state.csv,TEST,2018-03-02 10:37:00,1,1,1
Friday-02-03-2018_TrafficForML_CICFlowMeter_30s_state.csv,TEST,2018-03-02 10:37:30,1,1,1
Friday-02-03-2018_TrafficForML_CICFlowMeter_30s_state.csv,TEST,2018-03-02 10:38:00,1,1,1
Friday-02-03-2018_TrafficForML_CICFlowMeter_30s_state.csv,TEST,2018-03-02 10:38:30,1,1,1
Friday-02-03-2018_TrafficForML_CICFlowMeter_30s_state.csv,TEST,2018-03-02 10:39:00,1,1,1
Friday-02-03-2018_TrafficForML_CICFlowMeter_30s_state.csv,TEST,2018-03-02 10:39:30,1,1,1
Friday-02-03-2018_TrafficForML_CICFlowMeter_30s_state.csv,TEST,2018-03-02 10:40:00,1,1,1
Friday-02-03-2018_TrafficForML_CICFlowMeter_30s_state.csv,TEST,2018-03-02 10:40:30,1,1,1
Friday-02-03-2018_TrafficForML_CICFlowMeter_30s_state.csv,TEST,2018-03-02 10:41:00,1,1,1
Friday-02-03-2018_TrafficForML_CICFlowMeter_30s_state.csv,TEST,2018-03-02 10:41:30,1,1,1
Friday-02-03-2018_TrafficForML_CICFlowMeter_30s_state.csv,TEST,2018-03-02 10:42:00,1,1,1
Friday-02-03-2018_TrafficForML_CICFlowMeter_30s_state.csv,TEST,2018-03-02 10:42:30,1,1,1
Friday-02-03-2018_TrafficForML_CICFlowMeter_30s_state.csv,TEST,2018-03-02 10:43:00,1,1,1
Friday-02-03-2018_TrafficForML_CICFlowMeter_30s_state.csv,TEST,2018-03-02 10:43:30,1,1,1
Friday-02-03-2018_TrafficForML_CICFlowMeter_30s_state.csv,TEST,2018-03-02 10:44:00,1,1,1
Friday-02-03-2018_TrafficForML_CICFlowMeter_30s_state.csv,TEST,2018-03-02 10:44:30,1,1,1
Friday-02-03-2018_TrafficForML_CICFlowMeter_30s_state.csv,TEST,2018-03-02 10:45:00,1,1,1
Friday-02-03-2018_TrafficForML_CICFlowMeter_30s_state.csv,TEST,2018-03-02 10:45:30,1,1,1
Friday-02-03-2018_TrafficForML_CICFlowMeter_30s_state.csv,TEST,2018-03-02 10:46:00,1,1,1
Friday-02-03-2018_TrafficForML_CICFlowMeter_30s_state.csv,TEST,2018-03-02 10:46:30,1,1,1
Friday-02-03-2018_TrafficForML_CICFlowMeter_30s_state.csv,TEST,2018-03-02 10:47:00,1,1,1
Friday-02-03-2018_TrafficForML_CICFlowMeter_30s_state.csv,TEST,2018-03-02 10:47:30,1,1,1
Friday-02-03-2018_TrafficForML_CICFlowMeter_30s_state.csv,TEST,2018-03-02 10:48:00,1,1,1
Friday-02-03-2018_TrafficForML_CICFlowMeter_30s_state.csv,TEST,2018-03-02 10:48:30,1,1,1
Friday-02-03-2018_TrafficForML_CICFlowMeter_30s_state.csv,TEST,2018-03-02 10:49:00,1,1,1
Friday-02-03-2018_TrafficForML_CICFlowMeter_30s_state.csv,TEST,2018-03-02 10:49:30,1,1,1
Friday-02-03-2018_TrafficForML_CICFlowMeter_30s_state.csv,TEST,2018-03-02 10:50:00,1,1,1
Friday-02-03-2018_TrafficForML_CICFlowMeter_30s_state.csv,TEST,2018-03-02 10:50:30,1,1,1
Friday-02-03-2018_TrafficForML_CICFlowMeter_30s_state.csv,TEST,2018-03-02 10:51:00,1,1,1
Friday-02-03-2018_TrafficForML_CICFlowMeter_30s_state.csv,TEST,2018-03-02 10:51:30,1,1,1
Friday-02-03-2018_TrafficForML_CICFlowMeter_30s_state.csv,TEST,2018-03-02 10:52:00,1,1,1
Friday-02-03-2018_TrafficForML_CICFlowMeter_30s_state.csv,TEST,2018-03-02 10:52:30,1,1,1
Friday-02-03-2018_TrafficForML_CICFlowMeter_30s_state.csv,TEST,2018-03-02 10:53:00,1,1,1
Friday-02-03-2018_TrafficForML_CICFlowMeter_30s_state.csv,TEST,2018-03-02 10:53:30,1,1,1
Friday-02-03-2018_TrafficForML_CICFlowMeter_30s_state.csv,TEST,2018-03-02 10:54:00,1,1,1
Friday-02-03-2018_TrafficForML_CICFlowMeter_30s_state.csv,TEST,2018-03-02 10:54:30,1,1,1
Friday-02-03-2018_TrafficForML_CICFlowMeter_30s_state.csv,TEST,2018-03-02 10:55:00,1,1,1
Friday-02-03-2018_TrafficForML_CICFlowMeter_30s_state.csv,TEST,2018-03-02 10:55:30,1,1,1
Friday-02-03-2018_TrafficForML_CICFlowMeter_30s_state.csv,TEST,2018-03-02 10:56:00,1,1,1
Friday-02-03-2018_TrafficForML_CICFlowMeter_30s_state.csv,TEST,2018-03-02 10:56:30,1,1,1
Friday-02-03-2018_TrafficForML_CICFlowMeter_30s_state.csv,TEST,2018-03-02 10:57:00,1,1,1
Friday-02-03-2018_TrafficForML_CICFlowMeter_30s_state.csv,TEST,2018-03-02 10:57:30,1,1,1
Friday-02-03-2018_TrafficForML_CICFlowMeter_30s_state.csv,TEST,2018-03-02 10:58:00,1,1,1
Friday-02-03-2018_TrafficForML_CICFlowMeter_30s_state.csv,TEST,2018-03-02 10:58:30,1,1,1
Friday-02-03-2018_TrafficForML_CICFlowMeter_30s_state.csv,TEST,2018-03-02 10:59:00,1,1,1
Friday-02-03-2018_TrafficForML_CICFlowMeter_30s_state.csv,TEST,2018-03-02 10:59:30,1,1,1
Friday-02-03-2018_TrafficForML_CICFlowMeter_30s_state.csv,TEST,2018-03-02 11:00:00,1,1,1
Friday-02-03-2018_TrafficForML_CICFlowMeter_30s_state.csv,TEST,2018-03-02 11:00:30,1,1,1
Friday-02-03-2018_TrafficForML_CICFlowMeter_30s_state.csv,TEST,2018-03-02 11:01:00,1,1,1
Friday-02-03-2018_TrafficForML_CICFlowMeter_30s_state.csv,TEST,2018-03-02 11:01:30,1,1,1
Friday-02-03-2018_TrafficForML_CICFlowMeter_30s_state.csv,TEST,2018-03-02 11:02:00,1,1,1
Friday-02-03-2018_TrafficForML_CICFlowMeter_30s_state.csv,TEST,2018-03-02 11:02:30,1,1,1
Friday-02-03-2018_TrafficForML_CICFlowMeter_30s_state.csv,TEST,2018-03-02 11:03:00,1,1,1
Friday-02-03-2018_TrafficForML_CICFlowMeter_30s_state.csv,TEST,2018-03-02 11:03:30,1,1,1
Friday-02-03-2018_TrafficForML_CICFlowMeter_30s_state.csv,TEST,2018-03-02 11:04:00,1,1,1
Friday-02-03-2018_TrafficForML_CICFlowMeter_30s_state.csv,TEST,2018-03-02 11:04:30,1,1,1
Friday-02-03-2018_TrafficForML_CICFlowMeter_30s_state.csv,TEST,2018-03-02 11:05:00,1,1,1
Friday-02-03-2018_TrafficForML_CICFlowMeter_30s_state.csv,TEST,2018-03-02 11:05:30,1,1,1
Friday-02-03-2018_TrafficForML_CICFlowMeter_30s_state.csv,TEST,2018-03-02 11:06:00,1,1,1
Friday-02-03-2018_TrafficForML_CICFlowMeter_30s_state.csv,TEST,2018-03-02 11:06:30,1,1,1
Friday-02-03-2018_TrafficForML_CICFlowMeter_30s_state.csv,TEST,2018-03-02 11:07:00,1,1,1
Friday-02-03-2018_TrafficForML_CICFlowMeter_30s_state.csv,TEST,2018-03-02 11:07:30,1,1,1
Friday-02-03-2018_TrafficForML_CICFlowMeter_30s_state.csv,TEST,2018-03-02 11:08:00,1,1,1
Friday-02-03-2018_TrafficForML_CICFlowMeter_30s_state.csv,TEST,2018-03-02 11:08:30,1,1,1
Friday-02-03-2018_TrafficForML_CICFlowMeter_30s_state.csv,TEST,2018-03-02 11:09:00,1,1,1
Friday-02-03-2018_TrafficForML_CICFlowMeter_30s_state.csv,TEST,2018-03-02 11:09:30,1,1,1
Friday-02-03-2018_TrafficForML_CICFlowMeter_30s_state.csv,TEST,2018-03-02 11:10:00,1,1,1
Friday-02-03-2018_TrafficForML_CICFlowMeter_30s_state.csv,TEST,2018-03-02 11:10:30,1,1,1
Friday-02-03-2018_TrafficForML_CICFlowMeter_30s_state.csv,TEST,2018-03-02 11:11:00,1,1,1
Friday-02-03-2018_TrafficForML_CICFlowMeter_30s_state.csv,TEST,2018-03-02 11:11:30,1,1,1
Friday-02-03-2018_TrafficForML_CICFlowMeter_30s_state.csv,TEST,2018-03-02 11:12:00,1,1,1
Friday-02-03-2018_TrafficForML_CICFlowMeter_30s_state.csv,TEST,2018-03-02 11:12:30,1,1,1
Friday-02-03-2018_TrafficForML_CICFlowMeter_30s_state.csv,TEST,2018-03-02 11:13:00,1,1,1
Friday-02-03-2018_TrafficForML_CICFlowMeter_30s_state.csv,TEST,2018-03-02 11:13:30,1,1,1
Friday-02-03-2018_TrafficForML_CICFlowMeter_30s_state.csv,TEST,2018-03-02 11:14:00,1,1,1
Friday-02-03-2018_TrafficForML_CICFlowMeter_30s_state.csv,TEST,2018-03-02 11:14:30,1,1,1
Friday-02-03-2018_TrafficForML_CICFlowMeter_30s_state.csv,TEST,2018-03-02 11:15:00,1,1,1
Friday-02-03-2018_TrafficForML_CICFlowMeter_30s_state.csv,TEST,2018-03-02 11:15:30,1,1,1
Friday-02-03-2018_TrafficForML_CICFlowMeter_30s_state.csv,TEST,2018-03-02 11:16:00,1,1,1
Friday-02-03-2018_TrafficForML_CICFlowMeter_30s_state.csv,TEST,2018-03-02 11:16:30,1,1,1
Friday-02-03-2018_TrafficForML_CICFlowMeter_30s_state.csv,TEST,2018-03-02 11:17:00,1,1,1
Friday-02-03-2018_TrafficForML_CICFlowMeter_30s_state.csv,TEST,2018-03-02 11:17:30,1,1,1
Friday-02-03-2018_TrafficForML_CICFlowMeter_30s_state.csv,TEST,2018-03-02 11:18:00,1,1,1
Friday-02-03-2018_TrafficForML_CICFlowMeter_30s_state.csv,TEST,2018-03-02 11:18:30,1,1,1
Friday-02-03-2018_TrafficForML_CICFlowMeter_30s_state.csv,TEST,2018-03-02 11:19:00,1,1,1
Friday-02-03-2018_TrafficForML_CICFlowMeter_30s_state.csv,TEST,2018-03-02 11:19:30,1,1,1
Friday-02-03-2018_TrafficForML_CICFlowMeter_30s_state.csv,TEST,2018-03-02 11:20:00,1,1,1
Friday-02-03-2018_TrafficForML_CICFlowMeter_30s_state.csv,TEST,2018-03-02 11:20:30,1,1,1
Friday-02-03-2018_TrafficForML_CICFlowMeter_30s_state.csv,TEST,2018-03-02 11:21:00,1,1,1
Friday-02-03-2018_TrafficForML_CICFlowMeter_30s_state.csv,TEST,2018-03-02 11:21:30,1,1,1
Friday-02-03-2018_TrafficForML_CICFlowMeter_30s_state.csv,TEST,2018-03-02 11:22:00,1,1,1
Friday-02-03-2018_TrafficForML_CICFlowMeter_30s_state.csv,TEST,2018-03-02 11:22:30,1,1,1
Friday-02-03-2018_TrafficForML_CICFlowMeter_30s_state.csv,TEST,2018-03-02 11:23:00,1,1,1
Friday-02-03-2018_TrafficForML_CICFlowMeter_30s_state.csv,TEST,2018-03-02 11:23:30,1,1,1
Friday-02-03-2018_TrafficForML_CICFlowMeter_30s_state.csv,TEST,2018-03-02 11:24:00,1,1,1
Friday-02-03-2018_TrafficForML_CICFlowMeter_30s_state.csv,TEST,2018-03-02 11:24:30,1,1,1
Friday-02-03-2018_TrafficForML_CICFlowMeter_30s_state.csv,TEST,2018-03-02 11:25:00,1,1,1
Friday-02-03-2018_TrafficForML_CICFlowMeter_30s_state.csv,TEST,2018-03-02 11:25:30,1,1,1
Friday-02-03-2018_TrafficForML_CICFlowMeter_30s_state.csv,TEST,2018-03-02 11:26:00,1,1,1
Friday-02-03-2018_TrafficForML_CICFlowMeter_30s_state.csv,TEST,2018-03-02 11:26:30,1,1,1
Friday-02-03-2018_TrafficForML_CICFlowMeter_30s_state.csv,TEST,2018-03-02 11:27:00,1,1,1
Friday-02-03-2018_TrafficForML_CICFlowMeter_30s_state.csv,TEST,2018-03-02 11:27:30,1,1,1
Friday-02-03-2018_TrafficForML_CICFlowMeter_30s_state.csv,TEST,2018-03-02 11:28:00,1,1,1
Friday-02-03-2018_TrafficForML_CICFlowMeter_30s_state.csv,TEST,2018-03-02 11:28:30,1,1,1
Friday-02-03-2018_TrafficForML_CICFlowMeter_30s_state.csv,TEST,2018-03-02 11:29:00,1,1,1
Friday-02-03-2018_TrafficForML_CICFlowMeter_30s_state.csv,TEST,2018-03-02 11:29:30,1,1,1
Friday-02-03-2018_TrafficForML_CICFlowMeter_30s_state.csv,TEST,2018-03-02 11:30:00,1,1,1
Friday-02-03-2018_TrafficForML_CICFlowMeter_30s_state.csv,TEST,2018-03-02 11:30:30,1,1,1
Friday-02-03-2018_TrafficForML_CICFlowMeter_30s_state.csv,TEST,2018-03-02 11:31:00,1,1,1
Friday-02-03-2018_TrafficForML_CICFlowMeter_30s_state.csv,TEST,2018-03-02 11:31:30,1,1,1
Friday-02-03-2018_TrafficForML_CICFlowMeter_30s_state.csv,TEST,2018-03-02 11:32:00,1,1,1
Friday-02-03-2018_TrafficForML_CICFlowMeter_30s_state.csv,TEST,2018-03-02 11:32:30,1,1,1
Friday-02-03-2018_TrafficForML_CICFlowMeter_30s_state.csv,TEST,2018-03-02 11:33:00,1,1,1
Friday-02-03-2018_TrafficForML_CICFlowMeter_30s_state.csv,TEST,2018-03-02 11:33:30,1,1,1
Friday-02-03-2018_TrafficForML_CICFlowMeter_30s_state.csv,TEST,2018-03-02 11:34:00,1,1,1
Friday-02-03-2018_TrafficForML_CICFlowMeter_30s_state.csv,TEST,2018-03-02 11:34:30,1,1,1
Friday-02-03-2018_TrafficForML_CICFlowMeter_30s_state.csv,TEST,2018-03-02 11:35:00,1,1,1
Friday-02-03-2018_TrafficForML_CICFlowMeter_30s_state.csv,TEST,2018-03-02 11:35:30,1,1,1
Friday-02-03-2018_TrafficForML_CICFlowMeter_30s_state.csv,TEST,2018-03-02 11:36:00,1,1,1
Friday-02-03-2018_TrafficForML_CICFlowMeter_30s_state.csv,TEST,2018-03-02 11:36:30,1,1,1
Friday-02-03-2018_TrafficForML_CICFlowMeter_30s_state.csv,TEST,2018-03-02 11:37:00,1,1,1
Friday-02-03-2018_TrafficForML_CICFlowMeter_30s_state.csv,TEST,2018-03-02 11:37:30,1,1,1
Friday-02-03-2018_TrafficForML_CICFlowMeter_30s_state.csv,TEST,2018-03-02 11:38:00,1,1,1
Friday-02-03-2018_TrafficForML_CICFlowMeter_30s_state.csv,TEST,2018-03-02 11:38:30,1,1,1
Friday-02-03-2018_TrafficForML_CICFlowMeter_30s_state.csv,TEST,2018-03-02 11:39:00,1,1,1
Friday-02-03-2018_TrafficForML_CICFlowMeter_30s_state.csv,TEST,2018-03-02 11:39:30,1,1,1
Friday-02-03-2018_TrafficForML_CICFlowMeter_30s_state.csv,TEST,2018-03-02 11:40:00,1,1,1
Friday-02-03-2018_TrafficForML_CICFlowMeter_30s_state.csv,TEST,2018-03-02 11:40:30,1,1,1
Friday-02-03-2018_TrafficForML_CICFlowMeter_30s_state.csv,TEST,2018-03-02 11:41:00,1,1,1
Friday-02-03-2018_TrafficForML_CICFlowMeter_30s_state.csv,TEST,2018-03-02 11:41:30,1,1,1
Friday-02-03-2018_TrafficForML_CICFlowMeter_30s_state.csv,TEST,2018-03-02 11:42:00,1,1,1
Friday-02-03-2018_TrafficForML_CICFlowMeter_30s_state.csv,TEST,2018-03-02 11:42:30,1,1,1
Friday-02-03-2018_TrafficForML_CICFlowMeter_30s_state.csv,TEST,2018-03-02 11:43:00,1,1,1
Friday-02-03-2018_TrafficForML_CICFlowMeter_30s_state.csv,TEST,2018-03-02 11:43:30,1,1,1
Friday-02-03-2018_TrafficForML_CICFlowMeter_30s_state.csv,TEST,2018-03-02 11:44:00,1,1,1
Friday-02-03-2018_TrafficForML_CICFlowMeter_30s_state.csv,TEST,2018-03-02 11:44:30,1,1,1
Friday-02-03-2018_TrafficForML_CICFlowMeter_30s_state.csv,TEST,2018-03-02 11:45:00,1,1,1
Friday-02-03-2018_TrafficForML_CICFlowMeter_30s_state.csv,TEST,2018-03-02 11:45:30,1,1,1
Friday-02-03-2018_TrafficForML_CICFlowMeter_30s_state.csv,TEST,2018-03-02 11:46:00,1,1,1
Friday-02-03-2018_TrafficForML_CICFlowMeter_30s_state.csv,TEST,2018-03-02 11:46:30,1,1,1
Friday-02-03-2018_TrafficForML_CICFlowMeter_30s_state.csv,TEST,2018-03-02 11:47:00,1,1,1
Friday-02-03-2018_TrafficForML_CICFlowMeter_30s_state.csv,TEST,2018-03-02 11:47:30,1,1,1
Friday-02-03-2018_TrafficForML_CICFlowMeter_30s_state.csv,TEST,2018-03-02 11:48:00,1,1,1
Friday-02-03-2018_TrafficForML_CICFlowMeter_30s_state.csv,TEST,2018-03-02 11:48:30,1,1,1
Friday-02-03-2018_TrafficForML_CICFlowMeter_30s_state.csv,TEST,2018-03-02 11:49:00,1,1,1
Friday-02-03-2018_TrafficForML_CICFlowMeter_30s_state.csv,TEST,2018-03-02 11:49:30,1,1,1
Friday-02-03-2018_TrafficForML_CICFlowMeter_30s_state.csv,TEST,2018-03-02 11:50:00,1,1,1
Friday-02-03-2018_TrafficForML_CICFlowMeter_30s_state.csv,TEST,2018-03-02 11:50:30,1,1,1
Friday-02-03-2018_TrafficForML_CICFlowMeter_30s_state.csv,TEST,2018-03-02 11:51:00,1,1,1
Friday-02-03-2018_TrafficForML_CICFlowMeter_30s_state.csv,TEST,2018-03-02 11:51:30,1,1,1
Friday-02-03-2018_TrafficForML_CICFlowMeter_30s_state.csv,TEST,2018-03-02 11:52:00,1,1,1
Friday-02-03-2018_TrafficForML_CICFlowMeter_30s_state.csv,TEST,2018-03-02 11:52:30,1,1,1
Friday-02-03-2018_TrafficForML_CICFlowMeter_30s_state.csv,TEST,2018-03-02 11:53:00,1,1,1
Friday-02-03-2018_TrafficForML_CICFlowMeter_30s_state.csv,TEST,2018-03-02 11:53:30,1,1,1
Friday-02-03-2018_TrafficForML_CICFlowMeter_30s_state.csv,TEST,2018-03-02 11:54:00,1,1,1
Friday-02-03-2018_TrafficForML_CICFlowMeter_30s_state.csv,TEST,2018-03-02 11:54:30,1,1,1
Friday-02-03-2018_TrafficForML_CICFlowMeter_30s_state.csv,TEST,2018-03-02 11:55:00,1,1,1
Friday-02-03-2018_TrafficForML_CICFlowMeter_30s_state.csv,TEST,2018-03-02 11:55:30,1,1,1
Friday-02-03-2018_TrafficForML_CICFlowMeter_30s_state.csv,TEST,2018-03-02 11:56:00,1,1,1
Friday-02-03-2018_TrafficForML_CICFlowMeter_30s_state.csv,TEST,2018-03-02 11:56:30,1,1,1
Friday-02-03-2018_TrafficForML_CICFlowMeter_30s_state.csv,TEST,2018-03-02 11:57:00,1,1,1
Friday-02-03-2018_TrafficForML_CICFlowMeter_30s_state.csv,TEST,2018-03-02 11:57:30,1,1,1
Friday-02-03-2018_TrafficForML_CICFlowMeter_30s_state.csv,TEST,2018-03-02 11:58:00,1,1,1
Friday-02-03-2018_TrafficForML_CICFlowMeter_30s_state.csv,TEST,2018-03-02 11:58:30,1,1,1
Friday-02-03-2018_TrafficForML_CICFlowMeter_30s_state.csv,TEST,2018-03-02 11:59:00,1,1,1
Friday-02-03-2018_TrafficForML_CICFlowMeter_30s_state.csv,TEST,2018-03-02 11:59:30,1,1,1
Friday-02-03-2018_TrafficForML_CICFlowMeter_30s_state.csv,TEST,2018-03-02 12:00:00,1,1,1
Friday-02-03-2018_TrafficForML_CICFlowMeter_30s_state.csv,TEST,2018-03-02 12:00:30,1,1,1
Friday-02-03-2018_TrafficForML_CICFlowMeter_30s_state.csv,TEST,2018-03-02 12:01:00,1,1,1
Friday-02-03-2018_TrafficForML_CICFlowMeter_30s_state.csv,TEST,2018-03-02 12:01:30,1,1,1
Friday-02-03-2018_TrafficForML_CICFlowMeter_30s_state.csv,TEST,2018-03-02 12:02:00,1,1,1
Friday-02-03-2018_TrafficForML_CICFlowMeter_30s_state.csv,TEST,2018-03-02 12:02:30,1,1,1
Friday-02-03-2018_TrafficForML_CICFlowMeter_30s_state.csv,TEST,2018-03-02 12:03:00,1,1,1
Friday-02-03-2018_TrafficForML_CICFlowMeter_30s_state.csv,TEST,2018-03-02 12:03:30,1,1,1
Friday-02-03-2018_TrafficForML_CICFlowMeter_30s_state.csv,TEST,2018-03-02 12:04:00,1,1,1
Friday-02-03-2018_TrafficForML_CICFlowMeter_30s_state.csv,TEST,2018-03-02 12:04:30,1,1,1
Friday-02-03-2018_TrafficForML_CICFlowMeter_30s_state.csv,TEST,2018-03-02 12:05:00,1,1,1
Friday-02-03-2018_TrafficForML_CICFlowMeter_30s_state.csv,TEST,2018-03-02 12:05:30,1,1,1
Friday-02-03-2018_TrafficForML_CICFlowMeter_30s_state.csv,TEST,2018-03-02 12:06:00,1,1,1
Friday-02-03-2018_TrafficForML_CICFlowMeter_30s_state.csv,TEST,2018-03-02 12:06:30,1,1,1
Friday-02-03-2018_TrafficForML_CICFlowMeter_30s_state.csv,TEST,2018-03-02 12:07:00,1,1,1
Friday-02-03-2018_TrafficForML_CICFlowMeter_30s_state.csv,TEST,2018-03-02 12:07:30,1,1,1
Friday-02-03-2018_TrafficForML_CICFlowMeter_30s_state.csv,TEST,2018-03-02 12:08:00,1,1,1
Friday-02-03-2018_TrafficForML_CICFlowMeter_30s_state.csv,TEST,2018-03-02 12:08:30,1,1,1
Friday-02-03-2018_TrafficForML_CICFlowMeter_30s_state.csv,TEST,2018-03-02 12:09:00,1,1,1
Friday-02-03-2018_TrafficForML_CICFlowMeter_30s_state.csv,TEST,2018-03-02 12:09:30,1,1,1
Friday-02-03-2018_TrafficForML_CICFlowMeter_30s_state.csv,TEST,2018-03-02 12:10:00,1,1,1
Friday-02-03-2018_TrafficForML_CICFlowMeter_30s_state.csv,TEST,2018-03-02 12:10:30,1,1,1
Friday-02-03-2018_TrafficForML_CICFlowMeter_30s_state.csv,TEST,2018-03-02 12:11:00,1,1,1
Friday-02-03-2018_TrafficForML_CICFlowMeter_30s_state.csv,TEST,2018-03-02 12:11:30,1,1,1
Friday-02-03-2018_TrafficForML_CICFlowMeter_30s_state.csv,TEST,2018-03-02 12:12:00,1,1,1
Friday-02-03-2018_TrafficForML_CICFlowMeter_30s_state.csv,TEST,2018-03-02 12:12:30,1,1,1
Friday-02-03-2018_TrafficForML_CICFlowMeter_30s_state.csv,TEST,2018-03-02 12:13:00,1,1,1
Friday-02-03-2018_TrafficForML_CICFlowMeter_30s_state.csv,TEST,2018-03-02 12:13:30,1,1,1
Friday-02-03-2018_TrafficForML_CICFlowMeter_30s_state.csv,TEST,2018-03-02 12:14:00,1,1,1
Friday-02-03-2018_TrafficForML_CICFlowMeter_30s_state.csv,TEST,2018-03-02 12:14:30,1,1,1
Friday-02-03-2018_TrafficForML_CICFlowMeter_30s_state.csv,TEST,2018-03-02 12:15:00,1,1,1
Friday-02-03-2018_TrafficForML_CICFlowMeter_30s_state.csv,TEST,2018-03-02 12:15:30,1,1,1
Friday-02-03-2018_TrafficForML_CICFlowMeter_30s_state.csv,TEST,2018-03-02 12:16:00,1,1,1
Friday-02-03-2018_TrafficForML_CICFlowMeter_30s_state.csv,TEST,2018-03-02 12:16:30,1,1,1
Friday-02-03-2018_TrafficForML_CICFlowMeter_30s_state.csv,TEST,2018-03-02 12:17:00,1,1,1
Friday-02-03-2018_TrafficForML_CICFlowMeter_30s_state.csv,TEST,2018-03-02 12:17:30,1,1,1
Friday-02-03-2018_TrafficForML_CICFlowMeter_30s_state.csv,TEST,2018-03-02 12:18:00,1,1,1
Friday-02-03-2018_TrafficForML_CICFlowMeter_30s_state.csv,TEST,2018-03-02 12:18:30,1,1,1
Friday-02-03-2018_TrafficForML_CICFlowMeter_30s_state.csv,TEST,2018-03-02 12:19:00,1,1,1
Friday-02-03-2018_TrafficForML_CICFlowMeter_30s_state.csv,TEST,2018-03-02 12:19:30,1,1,1
Friday-02-03-2018_TrafficForML_CICFlowMeter_30s_state.csv,TEST,2018-03-02 12:20:00,1,1,1
Friday-02-03-2018_TrafficForML_CICFlowMeter_30s_state.csv,TEST,2018-03-02 12:20:30,1,1,1
Friday-02-03-2018_TrafficForML_CICFlowMeter_30s_state.csv,TEST,2018-03-02 12:21:00,1,1,1
Friday-02-03-2018_TrafficForML_CICFlowMeter_30s_state.csv,TEST,2018-03-02 12:21:30,1,1,1
Friday-02-03-2018_TrafficForML_CICFlowMeter_30s_state.csv,TEST,2018-03-02 12:22:00,1,1,1
Friday-02-03-2018_TrafficForML_CICFlowMeter_30s_state.csv,TEST,2018-03-02 12:22:30,1,1,1
Friday-02-03-2018_TrafficForML_CICFlowMeter_30s_state.csv,TEST,2018-03-02 12:23:00,1,1,1
Friday-02-03-2018_TrafficForML_CICFlowMeter_30s_state.csv,TEST,2018-03-02 12:23:30,1,1,1
Friday-02-03-2018_TrafficForML_CICFlowMeter_30s_state.csv,TEST,2018-03-02 12:24:00,1,1,1
Friday-02-03-2018_TrafficForML_CICFlowMeter_30s_state.csv,TEST,2018-03-02 12:24:30,1,1,1
Friday-02-03-2018_TrafficForML_CICFlowMeter_30s_state.csv,TEST,2018-03-02 12:25:00,1,1,1
Friday-02-03-2018_TrafficForML_CICFlowMeter_30s_state.csv,TEST,2018-03-02 12:25:30,1,1,1
Friday-02-03-2018_TrafficForML_CICFlowMeter_30s_state.csv,TEST,2018-03-02 12:26:00,1,1,1
Friday-02-03-2018_TrafficForML_CICFlowMeter_30s_state.csv,TEST,2018-03-02 12:26:30,1,1,1
Friday-02-03-2018_TrafficForML_CICFlowMeter_30s_state.csv,TEST,2018-03-02 12:27:00,1,1,1
Friday-02-03-2018_TrafficForML_CICFlowMeter_30s_state.csv,TEST,2018-03-02 12:27:30,1,1,1
Friday-02-03-2018_TrafficForML_CICFlowMeter_30s_state.csv,TEST,2018-03-02 12:28:00,1,1,1
Friday-02-03-2018_TrafficForML_CICFlowMeter_30s_state.csv,TEST,2018-03-02 12:28:30,1,1,1
Friday-02-03-2018_TrafficForML_CICFlowMeter_30s_state.csv,TEST,2018-03-02 12:29:00,1,1,1
Friday-02-03-2018_TrafficForML_CICFlowMeter_30s_state.csv,TEST,2018-03-02 12:29:30,1,1,1
Friday-02-03-2018_TrafficForML_CICFlowMeter_30s_state.csv,TEST,2018-03-02 12:30:00,1,1,1
Friday-02-03-2018_TrafficForML_CICFlowMeter_30s_state.csv,TEST,2018-03-02 12:30:30,1,1,1
Friday-02-03-2018_TrafficForML_CICFlowMeter_30s_state.csv,TEST,2018-03-02 12:31:00,1,1,1
Friday-02-03-2018_TrafficForML_CICFlowMeter_30s_state.csv,TEST,2018-03-02 12:31:30,1,1,1
Friday-02-03-2018_TrafficForML_CICFlowMeter_30s_state.csv,TEST,2018-03-02 12:32:00,1,1,1
Friday-02-03-2018_TrafficForML_CICFlowMeter_30s_state.csv,TEST,2018-03-02 12:32:30,1,1,1
Friday-02-03-2018_TrafficForML_CICFlowMeter_30s_state.csv,TEST,2018-03-02 12:33:00,1,1,1
Friday-02-03-2018_TrafficForML_CICFlowMeter_30s_state.csv,TEST,2018-03-02 12:33:30,1,1,1
Friday-02-03-2018_TrafficForML_CICFlowMeter_30s_state.csv,TEST,2018-03-02 12:34:00,1,1,1
Friday-02-03-2018_TrafficForML_CICFlowMeter_30s_state.csv,TEST,2018-03-02 12:34:30,1,1,1
Friday-02-03-2018_TrafficForML_CICFlowMeter_30s_state.csv,TEST,2018-03-02 12:35:00,1,1,1
Friday-02-03-2018_TrafficForML_CICFlowMeter_30s_state.csv,TEST,2018-03-02 12:35:30,1,1,1
Friday-02-03-2018_TrafficForML_CICFlowMeter_30s_state.csv,TEST,2018-03-02 12:36:00,1,1,1
Friday-02-03-2018_TrafficForML_CICFlowMeter_30s_state.csv,TEST,2018-03-02 12:36:30,1,1,1
Friday-02-03-2018_TrafficForML_CICFlowMeter_30s_state.csv,TEST,2018-03-02 12:37:00,1,1,1
Friday-02-03-2018_TrafficForML_CICFlowMeter_30s_state.csv,TEST,2018-03-02 12:37:30,1,1,1
Friday-02-03-2018_TrafficForML_CICFlowMeter_30s_state.csv,TEST,2018-03-02 12:38:00,1,1,1
Friday-02-03-2018_TrafficForML_CICFlowMeter_30s_state.csv,TEST,2018-03-02 12:38:30,1,1,1
Friday-02-03-2018_TrafficForML_CICFlowMeter_30s_state.csv,TEST,2018-03-02 12:39:00,1,1,1
Friday-02-03-2018_TrafficForML_CICFlowMeter_30s_state.csv,TEST,2018-03-02 12:39:30,1,1,1
Friday-02-03-2018_TrafficForML_CICFlowMeter_30s_state.csv,TEST,2018-03-02 12:40:00,1,1,1
Friday-02-03-2018_TrafficForML_CICFlowMeter_30s_state.csv,TEST,2018-03-02 12:40:30,1,1,1
Friday-02-03-2018_TrafficForML_CICFlowMeter_30s_state.csv,TEST,2018-03-02 12:41:00,1,1,1
Friday-02-03-2018_TrafficForML_CICFlowMeter_30s_state.csv,TEST,2018-03-02 12:41:30,1,1,1
Friday-02-03-2018_TrafficForML_CICFlowMeter_30s_state.csv,TEST,2018-03-02 12:42:00,1,1,1
Friday-02-03-2018_TrafficForML_CICFlowMeter_30s_state.csv,TEST,2018-03-02 12:42:30,1,1,1
Friday-02-03-2018_TrafficForML_CICFlowMeter_30s_state.csv,TEST,2018-03-02 12:43:00,1,1,1
Friday-02-03-2018_TrafficForML_CICFlowMeter_30s_state.csv,TEST,2018-03-02 12:43:30,1,1,1
Friday-02-03-2018_TrafficForML_CICFlowMeter_30s_state.csv,TEST,2018-03-02 12:44:00,1,1,1
Friday-02-03-2018_TrafficForML_CICFlowMeter_30s_state.csv,TEST,2018-03-02 12:44:30,1,1,1
Friday-02-03-2018_TrafficForML_CICFlowMeter_30s_state.csv,TEST,2018-03-02 12:45:00,1,1,1
Friday-02-03-2018_TrafficForML_CICFlowMeter_30s_state.csv,TEST,2018-03-02 12:45:30,1,1,1
Friday-02-03-2018_TrafficForML_CICFlowMeter_30s_state.csv,TEST,2018-03-02 12:46:00,1,1,1
Friday-02-03-2018_TrafficForML_CICFlowMeter_30s_state.csv,TEST,2018-03-02 12:46:30,1,1,1
Friday-02-03-2018_TrafficForML_CICFlowMeter_30s_state.csv,TEST,2018-03-02 12:47:00,1,1,1
Friday-02-03-2018_TrafficForML_CICFlowMeter_30s_state.csv,TEST,2018-03-02 12:47:30,1,1,1
Friday-02-03-2018_TrafficForML_CICFlowMeter_30s_state.csv,TEST,2018-03-02 12:48:00,1,1,1
Friday-02-03-2018_TrafficForML_CICFlowMeter_30s_state.csv,TEST,2018-03-02 12:48:30,1,1,1
Friday-02-03-2018_TrafficForML_CICFlowMeter_30s_state.csv,TEST,2018-03-02 12:49:00,1,1,1
Friday-02-03-2018_TrafficForML_CICFlowMeter_30s_state.csv,TEST,2018-03-02 12:49:30,1,1,1
Friday-02-03-2018_TrafficForML_CICFlowMeter_30s_state.csv,TEST,2018-03-02 12:50:00,1,1,1
Friday-02-03-2018_TrafficForML_CICFlowMeter_30s_state.csv,TEST,2018-03-02 12:50:30,1,1,1
Friday-02-03-2018_TrafficForML_CICFlowMeter_30s_state.csv,TEST,2018-03-02 12:51:00,1,1,1
Friday-02-03-2018_TrafficForML_CICFlowMeter_30s_state.csv,TEST,2018-03-02 12:51:30,1,1,1
Friday-02-03-2018_TrafficForML_CICFlowMeter_30s_state.csv,TEST,2018-03-02 12:52:00,1,1,1
Friday-02-03-2018_TrafficForML_CICFlowMeter_30s_state.csv,TEST,2018-03-02 12:52:30,1,1,1
Friday-02-03-2018_TrafficForML_CICFlowMeter_30s_state.csv,TEST,2018-03-02 12:53:00,1,1,1
Friday-02-03-2018_TrafficForML_CICFlowMeter_30s_state.csv,TEST,2018-03-02 12:53:30,1,1,1
Friday-02-03-2018_TrafficForML_CICFlowMeter_30s_state.csv,TEST,2018-03-02 12:54:00,1,1,1
Friday-02-03-2018_TrafficForML_CICFlowMeter_30s_state.csv,TEST,2018-03-02 12:54:30,1,1,1
Friday-02-03-2018_TrafficForML_CICFlowMeter_30s_state.csv,TEST,2018-03-02 12:55:00,1,1,1
Friday-02-03-2018_TrafficForML_CICFlowMeter_30s_state.csv,TEST,2018-03-02 12:55:30,1,1,1
Friday-02-03-2018_TrafficForML_CICFlowMeter_30s_state.csv,TEST,2018-03-02 12:56:00,1,1,1
Friday-02-03-2018_TrafficForML_CICFlowMeter_30s_state.csv,TEST,2018-03-02 12:56:30,1,1,1
Friday-02-03-2018_TrafficForML_CICFlowMeter_30s_state.csv,TEST,2018-03-02 12:57:00,1,1,1
Friday-02-03-2018_TrafficForML_CICFlowMeter_30s_state.csv,TEST,2018-03-02 12:57:30,1,1,1
Friday-02-03-2018_TrafficForML_CICFlowMeter_30s_state.csv,TEST,2018-03-02 12:58:00,1,1,1
Friday-02-03-2018_TrafficForML_CICFlowMeter_30s_state.csv,TEST,2018-03-02 12:58:30,1,1,1
Friday-02-03-2018_TrafficForML_CICFlowMeter_30s_state.csv,TEST,2018-03-02 12:59:00,1,1,1
Friday-02-03-2018_TrafficForML_CICFlowMeter_30s_state.csv,TEST,2018-03-02 12:59:30,1,1,1
Friday-16-02-2018_TrafficForML_CICFlowMeter_30s_state.csv,TRAIN,2018-02-16 10:17:00,1,1,1
Friday-16-02-2018_TrafficForML_CICFlowMeter_30s_state.csv,TRAIN,2018-02-16 10:17:30,1,1,1
Friday-16-02-2018_TrafficForML_CICFlowMeter_30s_state.csv,TRAIN,2018-02-16 10:18:00,1,1,1
Friday-16-02-2018_TrafficForML_CICFlowMeter_30s_state.csv,TRAIN,2018-02-16 10:18:30,1,1,1
Friday-16-02-2018_TrafficForML_CICFlowMeter_30s_state.csv,TRAIN,2018-02-16 10:19:00,1,1,1
Friday-16-02-2018_TrafficForML_CICFlowMeter_30s_state.csv,TRAIN,2018-02-16 10:19:30,1,1,1
Friday-16-02-2018_TrafficForML_CICFlowMeter_30s_state.csv,TRAIN,2018-02-16 10:20:00,1,1,1
Friday-16-02-2018_TrafficForML_CICFlowMeter_30s_state.csv,TRAIN,2018-02-16 10:20:30,1,1,1
Friday-16-02-2018_TrafficForML_CICFlowMeter_30s_state.csv,TRAIN,2018-02-16 10:21:00,1,1,1
Friday-16-02-2018_TrafficForML_CICFlowMeter_30s_state.csv,TRAIN,2018-02-16 10:21:30,1,1,1
Friday-16-02-2018_TrafficForML_CICFlowMeter_30s_state.csv,TRAIN,2018-02-16 10:22:00,1,1,1
Friday-16-02-2018_TrafficForML_CICFlowMeter_30s_state.csv,TRAIN,2018-02-16 10:22:30,1,1,1
Friday-16-02-2018_TrafficForML_CICFlowMeter_30s_state.csv,TRAIN,2018-02-16 10:23:00,1,1,1
Friday-16-02-2018_TrafficForML_CICFlowMeter_30s_state.csv,TRAIN,2018-02-16 10:23:30,1,1,1
Friday-16-02-2018_TrafficForML_CICFlowMeter_30s_state.csv,TRAIN,2018-02-16 10:24:00,1,1,1
Friday-16-02-2018_TrafficForML_CICFlowMeter_30s_state.csv,TRAIN,2018-02-16 10:24:30,1,1,1
Friday-16-02-2018_TrafficForML_CICFlowMeter_30s_state.csv,TRAIN,2018-02-16 10:25:00,1,1,1
Friday-16-02-2018_TrafficForML_CICFlowMeter_30s_state.csv,TRAIN,2018-02-16 10:25:30,1,1,1
Friday-16-02-2018_TrafficForML_CICFlowMeter_30s_state.csv,TRAIN,2018-02-16 10:26:00,1,1,1
Friday-16-02-2018_TrafficForML_CICFlowMeter_30s_state.csv,TRAIN,2018-02-16 10:26:30,1,1,1
Friday-16-02-2018_TrafficForML_CICFlowMeter_30s_state.csv,TRAIN,2018-02-16 10:27:00,1,1,1
Friday-16-02-2018_TrafficForML_CICFlowMeter_30s_state.csv,TRAIN,2018-02-16 10:27:30,1,1,1
Friday-16-02-2018_TrafficForML_CICFlowMeter_30s_state.csv,TRAIN,2018-02-16 10:28:00,1,1,1
Friday-16-02-2018_TrafficForML_CICFlowMeter_30s_state.csv,TRAIN,2018-02-16 10:28:30,1,1,1
Friday-16-02-2018_TrafficForML_CICFlowMeter_30s_state.csv,TRAIN,2018-02-16 10:29:00,1,1,1
Friday-16-02-2018_TrafficForML_CICFlowMeter_30s_state.csv,TRAIN,2018-02-16 10:29:30,1,1,1
Friday-16-02-2018_TrafficForML_CICFlowMeter_30s_state.csv,TRAIN,2018-02-16 10:30:00,1,1,1
Friday-16-02-2018_TrafficForML_CICFlowMeter_30s_state.csv,TRAIN,2018-02-16 10:30:30,1,1,1
Friday-16-02-2018_TrafficForML_CICFlowMeter_30s_state.csv,TRAIN,2018-02-16 10:31:00,1,1,1
Friday-16-02-2018_TrafficForML_CICFlowMeter_30s_state.csv,TRAIN,2018-02-16 10:31:30,1,1,1
Friday-16-02-2018_TrafficForML_CICFlowMeter_30s_state.csv,TRAIN,2018-02-16 10:32:00,1,1,1
Friday-16-02-2018_TrafficForML_CICFlowMeter_30s_state.csv,TRAIN,2018-02-16 10:32:30,1,1,1
Friday-16-02-2018_TrafficForML_CICFlowMeter_30s_state.csv,TRAIN,2018-02-16 10:33:00,1,1,1
Friday-16-02-2018_TrafficForML_CICFlowMeter_30s_state.csv,TRAIN,2018-02-16 10:33:30,1,1,1
Friday-16-02-2018_TrafficForML_CICFlowMeter_30s_state.csv,TRAIN,2018-02-16 10:34:00,1,1,1
Friday-16-02-2018_TrafficForML_CICFlowMeter_30s_state.csv,TRAIN,2018-02-16 10:34:30,1,1,1
Friday-16-02-2018_TrafficForML_CICFlowMeter_30s_state.csv,TRAIN,2018-02-16 10:35:00,1,1,1
Friday-16-02-2018_TrafficForML_CICFlowMeter_30s_state.csv,TRAIN,2018-02-16 10:35:30,1,1,1
Friday-16-02-2018_TrafficForML_CICFlowMeter_30s_state.csv,TRAIN,2018-02-16 10:36:00,1,1,1
Friday-16-02-2018_TrafficForML_CICFlowMeter_30s_state.csv,TRAIN,2018-02-16 10:36:30,1,1,1
Friday-16-02-2018_TrafficForML_CICFlowMeter_30s_state.csv,TRAIN,2018-02-16 10:37:00,1,1,1
Friday-16-02-2018_TrafficForML_CICFlowMeter_30s_state.csv,TRAIN,2018-02-16 10:37:30,1,1,1
Friday-16-02-2018_TrafficForML_CICFlowMeter_30s_state.csv,TRAIN,2018-02-16 10:38:00,1,1,1
Friday-16-02-2018_TrafficForML_CICFlowMeter_30s_state.csv,TRAIN,2018-02-16 10:38:30,1,1,1
Friday-16-02-2018_TrafficForML_CICFlowMeter_30s_state.csv,TRAIN,2018-02-16 10:39:00,1,1,1
Friday-16-02-2018_TrafficForML_CICFlowMeter_30s_state.csv,TRAIN,2018-02-16 10:39:30,1,1,1
Friday-16-02-2018_TrafficForML_CICFlowMeter_30s_state.csv,TRAIN,2018-02-16 10:40:00,1,1,1
Friday-16-02-2018_TrafficForML_CICFlowMeter_30s_state.csv,TRAIN,2018-02-16 10:40:30,1,1,1
Friday-16-02-2018_TrafficForML_CICFlowMeter_30s_state.csv,TRAIN,2018-02-16 10:41:00,1,1,1
Friday-16-02-2018_TrafficForML_CICFlowMeter_30s_state.csv,TRAIN,2018-02-16 10:41:30,1,1,1
Friday-16-02-2018_TrafficForML_CICFlowMeter_30s_state.csv,TRAIN,2018-02-16 10:42:00,1,1,1
Friday-16-02-2018_TrafficForML_CICFlowMeter_30s_state.csv,TRAIN,2018-02-16 10:42:30,1,1,1
Friday-16-02-2018_TrafficForML_CICFlowMeter_30s_state.csv,TRAIN,2018-02-16 10:43:00,1,1,1
Friday-16-02-2018_TrafficForML_CICFlowMeter_30s_state.csv,TRAIN,2018-02-16 10:43:30,1,1,1
Friday-16-02-2018_TrafficForML_CICFlowMeter_30s_state.csv,TRAIN,2018-02-16 10:44:00,1,1,1
Friday-16-02-2018_TrafficForML_CICFlowMeter_30s_state.csv,TRAIN,2018-02-16 10:44:30,1,1,1
Friday-16-02-2018_TrafficForML_CICFlowMeter_30s_state.csv,TRAIN,2018-02-16 10:45:00,1,1,1
Friday-16-02-2018_TrafficForML_CICFlowMeter_30s_state.csv,TRAIN,2018-02-16 10:45:30,1,1,1
Friday-16-02-2018_TrafficForML_CICFlowMeter_30s_state.csv,TRAIN,2018-02-16 10:46:00,1,1,1
Friday-16-02-2018_TrafficForML_CICFlowMeter_30s_state.csv,TRAIN,2018-02-16 10:46:30,1,1,1
Friday-16-02-2018_TrafficForML_CICFlowMeter_30s_state.csv,TRAIN,2018-02-16 10:47:00,1,1,1
Friday-16-02-2018_TrafficForML_CICFlowMeter_30s_state.csv,TRAIN,2018-02-16 10:47:30,1,1,1
Friday-16-02-2018_TrafficForML_CICFlowMeter_30s_state.csv,TRAIN,2018-02-16 10:48:00,1,1,1
Friday-16-02-2018_TrafficForML_CICFlowMeter_30s_state.csv,TRAIN,2018-02-16 10:48:30,1,1,1
Friday-16-02-2018_TrafficForML_CICFlowMeter_30s_state.csv,TRAIN,2018-02-16 10:49:00,1,1,1
Friday-16-02-2018_TrafficForML_CICFlowMeter_30s_state.csv,TRAIN,2018-02-16 10:49:30,1,1,1
Friday-16-02-2018_TrafficForML_CICFlowMeter_30s_state.csv,TRAIN,2018-02-16 10:50:00,1,1,1
Friday-16-02-2018_TrafficForML_CICFlowMeter_30s_state.csv,TRAIN,2018-02-16 10:50:30,1,1,1
Friday-16-02-2018_TrafficForML_CICFlowMeter_30s_state.csv,TRAIN,2018-02-16 10:51:00,1,1,1
Friday-16-02-2018_TrafficForML_CICFlowMeter_30s_state.csv,TRAIN,2018-02-16 10:51:30,1,1,1
Friday-16-02-2018_TrafficForML_CICFlowMeter_30s_state.csv,TRAIN,2018-02-16 10:52:00,1,1,1
Friday-16-02-2018_TrafficForML_CICFlowMeter_30s_state.csv,TRAIN,2018-02-16 10:52:30,1,1,1
Friday-16-02-2018_TrafficForML_CICFlowMeter_30s_state.csv,TRAIN,2018-02-16 10:53:00,1,1,1
Friday-16-02-2018_TrafficForML_CICFlowMeter_30s_state.csv,TRAIN,2018-02-16 10:53:30,1,1,1
Friday-16-02-2018_TrafficForML_CICFlowMeter_30s_state.csv,TRAIN,2018-02-16 10:54:00,1,1,1
Friday-16-02-2018_TrafficForML_CICFlowMeter_30s_state.csv,TRAIN,2018-02-16 10:54:30,1,1,1
Friday-16-02-2018_TrafficForML_CICFlowMeter_30s_state.csv,TRAIN,2018-02-16 10:55:00,1,1,1
Friday-16-02-2018_TrafficForML_CICFlowMeter_30s_state.csv,TRAIN,2018-02-16 10:55:30,1,1,1
Friday-16-02-2018_TrafficForML_CICFlowMeter_30s_state.csv,TRAIN,2018-02-16 10:56:00,1,1,1
Friday-16-02-2018_TrafficForML_CICFlowMeter_30s_state.csv,TRAIN,2018-02-16 10:56:30,1,1,1
Friday-16-02-2018_TrafficForML_CICFlowMeter_30s_state.csv,TRAIN,2018-02-16 10:57:00,1,1,1
Friday-16-02-2018_TrafficForML_CICFlowMeter_30s_state.csv,TRAIN,2018-02-16 10:57:30,1,1,1
Friday-16-02-2018_TrafficForML_CICFlowMeter_30s_state.csv,TRAIN,2018-02-16 10:58:00,1,1,1
Friday-23-02-2018_TrafficForML_CICFlowMeter_30s_state.csv,TRAIN,2018-02-23 01:05:30,0,1,0
Friday-23-02-2018_TrafficForML_CICFlowMeter_30s_state.csv,TRAIN,2018-02-23 01:06:00,1,0,1
Friday-23-02-2018_TrafficForML_CICFlowMeter_30s_state.csv,TRAIN,2018-02-23 01:06:30,0,1,0
Friday-23-02-2018_TrafficForML_CICFlowMeter_30s_state.csv,TRAIN,2018-02-23 01:07:00,1,0,1
Friday-23-02-2018_TrafficForML_CICFlowMeter_30s_state.csv,TRAIN,2018-02-23 01:07:30,0,1,0
Friday-23-02-2018_TrafficForML_CICFlowMeter_30s_state.csv,TRAIN,2018-02-23 01:08:00,1,0,1
Friday-23-02-2018_TrafficForML_CICFlowMeter_30s_state.csv,TRAIN,2018-02-23 01:08:30,0,1,0
Friday-23-02-2018_TrafficForML_CICFlowMeter_30s_state.csv,TRAIN,2018-02-23 01:09:00,1,0,1
Friday-23-02-2018_TrafficForML_CICFlowMeter_30s_state.csv,TRAIN,2018-02-23 01:09:30,0,1,0
Friday-23-02-2018_TrafficForML_CICFlowMeter_30s_state.csv,TRAIN,2018-02-23 01:10:00,1,0,1
Friday-23-02-2018_TrafficForML_CICFlowMeter_30s_state.csv,TRAIN,2018-02-23 01:10:30,0,1,0
Friday-23-02-2018_TrafficForML_CICFlowMeter_30s_state.csv,TRAIN,2018-02-23 01:11:00,1,0,1
Friday-23-02-2018_TrafficForML_CICFlowMeter_30s_state.csv,TRAIN,2018-02-23 01:11:30,0,1,0
Friday-23-02-2018_TrafficForML_CICFlowMeter_30s_state.csv,TRAIN,2018-02-23 01:12:00,1,1,1
Friday-23-02-2018_TrafficForML_CICFlowMeter_30s_state.csv,TRAIN,2018-02-23 01:12:30,1,1,1
Friday-23-02-2018_TrafficForML_CICFlowMeter_30s_state.csv,TRAIN,2018-02-23 01:13:00,1,1,1
Friday-23-02-2018_TrafficForML_CICFlowMeter_30s_state.csv,TRAIN,2018-02-23 01:13:30,1,0,1
Friday-23-02-2018_TrafficForML_CICFlowMeter_30s_state.csv,TRAIN,2018-02-23 01:14:00,0,1,0
Friday-23-02-2018_TrafficForML_CICFlowMeter_30s_state.csv,TRAIN,2018-02-23 01:14:30,1,0,1
Friday-23-02-2018_TrafficForML_CICFlowMeter_30s_state.csv,TRAIN,2018-02-23 01:15:00,0,1,0
Friday-23-02-2018_TrafficForML_CICFlowMeter_30s_state.csv,TRAIN,2018-02-23 01:15:30,1,0,1
Friday-23-02-2018_TrafficForML_CICFlowMeter_30s_state.csv,TRAIN,2018-02-23 01:16:00,0,1,0
Friday-23-02-2018_TrafficForML_CICFlowMeter_30s_state.csv,TRAIN,2018-02-23 01:16:30,1,0,1
Friday-23-02-2018_TrafficForML_CICFlowMeter_30s_state.csv,TRAIN,2018-02-23 01:17:00,0,1,0
Friday-23-02-2018_TrafficForML_CICFlowMeter_30s_state.csv,TRAIN,2018-02-23 01:17:30,1,0,1
Friday-23-02-2018_TrafficForML_CICFlowMeter_30s_state.csv,TRAIN,2018-02-23 01:18:00,0,1,0
Friday-23-02-2018_TrafficForML_CICFlowMeter_30s_state.csv,TRAIN,2018-02-23 01:18:30,1,0,1
Friday-23-02-2018_TrafficForML_CICFlowMeter_30s_state.csv,TRAIN,2018-02-23 01:19:00,0,1,0
Friday-23-02-2018_TrafficForML_CICFlowMeter_30s_state.csv,TRAIN,2018-02-23 01:19:30,1,0,1
Friday-23-02-2018_TrafficForML_CICFlowMeter_30s_state.csv,TRAIN,2018-02-23 01:20:00,0,1,0
Friday-23-02-2018_TrafficForML_CICFlowMeter_30s_state.csv,TRAIN,2018-02-23 01:20:30,1,0,1
Friday-23-02-2018_TrafficForML_CICFlowMeter_30s_state.csv,TRAIN,2018-02-23 01:21:00,0,1,0
Friday-23-02-2018_TrafficForML_CICFlowMeter_30s_state.csv,TRAIN,2018-02-23 01:21:30,1,0,1
Friday-23-02-2018_TrafficForML_CICFlowMeter_30s_state.csv,TRAIN,2018-02-23 01:22:00,0,1,0
Friday-23-02-2018_TrafficForML_CICFlowMeter_30s_state.csv,TRAIN,2018-02-23 01:22:30,1,0,1
Friday-23-02-2018_TrafficForML_CICFlowMeter_30s_state.csv,TRAIN,2018-02-23 01:23:00,0,1,0
Friday-23-02-2018_TrafficForML_CICFlowMeter_30s_state.csv,TRAIN,2018-02-23 01:23:30,1,1,1
Friday-23-02-2018_TrafficForML_CICFlowMeter_30s_state.csv,TRAIN,2018-02-23 01:24:00,1,0,1
Friday-23-02-2018_TrafficForML_CICFlowMeter_30s_state.csv,TRAIN,2018-02-23 01:24:30,0,1,0
Friday-23-02-2018_TrafficForML_CICFlowMeter_30s_state.csv,TRAIN,2018-02-23 01:25:00,1,0,1
Friday-23-02-2018_TrafficForML_CICFlowMeter_30s_state.csv,TRAIN,2018-02-23 01:25:30,0,1,0
Friday-23-02-2018_TrafficForML_CICFlowMeter_30s_state.csv,TRAIN,2018-02-23 01:26:00,1,0,1
Friday-23-02-2018_TrafficForML_CICFlowMeter_30s_state.csv,TRAIN,2018-02-23 01:26:30,0,1,0
Friday-23-02-2018_TrafficForML_CICFlowMeter_30s_state.csv,TRAIN,2018-02-23 01:27:00,1,0,1
Friday-23-02-2018_TrafficForML_CICFlowMeter_30s_state.csv,TRAIN,2018-02-23 01:27:30,0,1,0
Friday-23-02-2018_TrafficForML_CICFlowMeter_30s_state.csv,TRAIN,2018-02-23 01:28:00,1,0,1
Friday-23-02-2018_TrafficForML_CICFlowMeter_30s_state.csv,TRAIN,2018-02-23 01:28:30,0,1,0
Friday-23-02-2018_TrafficForML_CICFlowMeter_30s_state.csv,TRAIN,2018-02-23 01:29:00,1,0,1
Friday-23-02-2018_TrafficForML_CICFlowMeter_30s_state.csv,TRAIN,2018-02-23 01:29:30,0,1,0
Friday-23-02-2018_TrafficForML_CICFlowMeter_30s_state.csv,TRAIN,2018-02-23 01:30:00,1,0,1
Friday-23-02-2018_TrafficForML_CICFlowMeter_30s_state.csv,TRAIN,2018-02-23 01:30:30,0,1,0
Friday-23-02-2018_TrafficForML_CICFlowMeter_30s_state.csv,TRAIN,2018-02-23 01:31:00,1,0,1
Friday-23-02-2018_TrafficForML_CICFlowMeter_30s_state.csv,TRAIN,2018-02-23 01:31:30,0,1,0
Friday-23-02-2018_TrafficForML_CICFlowMeter_30s_state.csv,TRAIN,2018-02-23 01:32:00,1,0,1
Friday-23-02-2018_TrafficForML_CICFlowMeter_30s_state.csv,TRAIN,2018-02-23 01:32:30,0,1,0
Friday-23-02-2018_TrafficForML_CICFlowMeter_30s_state.csv,TRAIN,2018-02-23 01:33:00,1,0,1
Friday-23-02-2018_TrafficForML_CICFlowMeter_30s_state.csv,TRAIN,2018-02-23 01:33:30,0,1,0
Friday-23-02-2018_TrafficForML_CICFlowMeter_30s_state.csv,TRAIN,2018-02-23 01:34:00,1,0,1
Friday-23-02-2018_TrafficForML_CICFlowMeter_30s_state.csv,TRAIN,2018-02-23 01:34:30,0,1,0
Friday-23-02-2018_TrafficForML_CICFlowMeter_30s_state.csv,TRAIN,2018-02-23 01:35:00,1,0,1
Friday-23-02-2018_TrafficForML_CICFlowMeter_30s_state.csv,TRAIN,2018-02-23 01:35:30,0,1,0
Friday-23-02-2018_TrafficForML_CICFlowMeter_30s_state.csv,TRAIN,2018-02-23 01:36:00,1,1,1
Friday-23-02-2018_TrafficForML_CICFlowMeter_30s_state.csv,TRAIN,2018-02-23 01:36:30,1,0,1
Friday-23-02-2018_TrafficForML_CICFlowMeter_30s_state.csv,TRAIN,2018-02-23 01:37:00,0,1,0
Friday-23-02-2018_TrafficForML_CICFlowMeter_30s_state.csv,TRAIN,2018-02-23 01:37:30,1,0,1
Friday-23-02-2018_TrafficForML_CICFlowMeter_30s_state.csv,TRAIN,2018-02-23 01:38:00,0,1,0
Friday-23-02-2018_TrafficForML_CICFlowMeter_30s_state.csv,TRAIN,2018-02-23 01:38:30,1,0,1
Friday-23-02-2018_TrafficForML_CICFlowMeter_30s_state.csv,TRAIN,2018-02-23 01:39:00,0,1,0
Friday-23-02-2018_TrafficForML_CICFlowMeter_30s_state.csv,TRAIN,2018-02-23 01:39:30,1,0,1
Friday-23-02-2018_TrafficForML_CICFlowMeter_30s_state.csv,TRAIN,2018-02-23 01:40:00,0,1,0
Friday-23-02-2018_TrafficForML_CICFlowMeter_30s_state.csv,TRAIN,2018-02-23 01:40:30,1,0,1
Friday-23-02-2018_TrafficForML_CICFlowMeter_30s_state.csv,TRAIN,2018-02-23 01:41:00,0,1,0
Friday-23-02-2018_TrafficForML_CICFlowMeter_30s_state.csv,TRAIN,2018-02-23 01:41:30,1,1,1
Friday-23-02-2018_TrafficForML_CICFlowMeter_30s_state.csv,TRAIN,2018-02-23 01:42:00,1,1,1
Friday-23-02-2018_TrafficForML_CICFlowMeter_30s_state.csv,TRAIN,2018-02-23 01:42:30,1,0,1
Friday-23-02-2018_TrafficForML_CICFlowMeter_30s_state.csv,TRAIN,2018-02-23 01:43:00,0,1,0
Friday-23-02-2018_TrafficForML_CICFlowMeter_30s_state.csv,TRAIN,2018-02-23 01:43:30,1,0,1
Friday-23-02-2018_TrafficForML_CICFlowMeter_30s_state.csv,TRAIN,2018-02-23 01:44:00,0,1,0
Friday-23-02-2018_TrafficForML_CICFlowMeter_30s_state.csv,TRAIN,2018-02-23 01:44:30,1,0,1
Friday-23-02-2018_TrafficForML_CICFlowMeter_30s_state.csv,TRAIN,2018-02-23 01:45:00,0,1,0
Friday-23-02-2018_TrafficForML_CICFlowMeter_30s_state.csv,TRAIN,2018-02-23 01:45:30,1,0,1
Friday-23-02-2018_TrafficForML_CICFlowMeter_30s_state.csv,TRAIN,2018-02-23 01:46:00,0,1,0
Friday-23-02-2018_TrafficForML_CICFlowMeter_30s_state.csv,TRAIN,2018-02-23 01:46:30,1,0,1
Friday-23-02-2018_TrafficForML_CICFlowMeter_30s_state.csv,TRAIN,2018-02-23 01:47:00,0,1,0
Friday-23-02-2018_TrafficForML_CICFlowMeter_30s_state.csv,TRAIN,2018-02-23 01:47:30,1,1,1
Friday-23-02-2018_TrafficForML_CICFlowMeter_30s_state.csv,TRAIN,2018-02-23 01:48:00,1,0,1
Friday-23-02-2018_TrafficForML_CICFlowMeter_30s_state.csv,TRAIN,2018-02-23 01:48:30,0,1,0
Friday-23-02-2018_TrafficForML_CICFlowMeter_30s_state.csv,TRAIN,2018-02-23 01:49:00,1,0,1
Friday-23-02-2018_TrafficForML_CICFlowMeter_30s_state.csv,TRAIN,2018-02-23 01:49:30,0,1,0
Friday-23-02-2018_TrafficForML_CICFlowMeter_30s_state.csv,TRAIN,2018-02-23 01:50:00,1,0,1
Friday-23-02-2018_TrafficForML_CICFlowMeter_30s_state.csv,TRAIN,2018-02-23 01:50:30,0,1,0
Friday-23-02-2018_TrafficForML_CICFlowMeter_30s_state.csv,TRAIN,2018-02-23 01:51:00,1,0,1
Friday-23-02-2018_TrafficForML_CICFlowMeter_30s_state.csv,TRAIN,2018-02-23 01:51:30,0,1,0
Friday-23-02-2018_TrafficForML_CICFlowMeter_30s_state.csv,TRAIN,2018-02-23 01:52:00,1,0,1
Friday-23-02-2018_TrafficForML_CICFlowMeter_30s_state.csv,TRAIN,2018-02-23 01:52:30,0,1,0
Friday-23-02-2018_TrafficForML_CICFlowMeter_30s_state.csv,TRAIN,2018-02-23 01:53:00,1,0,1
Friday-23-02-2018_TrafficForML_CICFlowMeter_30s_state.csv,TRAIN,2018-02-23 01:53:30,0,1,0
Friday-23-02-2018_TrafficForML_CICFlowMeter_30s_state.csv,TRAIN,2018-02-23 01:54:00,1,0,1
Friday-23-02-2018_TrafficForML_CICFlowMeter_30s_state.csv,TRAIN,2018-02-23 01:54:30,0,1,0
Friday-23-02-2018_TrafficForML_CICFlowMeter_30s_state.csv,TRAIN,2018-02-23 01:55:00,1,0,1
Friday-23-02-2018_TrafficForML_CICFlowMeter_30s_state.csv,TRAIN,2018-02-23 01:55:30,0,1,0
Friday-23-02-2018_TrafficForML_CICFlowMeter_30s_state.csv,TRAIN,2018-02-23 01:56:00,1,0,1
Friday-23-02-2018_TrafficForML_CICFlowMeter_30s_state.csv,TRAIN,2018-02-23 01:56:30,0,1,0
Friday-23-02-2018_TrafficForML_CICFlowMeter_30s_state.csv,TRAIN,2018-02-23 01:57:00,1,0,1
Friday-23-02-2018_TrafficForML_CICFlowMeter_30s_state.csv,TRAIN,2018-02-23 01:57:30,0,1,0
Friday-23-02-2018_TrafficForML_CICFlowMeter_30s_state.csv,TRAIN,2018-02-23 01:58:00,1,0,1
Friday-23-02-2018_TrafficForML_CICFlowMeter_30s_state.csv,TRAIN,2018-02-23 01:58:30,0,1,0
Friday-23-02-2018_TrafficForML_CICFlowMeter_30s_state.csv,TRAIN,2018-02-23 01:59:00,1,1,1
Friday-23-02-2018_TrafficForML_CICFlowMeter_30s_state.csv,TRAIN,2018-02-23 01:59:30,1,0,1
Friday-23-02-2018_TrafficForML_CICFlowMeter_30s_state.csv,TRAIN,2018-02-23 02:00:00,0,1,0
Friday-23-02-2018_TrafficForML_CICFlowMeter_30s_state.csv,TRAIN,2018-02-23 02:00:30,1,0,1
Friday-23-02-2018_TrafficForML_CICFlowMeter_30s_state.csv,TRAIN,2018-02-23 02:01:00,0,1,0
Friday-23-02-2018_TrafficForML_CICFlowMeter_30s_state.csv,TRAIN,2018-02-23 02:01:30,1,0,1
Friday-23-02-2018_TrafficForML_CICFlowMeter_30s_state.csv,TRAIN,2018-02-23 02:02:00,0,1,0
Friday-23-02-2018_TrafficForML_CICFlowMeter_30s_state.csv,TRAIN,2018-02-23 02:02:30,1,0,1
Friday-23-02-2018_TrafficForML_CICFlowMeter_30s_state.csv,TRAIN,2018-02-23 02:03:00,0,1,0
Friday-23-02-2018_TrafficForML_CICFlowMeter_30s_state.csv,TRAIN,2018-02-23 02:03:30,1,0,1
Friday-23-02-2018_TrafficForML_CICFlowMeter_30s_state.csv,TRAIN,2018-02-23 02:04:00,0,1,0
Friday-23-02-2018_TrafficForML_CICFlowMeter_30s_state.csv,TRAIN,2018-02-23 02:04:30,1,0,1
Friday-23-02-2018_TrafficForML_CICFlowMeter_30s_state.csv,TRAIN,2018-02-23 02:05:00,0,1,0
Friday-23-02-2018_TrafficForML_CICFlowMeter_30s_state.csv,TRAIN,2018-02-23 02:05:30,1,1,1
Friday-23-02-2018_TrafficForML_CICFlowMeter_30s_state.csv,TRAIN,2018-02-23 02:06:00,1,1,1
Friday-23-02-2018_TrafficForML_CICFlowMeter_30s_state.csv,TRAIN,2018-02-23 02:06:30,1,0,1
Friday-23-02-2018_TrafficForML_CICFlowMeter_30s_state.csv,TRAIN,2018-02-23 02:07:00,0,1,0
Friday-23-02-2018_TrafficForML_CICFlowMeter_30s_state.csv,TRAIN,2018-02-23 02:07:30,1,0,1
Friday-23-02-2018_TrafficForML_CICFlowMeter_30s_state.csv,TRAIN,2018-02-23 02:08:00,0,1,0
Friday-23-02-2018_TrafficForML_CICFlowMeter_30s_state.csv,TRAIN,2018-02-23 02:08:30,1,0,1
Friday-23-02-2018_TrafficForML_CICFlowMeter_30s_state.csv,TRAIN,2018-02-23 02:09:00,0,1,0
Friday-23-02-2018_TrafficForML_CICFlowMeter_30s_state.csv,TRAIN,2018-02-23 02:09:30,1,0,1
Friday-23-02-2018_TrafficForML_CICFlowMeter_30s_state.csv,TRAIN,2018-02-23 02:10:00,0,1,0
Friday-23-02-2018_TrafficForML_CICFlowMeter_30s_state.csv,TRAIN,2018-02-23 02:10:30,1,0,1
Friday-23-02-2018_TrafficForML_CICFlowMeter_30s_state.csv,TRAIN,2018-02-23 02:11:00,0,0,0
Friday-23-02-2018_TrafficForML_CICFlowMeter_30s_state.csv,TRAIN,2018-02-23 02:11:30,0,0,0
Friday-23-02-2018_TrafficForML_CICFlowMeter_30s_state.csv,TRAIN,2018-02-23 02:12:00,0,0,0
Friday-23-02-2018_TrafficForML_CICFlowMeter_30s_state.csv,TRAIN,2018-02-23 02:12:30,0,0,0
Friday-23-02-2018_TrafficForML_CICFlowMeter_30s_state.csv,TRAIN,2018-02-23 02:13:00,0,0,0
Friday-23-02-2018_TrafficForML_CICFlowMeter_30s_state.csv,TRAIN,2018-02-23 02:13:30,0,0,0
Friday-23-02-2018_TrafficForML_CICFlowMeter_30s_state.csv,TRAIN,2018-02-23 02:14:00,0,0,0
Friday-23-02-2018_TrafficForML_CICFlowMeter_30s_state.csv,TRAIN,2018-02-23 02:14:30,0,0,0
Friday-23-02-2018_TrafficForML_CICFlowMeter_30s_state.csv,TRAIN,2018-02-23 02:15:00,0,0,0
Friday-23-02-2018_TrafficForML_CICFlowMeter_30s_state.csv,TRAIN,2018-02-23 02:15:30,0,0,0
Friday-23-02-2018_TrafficForML_CICFlowMeter_30s_state.csv,TRAIN,2018-02-23 02:16:00,0,0,0
Friday-23-02-2018_TrafficForML_CICFlowMeter_30s_state.csv,TRAIN,2018-02-23 02:16:30,0,0,0
Friday-23-02-2018_TrafficForML_CICFlowMeter_30s_state.csv,TRAIN,2018-02-23 02:17:00,0,0,0
Friday-23-02-2018_TrafficForML_CICFlowMeter_30s_state.csv,TRAIN,2018-02-23 02:17:30,0,0,0
Friday-23-02-2018_TrafficForML_CICFlowMeter_30s_state.csv,TRAIN,2018-02-23 02:18:00,0,0,0
Friday-23-02-2018_TrafficForML_CICFlowMeter_30s_state.csv,TRAIN,2018-02-23 02:18:30,0,0,0
Friday-23-02-2018_TrafficForML_CICFlowMeter_30s_state.csv,TRAIN,2018-02-23 02:19:00,0,0,0
Friday-23-02-2018_TrafficForML_CICFlowMeter_30s_state.csv,TRAIN,2018-02-23 02:19:30,0,0,0
Friday-23-02-2018_TrafficForML_CICFlowMeter_30s_state.csv,TRAIN,2018-02-23 02:20:00,0,0,0
Friday-23-02-2018_TrafficForML_CICFlowMeter_30s_state.csv,TRAIN,2018-02-23 02:20:30,0,0,0
Friday-23-02-2018_TrafficForML_CICFlowMeter_30s_state.csv,TRAIN,2018-02-23 02:21:00,0,0,0
Friday-23-02-2018_TrafficForML_CICFlowMeter_30s_state.csv,TRAIN,2018-02-23 02:21:30,0,0,0
Friday-23-02-2018_TrafficForML_CICFlowMeter_30s_state.csv,TRAIN,2018-02-23 02:22:00,0,0,0
Friday-23-02-2018_TrafficForML_CICFlowMeter_30s_state.csv,TRAIN,2018-02-23 02:22:30,0,0,0
Friday-23-02-2018_TrafficForML_CICFlowMeter_30s_state.csv,TRAIN,2018-02-23 02:23:00,0,0,0
Friday-23-02-2018_TrafficForML_CICFlowMeter_30s_state.csv,TRAIN,2018-02-23 02:23:30,0,0,0
Friday-23-02-2018_TrafficForML_CICFlowMeter_30s_state.csv,TRAIN,2018-02-23 02:24:00,0,0,0
Friday-23-02-2018_TrafficForML_CICFlowMeter_30s_state.csv,TRAIN,2018-02-23 02:24:30,0,0,0
Friday-23-02-2018_TrafficForML_CICFlowMeter_30s_state.csv,TRAIN,2018-02-23 02:25:00,0,0,0
Friday-23-02-2018_TrafficForML_CICFlowMeter_30s_state.csv,TRAIN,2018-02-23 02:25:30,0,0,0
Friday-23-02-2018_TrafficForML_CICFlowMeter_30s_state.csv,TRAIN,2018-02-23 02:26:00,0,0,0
Friday-23-02-2018_TrafficForML_CICFlowMeter_30s_state.csv,TRAIN,2018-02-23 02:26:30,0,0,0
Friday-23-02-2018_TrafficForML_CICFlowMeter_30s_state.csv,TRAIN,2018-02-23 02:27:00,0,0,0
Friday-23-02-2018_TrafficForML_CICFlowMeter_30s_state.csv,TRAIN,2018-02-23 02:27:30,0,0,0
Friday-23-02-2018_TrafficForML_CICFlowMeter_30s_state.csv,TRAIN,2018-02-23 02:28:00,0,0,0
Friday-23-02-2018_TrafficForML_CICFlowMeter_30s_state.csv,TRAIN,2018-02-23 02:28:30,0,0,0
Friday-23-02-2018_TrafficForML_CICFlowMeter_30s_state.csv,TRAIN,2018-02-23 02:29:00,0,0,0
Friday-23-02-2018_TrafficForML_CICFlowMeter_30s_state.csv,TRAIN,2018-02-23 02:29:30,0,0,0
Friday-23-02-2018_TrafficForML_CICFlowMeter_30s_state.csv,TRAIN,2018-02-23 02:30:00,0,0,0
Friday-23-02-2018_TrafficForML_CICFlowMeter_30s_state.csv,TRAIN,2018-02-23 02:30:30,0,0,0
Friday-23-02-2018_TrafficForML_CICFlowMeter_30s_state.csv,TRAIN,2018-02-23 02:31:00,0,0,0
Friday-23-02-2018_TrafficForML_CICFlowMeter_30s_state.csv,TRAIN,2018-02-23 02:31:30,0,0,0
Friday-23-02-2018_TrafficForML_CICFlowMeter_30s_state.csv,TRAIN,2018-02-23 02:32:00,0,0,0
Friday-23-02-2018_TrafficForML_CICFlowMeter_30s_state.csv,TRAIN,2018-02-23 02:32:30,0,0,0
Friday-23-02-2018_TrafficForML_CICFlowMeter_30s_state.csv,TRAIN,2018-02-23 02:33:00,0,0,0
Friday-23-02-2018_TrafficForML_CICFlowMeter_30s_state.csv,TRAIN,2018-02-23 02:33:30,0,0,0
Friday-23-02-2018_TrafficForML_CICFlowMeter_30s_state.csv,TRAIN,2018-02-23 02:34:00,0,0,0
Friday-23-02-2018_TrafficForML_CICFlowMeter_30s_state.csv,TRAIN,2018-02-23 02:34:30,0,0,0
Friday-23-02-2018_TrafficForML_CICFlowMeter_30s_state.csv,TRAIN,2018-02-23 02:35:00,0,0,0
Friday-23-02-2018_TrafficForML_CICFlowMeter_30s_state.csv,TRAIN,2018-02-23 02:35:30,0,0,0
Friday-23-02-2018_TrafficForML_CICFlowMeter_30s_state.csv,TRAIN,2018-02-23 02:36:00,0,0,0
Friday-23-02-2018_TrafficForML_CICFlowMeter_30s_state.csv,TRAIN,2018-02-23 02:36:30,0,0,0
Friday-23-02-2018_TrafficForML_CICFlowMeter_30s_state.csv,TRAIN,2018-02-23 02:37:00,0,0,0
Friday-23-02-2018_TrafficForML_CICFlowMeter_30s_state.csv,TRAIN,2018-02-23 02:37:30,0,0,0
Friday-23-02-2018_TrafficForML_CICFlowMeter_30s_state.csv,TRAIN,2018-02-23 02:38:00,0,0,0
Friday-23-02-2018_TrafficForML_CICFlowMeter_30s_state.csv,TRAIN,2018-02-23 02:38:30,0,0,0
Friday-23-02-2018_TrafficForML_CICFlowMeter_30s_state.csv,TRAIN,2018-02-23 02:39:00,0,0,0
Friday-23-02-2018_TrafficForML_CICFlowMeter_30s_state.csv,TRAIN,2018-02-23 02:39:30,0,0,0
Friday-23-02-2018_TrafficForML_CICFlowMeter_30s_state.csv,TRAIN,2018-02-23 02:40:00,0,0,0
Friday-23-02-2018_TrafficForML_CICFlowMeter_30s_state.csv,TRAIN,2018-02-23 02:40:30,0,0,0
Friday-23-02-2018_TrafficForML_CICFlowMeter_30s_state.csv,TRAIN,2018-02-23 02:41:00,0,0,0
Friday-23-02-2018_TrafficForML_CICFlowMeter_30s_state.csv,TRAIN,2018-02-23 02:41:30,0,0,0
Friday-23-02-2018_TrafficForML_CICFlowMeter_30s_state.csv,TRAIN,2018-02-23 02:42:00,0,0,0
Friday-23-02-2018_TrafficForML_CICFlowMeter_30s_state.csv,TRAIN,2018-02-23 02:42:30,0,0,0
Friday-23-02-2018_TrafficForML_CICFlowMeter_30s_state.csv,TRAIN,2018-02-23 02:43:00,0,0,0
Friday-23-02-2018_TrafficForML_CICFlowMeter_30s_state.csv,TRAIN,2018-02-23 02:43:30,0,0,0
Friday-23-02-2018_TrafficForML_CICFlowMeter_30s_state.csv,TRAIN,2018-02-23 02:44:00,0,0,0
Friday-23-02-2018_TrafficForML_CICFlowMeter_30s_state.csv,TRAIN,2018-02-23 02:44:30,0,0,0
Friday-23-02-2018_TrafficForML_CICFlowMeter_30s_state.csv,TRAIN,2018-02-23 02:45:00,0,0,0
Friday-23-02-2018_TrafficForML_CICFlowMeter_30s_state.csv,TRAIN,2018-02-23 02:45:30,0,0,0
Friday-23-02-2018_TrafficForML_CICFlowMeter_30s_state.csv,TRAIN,2018-02-23 02:46:00,0,0,0
Friday-23-02-2018_TrafficForML_CICFlowMeter_30s_state.csv,TRAIN,2018-02-23 02:46:30,0,0,0
Friday-23-02-2018_TrafficForML_CICFlowMeter_30s_state.csv,TRAIN,2018-02-23 02:47:00,0,0,0
Friday-23-02-2018_TrafficForML_CICFlowMeter_30s_state.csv,TRAIN,2018-02-23 02:47:30,0,0,0
Friday-23-02-2018_TrafficForML_CICFlowMeter_30s_state.csv,TRAIN,2018-02-23 02:48:00,0,0,0
Friday-23-02-2018_TrafficForML_CICFlowMeter_30s_state.csv,TRAIN,2018-02-23 02:48:30,0,0,0
Friday-23-02-2018_TrafficForML_CICFlowMeter_30s_state.csv,TRAIN,2018-02-23 02:49:00,0,0,0
Friday-23-02-2018_TrafficForML_CICFlowMeter_30s_state.csv,TRAIN,2018-02-23 02:49:30,0,0,0
Friday-23-02-2018_TrafficForML_CICFlowMeter_30s_state.csv,TRAIN,2018-02-23 02:50:00,0,0,0
Friday-23-02-2018_TrafficForML_CICFlowMeter_30s_state.csv,TRAIN,2018-02-23 02:50:30,0,0,0
Friday-23-02-2018_TrafficForML_CICFlowMeter_30s_state.csv,TRAIN,2018-02-23 02:51:00,0,0,0
Friday-23-02-2018_TrafficForML_CICFlowMeter_30s_state.csv,TRAIN,2018-02-23 02:51:30,0,0,0
Friday-23-02-2018_TrafficForML_CICFlowMeter_30s_state.csv,TRAIN,2018-02-23 02:52:00,0,0,0
Friday-23-02-2018_TrafficForML_CICFlowMeter_30s_state.csv,TRAIN,2018-02-23 02:52:30,0,0,0
Friday-23-02-2018_TrafficForML_CICFlowMeter_30s_state.csv,TRAIN,2018-02-23 02:53:00,0,0,0
Friday-23-02-2018_TrafficForML_CICFlowMeter_30s_state.csv,TRAIN,2018-02-23 02:53:30,0,0,0
Friday-23-02-2018_TrafficForML_CICFlowMeter_30s_state.csv,TRAIN,2018-02-23 02:54:00,0,0,0
Friday-23-02-2018_TrafficForML_CICFlowMeter_30s_state.csv,TRAIN,2018-02-23 02:54:30,0,0,0
Friday-23-02-2018_TrafficForML_CICFlowMeter_30s_state.csv,TRAIN,2018-02-23 02:55:00,0,0,0
Friday-23-02-2018_TrafficForML_CICFlowMeter_30s_state.csv,TRAIN,2018-02-23 02:55:30,0,0,0
Friday-23-02-2018_TrafficForML_CICFlowMeter_30s_state.csv,TRAIN,2018-02-23 02:56:00,0,0,0
Friday-23-02-2018_TrafficForML_CICFlowMeter_30s_state.csv,TRAIN,2018-02-23 02:56:30,0,0,0
Friday-23-02-2018_TrafficForML_CICFlowMeter_30s_state.csv,TRAIN,2018-02-23 02:57:00,0,0,0
Friday-23-02-2018_TrafficForML_CICFlowMeter_30s_state.csv,TRAIN,2018-02-23 02:57:30,0,0,0
Friday-23-02-2018_TrafficForML_CICFlowMeter_30s_state.csv,TRAIN,2018-02-23 02:58:00,0,0,0
Friday-23-02-2018_TrafficForML_CICFlowMeter_30s_state.csv,TRAIN,2018-02-23 02:58:30,0,0,0
Friday-23-02-2018_TrafficForML_CICFlowMeter_30s_state.csv,TRAIN,2018-02-23 02:59:00,0,0,0
Friday-23-02-2018_TrafficForML_CICFlowMeter_30s_state.csv,TRAIN,2018-02-23 02:59:30,0,0,0
Friday-23-02-2018_TrafficForML_CICFlowMeter_30s_state.csv,TRAIN,2018-02-23 03:00:00,0,0,0
Friday-23-02-2018_TrafficForML_CICFlowMeter_30s_state.csv,TRAIN,2018-02-23 03:00:30,0,0,0
Friday-23-02-2018_TrafficForML_CICFlowMeter_30s_state.csv,TRAIN,2018-02-23 03:01:00,0,0,0
Friday-23-02-2018_TrafficForML_CICFlowMeter_30s_state.csv,TRAIN,2018-02-23 03:01:30,0,0,0
Friday-23-02-2018_TrafficForML_CICFlowMeter_30s_state.csv,TRAIN,2018-02-23 03:02:00,0,0,0
Friday-23-02-2018_TrafficForML_CICFlowMeter_30s_state.csv,TRAIN,2018-02-23 03:02:30,0,0,0
Friday-23-02-2018_TrafficForML_CICFlowMeter_30s_state.csv,TRAIN,2018-02-23 03:03:00,0,0,0
Friday-23-02-2018_TrafficForML_CICFlowMeter_30s_state.csv,TRAIN,2018-02-23 03:03:30,0,0,0
Friday-23-02-2018_TrafficForML_CICFlowMeter_30s_state.csv,TRAIN,2018-02-23 03:04:00,0,0,0
Friday-23-02-2018_TrafficForML_CICFlowMeter_30s_state.csv,TRAIN,2018-02-23 03:04:30,0,0,0
Friday-23-02-2018_TrafficForML_CICFlowMeter_30s_state.csv,TRAIN,2018-02-23 03:05:00,0,1,0
Friday-23-02-2018_TrafficForML_CICFlowMeter_30s_state.csv,TRAIN,2018-02-23 03:05:30,1,1,1
Friday-23-02-2018_TrafficForML_CICFlowMeter_30s_state.csv,TRAIN,2018-02-23 03:06:00,1,1,1
Friday-23-02-2018_TrafficForML_CICFlowMeter_30s_state.csv,TRAIN,2018-02-23 03:06:30,1,1,1
Friday-23-02-2018_TrafficForML_CICFlowMeter_30s_state.csv,TRAIN,2018-02-23 03:07:00,1,0,1
Friday-23-02-2018_TrafficForML_CICFlowMeter_30s_state.csv,TRAIN,2018-02-23 03:07:30,0,0,0
Friday-23-02-2018_TrafficForML_CICFlowMeter_30s_state.csv,TRAIN,2018-02-23 03:08:00,0,1,0
Friday-23-02-2018_TrafficForML_CICFlowMeter_30s_state.csv,TRAIN,2018-02-23 03:08:30,1,1,1
Friday-23-02-2018_TrafficForML_CICFlowMeter_30s_state.csv,TRAIN,2018-02-23 03:09:00,1,1,1
Friday-23-02-2018_TrafficForML_CICFlowMeter_30s_state.csv,TRAIN,2018-02-23 03:09:30,1,0,1
Friday-23-02-2018_TrafficForML_CICFlowMeter_30s_state.csv,TRAIN,2018-02-23 03:10:00,0,0,0
Friday-23-02-2018_TrafficForML_CICFlowMeter_30s_state.csv,TRAIN,2018-02-23 03:10:30,0,0,0
Friday-23-02-2018_TrafficForML_CICFlowMeter_30s_state.csv,TRAIN,2018-02-23 03:11:00,0,0,0
Friday-23-02-2018_TrafficForML_CICFlowMeter_30s_state.csv,TRAIN,2018-02-23 03:11:30,0,0,0
Friday-23-02-2018_TrafficForML_CICFlowMeter_30s_state.csv,TRAIN,2018-02-23 03:12:00,0,1,0
Friday-23-02-2018_TrafficForML_CICFlowMeter_30s_state.csv,TRAIN,2018-02-23 03:12:30,1,1,1
Friday-23-02-2018_TrafficForML_CICFlowMeter_30s_state.csv,TRAIN,2018-02-23 03:13:00,1,1,1
Friday-23-02-2018_TrafficForML_CICFlowMeter_30s_state.csv,TRAIN,2018-02-23 03:13:30,1,1,1
Friday-23-02-2018_TrafficForML_CICFlowMeter_30s_state.csv,TRAIN,2018-02-23 03:14:00,1,0,1
Friday-23-02-2018_TrafficForML_CICFlowMeter_30s_state.csv,TRAIN,2018-02-23 03:14:30,0,0,0
Friday-23-02-2018_TrafficForML_CICFlowMeter_30s_state.csv,TRAIN,2018-02-23 03:15:00,0,1,0
Friday-23-02-2018_TrafficForML_CICFlowMeter_30s_state.csv,TRAIN,2018-02-23 03:15:30,1,1,1
Friday-23-02-2018_TrafficForML_CICFlowMeter_30s_state.csv,TRAIN,2018-02-23 03:16:00,1,1,1
Friday-23-02-2018_TrafficForML_CICFlowMeter_30s_state.csv,TRAIN,2018-02-23 03:16:30,1,1,1
Friday-23-02-2018_TrafficForML_CICFlowMeter_30s_state.csv,TRAIN,2018-02-23 03:17:00,1,1,1
Friday-23-02-2018_TrafficForML_CICFlowMeter_30s_state.csv,TRAIN,2018-02-23 03:17:30,1,0,1
Friday-23-02-2018_TrafficForML_CICFlowMeter_30s_state.csv,TRAIN,2018-02-23 03:18:00,0,0,0
Friday-23-02-2018_TrafficForML_CICFlowMeter_30s_state.csv,TRAIN,2018-02-23 03:18:30,0,0,0
Friday-23-02-2018_TrafficForML_CICFlowMeter_30s_state.csv,TRAIN,2018-02-23 03:19:00,0,0,0
Friday-23-02-2018_TrafficForML_CICFlowMeter_30s_state.csv,TRAIN,2018-02-23 03:19:30,0,0,0
Friday-23-02-2018_TrafficForML_CICFlowMeter_30s_state.csv,TRAIN,2018-02-23 03:20:00,0,0,0
Friday-23-02-2018_TrafficForML_CICFlowMeter_30s_state.csv,TRAIN,2018-02-23 03:20:30,0,0,0
Friday-23-02-2018_TrafficForML_CICFlowMeter_30s_state.csv,TRAIN,2018-02-23 03:21:00,0,0,0
Friday-23-02-2018_TrafficForML_CICFlowMeter_30s_state.csv,TRAIN,2018-02-23 03:21:30,0,0,0
Friday-23-02-2018_TrafficForML_CICFlowMeter_30s_state.csv,TRAIN,2018-02-23 03:22:00,0,0,0
Friday-23-02-2018_TrafficForML_CICFlowMeter_30s_state.csv,TRAIN,2018-02-23 03:22:30,0,0,0
Friday-23-02-2018_TrafficForML_CICFlowMeter_30s_state.csv,TRAIN,2018-02-23 03:23:00,0,0,0
Friday-23-02-2018_TrafficForML_CICFlowMeter_30s_state.csv,TRAIN,2018-02-23 03:23:30,0,0,0
Friday-23-02-2018_TrafficForML_CICFlowMeter_30s_state.csv,TRAIN,2018-02-23 03:24:00,0,0,0
Friday-23-02-2018_TrafficForML_CICFlowMeter_30s_state.csv,TRAIN,2018-02-23 03:24:30,0,0,0
Friday-23-02-2018_TrafficForML_CICFlowMeter_30s_state.csv,TRAIN,2018-02-23 03:25:00,0,0,0
Friday-23-02-2018_TrafficForML_CICFlowMeter_30s_state.csv,TRAIN,2018-02-23 03:25:30,0,0,0
Friday-23-02-2018_TrafficForML_CICFlowMeter_30s_state.csv,TRAIN,2018-02-23 03:26:00,0,0,0
Friday-23-02-2018_TrafficForML_CICFlowMeter_30s_state.csv,TRAIN,2018-02-23 03:26:30,0,0,0
Friday-23-02-2018_TrafficForML_CICFlowMeter_30s_state.csv,TRAIN,2018-02-23 03:27:00,0,0,0
Friday-23-02-2018_TrafficForML_CICFlowMeter_30s_state.csv,TRAIN,2018-02-23 03:27:30,0,0,0
Friday-23-02-2018_TrafficForML_CICFlowMeter_30s_state.csv,TRAIN,2018-02-23 03:28:00,0,0,0
Friday-23-02-2018_TrafficForML_CICFlowMeter_30s_state.csv,TRAIN,2018-02-23 03:28:30,0,0,0
Friday-23-02-2018_TrafficForML_CICFlowMeter_30s_state.csv,TRAIN,2018-02-23 03:29:00,0,0,0
Friday-23-02-2018_TrafficForML_CICFlowMeter_30s_state.csv,TRAIN,2018-02-23 03:29:30,0,0,0
Friday-23-02-2018_TrafficForML_CICFlowMeter_30s_state.csv,TRAIN,2018-02-23 03:30:00,0,0,0
Friday-23-02-2018_TrafficForML_CICFlowMeter_30s_state.csv,TRAIN,2018-02-23 03:30:30,0,0,0
Friday-23-02-2018_TrafficForML_CICFlowMeter_30s_state.csv,TRAIN,2018-02-23 03:31:00,0,0,0
Friday-23-02-2018_TrafficForML_CICFlowMeter_30s_state.csv,TRAIN,2018-02-23 03:31:30,0,0,0
Friday-23-02-2018_TrafficForML_CICFlowMeter_30s_state.csv,TRAIN,2018-02-23 03:32:00,0,0,0
Friday-23-02-2018_TrafficForML_CICFlowMeter_30s_state.csv,TRAIN,2018-02-23 03:32:30,0,0,0
Friday-23-02-2018_TrafficForML_CICFlowMeter_30s_state.csv,TRAIN,2018-02-23 03:33:00,0,0,0
Friday-23-02-2018_TrafficForML_CICFlowMeter_30s_state.csv,TRAIN,2018-02-23 03:33:30,0,0,0
Friday-23-02-2018_TrafficForML_CICFlowMeter_30s_state.csv,TRAIN,2018-02-23 03:34:00,0,0,0
Friday-23-02-2018_TrafficForML_CICFlowMeter_30s_state.csv,TRAIN,2018-02-23 03:34:30,0,0,0
Friday-23-02-2018_TrafficForML_CICFlowMeter_30s_state.csv,TRAIN,2018-02-23 03:35:00,0,0,0
Friday-23-02-2018_TrafficForML_CICFlowMeter_30s_state.csv,TRAIN,2018-02-23 03:35:30,0,0,0
Friday-23-02-2018_TrafficForML_CICFlowMeter_30s_state.csv,TRAIN,2018-02-23 03:36:00,0,0,0
Friday-23-02-2018_TrafficForML_CICFlowMeter_30s_state.csv,TRAIN,2018-02-23 03:36:30,0,0,0
Friday-23-02-2018_TrafficForML_CICFlowMeter_30s_state.csv,TRAIN,2018-02-23 03:37:00,0,0,0
Friday-23-02-2018_TrafficForML_CICFlowMeter_30s_state.csv,TRAIN,2018-02-23 03:37:30,0,0,0
Friday-23-02-2018_TrafficForML_CICFlowMeter_30s_state.csv,TRAIN,2018-02-23 03:38:00,0,0,0
Friday-23-02-2018_TrafficForML_CICFlowMeter_30s_state.csv,TRAIN,2018-02-23 03:38:30,0,0,0
Friday-23-02-2018_TrafficForML_CICFlowMeter_30s_state.csv,TRAIN,2018-02-23 03:39:00,0,0,0
Friday-23-02-2018_TrafficForML_CICFlowMeter_30s_state.csv,TRAIN,2018-02-23 03:39:30,0,0,0
Friday-23-02-2018_TrafficForML_CICFlowMeter_30s_state.csv,TRAIN,2018-02-23 03:40:00,0,0,0
Friday-23-02-2018_TrafficForML_CICFlowMeter_30s_state.csv,TRAIN,2018-02-23 03:40:30,0,0,0
Friday-23-02-2018_TrafficForML_CICFlowMeter_30s_state.csv,TRAIN,2018-02-23 03:41:00,0,0,0
Friday-23-02-2018_TrafficForML_CICFlowMeter_30s_state.csv,TRAIN,2018-02-23 03:41:30,0,0,0
Friday-23-02-2018_TrafficForML_CICFlowMeter_30s_state.csv,TRAIN,2018-02-23 03:42:00,0,0,0
Friday-23-02-2018_TrafficForML_CICFlowMeter_30s_state.csv,TRAIN,2018-02-23 03:42:30,0,0,0
Friday-23-02-2018_TrafficForML_CICFlowMeter_30s_state.csv,TRAIN,2018-02-23 03:43:00,0,0,0
Friday-23-02-2018_TrafficForML_CICFlowMeter_30s_state.csv,TRAIN,2018-02-23 03:43:30,0,0,0
Friday-23-02-2018_TrafficForML_CICFlowMeter_30s_state.csv,TRAIN,2018-02-23 03:44:00,0,0,0
Friday-23-02-2018_TrafficForML_CICFlowMeter_30s_state.csv,TRAIN,2018-02-23 03:44:30,0,0,0
Friday-23-02-2018_TrafficForML_CICFlowMeter_30s_state.csv,TRAIN,2018-02-23 03:45:00,0,0,0
Friday-23-02-2018_TrafficForML_CICFlowMeter_30s_state.csv,TRAIN,2018-02-23 03:45:30,0,0,0
Friday-23-02-2018_TrafficForML_CICFlowMeter_30s_state.csv,TRAIN,2018-02-23 03:46:00,0,0,0
Friday-23-02-2018_TrafficForML_CICFlowMeter_30s_state.csv,TRAIN,2018-02-23 03:46:30,0,0,0
Friday-23-02-2018_TrafficForML_CICFlowMeter_30s_state.csv,TRAIN,2018-02-23 03:47:00,0,0,0
Friday-23-02-2018_TrafficForML_CICFlowMeter_30s_state.csv,TRAIN,2018-02-23 03:47:30,0,0,0
Friday-23-02-2018_TrafficForML_CICFlowMeter_30s_state.csv,TRAIN,2018-02-23 03:48:00,0,0,0
Friday-23-02-2018_TrafficForML_CICFlowMeter_30s_state.csv,TRAIN,2018-02-23 03:48:30,0,0,0
Friday-23-02-2018_TrafficForML_CICFlowMeter_30s_state.csv,TRAIN,2018-02-23 03:49:00,0,0,0
Friday-23-02-2018_TrafficForML_CICFlowMeter_30s_state.csv,TRAIN,2018-02-23 03:49:30,0,0,0
Friday-23-02-2018_TrafficForML_CICFlowMeter_30s_state.csv,TRAIN,2018-02-23 03:50:00,0,0,0
Friday-23-02-2018_TrafficForML_CICFlowMeter_30s_state.csv,TRAIN,2018-02-23 03:50:30,0,0,0
Friday-23-02-2018_TrafficForML_CICFlowMeter_30s_state.csv,TRAIN,2018-02-23 03:51:00,0,0,0
Friday-23-02-2018_TrafficForML_CICFlowMeter_30s_state.csv,TRAIN,2018-02-23 03:51:30,0,0,0
Friday-23-02-2018_TrafficForML_CICFlowMeter_30s_state.csv,TRAIN,2018-02-23 03:52:00,0,0,0
Friday-23-02-2018_TrafficForML_CICFlowMeter_30s_state.csv,TRAIN,2018-02-23 03:52:30,0,0,0
Friday-23-02-2018_TrafficForML_CICFlowMeter_30s_state.csv,TRAIN,2018-02-23 03:53:00,0,0,0
Friday-23-02-2018_TrafficForML_CICFlowMeter_30s_state.csv,TRAIN,2018-02-23 03:53:30,0,0,0
Friday-23-02-2018_TrafficForML_CICFlowMeter_30s_state.csv,TRAIN,2018-02-23 03:54:00,0,0,0
Friday-23-02-2018_TrafficForML_CICFlowMeter_30s_state.csv,TRAIN,2018-02-23 03:54:30,0,0,0
Friday-23-02-2018_TrafficForML_CICFlowMeter_30s_state.csv,TRAIN,2018-02-23 03:55:00,0,0,0
Friday-23-02-2018_TrafficForML_CICFlowMeter_30s_state.csv,TRAIN,2018-02-23 03:55:30,0,0,0
Friday-23-02-2018_TrafficForML_CICFlowMeter_30s_state.csv,TRAIN,2018-02-23 03:56:00,0,0,0
Friday-23-02-2018_TrafficForML_CICFlowMeter_30s_state.csv,TRAIN,2018-02-23 03:56:30,0,0,0
Friday-23-02-2018_TrafficForML_CICFlowMeter_30s_state.csv,TRAIN,2018-02-23 03:57:00,0,0,0
Friday-23-02-2018_TrafficForML_CICFlowMeter_30s_state.csv,TRAIN,2018-02-23 03:57:30,0,0,0
Friday-23-02-2018_TrafficForML_CICFlowMeter_30s_state.csv,TRAIN,2018-02-23 03:58:00,0,0,0
Friday-23-02-2018_TrafficForML_CICFlowMeter_30s_state.csv,TRAIN,2018-02-23 03:58:30,0,0,0
Friday-23-02-2018_TrafficForML_CICFlowMeter_30s_state.csv,TRAIN,2018-02-23 03:59:00,0,0,0
Friday-23-02-2018_TrafficForML_CICFlowMeter_30s_state.csv,TRAIN,2018-02-23 03:59:30,0,0,0
Friday-23-02-2018_TrafficForML_CICFlowMeter_30s_state.csv,TRAIN,2018-02-23 04:00:00,0,0,0
Friday-23-02-2018_TrafficForML_CICFlowMeter_30s_state.csv,TRAIN,2018-02-23 04:00:30,0,0,0
Friday-23-02-2018_TrafficForML_CICFlowMeter_30s_state.csv,TRAIN,2018-02-23 04:01:00,0,0,0
Friday-23-02-2018_TrafficForML_CICFlowMeter_30s_state.csv,TRAIN,2018-02-23 04:01:30,0,0,0
Friday-23-02-2018_TrafficForML_CICFlowMeter_30s_state.csv,TRAIN,2018-02-23 04:02:00,0,0,0
Friday-23-02-2018_TrafficForML_CICFlowMeter_30s_state.csv,TRAIN,2018-02-23 04:02:30,0,0,0
Friday-23-02-2018_TrafficForML_CICFlowMeter_30s_state.csv,TRAIN,2018-02-23 04:03:00,0,0,0
Friday-23-02-2018_TrafficForML_CICFlowMeter_30s_state.csv,TRAIN,2018-02-23 04:03:30,0,0,0
Friday-23-02-2018_TrafficForML_CICFlowMeter_30s_state.csv,TRAIN,2018-02-23 04:04:00,0,0,0
Friday-23-02-2018_TrafficForML_CICFlowMeter_30s_state.csv,TRAIN,2018-02-23 04:04:30,0,0,0
Friday-23-02-2018_TrafficForML_CICFlowMeter_30s_state.csv,TRAIN,2018-02-23 04:05:00,0,0,0
Friday-23-02-2018_TrafficForML_CICFlowMeter_30s_state.csv,TRAIN,2018-02-23 04:05:30,0,0,0
Friday-23-02-2018_TrafficForML_CICFlowMeter_30s_state.csv,TRAIN,2018-02-23 04:06:00,0,0,0
Friday-23-02-2018_TrafficForML_CICFlowMeter_30s_state.csv,TRAIN,2018-02-23 04:06:30,0,0,0
Friday-23-02-2018_TrafficForML_CICFlowMeter_30s_state.csv,TRAIN,2018-02-23 04:07:00,0,0,0
Friday-23-02-2018_TrafficForML_CICFlowMeter_30s_state.csv,TRAIN,2018-02-23 04:07:30,0,0,0
Friday-23-02-2018_TrafficForML_CICFlowMeter_30s_state.csv,TRAIN,2018-02-23 04:08:00,0,0,0
Friday-23-02-2018_TrafficForML_CICFlowMeter_30s_state.csv,TRAIN,2018-02-23 04:08:30,0,0,0
Friday-23-02-2018_TrafficForML_CICFlowMeter_30s_state.csv,TRAIN,2018-02-23 04:09:00,0,0,0
Friday-23-02-2018_TrafficForML_CICFlowMeter_30s_state.csv,TRAIN,2018-02-23 04:09:30,0,0,0
Friday-23-02-2018_TrafficForML_CICFlowMeter_30s_state.csv,TRAIN,2018-02-23 04:10:00,0,0,0
Friday-23-02-2018_TrafficForML_CICFlowMeter_30s_state.csv,TRAIN,2018-02-23 04:10:30,0,0,0
Friday-23-02-2018_TrafficForML_CICFlowMeter_30s_state.csv,TRAIN,2018-02-23 04:11:00,0,0,0
Friday-23-02-2018_TrafficForML_CICFlowMeter_30s_state.csv,TRAIN,2018-02-23 04:11:30,0,0,0
Friday-23-02-2018_TrafficForML_CICFlowMeter_30s_state.csv,TRAIN,2018-02-23 04:12:00,0,0,0
Friday-23-02-2018_TrafficForML_CICFlowMeter_30s_state.csv,TRAIN,2018-02-23 04:12:30,0,0,0
Friday-23-02-2018_TrafficForML_CICFlowMeter_30s_state.csv,TRAIN,2018-02-23 04:13:00,0,0,0
Friday-23-02-2018_TrafficForML_CICFlowMeter_30s_state.csv,TRAIN,2018-02-23 04:13:30,0,0,0
Friday-23-02-2018_TrafficForML_CICFlowMeter_30s_state.csv,TRAIN,2018-02-23 04:14:00,0,0,0
Friday-23-02-2018_TrafficForML_CICFlowMeter_30s_state.csv,TRAIN,2018-02-23 04:14:30,0,0,0
Friday-23-02-2018_TrafficForML_CICFlowMeter_30s_state.csv,TRAIN,2018-02-23 04:15:00,0,0,0
Friday-23-02-2018_TrafficForML_CICFlowMeter_30s_state.csv,TRAIN,2018-02-23 04:15:30,0,0,0
Friday-23-02-2018_TrafficForML_CICFlowMeter_30s_state.csv,TRAIN,2018-02-23 04:16:00,0,0,0
Friday-23-02-2018_TrafficForML_CICFlowMeter_30s_state.csv,TRAIN,2018-02-23 04:16:30,0,0,0
Friday-23-02-2018_TrafficForML_CICFlowMeter_30s_state.csv,TRAIN,2018-02-23 04:17:00,0,0,0
Friday-23-02-2018_TrafficForML_CICFlowMeter_30s_state.csv,TRAIN,2018-02-23 04:17:30,0,0,0
Friday-23-02-2018_TrafficForML_CICFlowMeter_30s_state.csv,TRAIN,2018-02-23 04:18:00,0,0,0
Friday-23-02-2018_TrafficForML_CICFlowMeter_30s_state.csv,TRAIN,2018-02-23 04:18:30,0,0,0
Friday-23-02-2018_TrafficForML_CICFlowMeter_30s_state.csv,TRAIN,2018-02-23 04:19:00,0,0,0
Friday-23-02-2018_TrafficForML_CICFlowMeter_30s_state.csv,TRAIN,2018-02-23 04:19:30,0,0,0
Friday-23-02-2018_TrafficForML_CICFlowMeter_30s_state.csv,TRAIN,2018-02-23 04:20:00,0,0,0
Friday-23-02-2018_TrafficForML_CICFlowMeter_30s_state.csv,TRAIN,2018-02-23 04:20:30,0,0,0
Friday-23-02-2018_TrafficForML_CICFlowMeter_30s_state.csv,TRAIN,2018-02-23 04:21:00,0,0,0
Friday-23-02-2018_TrafficForML_CICFlowMeter_30s_state.csv,TRAIN,2018-02-23 04:21:30,0,0,0
Friday-23-02-2018_TrafficForML_CICFlowMeter_30s_state.csv,TRAIN,2018-02-23 04:22:00,0,0,0
Friday-23-02-2018_TrafficForML_CICFlowMeter_30s_state.csv,TRAIN,2018-02-23 04:22:30,0,0,0
Friday-23-02-2018_TrafficForML_CICFlowMeter_30s_state.csv,TRAIN,2018-02-23 04:23:00,0,0,0
Friday-23-02-2018_TrafficForML_CICFlowMeter_30s_state.csv,TRAIN,2018-02-23 04:23:30,0,0,0
Friday-23-02-2018_TrafficForML_CICFlowMeter_30s_state.csv,TRAIN,2018-02-23 04:24:00,0,0,0
Friday-23-02-2018_TrafficForML_CICFlowMeter_30s_state.csv,TRAIN,2018-02-23 04:24:30,0,0,0
Friday-23-02-2018_TrafficForML_CICFlowMeter_30s_state.csv,TRAIN,2018-02-23 04:25:00,0,0,0
Friday-23-02-2018_TrafficForML_CICFlowMeter_30s_state.csv,TRAIN,2018-02-23 04:25:30,0,0,0
Friday-23-02-2018_TrafficForML_CICFlowMeter_30s_state.csv,TRAIN,2018-02-23 04:26:00,0,0,0
Friday-23-02-2018_TrafficForML_CICFlowMeter_30s_state.csv,TRAIN,2018-02-23 04:26:30,0,0,0
Friday-23-02-2018_TrafficForML_CICFlowMeter_30s_state.csv,TRAIN,2018-02-23 04:27:00,0,0,0
Friday-23-02-2018_TrafficForML_CICFlowMeter_30s_state.csv,TRAIN,2018-02-23 04:27:30,0,0,0
Friday-23-02-2018_TrafficForML_CICFlowMeter_30s_state.csv,TRAIN,2018-02-23 04:28:00,0,0,0
Friday-23-02-2018_TrafficForML_CICFlowMeter_30s_state.csv,TRAIN,2018-02-23 04:28:30,0,0,0
Friday-23-02-2018_TrafficForML_CICFlowMeter_30s_state.csv,TRAIN,2018-02-23 04:29:00,0,0,0
Friday-23-02-2018_TrafficForML_CICFlowMeter_30s_state.csv,TRAIN,2018-02-23 04:29:30,0,0,0
Friday-23-02-2018_TrafficForML_CICFlowMeter_30s_state.csv,TRAIN,2018-02-23 04:30:00,0,0,0
Friday-23-02-2018_TrafficForML_CICFlowMeter_30s_state.csv,TRAIN,2018-02-23 04:30:30,0,0,0
Friday-23-02-2018_TrafficForML_CICFlowMeter_30s_state.csv,TRAIN,2018-02-23 04:31:00,0,0,0
Friday-23-02-2018_TrafficForML_CICFlowMeter_30s_state.csv,TRAIN,2018-02-23 04:31:30,0,0,0
Friday-23-02-2018_TrafficForML_CICFlowMeter_30s_state.csv,TRAIN,2018-02-23 04:32:00,0,0,0
Friday-23-02-2018_TrafficForML_CICFlowMeter_30s_state.csv,TRAIN,2018-02-23 04:32:30,0,0,0
Friday-23-02-2018_TrafficForML_CICFlowMeter_30s_state.csv,TRAIN,2018-02-23 04:33:00,0,0,0
Friday-23-02-2018_TrafficForML_CICFlowMeter_30s_state.csv,TRAIN,2018-02-23 04:33:30,0,0,0
Friday-23-02-2018_TrafficForML_CICFlowMeter_30s_state.csv,TRAIN,2018-02-23 04:34:00,0,0,0
Friday-23-02-2018_TrafficForML_CICFlowMeter_30s_state.csv,TRAIN,2018-02-23 04:34:30,0,0,0
Friday-23-02-2018_TrafficForML_CICFlowMeter_30s_state.csv,TRAIN,2018-02-23 04:35:00,0,0,0
Friday-23-02-2018_TrafficForML_CICFlowMeter_30s_state.csv,TRAIN,2018-02-23 04:35:30,0,0,0
Friday-23-02-2018_TrafficForML_CICFlowMeter_30s_state.csv,TRAIN,2018-02-23 04:36:00,0,0,0
Friday-23-02-2018_TrafficForML_CICFlowMeter_30s_state.csv,TRAIN,2018-02-23 04:36:30,0,0,0
Friday-23-02-2018_TrafficForML_CICFlowMeter_30s_state.csv,TRAIN,2018-02-23 04:37:00,0,0,0
Friday-23-02-2018_TrafficForML_CICFlowMeter_30s_state.csv,TRAIN,2018-02-23 04:37:30,0,0,0
Friday-23-02-2018_TrafficForML_CICFlowMeter_30s_state.csv,TRAIN,2018-02-23 04:38:00,0,0,0
Friday-23-02-2018_TrafficForML_CICFlowMeter_30s_state.csv,TRAIN,2018-02-23 04:38:30,0,0,0
Friday-23-02-2018_TrafficForML_CICFlowMeter_30s_state.csv,TRAIN,2018-02-23 04:39:00,0,0,0
Friday-23-02-2018_TrafficForML_CICFlowMeter_30s_state.csv,TRAIN,2018-02-23 04:39:30,0,0,0
Friday-23-02-2018_TrafficForML_CICFlowMeter_30s_state.csv,TRAIN,2018-02-23 04:40:00,0,0,0
Friday-23-02-2018_TrafficForML_CICFlowMeter_30s_state.csv,TRAIN,2018-02-23 04:40:30,0,0,0
Friday-23-02-2018_TrafficForML_CICFlowMeter_30s_state.csv,TRAIN,2018-02-23 04:41:00,0,0,0
Friday-23-02-2018_TrafficForML_CICFlowMeter_30s_state.csv,TRAIN,2018-02-23 04:41:30,0,0,0
Friday-23-02-2018_TrafficForML_CICFlowMeter_30s_state.csv,TRAIN,2018-02-23 04:42:00,0,0,0
Friday-23-02-2018_TrafficForML_CICFlowMeter_30s_state.csv,TRAIN,2018-02-23 04:42:30,0,0,0
Friday-23-02-2018_TrafficForML_CICFlowMeter_30s_state.csv,TRAIN,2018-02-23 04:43:00,0,0,0
Friday-23-02-2018_TrafficForML_CICFlowMeter_30s_state.csv,TRAIN,2018-02-23 04:43:30,0,0,0
Friday-23-02-2018_TrafficForML_CICFlowMeter_30s_state.csv,TRAIN,2018-02-23 04:44:00,0,0,0
Friday-23-02-2018_TrafficForML_CICFlowMeter_30s_state.csv,TRAIN,2018-02-23 04:44:30,0,0,0
Friday-23-02-2018_TrafficForML_CICFlowMeter_30s_state.csv,TRAIN,2018-02-23 04:45:00,0,0,0
Friday-23-02-2018_TrafficForML_CICFlowMeter_30s_state.csv,TRAIN,2018-02-23 04:45:30,0,0,0
Friday-23-02-2018_TrafficForML_CICFlowMeter_30s_state.csv,TRAIN,2018-02-23 04:46:00,0,0,0
Friday-23-02-2018_TrafficForML_CICFlowMeter_30s_state.csv,TRAIN,2018-02-23 04:46:30,0,0,0
Friday-23-02-2018_TrafficForML_CICFlowMeter_30s_state.csv,TRAIN,2018-02-23 04:47:00,0,0,0
Friday-23-02-2018_TrafficForML_CICFlowMeter_30s_state.csv,TRAIN,2018-02-23 04:47:30,0,0,0
Friday-23-02-2018_TrafficForML_CICFlowMeter_30s_state.csv,TRAIN,2018-02-23 04:48:00,0,0,0
Friday-23-02-2018_TrafficForML_CICFlowMeter_30s_state.csv,TRAIN,2018-02-23 04:48:30,0,0,0
Friday-23-02-2018_TrafficForML_CICFlowMeter_30s_state.csv,TRAIN,2018-02-23 04:49:00,0,0,0
Friday-23-02-2018_TrafficForML_CICFlowMeter_30s_state.csv,TRAIN,2018-02-23 04:49:30,0,0,0
Friday-23-02-2018_TrafficForML_CICFlowMeter_30s_state.csv,TRAIN,2018-02-23 04:50:00,0,0,0
Friday-23-02-2018_TrafficForML_CICFlowMeter_30s_state.csv,TRAIN,2018-02-23 04:50:30,0,0,0
Friday-23-02-2018_TrafficForML_CICFlowMeter_30s_state.csv,TRAIN,2018-02-23 04:51:00,0,0,0
Friday-23-02-2018_TrafficForML_CICFlowMeter_30s_state.csv,TRAIN,2018-02-23 04:51:30,0,0,0
Friday-23-02-2018_TrafficForML_CICFlowMeter_30s_state.csv,TRAIN,2018-02-23 04:52:00,0,0,0
Friday-23-02-2018_TrafficForML_CICFlowMeter_30s_state.csv,TRAIN,2018-02-23 04:52:30,0,0,0
Friday-23-02-2018_TrafficForML_CICFlowMeter_30s_state.csv,TRAIN,2018-02-23 04:53:00,0,0,0
Friday-23-02-2018_TrafficForML_CICFlowMeter_30s_state.csv,TRAIN,2018-02-23 04:53:30,0,0,0
Friday-23-02-2018_TrafficForML_CICFlowMeter_30s_state.csv,TRAIN,2018-02-23 04:54:00,0,0,0
Friday-23-02-2018_TrafficForML_CICFlowMeter_30s_state.csv,TRAIN,2018-02-23 04:54:30,0,0,0
Friday-23-02-2018_TrafficForML_CICFlowMeter_30s_state.csv,TRAIN,2018-02-23 04:55:00,0,0,0
Friday-23-02-2018_TrafficForML_CICFlowMeter_30s_state.csv,TRAIN,2018-02-23 04:55:30,0,0,0
Friday-23-02-2018_TrafficForML_CICFlowMeter_30s_state.csv,TRAIN,2018-02-23 04:56:00,0,0,0
Friday-23-02-2018_TrafficForML_CICFlowMeter_30s_state.csv,TRAIN,2018-02-23 04:56:30,0,0,0
Friday-23-02-2018_TrafficForML_CICFlowMeter_30s_state.csv,TRAIN,2018-02-23 04:57:00,0,0,0
Friday-23-02-2018_TrafficForML_CICFlowMeter_30s_state.csv,TRAIN,2018-02-23 04:57:30,0,0,0
Friday-23-02-2018_TrafficForML_CICFlowMeter_30s_state.csv,TRAIN,2018-02-23 04:58:00,0,0,0
Friday-23-02-2018_TrafficForML_CICFlowMeter_30s_state.csv,TRAIN,2018-02-23 04:58:30,0,0,0
Friday-23-02-2018_TrafficForML_CICFlowMeter_30s_state.csv,TRAIN,2018-02-23 04:59:00,0,0,0
Friday-23-02-2018_TrafficForML_CICFlowMeter_30s_state.csv,TRAIN,2018-02-23 04:59:30,0,0,0
Friday-23-02-2018_TrafficForML_CICFlowMeter_30s_state.csv,TRAIN,2018-02-23 05:00:00,0,0,0
Friday-23-02-2018_TrafficForML_CICFlowMeter_30s_state.csv,TRAIN,2018-02-23 05:00:30,0,0,0
Friday-23-02-2018_TrafficForML_CICFlowMeter_30s_state.csv,TRAIN,2018-02-23 05:01:00,0,0,0
Friday-23-02-2018_TrafficForML_CICFlowMeter_30s_state.csv,TRAIN,2018-02-23 05:01:30,0,0,0
Friday-23-02-2018_TrafficForML_CICFlowMeter_30s_state.csv,TRAIN,2018-02-23 05:02:00,0,0,0
Friday-23-02-2018_TrafficForML_CICFlowMeter_30s_state.csv,TRAIN,2018-02-23 05:02:30,0,0,0
Friday-23-02-2018_TrafficForML_CICFlowMeter_30s_state.csv,TRAIN,2018-02-23 05:03:00,0,0,0
Friday-23-02-2018_TrafficForML_CICFlowMeter_30s_state.csv,TRAIN,2018-02-23 05:03:30,0,0,0
Friday-23-02-2018_TrafficForML_CICFlowMeter_30s_state.csv,TRAIN,2018-02-23 05:04:00,0,0,0
Friday-23-02-2018_TrafficForML_CICFlowMeter_30s_state.csv,TRAIN,2018-02-23 05:04:30,0,0,0
Friday-23-02-2018_TrafficForML_CICFlowMeter_30s_state.csv,TRAIN,2018-02-23 05:05:00,0,0,0
Friday-23-02-2018_TrafficForML_CICFlowMeter_30s_state.csv,TRAIN,2018-02-23 05:05:30,0,0,0
Friday-23-02-2018_TrafficForML_CICFlowMeter_30s_state.csv,TRAIN,2018-02-23 05:06:00,0,0,0
Friday-23-02-2018_TrafficForML_CICFlowMeter_30s_state.csv,TRAIN,2018-02-23 05:06:30,0,0,0
Friday-23-02-2018_TrafficForML_CICFlowMeter_30s_state.csv,TRAIN,2018-02-23 05:07:00,0,0,0
Friday-23-02-2018_TrafficForML_CICFlowMeter_30s_state.csv,TRAIN,2018-02-23 05:07:30,0,0,0
Friday-23-02-2018_TrafficForML_CICFlowMeter_30s_state.csv,TRAIN,2018-02-23 05:08:00,0,0,0
Friday-23-02-2018_TrafficForML_CICFlowMeter_30s_state.csv,TRAIN,2018-02-23 05:08:30,0,0,0
Friday-23-02-2018_TrafficForML_CICFlowMeter_30s_state.csv,TRAIN,2018-02-23 05:09:00,0,0,0
Friday-23-02-2018_TrafficForML_CICFlowMeter_30s_state.csv,TRAIN,2018-02-23 05:09:30,0,0,0
Friday-23-02-2018_TrafficForML_CICFlowMeter_30s_state.csv,TRAIN,2018-02-23 05:10:00,0,0,0
Friday-23-02-2018_TrafficForML_CICFlowMeter_30s_state.csv,TRAIN,2018-02-23 05:10:30,0,0,0
Friday-23-02-2018_TrafficForML_CICFlowMeter_30s_state.csv,TRAIN,2018-02-23 05:11:00,0,0,0
Friday-23-02-2018_TrafficForML_CICFlowMeter_30s_state.csv,TRAIN,2018-02-23 05:11:30,0,0,0
Friday-23-02-2018_TrafficForML_CICFlowMeter_30s_state.csv,TRAIN,2018-02-23 05:12:00,0,0,0
Friday-23-02-2018_TrafficForML_CICFlowMeter_30s_state.csv,TRAIN,2018-02-23 05:12:30,0,0,0
Friday-23-02-2018_TrafficForML_CICFlowMeter_30s_state.csv,TRAIN,2018-02-23 05:13:00,0,0,0
Friday-23-02-2018_TrafficForML_CICFlowMeter_30s_state.csv,TRAIN,2018-02-23 05:13:30,0,0,0
Friday-23-02-2018_TrafficForML_CICFlowMeter_30s_state.csv,TRAIN,2018-02-23 05:14:00,0,0,0
Friday-23-02-2018_TrafficForML_CICFlowMeter_30s_state.csv,TRAIN,2018-02-23 05:14:30,0,0,0
Friday-23-02-2018_TrafficForML_CICFlowMeter_30s_state.csv,TRAIN,2018-02-23 05:15:00,0,0,0
Friday-23-02-2018_TrafficForML_CICFlowMeter_30s_state.csv,TRAIN,2018-02-23 05:15:30,0,0,0
Friday-23-02-2018_TrafficForML_CICFlowMeter_30s_state.csv,TRAIN,2018-02-23 05:16:00,0,0,0
Friday-23-02-2018_TrafficForML_CICFlowMeter_30s_state.csv,TRAIN,2018-02-23 05:16:30,0,0,0
Friday-23-02-2018_TrafficForML_CICFlowMeter_30s_state.csv,TRAIN,2018-02-23 05:17:00,0,0,0
Friday-23-02-2018_TrafficForML_CICFlowMeter_30s_state.csv,TRAIN,2018-02-23 05:17:30,0,0,0
Friday-23-02-2018_TrafficForML_CICFlowMeter_30s_state.csv,TRAIN,2018-02-23 05:18:00,0,0,0
Friday-23-02-2018_TrafficForML_CICFlowMeter_30s_state.csv,TRAIN,2018-02-23 05:18:30,0,0,0
Friday-23-02-2018_TrafficForML_CICFlowMeter_30s_state.csv,TRAIN,2018-02-23 05:19:00,0,0,0
Friday-23-02-2018_TrafficForML_CICFlowMeter_30s_state.csv,TRAIN,2018-02-23 05:19:30,0,0,0
Friday-23-02-2018_TrafficForML_CICFlowMeter_30s_state.csv,TRAIN,2018-02-23 05:20:00,0,0,0
Friday-23-02-2018_TrafficForML_CICFlowMeter_30s_state.csv,TRAIN,2018-02-23 05:20:30,0,0,0
Friday-23-02-2018_TrafficForML_CICFlowMeter_30s_state.csv,TRAIN,2018-02-23 05:21:00,0,0,0
Friday-23-02-2018_TrafficForML_CICFlowMeter_30s_state.csv,TRAIN,2018-02-23 05:21:30,0,0,0
Friday-23-02-2018_TrafficForML_CICFlowMeter_30s_state.csv,TRAIN,2018-02-23 05:22:00,0,0,0
Friday-23-02-2018_TrafficForML_CICFlowMeter_30s_state.csv,TRAIN,2018-02-23 05:22:30,0,0,0
Friday-23-02-2018_TrafficForML_CICFlowMeter_30s_state.csv,TRAIN,2018-02-23 05:23:00,0,0,0
Friday-23-02-2018_TrafficForML_CICFlowMeter_30s_state.csv,TRAIN,2018-02-23 05:23:30,0,0,0
Friday-23-02-2018_TrafficForML_CICFlowMeter_30s_state.csv,TRAIN,2018-02-23 05:24:00,0,0,0
Friday-23-02-2018_TrafficForML_CICFlowMeter_30s_state.csv,TRAIN,2018-02-23 05:24:30,0,0,0
Friday-23-02-2018_TrafficForML_CICFlowMeter_30s_state.csv,TRAIN,2018-02-23 05:25:00,0,0,0
Friday-23-02-2018_TrafficForML_CICFlowMeter_30s_state.csv,TRAIN,2018-02-23 05:25:30,0,0,0
Friday-23-02-2018_TrafficForML_CICFlowMeter_30s_state.csv,TRAIN,2018-02-23 05:26:00,0,0,0
Friday-23-02-2018_TrafficForML_CICFlowMeter_30s_state.csv,TRAIN,2018-02-23 05:26:30,0,0,0
Friday-23-02-2018_TrafficForML_CICFlowMeter_30s_state.csv,TRAIN,2018-02-23 05:27:00,0,0,0
Friday-23-02-2018_TrafficForML_CICFlowMeter_30s_state.csv,TRAIN,2018-02-23 05:27:30,0,0,0
Friday-23-02-2018_TrafficForML_CICFlowMeter_30s_state.csv,TRAIN,2018-02-23 05:28:00,0,0,0
Friday-23-02-2018_TrafficForML_CICFlowMeter_30s_state.csv,TRAIN,2018-02-23 05:28:30,0,0,0
Friday-23-02-2018_TrafficForML_CICFlowMeter_30s_state.csv,TRAIN,2018-02-23 05:29:00,0,0,0
Friday-23-02-2018_TrafficForML_CICFlowMeter_30s_state.csv,TRAIN,2018-02-23 05:29:30,0,0,0
Friday-23-02-2018_TrafficForML_CICFlowMeter_30s_state.csv,TRAIN,2018-02-23 05:30:00,0,0,0
Friday-23-02-2018_TrafficForML_CICFlowMeter_30s_state.csv,TRAIN,2018-02-23 05:30:30,0,0,0
Friday-23-02-2018_TrafficForML_CICFlowMeter_30s_state.csv,TRAIN,2018-02-23 08:20:00,0,0,0
Friday-23-02-2018_TrafficForML_CICFlowMeter_30s_state.csv,TRAIN,2018-02-23 08:20:30,0,0,0
Friday-23-02-2018_TrafficForML_CICFlowMeter_30s_state.csv,TRAIN,2018-02-23 08:21:00,0,0,0
Friday-23-02-2018_TrafficForML_CICFlowMeter_30s_state.csv,TRAIN,2018-02-23 08:21:30,0,0,0
Friday-23-02-2018_TrafficForML_CICFlowMeter_30s_state.csv,TRAIN,2018-02-23 08:22:00,0,0,0
Friday-23-02-2018_TrafficForML_CICFlowMeter_30s_state.csv,TRAIN,2018-02-23 08:22:30,0,0,0
Friday-23-02-2018_TrafficForML_CICFlowMeter_30s_state.csv,TRAIN,2018-02-23 08:23:00,0,0,0
Friday-23-02-2018_TrafficForML_CICFlowMeter_30s_state.csv,TRAIN,2018-02-23 08:23:30,0,0,0
Friday-23-02-2018_TrafficForML_CICFlowMeter_30s_state.csv,TRAIN,2018-02-23 08:24:00,0,0,0
Friday-23-02-2018_TrafficForML_CICFlowMeter_30s_state.csv,TRAIN,2018-02-23 08:24:30,0,0,0
Friday-23-02-2018_TrafficForML_CICFlowMeter_30s_state.csv,TRAIN,2018-02-23 08:25:00,0,0,0
Friday-23-02-2018_TrafficForML_CICFlowMeter_30s_state.csv,TRAIN,2018-02-23 08:25:30,0,0,0
Friday-23-02-2018_TrafficForML_CICFlowMeter_30s_state.csv,TRAIN,2018-02-23 08:26:00,0,0,0
Friday-23-02-2018_TrafficForML_CICFlowMeter_30s_state.csv,TRAIN,2018-02-23 08:26:30,0,0,0
Friday-23-02-2018_TrafficForML_CICFlowMeter_30s_state.csv,TRAIN,2018-02-23 08:27:00,0,0,0
Friday-23-02-2018_TrafficForML_CICFlowMeter_30s_state.csv,TRAIN,2018-02-23 08:27:30,0,0,0
Friday-23-02-2018_TrafficForML_CICFlowMeter_30s_state.csv,TRAIN,2018-02-23 08:28:00,0,0,0
Friday-23-02-2018_TrafficForML_CICFlowMeter_30s_state.csv,TRAIN,2018-02-23 08:28:30,0,0,0
Friday-23-02-2018_TrafficForML_CICFlowMeter_30s_state.csv,TRAIN,2018-02-23 08:29:00,0,0,0
Friday-23-02-2018_TrafficForML_CICFlowMeter_30s_state.csv,TRAIN,2018-02-23 08:29:30,0,0,0
Friday-23-02-2018_TrafficForML_CICFlowMeter_30s_state.csv,TRAIN,2018-02-23 08:30:00,0,0,0
Friday-23-02-2018_TrafficForML_CICFlowMeter_30s_state.csv,TRAIN,2018-02-23 08:30:30,0,0,0
Friday-23-02-2018_TrafficForML_CICFlowMeter_30s_state.csv,TRAIN,2018-02-23 08:31:00,0,0,0
Friday-23-02-2018_TrafficForML_CICFlowMeter_30s_state.csv,TRAIN,2018-02-23 08:31:30,0,0,0
Friday-23-02-2018_TrafficForML_CICFlowMeter_30s_state.csv,TRAIN,2018-02-23 08:32:00,0,0,0
Friday-23-02-2018_TrafficForML_CICFlowMeter_30s_state.csv,TRAIN,2018-02-23 08:32:30,0,0,0
Friday-23-02-2018_TrafficForML_CICFlowMeter_30s_state.csv,TRAIN,2018-02-23 08:33:00,0,0,0
Friday-23-02-2018_TrafficForML_CICFlowMeter_30s_state.csv,TRAIN,2018-02-23 08:33:30,0,0,0
Friday-23-02-2018_TrafficForML_CICFlowMeter_30s_state.csv,TRAIN,2018-02-23 08:34:00,0,0,0
Friday-23-02-2018_TrafficForML_CICFlowMeter_30s_state.csv,TRAIN,2018-02-23 08:34:30,0,0,0
Friday-23-02-2018_TrafficForML_CICFlowMeter_30s_state.csv,TRAIN,2018-02-23 08:35:00,0,0,0
Friday-23-02-2018_TrafficForML_CICFlowMeter_30s_state.csv,TRAIN,2018-02-23 08:35:30,0,0,0
Friday-23-02-2018_TrafficForML_CICFlowMeter_30s_state.csv,TRAIN,2018-02-23 08:36:00,0,0,0
Friday-23-02-2018_TrafficForML_CICFlowMeter_30s_state.csv,TRAIN,2018-02-23 08:36:30,0,0,0
Friday-23-02-2018_TrafficForML_CICFlowMeter_30s_state.csv,TRAIN,2018-02-23 08:37:00,0,0,0
Friday-23-02-2018_TrafficForML_CICFlowMeter_30s_state.csv,TRAIN,2018-02-23 08:37:30,0,0,0
Friday-23-02-2018_TrafficForML_CICFlowMeter_30s_state.csv,TRAIN,2018-02-23 08:38:00,0,0,0
Friday-23-02-2018_TrafficForML_CICFlowMeter_30s_state.csv,TRAIN,2018-02-23 08:38:30,0,0,0
Friday-23-02-2018_TrafficForML_CICFlowMeter_30s_state.csv,TRAIN,2018-02-23 08:39:00,0,0,0
Friday-23-02-2018_TrafficForML_CICFlowMeter_30s_state.csv,TRAIN,2018-02-23 08:39:30,0,0,0
Friday-23-02-2018_TrafficForML_CICFlowMeter_30s_state.csv,TRAIN,2018-02-23 08:40:00,0,0,0
Friday-23-02-2018_TrafficForML_CICFlowMeter_30s_state.csv,TRAIN,2018-02-23 08:40:30,0,0,0
Friday-23-02-2018_TrafficForML_CICFlowMeter_30s_state.csv,TRAIN,2018-02-23 08:41:00,0,0,0
Friday-23-02-2018_TrafficForML_CICFlowMeter_30s_state.csv,TRAIN,2018-02-23 08:41:30,0,0,0
Friday-23-02-2018_TrafficForML_CICFlowMeter_30s_state.csv,TRAIN,2018-02-23 08:42:00,0,0,0
Friday-23-02-2018_TrafficForML_CICFlowMeter_30s_state.csv,TRAIN,2018-02-23 08:42:30,0,0,0
Friday-23-02-2018_TrafficForML_CICFlowMeter_30s_state.csv,TRAIN,2018-02-23 08:43:00,0,0,0
Friday-23-02-2018_TrafficForML_CICFlowMeter_30s_state.csv,TRAIN,2018-02-23 08:43:30,0,0,0
Friday-23-02-2018_TrafficForML_CICFlowMeter_30s_state.csv,TRAIN,2018-02-23 08:44:00,0,0,0
Friday-23-02-2018_TrafficForML_CICFlowMeter_30s_state.csv,TRAIN,2018-02-23 08:44:30,0,0,0
Friday-23-02-2018_TrafficForML_CICFlowMeter_30s_state.csv,TRAIN,2018-02-23 08:45:00,0,0,0
Friday-23-02-2018_TrafficForML_CICFlowMeter_30s_state.csv,TRAIN,2018-02-23 08:45:30,0,0,0
Friday-23-02-2018_TrafficForML_CICFlowMeter_30s_state.csv,TRAIN,2018-02-23 08:46:00,0,0,0
Friday-23-02-2018_TrafficForML_CICFlowMeter_30s_state.csv,TRAIN,2018-02-23 08:46:30,0,0,0
Friday-23-02-2018_TrafficForML_CICFlowMeter_30s_state.csv,TRAIN,2018-02-23 08:47:00,0,0,0
Friday-23-02-2018_TrafficForML_CICFlowMeter_30s_state.csv,TRAIN,2018-02-23 08:47:30,0,0,0
Friday-23-02-2018_TrafficForML_CICFlowMeter_30s_state.csv,TRAIN,2018-02-23 08:48:00,0,0,0
Friday-23-02-2018_TrafficForML_CICFlowMeter_30s_state.csv,TRAIN,2018-02-23 08:48:30,0,0,0
Friday-23-02-2018_TrafficForML_CICFlowMeter_30s_state.csv,TRAIN,2018-02-23 08:49:00,0,0,0
Friday-23-02-2018_TrafficForML_CICFlowMeter_30s_state.csv,TRAIN,2018-02-23 08:49:30,0,0,0
Friday-23-02-2018_TrafficForML_CICFlowMeter_30s_state.csv,TRAIN,2018-02-23 08:50:00,0,0,0
Friday-23-02-2018_TrafficForML_CICFlowMeter_30s_state.csv,TRAIN,2018-02-23 08:50:30,0,0,0
Friday-23-02-2018_TrafficForML_CICFlowMeter_30s_state.csv,TRAIN,2018-02-23 08:51:00,0,0,0
Friday-23-02-2018_TrafficForML_CICFlowMeter_30s_state.csv,TRAIN,2018-02-23 08:51:30,0,0,0
Friday-23-02-2018_TrafficForML_CICFlowMeter_30s_state.csv,TRAIN,2018-02-23 08:52:00,0,0,0
Friday-23-02-2018_TrafficForML_CICFlowMeter_30s_state.csv,TRAIN,2018-02-23 08:52:30,0,0,0
Friday-23-02-2018_TrafficForML_CICFlowMeter_30s_state.csv,TRAIN,2018-02-23 08:53:00,0,0,0
Friday-23-02-2018_TrafficForML_CICFlowMeter_30s_state.csv,TRAIN,2018-02-23 08:53:30,0,0,0
Friday-23-02-2018_TrafficForML_CICFlowMeter_30s_state.csv,TRAIN,2018-02-23 08:54:00,0,0,0
Friday-23-02-2018_TrafficForML_CICFlowMeter_30s_state.csv,TRAIN,2018-02-23 08:54:30,0,0,0
Friday-23-02-2018_TrafficForML_CICFlowMeter_30s_state.csv,TRAIN,2018-02-23 08:55:00,0,0,0
Friday-23-02-2018_TrafficForML_CICFlowMeter_30s_state.csv,TRAIN,2018-02-23 08:55:30,0,0,0
Friday-23-02-2018_TrafficForML_CICFlowMeter_30s_state.csv,TRAIN,2018-02-23 08:56:00,0,0,0
Friday-23-02-2018_TrafficForML_CICFlowMeter_30s_state.csv,TRAIN,2018-02-23 08:56:30,0,0,0
Friday-23-02-2018_TrafficForML_CICFlowMeter_30s_state.csv,TRAIN,2018-02-23 08:57:00,0,0,0
Friday-23-02-2018_TrafficForML_CICFlowMeter_30s_state.csv,TRAIN,2018-02-23 08:57:30,0,0,0
Friday-23-02-2018_TrafficForML_CICFlowMeter_30s_state.csv,TRAIN,2018-02-23 08:58:00,0,0,0
Friday-23-02-2018_TrafficForML_CICFlowMeter_30s_state.csv,TRAIN,2018-02-23 08:58:30,0,0,0
Friday-23-02-2018_TrafficForML_CICFlowMeter_30s_state.csv,TRAIN,2018-02-23 08:59:00,0,0,0
Friday-23-02-2018_TrafficForML_CICFlowMeter_30s_state.csv,TRAIN,2018-02-23 08:59:30,0,0,0
Friday-23-02-2018_TrafficForML_CICFlowMeter_30s_state.csv,TRAIN,2018-02-23 09:00:00,0,0,0
Friday-23-02-2018_TrafficForML_CICFlowMeter_30s_state.csv,TRAIN,2018-02-23 09:00:30,0,0,0
Friday-23-02-2018_TrafficForML_CICFlowMeter_30s_state.csv,TRAIN,2018-02-23 09:01:00,0,0,0
Friday-23-02-2018_TrafficForML_CICFlowMeter_30s_state.csv,TRAIN,2018-02-23 09:01:30,0,0,0
Friday-23-02-2018_TrafficForML_CICFlowMeter_30s_state.csv,TRAIN,2018-02-23 09:02:00,0,0,0
Friday-23-02-2018_TrafficForML_CICFlowMeter_30s_state.csv,TRAIN,2018-02-23 09:02:30,0,0,0
Friday-23-02-2018_TrafficForML_CICFlowMeter_30s_state.csv,TRAIN,2018-02-23 09:03:00,0,0,0
Friday-23-02-2018_TrafficForML_CICFlowMeter_30s_state.csv,TRAIN,2018-02-23 09:03:30,0,0,0
Friday-23-02-2018_TrafficForML_CICFlowMeter_30s_state.csv,TRAIN,2018-02-23 09:04:00,0,0,0
Friday-23-02-2018_TrafficForML_CICFlowMeter_30s_state.csv,TRAIN,2018-02-23 09:04:30,0,0,0
Friday-23-02-2018_TrafficForML_CICFlowMeter_30s_state.csv,TRAIN,2018-02-23 09:05:00,0,0,0
Friday-23-02-2018_TrafficForML_CICFlowMeter_30s_state.csv,TRAIN,2018-02-23 09:05:30,0,0,0
Friday-23-02-2018_TrafficForML_CICFlowMeter_30s_state.csv,TRAIN,2018-02-23 09:06:00,0,0,0
Friday-23-02-2018_TrafficForML_CICFlowMeter_30s_state.csv,TRAIN,2018-02-23 09:06:30,0,0,0
Friday-23-02-2018_TrafficForML_CICFlowMeter_30s_state.csv,TRAIN,2018-02-23 09:07:00,0,0,0
Friday-23-02-2018_TrafficForML_CICFlowMeter_30s_state.csv,TRAIN,2018-02-23 09:07:30,0,0,0
Friday-23-02-2018_TrafficForML_CICFlowMeter_30s_state.csv,TRAIN,2018-02-23 09:08:00,0,0,0
Friday-23-02-2018_TrafficForML_CICFlowMeter_30s_state.csv,TRAIN,2018-02-23 09:08:30,0,0,0
Friday-23-02-2018_TrafficForML_CICFlowMeter_30s_state.csv,TRAIN,2018-02-23 09:09:00,0,0,0
Friday-23-02-2018_TrafficForML_CICFlowMeter_30s_state.csv,TRAIN,2018-02-23 09:09:30,0,0,0
Friday-23-02-2018_TrafficForML_CICFlowMeter_30s_state.csv,TRAIN,2018-02-23 09:10:00,0,0,0
Friday-23-02-2018_TrafficForML_CICFlowMeter_30s_state.csv,TRAIN,2018-02-23 09:10:30,0,0,0
Friday-23-02-2018_TrafficForML_CICFlowMeter_30s_state.csv,TRAIN,2018-02-23 09:11:00,0,0,0
Friday-23-02-2018_TrafficForML_CICFlowMeter_30s_state.csv,TRAIN,2018-02-23 09:11:30,0,0,0
Friday-23-02-2018_TrafficForML_CICFlowMeter_30s_state.csv,TRAIN,2018-02-23 09:12:00,0,0,0
Friday-23-02-2018_TrafficForML_CICFlowMeter_30s_state.csv,TRAIN,2018-02-23 09:12:30,0,0,0
Friday-23-02-2018_TrafficForML_CICFlowMeter_30s_state.csv,TRAIN,2018-02-23 09:13:00,0,0,0
Friday-23-02-2018_TrafficForML_CICFlowMeter_30s_state.csv,TRAIN,2018-02-23 09:13:30,0,0,0
Friday-23-02-2018_TrafficForML_CICFlowMeter_30s_state.csv,TRAIN,2018-02-23 09:14:00,0,0,0
Friday-23-02-2018_TrafficForML_CICFlowMeter_30s_state.csv,TRAIN,2018-02-23 09:14:30,0,0,0
Friday-23-02-2018_TrafficForML_CICFlowMeter_30s_state.csv,TRAIN,2018-02-23 09:15:00,0,0,0
Friday-23-02-2018_TrafficForML_CICFlowMeter_30s_state.csv,TRAIN,2018-02-23 09:15:30,0,0,0
Friday-23-02-2018_TrafficForML_CICFlowMeter_30s_state.csv,TRAIN,2018-02-23 09:16:00,0,0,0
Friday-23-02-2018_TrafficForML_CICFlowMeter_30s_state.csv,TRAIN,2018-02-23 09:16:30,0,0,0
Friday-23-02-2018_TrafficForML_CICFlowMeter_30s_state.csv,TRAIN,2018-02-23 09:17:00,0,1,0
Friday-23-02-2018_TrafficForML_CICFlowMeter_30s_state.csv,TRAIN,2018-02-23 09:17:30,1,0,1
Friday-23-02-2018_TrafficForML_CICFlowMeter_30s_state.csv,TRAIN,2018-02-23 09:18:00,0,0,0
Friday-23-02-2018_TrafficForML_CICFlowMeter_30s_state.csv,TRAIN,2018-02-23 09:18:30,0,0,0
Friday-23-02-2018_TrafficForML_CICFlowMeter_30s_state.csv,TRAIN,2018-02-23 09:19:00,0,0,0
Friday-23-02-2018_TrafficForML_CICFlowMeter_30s_state.csv,TRAIN,2018-02-23 09:19:30,0,0,0
Friday-23-02-2018_TrafficForML_CICFlowMeter_30s_state.csv,TRAIN,2018-02-23 09:20:00,0,0,0
Friday-23-02-2018_TrafficForML_CICFlowMeter_30s_state.csv,TRAIN,2018-02-23 09:20:30,0,0,0
Friday-23-02-2018_TrafficForML_CICFlowMeter_30s_state.csv,TRAIN,2018-02-23 09:21:00,0,0,0
Friday-23-02-2018_TrafficForML_CICFlowMeter_30s_state.csv,TRAIN,2018-02-23 09:21:30,0,0,0
Friday-23-02-2018_TrafficForML_CICFlowMeter_30s_state.csv,TRAIN,2018-02-23 09:22:00,0,0,0
Friday-23-02-2018_TrafficForML_CICFlowMeter_30s_state.csv,TRAIN,2018-02-23 09:22:30,0,0,0
Friday-23-02-2018_TrafficForML_CICFlowMeter_30s_state.csv,TRAIN,2018-02-23 09:23:00,0,0,0
Friday-23-02-2018_TrafficForML_CICFlowMeter_30s_state.csv,TRAIN,2018-02-23 09:23:30,0,0,0
Friday-23-02-2018_TrafficForML_CICFlowMeter_30s_state.csv,TRAIN,2018-02-23 09:24:00,0,0,0
Friday-23-02-2018_TrafficForML_CICFlowMeter_30s_state.csv,TRAIN,2018-02-23 09:24:30,0,0,0
Friday-23-02-2018_TrafficForML_CICFlowMeter_30s_state.csv,TRAIN,2018-02-23 09:25:00,0,0,0
Friday-23-02-2018_TrafficForML_CICFlowMeter_30s_state.csv,TRAIN,2018-02-23 09:25:30,0,0,0
Friday-23-02-2018_TrafficForML_CICFlowMeter_30s_state.csv,TRAIN,2018-02-23 09:26:00,0,0,0
Friday-23-02-2018_TrafficForML_CICFlowMeter_30s_state.csv,TRAIN,2018-02-23 09:26:30,0,0,0
Friday-23-02-2018_TrafficForML_CICFlowMeter_30s_state.csv,TRAIN,2018-02-23 09:27:00,0,0,0
Friday-23-02-2018_TrafficForML_CICFlowMeter_30s_state.csv,TRAIN,2018-02-23 09:27:30,0,0,0
Friday-23-02-2018_TrafficForML_CICFlowMeter_30s_state.csv,TRAIN,2018-02-23 09:28:00,0,0,0
Friday-23-02-2018_TrafficForML_CICFlowMeter_30s_state.csv,TRAIN,2018-02-23 09:28:30,0,0,0
Friday-23-02-2018_TrafficForML_CICFlowMeter_30s_state.csv,TRAIN,2018-02-23 09:29:00,0,0,0
Friday-23-02-2018_TrafficForML_CICFlowMeter_30s_state.csv,TRAIN,2018-02-23 09:29:30,0,0,0
Friday-23-02-2018_TrafficForML_CICFlowMeter_30s_state.csv,TRAIN,2018-02-23 09:30:00,0,0,0
Friday-23-02-2018_TrafficForML_CICFlowMeter_30s_state.csv,TRAIN,2018-02-23 09:30:30,0,0,0
Friday-23-02-2018_TrafficForML_CICFlowMeter_30s_state.csv,TRAIN,2018-02-23 09:31:00,0,0,0
Friday-23-02-2018_TrafficForML_CICFlowMeter_30s_state.csv,TRAIN,2018-02-23 09:31:30,0,0,0
Friday-23-02-2018_TrafficForML_CICFlowMeter_30s_state.csv,TRAIN,2018-02-23 09:32:00,0,0,0
Friday-23-02-2018_TrafficForML_CICFlowMeter_30s_state.csv,TRAIN,2018-02-23 09:32:30,0,0,0
Friday-23-02-2018_TrafficForML_CICFlowMeter_30s_state.csv,TRAIN,2018-02-23 09:33:00,0,0,0
Friday-23-02-2018_TrafficForML_CICFlowMeter_30s_state.csv,TRAIN,2018-02-23 09:33:30,0,0,0
Friday-23-02-2018_TrafficForML_CICFlowMeter_30s_state.csv,TRAIN,2018-02-23 09:34:00,0,0,0
Friday-23-02-2018_TrafficForML_CICFlowMeter_30s_state.csv,TRAIN,2018-02-23 09:34:30,0,0,0
Friday-23-02-2018_TrafficForML_CICFlowMeter_30s_state.csv,TRAIN,2018-02-23 09:35:00,0,0,0
Friday-23-02-2018_TrafficForML_CICFlowMeter_30s_state.csv,TRAIN,2018-02-23 09:35:30,0,0,0
Friday-23-02-2018_TrafficForML_CICFlowMeter_30s_state.csv,TRAIN,2018-02-23 09:36:00,0,0,0
Friday-23-02-2018_TrafficForML_CICFlowMeter_30s_state.csv,TRAIN,2018-02-23 09:36:30,0,0,0
Friday-23-02-2018_TrafficForML_CICFlowMeter_30s_state.csv,TRAIN,2018-02-23 09:37:00,0,0,0
Friday-23-02-2018_TrafficForML_CICFlowMeter_30s_state.csv,TRAIN,2018-02-23 09:37:30,0,0,0
Friday-23-02-2018_TrafficForML_CICFlowMeter_30s_state.csv,TRAIN,2018-02-23 09:38:00,0,0,0
Friday-23-02-2018_TrafficForML_CICFlowMeter_30s_state.csv,TRAIN,2018-02-23 09:38:30,0,0,0
Friday-23-02-2018_TrafficForML_CICFlowMeter_30s_state.csv,TRAIN,2018-02-23 09:39:00,0,0,0
Friday-23-02-2018_TrafficForML_CICFlowMeter_30s_state.csv,TRAIN,2018-02-23 09:39:30,0,0,0
Friday-23-02-2018_TrafficForML_CICFlowMeter_30s_state.csv,TRAIN,2018-02-23 09:40:00,0,0,0
Friday-23-02-2018_TrafficForML_CICFlowMeter_30s_state.csv,TRAIN,2018-02-23 09:40:30,0,0,0
Friday-23-02-2018_TrafficForML_CICFlowMeter_30s_state.csv,TRAIN,2018-02-23 09:41:00,0,0,0
Friday-23-02-2018_TrafficForML_CICFlowMeter_30s_state.csv,TRAIN,2018-02-23 09:41:30,0,0,0
Friday-23-02-2018_TrafficForML_CICFlowMeter_30s_state.csv,TRAIN,2018-02-23 09:42:00,0,0,0
Friday-23-02-2018_TrafficForML_CICFlowMeter_30s_state.csv,TRAIN,2018-02-23 09:42:30,0,0,0
Friday-23-02-2018_TrafficForML_CICFlowMeter_30s_state.csv,TRAIN,2018-02-23 09:43:00,0,0,0
Friday-23-02-2018_TrafficForML_CICFlowMeter_30s_state.csv,TRAIN,2018-02-23 09:43:30,0,0,0
Friday-23-02-2018_TrafficForML_CICFlowMeter_30s_state.csv,TRAIN,2018-02-23 09:44:00,0,0,0
Friday-23-02-2018_TrafficForML_CICFlowMeter_30s_state.csv,TRAIN,2018-02-23 09:44:30,0,0,0
Friday-23-02-2018_TrafficForML_CICFlowMeter_30s_state.csv,TRAIN,2018-02-23 09:45:00,0,0,0
Friday-23-02-2018_TrafficForML_CICFlowMeter_30s_state.csv,TRAIN,2018-02-23 09:45:30,0,0,0
Friday-23-02-2018_TrafficForML_CICFlowMeter_30s_state.csv,TRAIN,2018-02-23 09:46:00,0,0,0
Friday-23-02-2018_TrafficForML_CICFlowMeter_30s_state.csv,TRAIN,2018-02-23 09:46:30,0,0,0
Friday-23-02-2018_TrafficForML_CICFlowMeter_30s_state.csv,TRAIN,2018-02-23 09:47:00,0,0,0
Friday-23-02-2018_TrafficForML_CICFlowMeter_30s_state.csv,TRAIN,2018-02-23 09:47:30,0,0,0
Friday-23-02-2018_TrafficForML_CICFlowMeter_30s_state.csv,TRAIN,2018-02-23 09:48:00,0,0,0
Friday-23-02-2018_TrafficForML_CICFlowMeter_30s_state.csv,TRAIN,2018-02-23 09:48:30,0,0,0
Friday-23-02-2018_TrafficForML_CICFlowMeter_30s_state.csv,TRAIN,2018-02-23 09:49:00,0,0,0
Friday-23-02-2018_TrafficForML_CICFlowMeter_30s_state.csv,TRAIN,2018-02-23 09:49:30,0,0,0
Friday-23-02-2018_TrafficForML_CICFlowMeter_30s_state.csv,TRAIN,2018-02-23 09:50:00,0,0,0
Friday-23-02-2018_TrafficForML_CICFlowMeter_30s_state.csv,TRAIN,2018-02-23 09:50:30,0,0,0
Friday-23-02-2018_TrafficForML_CICFlowMeter_30s_state.csv,TRAIN,2018-02-23 09:51:00,0,0,0
Friday-23-02-2018_TrafficForML_CICFlowMeter_30s_state.csv,TRAIN,2018-02-23 09:51:30,0,0,0
Friday-23-02-2018_TrafficForML_CICFlowMeter_30s_state.csv,TRAIN,2018-02-23 09:52:00,0,0,0
Friday-23-02-2018_TrafficForML_CICFlowMeter_30s_state.csv,TRAIN,2018-02-23 09:52:30,0,0,0
Friday-23-02-2018_TrafficForML_CICFlowMeter_30s_state.csv,TRAIN,2018-02-23 09:53:00,0,0,0
Friday-23-02-2018_TrafficForML_CICFlowMeter_30s_state.csv,TRAIN,2018-02-23 09:53:30,0,0,0
Friday-23-02-2018_TrafficForML_CICFlowMeter_30s_state.csv,TRAIN,2018-02-23 09:54:00,0,0,0
Friday-23-02-2018_TrafficForML_CICFlowMeter_30s_state.csv,TRAIN,2018-02-23 09:54:30,0,0,0
Friday-23-02-2018_TrafficForML_CICFlowMeter_30s_state.csv,TRAIN,2018-02-23 09:55:00,0,0,0
Friday-23-02-2018_TrafficForML_CICFlowMeter_30s_state.csv,TRAIN,2018-02-23 09:55:30,0,0,0
Friday-23-02-2018_TrafficForML_CICFlowMeter_30s_state.csv,TRAIN,2018-02-23 09:56:00,0,0,0
Friday-23-02-2018_TrafficForML_CICFlowMeter_30s_state.csv,TRAIN,2018-02-23 09:56:30,0,0,0
Friday-23-02-2018_TrafficForML_CICFlowMeter_30s_state.csv,TRAIN,2018-02-23 09:57:00,0,1,0
Friday-23-02-2018_TrafficForML_CICFlowMeter_30s_state.csv,TRAIN,2018-02-23 09:57:30,1,0,1
Friday-23-02-2018_TrafficForML_CICFlowMeter_30s_state.csv,TRAIN,2018-02-23 09:58:00,0,0,0
Friday-23-02-2018_TrafficForML_CICFlowMeter_30s_state.csv,TRAIN,2018-02-23 09:58:30,0,0,0
Friday-23-02-2018_TrafficForML_CICFlowMeter_30s_state.csv,TRAIN,2018-02-23 09:59:00,0,0,0
Friday-23-02-2018_TrafficForML_CICFlowMeter_30s_state.csv,TRAIN,2018-02-23 09:59:30,0,0,0
Friday-23-02-2018_TrafficForML_CICFlowMeter_30s_state.csv,TRAIN,2018-02-23 10:00:00,0,0,0
Friday-23-02-2018_TrafficForML_CICFlowMeter_30s_state.csv,TRAIN,2018-02-23 10:00:30,0,0,0
Friday-23-02-2018_TrafficForML_CICFlowMeter_30s_state.csv,TRAIN,2018-02-23 10:01:00,0,0,0
Friday-23-02-2018_TrafficForML_CICFlowMeter_30s_state.csv,TRAIN,2018-02-23 10:01:30,0,0,0
Friday-23-02-2018_TrafficForML_CICFlowMeter_30s_state.csv,TRAIN,2018-02-23 10:02:00,0,0,0
Friday-23-02-2018_TrafficForML_CICFlowMeter_30s_state.csv,TRAIN,2018-02-23 10:02:30,0,1,0
Friday-23-02-2018_TrafficForML_CICFlowMeter_30s_state.csv,TRAIN,2018-02-23 10:03:00,1,1,1
Friday-23-02-2018_TrafficForML_CICFlowMeter_30s_state.csv,TRAIN,2018-02-23 10:03:30,1,0,1
Friday-23-02-2018_TrafficForML_CICFlowMeter_30s_state.csv,TRAIN,2018-02-23 10:04:00,0,1,0
Friday-23-02-2018_TrafficForML_CICFlowMeter_30s_state.csv,TRAIN,2018-02-23 10:04:30,1,1,1
Friday-23-02-2018_TrafficForML_CICFlowMeter_30s_state.csv,TRAIN,2018-02-23 10:05:00,1,1,1
Friday-23-02-2018_TrafficForML_CICFlowMeter_30s_state.csv,TRAIN,2018-02-23 10:05:30,1,1,1
Friday-23-02-2018_TrafficForML_CICFlowMeter_30s_state.csv,TRAIN,2018-02-23 10:06:00,1,1,1
Friday-23-02-2018_TrafficForML_CICFlowMeter_30s_state.csv,TRAIN,2018-02-23 10:06:30,1,0,1
Friday-23-02-2018_TrafficForML_CICFlowMeter_30s_state.csv,TRAIN,2018-02-23 10:07:00,0,1,0
Friday-23-02-2018_TrafficForML_CICFlowMeter_30s_state.csv,TRAIN,2018-02-23 10:07:30,1,0,1
Friday-23-02-2018_TrafficForML_CICFlowMeter_30s_state.csv,TRAIN,2018-02-23 10:08:00,0,1,0
Friday-23-02-2018_TrafficForML_CICFlowMeter_30s_state.csv,TRAIN,2018-02-23 10:08:30,1,1,1
Friday-23-02-2018_TrafficForML_CICFlowMeter_30s_state.csv,TRAIN,2018-02-23 10:09:00,1,1,1
Friday-23-02-2018_TrafficForML_CICFlowMeter_30s_state.csv,TRAIN,2018-02-23 10:09:30,1,1,1
Friday-23-02-2018_TrafficForML_CICFlowMeter_30s_state.csv,TRAIN,2018-02-23 10:10:00,1,1,1
Friday-23-02-2018_TrafficForML_CICFlowMeter_30s_state.csv,TRAIN,2018-02-23 10:10:30,1,0,1
Friday-23-02-2018_TrafficForML_CICFlowMeter_30s_state.csv,TRAIN,2018-02-23 10:11:00,0,1,0
Friday-23-02-2018_TrafficForML_CICFlowMeter_30s_state.csv,TRAIN,2018-02-23 10:11:30,1,1,1
Friday-23-02-2018_TrafficForML_CICFlowMeter_30s_state.csv,TRAIN,2018-02-23 10:12:00,1,1,1
Friday-23-02-2018_TrafficForML_CICFlowMeter_30s_state.csv,TRAIN,2018-02-23 10:12:30,1,1,1
Friday-23-02-2018_TrafficForML_CICFlowMeter_30s_state.csv,TRAIN,2018-02-23 10:13:00,1,1,1
Friday-23-02-2018_TrafficForML_CICFlowMeter_30s_state.csv,TRAIN,2018-02-23 10:13:30,1,1,1
Friday-23-02-2018_TrafficForML_CICFlowMeter_30s_state.csv,TRAIN,2018-02-23 10:14:00,1,1,1
Friday-23-02-2018_TrafficForML_CICFlowMeter_30s_state.csv,TRAIN,2018-02-23 10:14:30,1,1,1
Friday-23-02-2018_TrafficForML_CICFlowMeter_30s_state.csv,TRAIN,2018-02-23 10:15:00,1,1,1
Friday-23-02-2018_TrafficForML_CICFlowMeter_30s_state.csv,TRAIN,2018-02-23 10:15:30,1,1,1
Friday-23-02-2018_TrafficForML_CICFlowMeter_30s_state.csv,TRAIN,2018-02-23 10:16:00,1,1,1
Friday-23-02-2018_TrafficForML_CICFlowMeter_30s_state.csv,TRAIN,2018-02-23 10:16:30,1,1,1
Friday-23-02-2018_TrafficForML_CICFlowMeter_30s_state.csv,TRAIN,2018-02-23 10:17:00,1,1,1
Friday-23-02-2018_TrafficForML_CICFlowMeter_30s_state.csv,TRAIN,2018-02-23 10:17:30,1,1,1
Friday-23-02-2018_TrafficForML_CICFlowMeter_30s_state.csv,TRAIN,2018-02-23 10:18:00,1,1,1
Friday-23-02-2018_TrafficForML_CICFlowMeter_30s_state.csv,TRAIN,2018-02-23 10:18:30,1,1,1
Friday-23-02-2018_TrafficForML_CICFlowMeter_30s_state.csv,TRAIN,2018-02-23 10:19:00,1,1,1
Friday-23-02-2018_TrafficForML_CICFlowMeter_30s_state.csv,TRAIN,2018-02-23 10:19:30,1,1,1
Friday-23-02-2018_TrafficForML_CICFlowMeter_30s_state.csv,TRAIN,2018-02-23 10:20:00,1,0,1
Friday-23-02-2018_TrafficForML_CICFlowMeter_30s_state.csv,TRAIN,2018-02-23 10:20:30,0,1,0
Friday-23-02-2018_TrafficForML_CICFlowMeter_30s_state.csv,TRAIN,2018-02-23 10:21:00,1,0,1
Friday-23-02-2018_TrafficForML_CICFlowMeter_30s_state.csv,TRAIN,2018-02-23 10:21:30,0,1,0
Friday-23-02-2018_TrafficForML_CICFlowMeter_30s_state.csv,TRAIN,2018-02-23 10:22:00,1,1,1
Friday-23-02-2018_TrafficForML_CICFlowMeter_30s_state.csv,TRAIN,2018-02-23 10:22:30,1,1,1
Friday-23-02-2018_TrafficForML_CICFlowMeter_30s_state.csv,TRAIN,2018-02-23 10:23:00,1,0,1
Friday-23-02-2018_TrafficForML_CICFlowMeter_30s_state.csv,TRAIN,2018-02-23 10:23:30,0,1,0
Friday-23-02-2018_TrafficForML_CICFlowMeter_30s_state.csv,TRAIN,2018-02-23 10:24:00,1,1,1
Friday-23-02-2018_TrafficForML_CICFlowMeter_30s_state.csv,TRAIN,2018-02-23 10:24:30,1,1,1
Friday-23-02-2018_TrafficForML_CICFlowMeter_30s_state.csv,TRAIN,2018-02-23 10:25:00,1,1,1
Friday-23-02-2018_TrafficForML_CICFlowMeter_30s_state.csv,TRAIN,2018-02-23 10:25:30,1,1,1
Friday-23-02-2018_TrafficForML_CICFlowMeter_30s_state.csv,TRAIN,2018-02-23 10:26:00,1,1,1
Friday-23-02-2018_TrafficForML_CICFlowMeter_30s_state.csv,TRAIN,2018-02-23 10:26:30,1,0,1
Friday-23-02-2018_TrafficForML_CICFlowMeter_30s_state.csv,TRAIN,2018-02-23 10:27:00,0,1,0
Friday-23-02-2018_TrafficForML_CICFlowMeter_30s_state.csv,TRAIN,2018-02-23 10:27:30,1,1,1
Friday-23-02-2018_TrafficForML_CICFlowMeter_30s_state.csv,TRAIN,2018-02-23 10:28:00,1,1,1
Friday-23-02-2018_TrafficForML_CICFlowMeter_30s_state.csv,TRAIN,2018-02-23 10:28:30,1,0,1
Friday-23-02-2018_TrafficForML_CICFlowMeter_30s_state.csv,TRAIN,2018-02-23 10:29:00,0,1,0
Friday-23-02-2018_TrafficForML_CICFlowMeter_30s_state.csv,TRAIN,2018-02-23 10:29:30,1,0,1
Friday-23-02-2018_TrafficForML_CICFlowMeter_30s_state.csv,TRAIN,2018-02-23 10:30:00,0,1,0
Friday-23-02-2018_TrafficForML_CICFlowMeter_30s_state.csv,TRAIN,2018-02-23 10:30:30,1,1,1
Friday-23-02-2018_TrafficForML_CICFlowMeter_30s_state.csv,TRAIN,2018-02-23 10:31:00,1,1,1
Friday-23-02-2018_TrafficForML_CICFlowMeter_30s_state.csv,TRAIN,2018-02-23 10:31:30,1,1,1
Friday-23-02-2018_TrafficForML_CICFlowMeter_30s_state.csv,TRAIN,2018-02-23 10:32:00,1,1,1
Friday-23-02-2018_TrafficForML_CICFlowMeter_30s_state.csv,TRAIN,2018-02-23 10:32:30,1,0,1
Friday-23-02-2018_TrafficForML_CICFlowMeter_30s_state.csv,TRAIN,2018-02-23 10:33:00,0,1,0
Friday-23-02-2018_TrafficForML_CICFlowMeter_30s_state.csv,TRAIN,2018-02-23 10:33:30,1,1,1
Friday-23-02-2018_TrafficForML_CICFlowMeter_30s_state.csv,TRAIN,2018-02-23 10:34:00,1,1,1
Friday-23-02-2018_TrafficForML_CICFlowMeter_30s_state.csv,TRAIN,2018-02-23 10:34:30,1,1,1
Friday-23-02-2018_TrafficForML_CICFlowMeter_30s_state.csv,TRAIN,2018-02-23 10:35:00,1,1,1
Friday-23-02-2018_TrafficForML_CICFlowMeter_30s_state.csv,TRAIN,2018-02-23 10:35:30,1,1,1
Friday-23-02-2018_TrafficForML_CICFlowMeter_30s_state.csv,TRAIN,2018-02-23 10:36:00,1,1,1
Friday-23-02-2018_TrafficForML_CICFlowMeter_30s_state.csv,TRAIN,2018-02-23 10:36:30,1,1,1
Friday-23-02-2018_TrafficForML_CICFlowMeter_30s_state.csv,TRAIN,2018-02-23 10:37:00,1,1,1
Friday-23-02-2018_TrafficForML_CICFlowMeter_30s_state.csv,TRAIN,2018-02-23 10:37:30,1,1,1
Friday-23-02-2018_TrafficForML_CICFlowMeter_30s_state.csv,TRAIN,2018-02-23 10:38:00,1,0,1
Friday-23-02-2018_TrafficForML_CICFlowMeter_30s_state.csv,TRAIN,2018-02-23 10:38:30,0,1,0
Friday-23-02-2018_TrafficForML_CICFlowMeter_30s_state.csv,TRAIN,2018-02-23 10:39:00,1,1,1
Friday-23-02-2018_TrafficForML_CICFlowMeter_30s_state.csv,TRAIN,2018-02-23 10:39:30,1,1,1
Friday-23-02-2018_TrafficForML_CICFlowMeter_30s_state.csv,TRAIN,2018-02-23 10:40:00,1,1,1
Friday-23-02-2018_TrafficForML_CICFlowMeter_30s_state.csv,TRAIN,2018-02-23 10:40:30,1,1,1
Friday-23-02-2018_TrafficForML_CICFlowMeter_30s_state.csv,TRAIN,2018-02-23 10:41:00,1,1,1
Friday-23-02-2018_TrafficForML_CICFlowMeter_30s_state.csv,TRAIN,2018-02-23 10:41:30,1,1,1
Friday-23-02-2018_TrafficForML_CICFlowMeter_30s_state.csv,TRAIN,2018-02-23 10:42:00,1,1,1
Friday-23-02-2018_TrafficForML_CICFlowMeter_30s_state.csv,TRAIN,2018-02-23 10:42:30,1,1,1
Friday-23-02-2018_TrafficForML_CICFlowMeter_30s_state.csv,TRAIN,2018-02-23 10:43:00,1,0,1
Friday-23-02-2018_TrafficForML_CICFlowMeter_30s_state.csv,TRAIN,2018-02-23 10:43:30,0,1,0
Friday-23-02-2018_TrafficForML_CICFlowMeter_30s_state.csv,TRAIN,2018-02-23 10:44:00,1,1,1
Friday-23-02-2018_TrafficForML_CICFlowMeter_30s_state.csv,TRAIN,2018-02-23 10:44:30,1,1,1
Friday-23-02-2018_TrafficForML_CICFlowMeter_30s_state.csv,TRAIN,2018-02-23 10:45:00,1,0,1
Friday-23-02-2018_TrafficForML_CICFlowMeter_30s_state.csv,TRAIN,2018-02-23 10:45:30,0,1,0
Friday-23-02-2018_TrafficForML_CICFlowMeter_30s_state.csv,TRAIN,2018-02-23 10:46:00,1,0,1
Friday-23-02-2018_TrafficForML_CICFlowMeter_30s_state.csv,TRAIN,2018-02-23 10:46:30,0,1,0
Friday-23-02-2018_TrafficForML_CICFlowMeter_30s_state.csv,TRAIN,2018-02-23 10:47:00,1,1,1
Friday-23-02-2018_TrafficForML_CICFlowMeter_30s_state.csv,TRAIN,2018-02-23 10:47:30,1,1,1
Friday-23-02-2018_TrafficForML_CICFlowMeter_30s_state.csv,TRAIN,2018-02-23 10:48:00,1,1,1
Friday-23-02-2018_TrafficForML_CICFlowMeter_30s_state.csv,TRAIN,2018-02-23 10:48:30,1,1,1
Friday-23-02-2018_TrafficForML_CICFlowMeter_30s_state.csv,TRAIN,2018-02-23 10:49:00,1,1,1
Friday-23-02-2018_TrafficForML_CICFlowMeter_30s_state.csv,TRAIN,2018-02-23 10:49:30,1,1,1
Friday-23-02-2018_TrafficForML_CICFlowMeter_30s_state.csv,TRAIN,2018-02-23 10:50:00,1,1,1
Friday-23-02-2018_TrafficForML_CICFlowMeter_30s_state.csv,TRAIN,2018-02-23 10:50:30,1,0,1
Friday-23-02-2018_TrafficForML_CICFlowMeter_30s_state.csv,TRAIN,2018-02-23 10:51:00,0,1,0
Friday-23-02-2018_TrafficForML_CICFlowMeter_30s_state.csv,TRAIN,2018-02-23 10:51:30,1,0,1
Friday-23-02-2018_TrafficForML_CICFlowMeter_30s_state.csv,TRAIN,2018-02-23 10:52:00,0,1,0
Friday-23-02-2018_TrafficForML_CICFlowMeter_30s_state.csv,TRAIN,2018-02-23 10:52:30,1,1,1
Friday-23-02-2018_TrafficForML_CICFlowMeter_30s_state.csv,TRAIN,2018-02-23 10:53:00,1,1,1
Friday-23-02-2018_TrafficForML_CICFlowMeter_30s_state.csv,TRAIN,2018-02-23 10:53:30,1,1,1
Friday-23-02-2018_TrafficForML_CICFlowMeter_30s_state.csv,TRAIN,2018-02-23 10:54:00,1,1,1
Friday-23-02-2018_TrafficForML_CICFlowMeter_30s_state.csv,TRAIN,2018-02-23 10:54:30,1,0,1
Friday-23-02-2018_TrafficForML_CICFlowMeter_30s_state.csv,TRAIN,2018-02-23 10:55:00,0,1,0
Friday-23-02-2018_TrafficForML_CICFlowMeter_30s_state.csv,TRAIN,2018-02-23 10:55:30,1,1,1
Friday-23-02-2018_TrafficForML_CICFlowMeter_30s_state.csv,TRAIN,2018-02-23 10:56:00,1,1,1
Friday-23-02-2018_TrafficForML_CICFlowMeter_30s_state.csv,TRAIN,2018-02-23 10:56:30,1,1,1
Friday-23-02-2018_TrafficForML_CICFlowMeter_30s_state.csv,TRAIN,2018-02-23 10:57:00,1,1,1
Friday-23-02-2018_TrafficForML_CICFlowMeter_30s_state.csv,TRAIN,2018-02-23 10:57:30,1,1,1
Friday-23-02-2018_TrafficForML_CICFlowMeter_30s_state.csv,TRAIN,2018-02-23 10:58:00,1,1,1
Friday-23-02-2018_TrafficForML_CICFlowMeter_30s_state.csv,TRAIN,2018-02-23 10:58:30,1,1,1
Friday-23-02-2018_TrafficForML_CICFlowMeter_30s_state.csv,TRAIN,2018-02-23 10:59:00,1,1,1
Friday-23-02-2018_TrafficForML_CICFlowMeter_30s_state.csv,TRAIN,2018-02-23 10:59:30,1,1,1
Friday-23-02-2018_TrafficForML_CICFlowMeter_30s_state.csv,TRAIN,2018-02-23 11:00:00,1,1,1
Friday-23-02-2018_TrafficForML_CICFlowMeter_30s_state.csv,TRAIN,2018-02-23 11:00:30,1,1,1
Friday-23-02-2018_TrafficForML_CICFlowMeter_30s_state.csv,TRAIN,2018-02-23 11:01:00,1,1,1
Friday-23-02-2018_TrafficForML_CICFlowMeter_30s_state.csv,TRAIN,2018-02-23 11:01:30,1,1,1
Friday-23-02-2018_TrafficForML_CICFlowMeter_30s_state.csv,TRAIN,2018-02-23 11:02:00,1,0,1
Friday-23-02-2018_TrafficForML_CICFlowMeter_30s_state.csv,TRAIN,2018-02-23 11:02:30,0,1,0
Friday-23-02-2018_TrafficForML_CICFlowMeter_30s_state.csv,TRAIN,2018-02-23 11:03:00,1,0,1
Friday-23-02-2018_TrafficForML_CICFlowMeter_30s_state.csv,TRAIN,2018-02-23 11:03:30,0,0,0
Friday-23-02-2018_TrafficForML_CICFlowMeter_30s_state.csv,TRAIN,2018-02-23 11:04:00,0,0,0
Friday-23-02-2018_TrafficForML_CICFlowMeter_30s_state.csv,TRAIN,2018-02-23 11:04:30,0,0,0
Friday-23-02-2018_TrafficForML_CICFlowMeter_30s_state.csv,TRAIN,2018-02-23 11:05:00,0,0,0
Friday-23-02-2018_TrafficForML_CICFlowMeter_30s_state.csv,TRAIN,2018-02-23 11:05:30,0,0,0
Friday-23-02-2018_TrafficForML_CICFlowMeter_30s_state.csv,TRAIN,2018-02-23 11:06:00,0,0,0
Friday-23-02-2018_TrafficForML_CICFlowMeter_30s_state.csv,TRAIN,2018-02-23 11:06:30,0,0,0
Friday-23-02-2018_TrafficForML_CICFlowMeter_30s_state.csv,TRAIN,2018-02-23 11:07:00,0,0,0
Friday-23-02-2018_TrafficForML_CICFlowMeter_30s_state.csv,TRAIN,2018-02-23 11:07:30,0,0,0
Friday-23-02-2018_TrafficForML_CICFlowMeter_30s_state.csv,TRAIN,2018-02-23 11:08:00,0,0,0
Friday-23-02-2018_TrafficForML_CICFlowMeter_30s_state.csv,TRAIN,2018-02-23 11:08:30,0,0,0
Friday-23-02-2018_TrafficForML_CICFlowMeter_30s_state.csv,TRAIN,2018-02-23 11:09:00,0,0,0
Friday-23-02-2018_TrafficForML_CICFlowMeter_30s_state.csv,TRAIN,2018-02-23 11:09:30,0,0,0
Friday-23-02-2018_TrafficForML_CICFlowMeter_30s_state.csv,TRAIN,2018-02-23 11:10:00,0,0,0
Friday-23-02-2018_TrafficForML_CICFlowMeter_30s_state.csv,TRAIN,2018-02-23 11:10:30,0,0,0
Friday-23-02-2018_TrafficForML_CICFlowMeter_30s_state.csv,TRAIN,2018-02-23 11:11:00,0,0,0
Friday-23-02-2018_TrafficForML_CICFlowMeter_30s_state.csv,TRAIN,2018-02-23 11:11:30,0,0,0
Friday-23-02-2018_TrafficForML_CICFlowMeter_30s_state.csv,TRAIN,2018-02-23 11:12:00,0,0,0
Friday-23-02-2018_TrafficForML_CICFlowMeter_30s_state.csv,TRAIN,2018-02-23 11:12:30,0,0,0
Friday-23-02-2018_TrafficForML_CICFlowMeter_30s_state.csv,TRAIN,2018-02-23 11:13:00,0,0,0
Friday-23-02-2018_TrafficForML_CICFlowMeter_30s_state.csv,TRAIN,2018-02-23 11:13:30,0,0,0
Friday-23-02-2018_TrafficForML_CICFlowMeter_30s_state.csv,TRAIN,2018-02-23 11:14:00,0,0,0
Friday-23-02-2018_TrafficForML_CICFlowMeter_30s_state.csv,TRAIN,2018-02-23 11:14:30,0,0,0
Friday-23-02-2018_TrafficForML_CICFlowMeter_30s_state.csv,TRAIN,2018-02-23 11:15:00,0,0,0
Friday-23-02-2018_TrafficForML_CICFlowMeter_30s_state.csv,TRAIN,2018-02-23 11:15:30,0,0,0
Friday-23-02-2018_TrafficForML_CICFlowMeter_30s_state.csv,TRAIN,2018-02-23 11:16:00,0,0,0
Friday-23-02-2018_TrafficForML_CICFlowMeter_30s_state.csv,TRAIN,2018-02-23 11:16:30,0,0,0
Friday-23-02-2018_TrafficForML_CICFlowMeter_30s_state.csv,TRAIN,2018-02-23 11:17:00,0,0,0
Friday-23-02-2018_TrafficForML_CICFlowMeter_30s_state.csv,TRAIN,2018-02-23 11:17:30,0,0,0
Friday-23-02-2018_TrafficForML_CICFlowMeter_30s_state.csv,TRAIN,2018-02-23 11:18:00,0,0,0
Friday-23-02-2018_TrafficForML_CICFlowMeter_30s_state.csv,TRAIN,2018-02-23 11:18:30,0,0,0
Friday-23-02-2018_TrafficForML_CICFlowMeter_30s_state.csv,TRAIN,2018-02-23 11:19:00,0,0,0
Friday-23-02-2018_TrafficForML_CICFlowMeter_30s_state.csv,TRAIN,2018-02-23 11:19:30,0,0,0
Friday-23-02-2018_TrafficForML_CICFlowMeter_30s_state.csv,TRAIN,2018-02-23 11:20:00,0,0,0
Friday-23-02-2018_TrafficForML_CICFlowMeter_30s_state.csv,TRAIN,2018-02-23 11:20:30,0,0,0
Friday-23-02-2018_TrafficForML_CICFlowMeter_30s_state.csv,TRAIN,2018-02-23 11:21:00,0,0,0
Friday-23-02-2018_TrafficForML_CICFlowMeter_30s_state.csv,TRAIN,2018-02-23 11:21:30,0,0,0
Friday-23-02-2018_TrafficForML_CICFlowMeter_30s_state.csv,TRAIN,2018-02-23 11:22:00,0,0,0
Friday-23-02-2018_TrafficForML_CICFlowMeter_30s_state.csv,TRAIN,2018-02-23 11:22:30,0,0,0
Friday-23-02-2018_TrafficForML_CICFlowMeter_30s_state.csv,TRAIN,2018-02-23 11:23:00,0,0,0
Friday-23-02-2018_TrafficForML_CICFlowMeter_30s_state.csv,TRAIN,2018-02-23 11:23:30,0,0,0
Friday-23-02-2018_TrafficForML_CICFlowMeter_30s_state.csv,TRAIN,2018-02-23 11:24:00,0,0,0
Friday-23-02-2018_TrafficForML_CICFlowMeter_30s_state.csv,TRAIN,2018-02-23 11:24:30,0,0,0
Friday-23-02-2018_TrafficForML_CICFlowMeter_30s_state.csv,TRAIN,2018-02-23 11:25:00,0,0,0
Friday-23-02-2018_TrafficForML_CICFlowMeter_30s_state.csv,TRAIN,2018-02-23 11:25:30,0,0,0
Friday-23-02-2018_TrafficForML_CICFlowMeter_30s_state.csv,TRAIN,2018-02-23 11:26:00,0,0,0
Friday-23-02-2018_TrafficForML_CICFlowMeter_30s_state.csv,TRAIN,2018-02-23 11:26:30,0,0,0
Friday-23-02-2018_TrafficForML_CICFlowMeter_30s_state.csv,TRAIN,2018-02-23 11:27:00,0,0,0
Friday-23-02-2018_TrafficForML_CICFlowMeter_30s_state.csv,TRAIN,2018-02-23 11:27:30,0,0,0
Friday-23-02-2018_TrafficForML_CICFlowMeter_30s_state.csv,TRAIN,2018-02-23 11:28:00,0,0,0
Friday-23-02-2018_TrafficForML_CICFlowMeter_30s_state.csv,TRAIN,2018-02-23 11:28:30,0,0,0
Friday-23-02-2018_TrafficForML_CICFlowMeter_30s_state.csv,TRAIN,2018-02-23 11:29:00,0,0,0
Friday-23-02-2018_TrafficForML_CICFlowMeter_30s_state.csv,TRAIN,2018-02-23 11:29:30,0,0,0
Friday-23-02-2018_TrafficForML_CICFlowMeter_30s_state.csv,TRAIN,2018-02-23 11:30:00,0,0,0
Friday-23-02-2018_TrafficForML_CICFlowMeter_30s_state.csv,TRAIN,2018-02-23 11:30:30,0,0,0
Friday-23-02-2018_TrafficForML_CICFlowMeter_30s_state.csv,TRAIN,2018-02-23 11:31:00,0,0,0
Friday-23-02-2018_TrafficForML_CICFlowMeter_30s_state.csv,TRAIN,2018-02-23 11:31:30,0,0,0
Friday-23-02-2018_TrafficForML_CICFlowMeter_30s_state.csv,TRAIN,2018-02-23 11:32:00,0,0,0
Friday-23-02-2018_TrafficForML_CICFlowMeter_30s_state.csv,TRAIN,2018-02-23 11:32:30,0,0,0
Friday-23-02-2018_TrafficForML_CICFlowMeter_30s_state.csv,TRAIN,2018-02-23 11:33:00,0,0,0
Friday-23-02-2018_TrafficForML_CICFlowMeter_30s_state.csv,TRAIN,2018-02-23 11:33:30,0,0,0
Friday-23-02-2018_TrafficForML_CICFlowMeter_30s_state.csv,TRAIN,2018-02-23 11:34:00,0,0,0
Friday-23-02-2018_TrafficForML_CICFlowMeter_30s_state.csv,TRAIN,2018-02-23 11:34:30,0,0,0
Friday-23-02-2018_TrafficForML_CICFlowMeter_30s_state.csv,TRAIN,2018-02-23 11:35:00,0,0,0
Friday-23-02-2018_TrafficForML_CICFlowMeter_30s_state.csv,TRAIN,2018-02-23 11:35:30,0,0,0
Friday-23-02-2018_TrafficForML_CICFlowMeter_30s_state.csv,TRAIN,2018-02-23 11:36:00,0,0,0
Friday-23-02-2018_TrafficForML_CICFlowMeter_30s_state.csv,TRAIN,2018-02-23 11:36:30,0,0,0
Friday-23-02-2018_TrafficForML_CICFlowMeter_30s_state.csv,TRAIN,2018-02-23 11:37:00,0,0,0
Friday-23-02-2018_TrafficForML_CICFlowMeter_30s_state.csv,TRAIN,2018-02-23 11:37:30,0,0,0
Friday-23-02-2018_TrafficForML_CICFlowMeter_30s_state.csv,TRAIN,2018-02-23 11:38:00,0,0,0
Friday-23-02-2018_TrafficForML_CICFlowMeter_30s_state.csv,TRAIN,2018-02-23 11:38:30,0,0,0
Friday-23-02-2018_TrafficForML_CICFlowMeter_30s_state.csv,TRAIN,2018-02-23 11:39:00,0,0,0
Friday-23-02-2018_TrafficForML_CICFlowMeter_30s_state.csv,TRAIN,2018-02-23 11:39:30,0,0,0
Friday-23-02-2018_TrafficForML_CICFlowMeter_30s_state.csv,TRAIN,2018-02-23 11:40:00,0,0,0
Friday-23-02-2018_TrafficForML_CICFlowMeter_30s_state.csv,TRAIN,2018-02-23 11:40:30,0,0,0
Friday-23-02-2018_TrafficForML_CICFlowMeter_30s_state.csv,TRAIN,2018-02-23 11:41:00,0,0,0
Friday-23-02-2018_TrafficForML_CICFlowMeter_30s_state.csv,TRAIN,2018-02-23 11:41:30,0,0,0
Friday-23-02-2018_TrafficForML_CICFlowMeter_30s_state.csv,TRAIN,2018-02-23 11:42:00,0,0,0
Friday-23-02-2018_TrafficForML_CICFlowMeter_30s_state.csv,TRAIN,2018-02-23 11:42:30,0,0,0
Friday-23-02-2018_TrafficForML_CICFlowMeter_30s_state.csv,TRAIN,2018-02-23 11:43:00,0,0,0
Friday-23-02-2018_TrafficForML_CICFlowMeter_30s_state.csv,TRAIN,2018-02-23 11:43:30,0,0,0
Friday-23-02-2018_TrafficForML_CICFlowMeter_30s_state.csv,TRAIN,2018-02-23 11:44:00,0,0,0
Friday-23-02-2018_TrafficForML_CICFlowMeter_30s_state.csv,TRAIN,2018-02-23 11:44:30,0,0,0
Friday-23-02-2018_TrafficForML_CICFlowMeter_30s_state.csv,TRAIN,2018-02-23 11:45:00,0,0,0
Friday-23-02-2018_TrafficForML_CICFlowMeter_30s_state.csv,TRAIN,2018-02-23 11:45:30,0,0,0
Friday-23-02-2018_TrafficForML_CICFlowMeter_30s_state.csv,TRAIN,2018-02-23 11:46:00,0,0,0
Friday-23-02-2018_TrafficForML_CICFlowMeter_30s_state.csv,TRAIN,2018-02-23 11:46:30,0,0,0
Friday-23-02-2018_TrafficForML_CICFlowMeter_30s_state.csv,TRAIN,2018-02-23 11:47:00,0,0,0
Friday-23-02-2018_TrafficForML_CICFlowMeter_30s_state.csv,TRAIN,2018-02-23 11:47:30,0,0,0
Friday-23-02-2018_TrafficForML_CICFlowMeter_30s_state.csv,TRAIN,2018-02-23 11:48:00,0,0,0
Friday-23-02-2018_TrafficForML_CICFlowMeter_30s_state.csv,TRAIN,2018-02-23 11:48:30,0,0,0
Friday-23-02-2018_TrafficForML_CICFlowMeter_30s_state.csv,TRAIN,2018-02-23 11:49:00,0,0,0
Friday-23-02-2018_TrafficForML_CICFlowMeter_30s_state.csv,TRAIN,2018-02-23 11:49:30,0,0,0
Friday-23-02-2018_TrafficForML_CICFlowMeter_30s_state.csv,TRAIN,2018-02-23 11:50:00,0,0,0
Friday-23-02-2018_TrafficForML_CICFlowMeter_30s_state.csv,TRAIN,2018-02-23 11:50:30,0,0,0
Friday-23-02-2018_TrafficForML_CICFlowMeter_30s_state.csv,TRAIN,2018-02-23 11:51:00,0,0,0
Friday-23-02-2018_TrafficForML_CICFlowMeter_30s_state.csv,TRAIN,2018-02-23 11:51:30,0,0,0
Friday-23-02-2018_TrafficForML_CICFlowMeter_30s_state.csv,TRAIN,2018-02-23 11:52:00,0,0,0
Friday-23-02-2018_TrafficForML_CICFlowMeter_30s_state.csv,TRAIN,2018-02-23 11:52:30,0,0,0
Friday-23-02-2018_TrafficForML_CICFlowMeter_30s_state.csv,TRAIN,2018-02-23 11:53:00,0,0,0
Friday-23-02-2018_TrafficForML_CICFlowMeter_30s_state.csv,TRAIN,2018-02-23 11:53:30,0,0,0
Friday-23-02-2018_TrafficForML_CICFlowMeter_30s_state.csv,TRAIN,2018-02-23 11:54:00,0,0,0
Friday-23-02-2018_TrafficForML_CICFlowMeter_30s_state.csv,TRAIN,2018-02-23 11:54:30,0,0,0
Friday-23-02-2018_TrafficForML_CICFlowMeter_30s_state.csv,TRAIN,2018-02-23 11:55:00,0,0,0
Friday-23-02-2018_TrafficForML_CICFlowMeter_30s_state.csv,TRAIN,2018-02-23 11:55:30,0,0,0
Friday-23-02-2018_TrafficForML_CICFlowMeter_30s_state.csv,TRAIN,2018-02-23 11:56:00,0,0,0
Friday-23-02-2018_TrafficForML_CICFlowMeter_30s_state.csv,TRAIN,2018-02-23 11:56:30,0,0,0
Friday-23-02-2018_TrafficForML_CICFlowMeter_30s_state.csv,TRAIN,2018-02-23 11:57:00,0,0,0
Friday-23-02-2018_TrafficForML_CICFlowMeter_30s_state.csv,TRAIN,2018-02-23 11:57:30,0,0,0
Friday-23-02-2018_TrafficForML_CICFlowMeter_30s_state.csv,TRAIN,2018-02-23 11:58:00,0,0,0
Friday-23-02-2018_TrafficForML_CICFlowMeter_30s_state.csv,TRAIN,2018-02-23 11:58:30,0,0,0
Friday-23-02-2018_TrafficForML_CICFlowMeter_30s_state.csv,TRAIN,2018-02-23 11:59:00,0,0,0
Friday-23-02-2018_TrafficForML_CICFlowMeter_30s_state.csv,TRAIN,2018-02-23 11:59:30,0,0,0
Friday-23-02-2018_TrafficForML_CICFlowMeter_30s_state.csv,TRAIN,2018-02-23 12:00:00,0,0,0
Friday-23-02-2018_TrafficForML_CICFlowMeter_30s_state.csv,TRAIN,2018-02-23 12:00:30,0,0,0
Friday-23-02-2018_TrafficForML_CICFlowMeter_30s_state.csv,TRAIN,2018-02-23 12:01:00,0,0,0
Friday-23-02-2018_TrafficForML_CICFlowMeter_30s_state.csv,TRAIN,2018-02-23 12:01:30,0,0,0
Friday-23-02-2018_TrafficForML_CICFlowMeter_30s_state.csv,TRAIN,2018-02-23 12:02:00,0,0,0
Friday-23-02-2018_TrafficForML_CICFlowMeter_30s_state.csv,TRAIN,2018-02-23 12:02:30,0,0,0
Friday-23-02-2018_TrafficForML_CICFlowMeter_30s_state.csv,TRAIN,2018-02-23 12:03:00,0,0,0
Friday-23-02-2018_TrafficForML_CICFlowMeter_30s_state.csv,TRAIN,2018-02-23 12:03:30,0,0,0
Friday-23-02-2018_TrafficForML_CICFlowMeter_30s_state.csv,TRAIN,2018-02-23 12:04:00,0,0,0
Friday-23-02-2018_TrafficForML_CICFlowMeter_30s_state.csv,TRAIN,2018-02-23 12:04:30,0,0,0
Friday-23-02-2018_TrafficForML_CICFlowMeter_30s_state.csv,TRAIN,2018-02-23 12:05:00,0,0,0
Friday-23-02-2018_TrafficForML_CICFlowMeter_30s_state.csv,TRAIN,2018-02-23 12:05:30,0,0,0
Friday-23-02-2018_TrafficForML_CICFlowMeter_30s_state.csv,TRAIN,2018-02-23 12:06:00,0,0,0
Friday-23-02-2018_TrafficForML_CICFlowMeter_30s_state.csv,TRAIN,2018-02-23 12:06:30,0,0,0
Friday-23-02-2018_TrafficForML_CICFlowMeter_30s_state.csv,TRAIN,2018-02-23 12:07:00,0,0,0
Friday-23-02-2018_TrafficForML_CICFlowMeter_30s_state.csv,TRAIN,2018-02-23 12:07:30,0,0,0
Friday-23-02-2018_TrafficForML_CICFlowMeter_30s_state.csv,TRAIN,2018-02-23 12:08:00,0,0,0
Friday-23-02-2018_TrafficForML_CICFlowMeter_30s_state.csv,TRAIN,2018-02-23 12:08:30,0,0,0
Friday-23-02-2018_TrafficForML_CICFlowMeter_30s_state.csv,TRAIN,2018-02-23 12:09:00,0,0,0
Friday-23-02-2018_TrafficForML_CICFlowMeter_30s_state.csv,TRAIN,2018-02-23 12:09:30,0,0,0
Friday-23-02-2018_TrafficForML_CICFlowMeter_30s_state.csv,TRAIN,2018-02-23 12:10:00,0,0,0
Friday-23-02-2018_TrafficForML_CICFlowMeter_30s_state.csv,TRAIN,2018-02-23 12:10:30,0,0,0
Friday-23-02-2018_TrafficForML_CICFlowMeter_30s_state.csv,TRAIN,2018-02-23 12:11:00,0,0,0
Friday-23-02-2018_TrafficForML_CICFlowMeter_30s_state.csv,TRAIN,2018-02-23 12:11:30,0,0,0
Friday-23-02-2018_TrafficForML_CICFlowMeter_30s_state.csv,TRAIN,2018-02-23 12:12:00,0,0,0
Friday-23-02-2018_TrafficForML_CICFlowMeter_30s_state.csv,TRAIN,2018-02-23 12:12:30,0,0,0
Friday-23-02-2018_TrafficForML_CICFlowMeter_30s_state.csv,TRAIN,2018-02-23 12:13:00,0,0,0
Friday-23-02-2018_TrafficForML_CICFlowMeter_30s_state.csv,TRAIN,2018-02-23 12:13:30,0,0,0
Friday-23-02-2018_TrafficForML_CICFlowMeter_30s_state.csv,TRAIN,2018-02-23 12:14:00,0,0,0
Friday-23-02-2018_TrafficForML_CICFlowMeter_30s_state.csv,TRAIN,2018-02-23 12:14:30,0,0,0
Friday-23-02-2018_TrafficForML_CICFlowMeter_30s_state.csv,TRAIN,2018-02-23 12:15:00,0,0,0
Friday-23-02-2018_TrafficForML_CICFlowMeter_30s_state.csv,TRAIN,2018-02-23 12:15:30,0,0,0
Friday-23-02-2018_TrafficForML_CICFlowMeter_30s_state.csv,TRAIN,2018-02-23 12:16:00,0,0,0
Friday-23-02-2018_TrafficForML_CICFlowMeter_30s_state.csv,TRAIN,2018-02-23 12:16:30,0,0,0
Friday-23-02-2018_TrafficForML_CICFlowMeter_30s_state.csv,TRAIN,2018-02-23 12:17:00,0,0,0
Friday-23-02-2018_TrafficForML_CICFlowMeter_30s_state.csv,TRAIN,2018-02-23 12:17:30,0,0,0
Friday-23-02-2018_TrafficForML_CICFlowMeter_30s_state.csv,TRAIN,2018-02-23 12:18:00,0,0,0
Friday-23-02-2018_TrafficForML_CICFlowMeter_30s_state.csv,TRAIN,2018-02-23 12:18:30,0,0,0
Friday-23-02-2018_TrafficForML_CICFlowMeter_30s_state.csv,TRAIN,2018-02-23 12:19:00,0,0,0
Friday-23-02-2018_TrafficForML_CICFlowMeter_30s_state.csv,TRAIN,2018-02-23 12:19:30,0,0,0
Friday-23-02-2018_TrafficForML_CICFlowMeter_30s_state.csv,TRAIN,2018-02-23 12:20:00,0,0,0
Friday-23-02-2018_TrafficForML_CICFlowMeter_30s_state.csv,TRAIN,2018-02-23 12:20:30,0,0,0
Friday-23-02-2018_TrafficForML_CICFlowMeter_30s_state.csv,TRAIN,2018-02-23 12:21:00,0,0,0
Friday-23-02-2018_TrafficForML_CICFlowMeter_30s_state.csv,TRAIN,2018-02-23 12:21:30,0,0,0
Friday-23-02-2018_TrafficForML_CICFlowMeter_30s_state.csv,TRAIN,2018-02-23 12:22:00,0,0,0
Friday-23-02-2018_TrafficForML_CICFlowMeter_30s_state.csv,TRAIN,2018-02-23 12:22:30,0,0,0
Friday-23-02-2018_TrafficForML_CICFlowMeter_30s_state.csv,TRAIN,2018-02-23 12:23:00,0,0,0
Friday-23-02-2018_TrafficForML_CICFlowMeter_30s_state.csv,TRAIN,2018-02-23 12:23:30,0,0,0
Friday-23-02-2018_TrafficForML_CICFlowMeter_30s_state.csv,TRAIN,2018-02-23 12:24:00,0,0,0
Friday-23-02-2018_TrafficForML_CICFlowMeter_30s_state.csv,TRAIN,2018-02-23 12:24:30,0,0,0
Friday-23-02-2018_TrafficForML_CICFlowMeter_30s_state.csv,TRAIN,2018-02-23 12:25:00,0,0,0
Friday-23-02-2018_TrafficForML_CICFlowMeter_30s_state.csv,TRAIN,2018-02-23 12:25:30,0,0,0
Friday-23-02-2018_TrafficForML_CICFlowMeter_30s_state.csv,TRAIN,2018-02-23 12:26:00,0,0,0
Friday-23-02-2018_TrafficForML_CICFlowMeter_30s_state.csv,TRAIN,2018-02-23 12:26:30,0,0,0
Friday-23-02-2018_TrafficForML_CICFlowMeter_30s_state.csv,TRAIN,2018-02-23 12:27:00,0,0,0
Friday-23-02-2018_TrafficForML_CICFlowMeter_30s_state.csv,TRAIN,2018-02-23 12:27:30,0,0,0
Friday-23-02-2018_TrafficForML_CICFlowMeter_30s_state.csv,TRAIN,2018-02-23 12:28:00,0,0,0
Friday-23-02-2018_TrafficForML_CICFlowMeter_30s_state.csv,TRAIN,2018-02-23 12:28:30,0,0,0
Friday-23-02-2018_TrafficForML_CICFlowMeter_30s_state.csv,TRAIN,2018-02-23 12:29:00,0,0,0
Friday-23-02-2018_TrafficForML_CICFlowMeter_30s_state.csv,TRAIN,2018-02-23 12:29:30,0,0,0
Friday-23-02-2018_TrafficForML_CICFlowMeter_30s_state.csv,TRAIN,2018-02-23 12:30:00,0,0,0
Friday-23-02-2018_TrafficForML_CICFlowMeter_30s_state.csv,TRAIN,2018-02-23 12:30:30,0,0,0
Friday-23-02-2018_TrafficForML_CICFlowMeter_30s_state.csv,TRAIN,2018-02-23 12:31:00,0,0,0
Friday-23-02-2018_TrafficForML_CICFlowMeter_30s_state.csv,TRAIN,2018-02-23 12:31:30,0,0,0
Friday-23-02-2018_TrafficForML_CICFlowMeter_30s_state.csv,TRAIN,2018-02-23 12:32:00,0,0,0
Friday-23-02-2018_TrafficForML_CICFlowMeter_30s_state.csv,TRAIN,2018-02-23 12:32:30,0,0,0
Friday-23-02-2018_TrafficForML_CICFlowMeter_30s_state.csv,TRAIN,2018-02-23 12:33:00,0,0,0
Friday-23-02-2018_TrafficForML_CICFlowMeter_30s_state.csv,TRAIN,2018-02-23 12:33:30,0,0,0
Friday-23-02-2018_TrafficForML_CICFlowMeter_30s_state.csv,TRAIN,2018-02-23 12:34:00,0,0,0
Friday-23-02-2018_TrafficForML_CICFlowMeter_30s_state.csv,TRAIN,2018-02-23 12:34:30,0,0,0
Friday-23-02-2018_TrafficForML_CICFlowMeter_30s_state.csv,TRAIN,2018-02-23 12:35:00,0,0,0
Friday-23-02-2018_TrafficForML_CICFlowMeter_30s_state.csv,TRAIN,2018-02-23 12:35:30,0,0,0
Friday-23-02-2018_TrafficForML_CICFlowMeter_30s_state.csv,TRAIN,2018-02-23 12:36:00,0,0,0
Friday-23-02-2018_TrafficForML_CICFlowMeter_30s_state.csv,TRAIN,2018-02-23 12:36:30,0,0,0
Friday-23-02-2018_TrafficForML_CICFlowMeter_30s_state.csv,TRAIN,2018-02-23 12:37:00,0,0,0
Friday-23-02-2018_TrafficForML_CICFlowMeter_30s_state.csv,TRAIN,2018-02-23 12:37:30,0,0,0
Friday-23-02-2018_TrafficForML_CICFlowMeter_30s_state.csv,TRAIN,2018-02-23 12:38:00,0,0,0
Friday-23-02-2018_TrafficForML_CICFlowMeter_30s_state.csv,TRAIN,2018-02-23 12:38:30,0,0,0
Friday-23-02-2018_TrafficForML_CICFlowMeter_30s_state.csv,TRAIN,2018-02-23 12:39:00,0,0,0
Friday-23-02-2018_TrafficForML_CICFlowMeter_30s_state.csv,TRAIN,2018-02-23 12:39:30,0,0,0
Friday-23-02-2018_TrafficForML_CICFlowMeter_30s_state.csv,TRAIN,2018-02-23 12:40:00,0,0,0
Friday-23-02-2018_TrafficForML_CICFlowMeter_30s_state.csv,TRAIN,2018-02-23 12:40:30,0,0,0
Friday-23-02-2018_TrafficForML_CICFlowMeter_30s_state.csv,TRAIN,2018-02-23 12:41:00,0,0,0
Friday-23-02-2018_TrafficForML_CICFlowMeter_30s_state.csv,TRAIN,2018-02-23 12:41:30,0,0,0
Friday-23-02-2018_TrafficForML_CICFlowMeter_30s_state.csv,TRAIN,2018-02-23 12:42:00,0,0,0
Friday-23-02-2018_TrafficForML_CICFlowMeter_30s_state.csv,TRAIN,2018-02-23 12:42:30,0,0,0
Friday-23-02-2018_TrafficForML_CICFlowMeter_30s_state.csv,TRAIN,2018-02-23 12:43:00,0,0,0
Friday-23-02-2018_TrafficForML_CICFlowMeter_30s_state.csv,TRAIN,2018-02-23 12:43:30,0,0,0
Friday-23-02-2018_TrafficForML_CICFlowMeter_30s_state.csv,TRAIN,2018-02-23 12:44:00,0,0,0
Friday-23-02-2018_TrafficForML_CICFlowMeter_30s_state.csv,TRAIN,2018-02-23 12:44:30,0,0,0
Friday-23-02-2018_TrafficForML_CICFlowMeter_30s_state.csv,TRAIN,2018-02-23 12:45:00,0,0,0
Friday-23-02-2018_TrafficForML_CICFlowMeter_30s_state.csv,TRAIN,2018-02-23 12:45:30,0,0,0
Friday-23-02-2018_TrafficForML_CICFlowMeter_30s_state.csv,TRAIN,2018-02-23 12:46:00,0,0,0
Friday-23-02-2018_TrafficForML_CICFlowMeter_30s_state.csv,TRAIN,2018-02-23 12:46:30,0,0,0
Friday-23-02-2018_TrafficForML_CICFlowMeter_30s_state.csv,TRAIN,2018-02-23 12:47:00,0,0,0
Friday-23-02-2018_TrafficForML_CICFlowMeter_30s_state.csv,TRAIN,2018-02-23 12:47:30,0,0,0
Friday-23-02-2018_TrafficForML_CICFlowMeter_30s_state.csv,TRAIN,2018-02-23 12:48:00,0,0,0
Friday-23-02-2018_TrafficForML_CICFlowMeter_30s_state.csv,TRAIN,2018-02-23 12:48:30,0,0,0
Friday-23-02-2018_TrafficForML_CICFlowMeter_30s_state.csv,TRAIN,2018-02-23 12:49:00,0,0,0
Friday-23-02-2018_TrafficForML_CICFlowMeter_30s_state.csv,TRAIN,2018-02-23 12:49:30,0,0,0
Friday-23-02-2018_TrafficForML_CICFlowMeter_30s_state.csv,TRAIN,2018-02-23 12:50:00,0,0,0
Friday-23-02-2018_TrafficForML_CICFlowMeter_30s_state.csv,TRAIN,2018-02-23 12:50:30,0,0,0
Friday-23-02-2018_TrafficForML_CICFlowMeter_30s_state.csv,TRAIN,2018-02-23 12:51:00,0,0,0
Friday-23-02-2018_TrafficForML_CICFlowMeter_30s_state.csv,TRAIN,2018-02-23 12:51:30,0,0,0
Friday-23-02-2018_TrafficForML_CICFlowMeter_30s_state.csv,TRAIN,2018-02-23 12:52:00,0,0,0
Friday-23-02-2018_TrafficForML_CICFlowMeter_30s_state.csv,TRAIN,2018-02-23 12:52:30,0,0,0
Friday-23-02-2018_TrafficForML_CICFlowMeter_30s_state.csv,TRAIN,2018-02-23 12:53:00,0,0,0
Friday-23-02-2018_TrafficForML_CICFlowMeter_30s_state.csv,TRAIN,2018-02-23 12:53:30,0,0,0
Friday-23-02-2018_TrafficForML_CICFlowMeter_30s_state.csv,TRAIN,2018-02-23 12:54:00,0,0,0
Friday-23-02-2018_TrafficForML_CICFlowMeter_30s_state.csv,TRAIN,2018-02-23 12:54:30,0,0,0
Friday-23-02-2018_TrafficForML_CICFlowMeter_30s_state.csv,TRAIN,2018-02-23 12:55:00,0,0,0
Friday-23-02-2018_TrafficForML_CICFlowMeter_30s_state.csv,TRAIN,2018-02-23 12:55:30,0,0,0
Friday-23-02-2018_TrafficForML_CICFlowMeter_30s_state.csv,TRAIN,2018-02-23 12:56:00,0,0,0
Friday-23-02-2018_TrafficForML_CICFlowMeter_30s_state.csv,TRAIN,2018-02-23 12:56:30,0,0,0
Friday-23-02-2018_TrafficForML_CICFlowMeter_30s_state.csv,TRAIN,2018-02-23 12:57:00,0,0,0
Friday-23-02-2018_TrafficForML_CICFlowMeter_30s_state.csv,TRAIN,2018-02-23 12:57:30,0,0,0
Friday-23-02-2018_TrafficForML_CICFlowMeter_30s_state.csv,TRAIN,2018-02-23 12:58:00,0,0,0
Friday-23-02-2018_TrafficForML_CICFlowMeter_30s_state.csv,TRAIN,2018-02-23 12:58:30,0,0,0
Friday-23-02-2018_TrafficForML_CICFlowMeter_30s_state.csv,TRAIN,2018-02-23 12:59:00,0,0,0
Friday-23-02-2018_TrafficForML_CICFlowMeter_30s_state.csv,TRAIN,2018-02-23 12:59:30,0,0,0
Thuesday-20-02-2018_TrafficForML_CICFlowMeter_30s_state.csv,TRAIN,2018-02-20 01:05:30,0,0,0
Thuesday-20-02-2018_TrafficForML_CICFlowMeter_30s_state.csv,TRAIN,2018-02-20 01:06:00,0,0,0
Thuesday-20-02-2018_TrafficForML_CICFlowMeter_30s_state.csv,TRAIN,2018-02-20 01:06:30,0,0,0
Thuesday-20-02-2018_TrafficForML_CICFlowMeter_30s_state.csv,TRAIN,2018-02-20 01:07:00,0,0,0
Thuesday-20-02-2018_TrafficForML_CICFlowMeter_30s_state.csv,TRAIN,2018-02-20 01:07:30,0,0,0
Thuesday-20-02-2018_TrafficForML_CICFlowMeter_30s_state.csv,TRAIN,2018-02-20 01:08:00,0,0,0
Thuesday-20-02-2018_TrafficForML_CICFlowMeter_30s_state.csv,TRAIN,2018-02-20 01:08:30,0,0,0
Thuesday-20-02-2018_TrafficForML_CICFlowMeter_30s_state.csv,TRAIN,2018-02-20 01:09:00,0,0,0
Thuesday-20-02-2018_TrafficForML_CICFlowMeter_30s_state.csv,TRAIN,2018-02-20 01:09:30,0,0,0
Thuesday-20-02-2018_TrafficForML_CICFlowMeter_30s_state.csv,TRAIN,2018-02-20 01:10:00,0,0,0
Thuesday-20-02-2018_TrafficForML_CICFlowMeter_30s_state.csv,TRAIN,2018-02-20 01:10:30,0,0,0
Thuesday-20-02-2018_TrafficForML_CICFlowMeter_30s_state.csv,TRAIN,2018-02-20 01:11:00,0,0,0
Thuesday-20-02-2018_TrafficForML_CICFlowMeter_30s_state.csv,TRAIN,2018-02-20 01:11:30,0,0,0
Thuesday-20-02-2018_TrafficForML_CICFlowMeter_30s_state.csv,TRAIN,2018-02-20 01:12:00,0,0,0
Thuesday-20-02-2018_TrafficForML_CICFlowMeter_30s_state.csv,TRAIN,2018-02-20 01:12:30,0,0,0
Thuesday-20-02-2018_TrafficForML_CICFlowMeter_30s_state.csv,TRAIN,2018-02-20 01:13:00,0,0,0
Thuesday-20-02-2018_TrafficForML_CICFlowMeter_30s_state.csv,TRAIN,2018-02-20 01:13:30,0,0,0
Thuesday-20-02-2018_TrafficForML_CICFlowMeter_30s_state.csv,TRAIN,2018-02-20 01:14:00,0,1,0
Thuesday-20-02-2018_TrafficForML_CICFlowMeter_30s_state.csv,TRAIN,2018-02-20 01:14:30,1,1,1
Thuesday-20-02-2018_TrafficForML_CICFlowMeter_30s_state.csv,TRAIN,2018-02-20 01:15:00,1,1,1
Thuesday-20-02-2018_TrafficForML_CICFlowMeter_30s_state.csv,TRAIN,2018-02-20 01:15:30,1,0,1
Thuesday-20-02-2018_TrafficForML_CICFlowMeter_30s_state.csv,TRAIN,2018-02-20 01:16:00,0,1,0
Thuesday-20-02-2018_TrafficForML_CICFlowMeter_30s_state.csv,TRAIN,2018-02-20 01:16:30,1,1,1
Thuesday-20-02-2018_TrafficForML_CICFlowMeter_30s_state.csv,TRAIN,2018-02-20 01:17:00,1,1,1
Thuesday-20-02-2018_TrafficForML_CICFlowMeter_30s_state.csv,TRAIN,2018-02-20 01:17:30,1,0,1
Thuesday-20-02-2018_TrafficForML_CICFlowMeter_30s_state.csv,TRAIN,2018-02-20 01:18:00,0,1,0
Thuesday-20-02-2018_TrafficForML_CICFlowMeter_30s_state.csv,TRAIN,2018-02-20 01:18:30,1,1,1
Thuesday-20-02-2018_TrafficForML_CICFlowMeter_30s_state.csv,TRAIN,2018-02-20 01:19:00,1,1,1
Thuesday-20-02-2018_TrafficForML_CICFlowMeter_30s_state.csv,TRAIN,2018-02-20 01:19:30,1,0,1
Thuesday-20-02-2018_TrafficForML_CICFlowMeter_30s_state.csv,TRAIN,2018-02-20 01:20:00,0,1,0
Thuesday-20-02-2018_TrafficForML_CICFlowMeter_30s_state.csv,TRAIN,2018-02-20 01:20:30,1,1,1
Thuesday-20-02-2018_TrafficForML_CICFlowMeter_30s_state.csv,TRAIN,2018-02-20 01:21:00,1,1,1
Thuesday-20-02-2018_TrafficForML_CICFlowMeter_30s_state.csv,TRAIN,2018-02-20 01:21:30,1,0,1
Thuesday-20-02-2018_TrafficForML_CICFlowMeter_30s_state.csv,TRAIN,2018-02-20 01:22:00,0,1,0
Thuesday-20-02-2018_TrafficForML_CICFlowMeter_30s_state.csv,TRAIN,2018-02-20 01:22:30,1,1,1
Thuesday-20-02-2018_TrafficForML_CICFlowMeter_30s_state.csv,TRAIN,2018-02-20 01:23:00,1,1,1
Thuesday-20-02-2018_TrafficForML_CICFlowMeter_30s_state.csv,TRAIN,2018-02-20 01:23:30,1,0,1
Thuesday-20-02-2018_TrafficForML_CICFlowMeter_30s_state.csv,TRAIN,2018-02-20 01:24:00,0,1,0
Thuesday-20-02-2018_TrafficForML_CICFlowMeter_30s_state.csv,TRAIN,2018-02-20 01:24:30,1,1,1
Thuesday-20-02-2018_TrafficForML_CICFlowMeter_30s_state.csv,TRAIN,2018-02-20 01:25:00,1,1,1
Thuesday-20-02-2018_TrafficForML_CICFlowMeter_30s_state.csv,TRAIN,2018-02-20 01:25:30,1,0,1
Thuesday-20-02-2018_TrafficForML_CICFlowMeter_30s_state.csv,TRAIN,2018-02-20 01:26:00,0,1,0
Thuesday-20-02-2018_TrafficForML_CICFlowMeter_30s_state.csv,TRAIN,2018-02-20 01:26:30,1,1,1
Thuesday-20-02-2018_TrafficForML_CICFlowMeter_30s_state.csv,TRAIN,2018-02-20 01:27:00,1,1,1
Thuesday-20-02-2018_TrafficForML_CICFlowMeter_30s_state.csv,TRAIN,2018-02-20 01:27:30,1,0,1
Thuesday-20-02-2018_TrafficForML_CICFlowMeter_30s_state.csv,TRAIN,2018-02-20 01:28:00,0,1,0
Thuesday-20-02-2018_TrafficForML_CICFlowMeter_30s_state.csv,TRAIN,2018-02-20 01:28:30,1,1,1
Thuesday-20-02-2018_TrafficForML_CICFlowMeter_30s_state.csv,TRAIN,2018-02-20 01:29:00,1,1,1
Thuesday-20-02-2018_TrafficForML_CICFlowMeter_30s_state.csv,TRAIN,2018-02-20 01:29:30,1,0,1
Thuesday-20-02-2018_TrafficForML_CICFlowMeter_30s_state.csv,TRAIN,2018-02-20 01:30:00,0,0,0
Thuesday-20-02-2018_TrafficForML_CICFlowMeter_30s_state.csv,TRAIN,2018-02-20 01:30:30,0,0,0
Thuesday-20-02-2018_TrafficForML_CICFlowMeter_30s_state.csv,TRAIN,2018-02-20 01:31:00,0,0,0
Thuesday-20-02-2018_TrafficForML_CICFlowMeter_30s_state.csv,TRAIN,2018-02-20 01:31:30,0,0,0
Thuesday-20-02-2018_TrafficForML_CICFlowMeter_30s_state.csv,TRAIN,2018-02-20 01:32:00,0,0,0
Thuesday-20-02-2018_TrafficForML_CICFlowMeter_30s_state.csv,TRAIN,2018-02-20 01:32:30,0,0,0
Thuesday-20-02-2018_TrafficForML_CICFlowMeter_30s_state.csv,TRAIN,2018-02-20 01:33:00,0,0,0
Thuesday-20-02-2018_TrafficForML_CICFlowMeter_30s_state.csv,TRAIN,2018-02-20 01:33:30,0,0,0
Thuesday-20-02-2018_TrafficForML_CICFlowMeter_30s_state.csv,TRAIN,2018-02-20 01:34:00,0,0,0
Thuesday-20-02-2018_TrafficForML_CICFlowMeter_30s_state.csv,TRAIN,2018-02-20 01:34:30,0,0,0
Thuesday-20-02-2018_TrafficForML_CICFlowMeter_30s_state.csv,TRAIN,2018-02-20 01:35:00,0,0,0
Thuesday-20-02-2018_TrafficForML_CICFlowMeter_30s_state.csv,TRAIN,2018-02-20 01:35:30,0,0,0
Thuesday-20-02-2018_TrafficForML_CICFlowMeter_30s_state.csv,TRAIN,2018-02-20 01:36:00,0,0,0
Thuesday-20-02-2018_TrafficForML_CICFlowMeter_30s_state.csv,TRAIN,2018-02-20 01:36:30,0,0,0
Thuesday-20-02-2018_TrafficForML_CICFlowMeter_30s_state.csv,TRAIN,2018-02-20 01:37:00,0,0,0
Thuesday-20-02-2018_TrafficForML_CICFlowMeter_30s_state.csv,TRAIN,2018-02-20 01:37:30,0,0,0
Thuesday-20-02-2018_TrafficForML_CICFlowMeter_30s_state.csv,TRAIN,2018-02-20 01:38:00,0,0,0
Thuesday-20-02-2018_TrafficForML_CICFlowMeter_30s_state.csv,TRAIN,2018-02-20 01:38:30,0,0,0
Thuesday-20-02-2018_TrafficForML_CICFlowMeter_30s_state.csv,TRAIN,2018-02-20 01:39:00,0,0,0
Thuesday-20-02-2018_TrafficForML_CICFlowMeter_30s_state.csv,TRAIN,2018-02-20 01:39:30,0,0,0
Thuesday-20-02-2018_TrafficForML_CICFlowMeter_30s_state.csv,TRAIN,2018-02-20 01:40:00,0,0,0
Thuesday-20-02-2018_TrafficForML_CICFlowMeter_30s_state.csv,TRAIN,2018-02-20 01:40:30,0,0,0
Thuesday-20-02-2018_TrafficForML_CICFlowMeter_30s_state.csv,TRAIN,2018-02-20 01:41:00,0,0,0
Thuesday-20-02-2018_TrafficForML_CICFlowMeter_30s_state.csv,TRAIN,2018-02-20 01:41:30,0,0,0
Thuesday-20-02-2018_TrafficForML_CICFlowMeter_30s_state.csv,TRAIN,2018-02-20 01:42:00,0,0,0
Thuesday-20-02-2018_TrafficForML_CICFlowMeter_30s_state.csv,TRAIN,2018-02-20 01:42:30,0,0,0
Thuesday-20-02-2018_TrafficForML_CICFlowMeter_30s_state.csv,TRAIN,2018-02-20 01:43:00,0,0,0
Thuesday-20-02-2018_TrafficForML_CICFlowMeter_30s_state.csv,TRAIN,2018-02-20 01:43:30,0,0,0
Thuesday-20-02-2018_TrafficForML_CICFlowMeter_30s_state.csv,TRAIN,2018-02-20 01:44:00,0,0,0
Thuesday-20-02-2018_TrafficForML_CICFlowMeter_30s_state.csv,TRAIN,2018-02-20 01:44:30,0,0,0
Thuesday-20-02-2018_TrafficForML_CICFlowMeter_30s_state.csv,TRAIN,2018-02-20 01:45:00,0,0,0
Thuesday-20-02-2018_TrafficForML_CICFlowMeter_30s_state.csv,TRAIN,2018-02-20 01:45:30,0,0,0
Thuesday-20-02-2018_TrafficForML_CICFlowMeter_30s_state.csv,TRAIN,2018-02-20 01:46:00,0,0,0
Thuesday-20-02-2018_TrafficForML_CICFlowMeter_30s_state.csv,TRAIN,2018-02-20 01:46:30,0,0,0
Thuesday-20-02-2018_TrafficForML_CICFlowMeter_30s_state.csv,TRAIN,2018-02-20 01:47:00,0,0,0
Thuesday-20-02-2018_TrafficForML_CICFlowMeter_30s_state.csv,TRAIN,2018-02-20 01:47:30,0,0,0
Thuesday-20-02-2018_TrafficForML_CICFlowMeter_30s_state.csv,TRAIN,2018-02-20 01:48:00,0,0,0
Thuesday-20-02-2018_TrafficForML_CICFlowMeter_30s_state.csv,TRAIN,2018-02-20 01:48:30,0,0,0
Thuesday-20-02-2018_TrafficForML_CICFlowMeter_30s_state.csv,TRAIN,2018-02-20 01:49:00,0,0,0
Thuesday-20-02-2018_TrafficForML_CICFlowMeter_30s_state.csv,TRAIN,2018-02-20 01:49:30,0,0,0
Thuesday-20-02-2018_TrafficForML_CICFlowMeter_30s_state.csv,TRAIN,2018-02-20 01:50:00,0,0,0
Thuesday-20-02-2018_TrafficForML_CICFlowMeter_30s_state.csv,TRAIN,2018-02-20 01:50:30,0,0,0
Thuesday-20-02-2018_TrafficForML_CICFlowMeter_30s_state.csv,TRAIN,2018-02-20 01:51:00,0,0,0
Thuesday-20-02-2018_TrafficForML_CICFlowMeter_30s_state.csv,TRAIN,2018-02-20 01:51:30,0,0,0
Thuesday-20-02-2018_TrafficForML_CICFlowMeter_30s_state.csv,TRAIN,2018-02-20 01:52:00,0,0,0
Thuesday-20-02-2018_TrafficForML_CICFlowMeter_30s_state.csv,TRAIN,2018-02-20 01:52:30,0,0,0
Thuesday-20-02-2018_TrafficForML_CICFlowMeter_30s_state.csv,TRAIN,2018-02-20 01:53:00,0,0,0
Thuesday-20-02-2018_TrafficForML_CICFlowMeter_30s_state.csv,TRAIN,2018-02-20 01:53:30,0,0,0
Thuesday-20-02-2018_TrafficForML_CICFlowMeter_30s_state.csv,TRAIN,2018-02-20 01:54:00,0,0,0
Thuesday-20-02-2018_TrafficForML_CICFlowMeter_30s_state.csv,TRAIN,2018-02-20 01:54:30,0,0,0
Thuesday-20-02-2018_TrafficForML_CICFlowMeter_30s_state.csv,TRAIN,2018-02-20 01:55:00,0,0,0
Thuesday-20-02-2018_TrafficForML_CICFlowMeter_30s_state.csv,TRAIN,2018-02-20 01:55:30,0,0,0
Thuesday-20-02-2018_TrafficForML_CICFlowMeter_30s_state.csv,TRAIN,2018-02-20 01:56:00,0,0,0
Thuesday-20-02-2018_TrafficForML_CICFlowMeter_30s_state.csv,TRAIN,2018-02-20 01:56:30,0,0,0
Thuesday-20-02-2018_TrafficForML_CICFlowMeter_30s_state.csv,TRAIN,2018-02-20 01:57:00,0,0,0
Thuesday-20-02-2018_TrafficForML_CICFlowMeter_30s_state.csv,TRAIN,2018-02-20 01:57:30,0,0,0
Thuesday-20-02-2018_TrafficForML_CICFlowMeter_30s_state.csv,TRAIN,2018-02-20 01:58:00,0,0,0
Thuesday-20-02-2018_TrafficForML_CICFlowMeter_30s_state.csv,TRAIN,2018-02-20 01:58:30,0,0,0
Thuesday-20-02-2018_TrafficForML_CICFlowMeter_30s_state.csv,TRAIN,2018-02-20 01:59:00,0,0,0
Thuesday-20-02-2018_TrafficForML_CICFlowMeter_30s_state.csv,TRAIN,2018-02-20 01:59:30,0,0,0
Thuesday-20-02-2018_TrafficForML_CICFlowMeter_30s_state.csv,TRAIN,2018-02-20 02:00:00,0,0,0
Thuesday-20-02-2018_TrafficForML_CICFlowMeter_30s_state.csv,TRAIN,2018-02-20 02:00:30,0,0,0
Thuesday-20-02-2018_TrafficForML_CICFlowMeter_30s_state.csv,TRAIN,2018-02-20 02:01:00,0,0,0
Thuesday-20-02-2018_TrafficForML_CICFlowMeter_30s_state.csv,TRAIN,2018-02-20 02:01:30,0,0,0
Thuesday-20-02-2018_TrafficForML_CICFlowMeter_30s_state.csv,TRAIN,2018-02-20 02:02:00,0,0,0
Thuesday-20-02-2018_TrafficForML_CICFlowMeter_30s_state.csv,TRAIN,2018-02-20 02:02:30,0,0,0
Thuesday-20-02-2018_TrafficForML_CICFlowMeter_30s_state.csv,TRAIN,2018-02-20 02:03:00,0,0,0
Thuesday-20-02-2018_TrafficForML_CICFlowMeter_30s_state.csv,TRAIN,2018-02-20 02:03:30,0,0,0
Thuesday-20-02-2018_TrafficForML_CICFlowMeter_30s_state.csv,TRAIN,2018-02-20 02:04:00,0,0,0
Thuesday-20-02-2018_TrafficForML_CICFlowMeter_30s_state.csv,TRAIN,2018-02-20 02:04:30,0,0,0
Thuesday-20-02-2018_TrafficForML_CICFlowMeter_30s_state.csv,TRAIN,2018-02-20 02:05:00,0,0,0
Thuesday-20-02-2018_TrafficForML_CICFlowMeter_30s_state.csv,TRAIN,2018-02-20 02:05:30,0,0,0
Thuesday-20-02-2018_TrafficForML_CICFlowMeter_30s_state.csv,TRAIN,2018-02-20 02:06:00,0,0,0
Thuesday-20-02-2018_TrafficForML_CICFlowMeter_30s_state.csv,TRAIN,2018-02-20 02:06:30,0,0,0
Thuesday-20-02-2018_TrafficForML_CICFlowMeter_30s_state.csv,TRAIN,2018-02-20 02:07:00,0,0,0
Thuesday-20-02-2018_TrafficForML_CICFlowMeter_30s_state.csv,TRAIN,2018-02-20 02:07:30,0,0,0
Thuesday-20-02-2018_TrafficForML_CICFlowMeter_30s_state.csv,TRAIN,2018-02-20 02:08:00,0,0,0
Thuesday-20-02-2018_TrafficForML_CICFlowMeter_30s_state.csv,TRAIN,2018-02-20 02:08:30,0,0,0
Thuesday-20-02-2018_TrafficForML_CICFlowMeter_30s_state.csv,TRAIN,2018-02-20 02:09:00,0,0,0
Thuesday-20-02-2018_TrafficForML_CICFlowMeter_30s_state.csv,TRAIN,2018-02-20 02:09:30,0,0,0
Thuesday-20-02-2018_TrafficForML_CICFlowMeter_30s_state.csv,TRAIN,2018-02-20 02:10:00,0,0,0
Thuesday-20-02-2018_TrafficForML_CICFlowMeter_30s_state.csv,TRAIN,2018-02-20 02:10:30,0,0,0
Thuesday-20-02-2018_TrafficForML_CICFlowMeter_30s_state.csv,TRAIN,2018-02-20 02:11:00,0,0,0
Thuesday-20-02-2018_TrafficForML_CICFlowMeter_30s_state.csv,TRAIN,2018-02-20 02:11:30,0,0,0
Thuesday-20-02-2018_TrafficForML_CICFlowMeter_30s_state.csv,TRAIN,2018-02-20 02:12:00,0,0,0
Thuesday-20-02-2018_TrafficForML_CICFlowMeter_30s_state.csv,TRAIN,2018-02-20 02:12:30,0,0,0
Thuesday-20-02-2018_TrafficForML_CICFlowMeter_30s_state.csv,TRAIN,2018-02-20 02:13:00,0,0,0
Thuesday-20-02-2018_TrafficForML_CICFlowMeter_30s_state.csv,TRAIN,2018-02-20 02:13:30,0,0,0
Thuesday-20-02-2018_TrafficForML_CICFlowMeter_30s_state.csv,TRAIN,2018-02-20 02:14:00,0,0,0
Thuesday-20-02-2018_TrafficForML_CICFlowMeter_30s_state.csv,TRAIN,2018-02-20 02:14:30,0,0,0
Thuesday-20-02-2018_TrafficForML_CICFlowMeter_30s_state.csv,TRAIN,2018-02-20 02:15:00,0,0,0
Thuesday-20-02-2018_TrafficForML_CICFlowMeter_30s_state.csv,TRAIN,2018-02-20 02:15:30,0,0,0
Thuesday-20-02-2018_TrafficForML_CICFlowMeter_30s_state.csv,TRAIN,2018-02-20 02:16:00,0,0,0
Thuesday-20-02-2018_TrafficForML_CICFlowMeter_30s_state.csv,TRAIN,2018-02-20 02:16:30,0,0,0
Thuesday-20-02-2018_TrafficForML_CICFlowMeter_30s_state.csv,TRAIN,2018-02-20 02:17:00,0,0,0
Thuesday-20-02-2018_TrafficForML_CICFlowMeter_30s_state.csv,TRAIN,2018-02-20 02:17:30,0,0,0
Thuesday-20-02-2018_TrafficForML_CICFlowMeter_30s_state.csv,TRAIN,2018-02-20 02:18:00,0,0,0
Thuesday-20-02-2018_TrafficForML_CICFlowMeter_30s_state.csv,TRAIN,2018-02-20 02:18:30,0,0,0
Thuesday-20-02-2018_TrafficForML_CICFlowMeter_30s_state.csv,TRAIN,2018-02-20 02:19:00,0,0,0
Thuesday-20-02-2018_TrafficForML_CICFlowMeter_30s_state.csv,TRAIN,2018-02-20 02:19:30,0,0,0
Thuesday-20-02-2018_TrafficForML_CICFlowMeter_30s_state.csv,TRAIN,2018-02-20 02:20:00,0,0,0
Thuesday-20-02-2018_TrafficForML_CICFlowMeter_30s_state.csv,TRAIN,2018-02-20 02:20:30,0,0,0
Thuesday-20-02-2018_TrafficForML_CICFlowMeter_30s_state.csv,TRAIN,2018-02-20 02:21:00,0,0,0
Thuesday-20-02-2018_TrafficForML_CICFlowMeter_30s_state.csv,TRAIN,2018-02-20 02:21:30,0,0,0
Thuesday-20-02-2018_TrafficForML_CICFlowMeter_30s_state.csv,TRAIN,2018-02-20 02:22:00,0,0,0
Thuesday-20-02-2018_TrafficForML_CICFlowMeter_30s_state.csv,TRAIN,2018-02-20 02:22:30,0,0,0
Thuesday-20-02-2018_TrafficForML_CICFlowMeter_30s_state.csv,TRAIN,2018-02-20 02:23:00,0,0,0
Thuesday-20-02-2018_TrafficForML_CICFlowMeter_30s_state.csv,TRAIN,2018-02-20 02:23:30,0,0,0
Thuesday-20-02-2018_TrafficForML_CICFlowMeter_30s_state.csv,TRAIN,2018-02-20 02:24:00,0,0,0
Thuesday-20-02-2018_TrafficForML_CICFlowMeter_30s_state.csv,TRAIN,2018-02-20 02:24:30,0,0,0
Thuesday-20-02-2018_TrafficForML_CICFlowMeter_30s_state.csv,TRAIN,2018-02-20 02:25:00,0,0,0
Thuesday-20-02-2018_TrafficForML_CICFlowMeter_30s_state.csv,TRAIN,2018-02-20 02:25:30,0,0,0
Thuesday-20-02-2018_TrafficForML_CICFlowMeter_30s_state.csv,TRAIN,2018-02-20 02:26:00,0,0,0
Thuesday-20-02-2018_TrafficForML_CICFlowMeter_30s_state.csv,TRAIN,2018-02-20 02:26:30,0,0,0
Thuesday-20-02-2018_TrafficForML_CICFlowMeter_30s_state.csv,TRAIN,2018-02-20 02:27:00,0,0,0
Thuesday-20-02-2018_TrafficForML_CICFlowMeter_30s_state.csv,TRAIN,2018-02-20 02:27:30,0,0,0
Thuesday-20-02-2018_TrafficForML_CICFlowMeter_30s_state.csv,TRAIN,2018-02-20 02:28:00,0,0,0
Thuesday-20-02-2018_TrafficForML_CICFlowMeter_30s_state.csv,TRAIN,2018-02-20 02:28:30,0,0,0
Thuesday-20-02-2018_TrafficForML_CICFlowMeter_30s_state.csv,TRAIN,2018-02-20 02:29:00,0,0,0
Thuesday-20-02-2018_TrafficForML_CICFlowMeter_30s_state.csv,TRAIN,2018-02-20 02:29:30,0,0,0
Thuesday-20-02-2018_TrafficForML_CICFlowMeter_30s_state.csv,TRAIN,2018-02-20 02:30:00,0,0,0
Thuesday-20-02-2018_TrafficForML_CICFlowMeter_30s_state.csv,TRAIN,2018-02-20 02:30:30,0,0,0
Thuesday-20-02-2018_TrafficForML_CICFlowMeter_30s_state.csv,TRAIN,2018-02-20 02:31:00,0,0,0
Thuesday-20-02-2018_TrafficForML_CICFlowMeter_30s_state.csv,TRAIN,2018-02-20 02:31:30,0,0,0
Thuesday-20-02-2018_TrafficForML_CICFlowMeter_30s_state.csv,TRAIN,2018-02-20 02:32:00,0,0,0
Thuesday-20-02-2018_TrafficForML_CICFlowMeter_30s_state.csv,TRAIN,2018-02-20 02:32:30,0,0,0
Thuesday-20-02-2018_TrafficForML_CICFlowMeter_30s_state.csv,TRAIN,2018-02-20 02:33:00,0,0,0
Thuesday-20-02-2018_TrafficForML_CICFlowMeter_30s_state.csv,TRAIN,2018-02-20 02:33:30,0,0,0
Thuesday-20-02-2018_TrafficForML_CICFlowMeter_30s_state.csv,TRAIN,2018-02-20 02:34:00,0,0,0
Thuesday-20-02-2018_TrafficForML_CICFlowMeter_30s_state.csv,TRAIN,2018-02-20 02:34:30,0,0,0
Thuesday-20-02-2018_TrafficForML_CICFlowMeter_30s_state.csv,TRAIN,2018-02-20 02:35:00,0,0,0
Thuesday-20-02-2018_TrafficForML_CICFlowMeter_30s_state.csv,TRAIN,2018-02-20 02:35:30,0,0,0
Thuesday-20-02-2018_TrafficForML_CICFlowMeter_30s_state.csv,TRAIN,2018-02-20 02:36:00,0,0,0
Thuesday-20-02-2018_TrafficForML_CICFlowMeter_30s_state.csv,TRAIN,2018-02-20 02:36:30,0,0,0
Thuesday-20-02-2018_TrafficForML_CICFlowMeter_30s_state.csv,TRAIN,2018-02-20 02:37:00,0,0,0
Thuesday-20-02-2018_TrafficForML_CICFlowMeter_30s_state.csv,TRAIN,2018-02-20 02:37:30,0,0,0
Thuesday-20-02-2018_TrafficForML_CICFlowMeter_30s_state.csv,TRAIN,2018-02-20 02:38:00,0,0,0
Thuesday-20-02-2018_TrafficForML_CICFlowMeter_30s_state.csv,TRAIN,2018-02-20 02:38:30,0,0,0
Thuesday-20-02-2018_TrafficForML_CICFlowMeter_30s_state.csv,TRAIN,2018-02-20 02:39:00,0,0,0
Thuesday-20-02-2018_TrafficForML_CICFlowMeter_30s_state.csv,TRAIN,2018-02-20 02:39:30,0,0,0
Thuesday-20-02-2018_TrafficForML_CICFlowMeter_30s_state.csv,TRAIN,2018-02-20 02:40:00,0,0,0
Thuesday-20-02-2018_TrafficForML_CICFlowMeter_30s_state.csv,TRAIN,2018-02-20 02:40:30,0,0,0
Thuesday-20-02-2018_TrafficForML_CICFlowMeter_30s_state.csv,TRAIN,2018-02-20 02:41:00,0,0,0
Thuesday-20-02-2018_TrafficForML_CICFlowMeter_30s_state.csv,TRAIN,2018-02-20 02:41:30,0,0,0
Thuesday-20-02-2018_TrafficForML_CICFlowMeter_30s_state.csv,TRAIN,2018-02-20 02:42:00,0,0,0
Thuesday-20-02-2018_TrafficForML_CICFlowMeter_30s_state.csv,TRAIN,2018-02-20 02:42:30,0,0,0
Thuesday-20-02-2018_TrafficForML_CICFlowMeter_30s_state.csv,TRAIN,2018-02-20 02:43:00,0,0,0
Thuesday-20-02-2018_TrafficForML_CICFlowMeter_30s_state.csv,TRAIN,2018-02-20 02:43:30,0,0,0
Thuesday-20-02-2018_TrafficForML_CICFlowMeter_30s_state.csv,TRAIN,2018-02-20 02:44:00,0,0,0
Thuesday-20-02-2018_TrafficForML_CICFlowMeter_30s_state.csv,TRAIN,2018-02-20 02:44:30,0,0,0
Thuesday-20-02-2018_TrafficForML_CICFlowMeter_30s_state.csv,TRAIN,2018-02-20 02:45:00,0,0,0
Thuesday-20-02-2018_TrafficForML_CICFlowMeter_30s_state.csv,TRAIN,2018-02-20 02:45:30,0,0,0
Thuesday-20-02-2018_TrafficForML_CICFlowMeter_30s_state.csv,TRAIN,2018-02-20 02:46:00,0,0,0
Thuesday-20-02-2018_TrafficForML_CICFlowMeter_30s_state.csv,TRAIN,2018-02-20 02:46:30,0,0,0
Thuesday-20-02-2018_TrafficForML_CICFlowMeter_30s_state.csv,TRAIN,2018-02-20 02:47:00,0,0,0
Thuesday-20-02-2018_TrafficForML_CICFlowMeter_30s_state.csv,TRAIN,2018-02-20 02:47:30,0,0,0
Thuesday-20-02-2018_TrafficForML_CICFlowMeter_30s_state.csv,TRAIN,2018-02-20 02:48:00,0,0,0
Thuesday-20-02-2018_TrafficForML_CICFlowMeter_30s_state.csv,TRAIN,2018-02-20 02:48:30,0,0,0
Thuesday-20-02-2018_TrafficForML_CICFlowMeter_30s_state.csv,TRAIN,2018-02-20 02:49:00,0,0,0
Thuesday-20-02-2018_TrafficForML_CICFlowMeter_30s_state.csv,TRAIN,2018-02-20 02:49:30,0,0,0
Thuesday-20-02-2018_TrafficForML_CICFlowMeter_30s_state.csv,TRAIN,2018-02-20 02:50:00,0,0,0
Thuesday-20-02-2018_TrafficForML_CICFlowMeter_30s_state.csv,TRAIN,2018-02-20 02:50:30,0,0,0
Thuesday-20-02-2018_TrafficForML_CICFlowMeter_30s_state.csv,TRAIN,2018-02-20 02:51:00,0,0,0
Thuesday-20-02-2018_TrafficForML_CICFlowMeter_30s_state.csv,TRAIN,2018-02-20 02:51:30,0,0,0
Thuesday-20-02-2018_TrafficForML_CICFlowMeter_30s_state.csv,TRAIN,2018-02-20 02:52:00,0,0,0
Thuesday-20-02-2018_TrafficForML_CICFlowMeter_30s_state.csv,TRAIN,2018-02-20 02:52:30,0,0,0
Thuesday-20-02-2018_TrafficForML_CICFlowMeter_30s_state.csv,TRAIN,2018-02-20 02:53:00,0,0,0
Thuesday-20-02-2018_TrafficForML_CICFlowMeter_30s_state.csv,TRAIN,2018-02-20 02:53:30,0,0,0
Thuesday-20-02-2018_TrafficForML_CICFlowMeter_30s_state.csv,TRAIN,2018-02-20 02:54:00,0,0,0
Thuesday-20-02-2018_TrafficForML_CICFlowMeter_30s_state.csv,TRAIN,2018-02-20 02:54:30,0,0,0
Thuesday-20-02-2018_TrafficForML_CICFlowMeter_30s_state.csv,TRAIN,2018-02-20 02:55:00,0,0,0
Thuesday-20-02-2018_TrafficForML_CICFlowMeter_30s_state.csv,TRAIN,2018-02-20 02:55:30,0,0,0
Thuesday-20-02-2018_TrafficForML_CICFlowMeter_30s_state.csv,TRAIN,2018-02-20 02:56:00,0,0,0
Thuesday-20-02-2018_TrafficForML_CICFlowMeter_30s_state.csv,TRAIN,2018-02-20 02:56:30,0,0,0
Thuesday-20-02-2018_TrafficForML_CICFlowMeter_30s_state.csv,TRAIN,2018-02-20 02:57:00,0,0,0
Thuesday-20-02-2018_TrafficForML_CICFlowMeter_30s_state.csv,TRAIN,2018-02-20 02:57:30,0,0,0
Thuesday-20-02-2018_TrafficForML_CICFlowMeter_30s_state.csv,TRAIN,2018-02-20 02:58:00,0,0,0
Thuesday-20-02-2018_TrafficForML_CICFlowMeter_30s_state.csv,TRAIN,2018-02-20 02:58:30,0,0,0
Thuesday-20-02-2018_TrafficForML_CICFlowMeter_30s_state.csv,TRAIN,2018-02-20 02:59:00,0,0,0
Thuesday-20-02-2018_TrafficForML_CICFlowMeter_30s_state.csv,TRAIN,2018-02-20 02:59:30,0,0,0
Thuesday-20-02-2018_TrafficForML_CICFlowMeter_30s_state.csv,TRAIN,2018-02-20 03:00:00,0,0,0
Thuesday-20-02-2018_TrafficForML_CICFlowMeter_30s_state.csv,TRAIN,2018-02-20 03:00:30,0,0,0
Thuesday-20-02-2018_TrafficForML_CICFlowMeter_30s_state.csv,TRAIN,2018-02-20 03:01:00,0,0,0
Thuesday-20-02-2018_TrafficForML_CICFlowMeter_30s_state.csv,TRAIN,2018-02-20 03:01:30,0,0,0
Thuesday-20-02-2018_TrafficForML_CICFlowMeter_30s_state.csv,TRAIN,2018-02-20 03:02:00,0,0,0
Thuesday-20-02-2018_TrafficForML_CICFlowMeter_30s_state.csv,TRAIN,2018-02-20 03:02:30,0,0,0
Thuesday-20-02-2018_TrafficForML_CICFlowMeter_30s_state.csv,TRAIN,2018-02-20 03:03:00,0,0,0
Thuesday-20-02-2018_TrafficForML_CICFlowMeter_30s_state.csv,TRAIN,2018-02-20 03:03:30,0,0,0
Thuesday-20-02-2018_TrafficForML_CICFlowMeter_30s_state.csv,TRAIN,2018-02-20 03:04:00,0,0,0
Thuesday-20-02-2018_TrafficForML_CICFlowMeter_30s_state.csv,TRAIN,2018-02-20 03:04:30,0,0,0
Thuesday-20-02-2018_TrafficForML_CICFlowMeter_30s_state.csv,TRAIN,2018-02-20 03:05:00,0,0,0
Thuesday-20-02-2018_TrafficForML_CICFlowMeter_30s_state.csv,TRAIN,2018-02-20 03:05:30,0,0,0
Thuesday-20-02-2018_TrafficForML_CICFlowMeter_30s_state.csv,TRAIN,2018-02-20 03:06:00,0,0,0
Thuesday-20-02-2018_TrafficForML_CICFlowMeter_30s_state.csv,TRAIN,2018-02-20 03:06:30,0,0,0
Thuesday-20-02-2018_TrafficForML_CICFlowMeter_30s_state.csv,TRAIN,2018-02-20 03:07:00,0,0,0
Thuesday-20-02-2018_TrafficForML_CICFlowMeter_30s_state.csv,TRAIN,2018-02-20 03:07:30,0,0,0
Thuesday-20-02-2018_TrafficForML_CICFlowMeter_30s_state.csv,TRAIN,2018-02-20 03:08:00,0,0,0
Thuesday-20-02-2018_TrafficForML_CICFlowMeter_30s_state.csv,TRAIN,2018-02-20 03:08:30,0,0,0
Thuesday-20-02-2018_TrafficForML_CICFlowMeter_30s_state.csv,TRAIN,2018-02-20 03:09:00,0,0,0
Thuesday-20-02-2018_TrafficForML_CICFlowMeter_30s_state.csv,TRAIN,2018-02-20 03:09:30,0,0,0
Thuesday-20-02-2018_TrafficForML_CICFlowMeter_30s_state.csv,TRAIN,2018-02-20 03:10:00,0,0,0
Thuesday-20-02-2018_TrafficForML_CICFlowMeter_30s_state.csv,TRAIN,2018-02-20 03:10:30,0,0,0
Thuesday-20-02-2018_TrafficForML_CICFlowMeter_30s_state.csv,TRAIN,2018-02-20 03:11:00,0,0,0
Thuesday-20-02-2018_TrafficForML_CICFlowMeter_30s_state.csv,TRAIN,2018-02-20 03:11:30,0,0,0
Thuesday-20-02-2018_TrafficForML_CICFlowMeter_30s_state.csv,TRAIN,2018-02-20 03:12:00,0,0,0
Thuesday-20-02-2018_TrafficForML_CICFlowMeter_30s_state.csv,TRAIN,2018-02-20 03:12:30,0,0,0
Thuesday-20-02-2018_TrafficForML_CICFlowMeter_30s_state.csv,TRAIN,2018-02-20 03:13:00,0,0,0
Thuesday-20-02-2018_TrafficForML_CICFlowMeter_30s_state.csv,TRAIN,2018-02-20 03:13:30,0,0,0
Thuesday-20-02-2018_TrafficForML_CICFlowMeter_30s_state.csv,TRAIN,2018-02-20 03:14:00,0,0,0
Thuesday-20-02-2018_TrafficForML_CICFlowMeter_30s_state.csv,TRAIN,2018-02-20 03:14:30,0,0,0
Thuesday-20-02-2018_TrafficForML_CICFlowMeter_30s_state.csv,TRAIN,2018-02-20 03:15:00,0,0,0
Thuesday-20-02-2018_TrafficForML_CICFlowMeter_30s_state.csv,TRAIN,2018-02-20 03:15:30,0,0,0
Thuesday-20-02-2018_TrafficForML_CICFlowMeter_30s_state.csv,TRAIN,2018-02-20 03:16:00,0,0,0
Thuesday-20-02-2018_TrafficForML_CICFlowMeter_30s_state.csv,TRAIN,2018-02-20 03:16:30,0,0,0
Thuesday-20-02-2018_TrafficForML_CICFlowMeter_30s_state.csv,TRAIN,2018-02-20 03:17:00,0,0,0
Thuesday-20-02-2018_TrafficForML_CICFlowMeter_30s_state.csv,TRAIN,2018-02-20 03:17:30,0,0,0
Thuesday-20-02-2018_TrafficForML_CICFlowMeter_30s_state.csv,TRAIN,2018-02-20 03:18:00,0,0,0
Thuesday-20-02-2018_TrafficForML_CICFlowMeter_30s_state.csv,TRAIN,2018-02-20 03:18:30,0,0,0
Thuesday-20-02-2018_TrafficForML_CICFlowMeter_30s_state.csv,TRAIN,2018-02-20 03:19:00,0,0,0
Thuesday-20-02-2018_TrafficForML_CICFlowMeter_30s_state.csv,TRAIN,2018-02-20 03:19:30,0,0,0
Thuesday-20-02-2018_TrafficForML_CICFlowMeter_30s_state.csv,TRAIN,2018-02-20 03:20:00,0,0,0
Thuesday-20-02-2018_TrafficForML_CICFlowMeter_30s_state.csv,TRAIN,2018-02-20 03:20:30,0,0,0
Thuesday-20-02-2018_TrafficForML_CICFlowMeter_30s_state.csv,TRAIN,2018-02-20 03:21:00,0,0,0
Thuesday-20-02-2018_TrafficForML_CICFlowMeter_30s_state.csv,TRAIN,2018-02-20 03:21:30,0,0,0
Thuesday-20-02-2018_TrafficForML_CICFlowMeter_30s_state.csv,TRAIN,2018-02-20 03:22:00,0,0,0
Thuesday-20-02-2018_TrafficForML_CICFlowMeter_30s_state.csv,TRAIN,2018-02-20 03:22:30,0,0,0
Thuesday-20-02-2018_TrafficForML_CICFlowMeter_30s_state.csv,TRAIN,2018-02-20 03:23:00,0,0,0
Thuesday-20-02-2018_TrafficForML_CICFlowMeter_30s_state.csv,TRAIN,2018-02-20 03:23:30,0,0,0
Thuesday-20-02-2018_TrafficForML_CICFlowMeter_30s_state.csv,TRAIN,2018-02-20 03:24:00,0,0,0
Thuesday-20-02-2018_TrafficForML_CICFlowMeter_30s_state.csv,TRAIN,2018-02-20 03:24:30,0,0,0
Thuesday-20-02-2018_TrafficForML_CICFlowMeter_30s_state.csv,TRAIN,2018-02-20 03:25:00,0,0,0
Thuesday-20-02-2018_TrafficForML_CICFlowMeter_30s_state.csv,TRAIN,2018-02-20 03:25:30,0,0,0
Thuesday-20-02-2018_TrafficForML_CICFlowMeter_30s_state.csv,TRAIN,2018-02-20 03:26:00,0,0,0
Thuesday-20-02-2018_TrafficForML_CICFlowMeter_30s_state.csv,TRAIN,2018-02-20 03:26:30,0,0,0
Thuesday-20-02-2018_TrafficForML_CICFlowMeter_30s_state.csv,TRAIN,2018-02-20 03:27:00,0,0,0
Thuesday-20-02-2018_TrafficForML_CICFlowMeter_30s_state.csv,TRAIN,2018-02-20 03:27:30,0,0,0
Thuesday-20-02-2018_TrafficForML_CICFlowMeter_30s_state.csv,TRAIN,2018-02-20 03:28:00,0,0,0
Thuesday-20-02-2018_TrafficForML_CICFlowMeter_30s_state.csv,TRAIN,2018-02-20 03:28:30,0,0,0
Thuesday-20-02-2018_TrafficForML_CICFlowMeter_30s_state.csv,TRAIN,2018-02-20 03:29:00,0,0,0
Thuesday-20-02-2018_TrafficForML_CICFlowMeter_30s_state.csv,TRAIN,2018-02-20 03:29:30,0,0,0
Thuesday-20-02-2018_TrafficForML_CICFlowMeter_30s_state.csv,TRAIN,2018-02-20 03:30:00,0,0,0
Thuesday-20-02-2018_TrafficForML_CICFlowMeter_30s_state.csv,TRAIN,2018-02-20 03:30:30,0,0,0
Thuesday-20-02-2018_TrafficForML_CICFlowMeter_30s_state.csv,TRAIN,2018-02-20 03:31:00,0,0,0
Thuesday-20-02-2018_TrafficForML_CICFlowMeter_30s_state.csv,TRAIN,2018-02-20 03:31:30,0,0,0
Thuesday-20-02-2018_TrafficForML_CICFlowMeter_30s_state.csv,TRAIN,2018-02-20 03:32:00,0,0,0
Thuesday-20-02-2018_TrafficForML_CICFlowMeter_30s_state.csv,TRAIN,2018-02-20 03:32:30,0,0,0
Thuesday-20-02-2018_TrafficForML_CICFlowMeter_30s_state.csv,TRAIN,2018-02-20 03:33:00,0,0,0
Thuesday-20-02-2018_TrafficForML_CICFlowMeter_30s_state.csv,TRAIN,2018-02-20 03:33:30,0,0,0
Thuesday-20-02-2018_TrafficForML_CICFlowMeter_30s_state.csv,TRAIN,2018-02-20 03:34:00,0,0,0
Thuesday-20-02-2018_TrafficForML_CICFlowMeter_30s_state.csv,TRAIN,2018-02-20 03:34:30,0,0,0
Thuesday-20-02-2018_TrafficForML_CICFlowMeter_30s_state.csv,TRAIN,2018-02-20 03:35:00,0,0,0
Thuesday-20-02-2018_TrafficForML_CICFlowMeter_30s_state.csv,TRAIN,2018-02-20 03:35:30,0,0,0
Thuesday-20-02-2018_TrafficForML_CICFlowMeter_30s_state.csv,TRAIN,2018-02-20 03:36:00,0,0,0
Thuesday-20-02-2018_TrafficForML_CICFlowMeter_30s_state.csv,TRAIN,2018-02-20 03:36:30,0,0,0
Thuesday-20-02-2018_TrafficForML_CICFlowMeter_30s_state.csv,TRAIN,2018-02-20 03:37:00,0,0,0
Thuesday-20-02-2018_TrafficForML_CICFlowMeter_30s_state.csv,TRAIN,2018-02-20 03:37:30,0,0,0
Thuesday-20-02-2018_TrafficForML_CICFlowMeter_30s_state.csv,TRAIN,2018-02-20 03:38:00,0,0,0
Thuesday-20-02-2018_TrafficForML_CICFlowMeter_30s_state.csv,TRAIN,2018-02-20 03:38:30,0,0,0
Thuesday-20-02-2018_TrafficForML_CICFlowMeter_30s_state.csv,TRAIN,2018-02-20 03:39:00,0,0,0
Thuesday-20-02-2018_TrafficForML_CICFlowMeter_30s_state.csv,TRAIN,2018-02-20 03:39:30,0,0,0
Thuesday-20-02-2018_TrafficForML_CICFlowMeter_30s_state.csv,TRAIN,2018-02-20 03:40:00,0,0,0
Thuesday-20-02-2018_TrafficForML_CICFlowMeter_30s_state.csv,TRAIN,2018-02-20 03:40:30,0,0,0
Thuesday-20-02-2018_TrafficForML_CICFlowMeter_30s_state.csv,TRAIN,2018-02-20 03:41:00,0,0,0
Thuesday-20-02-2018_TrafficForML_CICFlowMeter_30s_state.csv,TRAIN,2018-02-20 03:41:30,0,0,0
Thuesday-20-02-2018_TrafficForML_CICFlowMeter_30s_state.csv,TRAIN,2018-02-20 03:42:00,0,0,0
Thuesday-20-02-2018_TrafficForML_CICFlowMeter_30s_state.csv,TRAIN,2018-02-20 03:42:30,0,0,0
Thuesday-20-02-2018_TrafficForML_CICFlowMeter_30s_state.csv,TRAIN,2018-02-20 03:43:00,0,0,0
Thuesday-20-02-2018_TrafficForML_CICFlowMeter_30s_state.csv,TRAIN,2018-02-20 03:43:30,0,0,0
Thuesday-20-02-2018_TrafficForML_CICFlowMeter_30s_state.csv,TRAIN,2018-02-20 03:44:00,0,0,0
Thuesday-20-02-2018_TrafficForML_CICFlowMeter_30s_state.csv,TRAIN,2018-02-20 03:44:30,0,0,0
Thuesday-20-02-2018_TrafficForML_CICFlowMeter_30s_state.csv,TRAIN,2018-02-20 03:45:00,0,0,0
Thuesday-20-02-2018_TrafficForML_CICFlowMeter_30s_state.csv,TRAIN,2018-02-20 03:45:30,0,0,0
Thuesday-20-02-2018_TrafficForML_CICFlowMeter_30s_state.csv,TRAIN,2018-02-20 03:46:00,0,0,0
Thuesday-20-02-2018_TrafficForML_CICFlowMeter_30s_state.csv,TRAIN,2018-02-20 03:46:30,0,0,0
Thuesday-20-02-2018_TrafficForML_CICFlowMeter_30s_state.csv,TRAIN,2018-02-20 03:47:00,0,0,0
Thuesday-20-02-2018_TrafficForML_CICFlowMeter_30s_state.csv,TRAIN,2018-02-20 03:47:30,0,0,0
Thuesday-20-02-2018_TrafficForML_CICFlowMeter_30s_state.csv,TRAIN,2018-02-20 03:48:00,0,0,0
Thuesday-20-02-2018_TrafficForML_CICFlowMeter_30s_state.csv,TRAIN,2018-02-20 03:48:30,0,0,0
Thuesday-20-02-2018_TrafficForML_CICFlowMeter_30s_state.csv,TRAIN,2018-02-20 03:49:00,0,0,0
Thuesday-20-02-2018_TrafficForML_CICFlowMeter_30s_state.csv,TRAIN,2018-02-20 03:49:30,0,0,0
Thuesday-20-02-2018_TrafficForML_CICFlowMeter_30s_state.csv,TRAIN,2018-02-20 03:50:00,0,0,0
Thuesday-20-02-2018_TrafficForML_CICFlowMeter_30s_state.csv,TRAIN,2018-02-20 03:50:30,0,0,0
Thuesday-20-02-2018_TrafficForML_CICFlowMeter_30s_state.csv,TRAIN,2018-02-20 03:51:00,0,0,0
Thuesday-20-02-2018_TrafficForML_CICFlowMeter_30s_state.csv,TRAIN,2018-02-20 03:51:30,0,0,0
Thuesday-20-02-2018_TrafficForML_CICFlowMeter_30s_state.csv,TRAIN,2018-02-20 03:52:00,0,0,0
Thuesday-20-02-2018_TrafficForML_CICFlowMeter_30s_state.csv,TRAIN,2018-02-20 03:52:30,0,0,0
Thuesday-20-02-2018_TrafficForML_CICFlowMeter_30s_state.csv,TRAIN,2018-02-20 03:53:00,0,0,0
Thuesday-20-02-2018_TrafficForML_CICFlowMeter_30s_state.csv,TRAIN,2018-02-20 03:53:30,0,0,0
Thuesday-20-02-2018_TrafficForML_CICFlowMeter_30s_state.csv,TRAIN,2018-02-20 03:54:00,0,0,0
Thuesday-20-02-2018_TrafficForML_CICFlowMeter_30s_state.csv,TRAIN,2018-02-20 03:54:30,0,0,0
Thuesday-20-02-2018_TrafficForML_CICFlowMeter_30s_state.csv,TRAIN,2018-02-20 03:55:00,0,0,0
Thuesday-20-02-2018_TrafficForML_CICFlowMeter_30s_state.csv,TRAIN,2018-02-20 03:55:30,0,0,0
Thuesday-20-02-2018_TrafficForML_CICFlowMeter_30s_state.csv,TRAIN,2018-02-20 03:56:00,0,0,0
Thuesday-20-02-2018_TrafficForML_CICFlowMeter_30s_state.csv,TRAIN,2018-02-20 03:56:30,0,0,0
Thuesday-20-02-2018_TrafficForML_CICFlowMeter_30s_state.csv,TRAIN,2018-02-20 03:57:00,0,0,0
Thuesday-20-02-2018_TrafficForML_CICFlowMeter_30s_state.csv,TRAIN,2018-02-20 03:57:30,0,0,0
Thuesday-20-02-2018_TrafficForML_CICFlowMeter_30s_state.csv,TRAIN,2018-02-20 03:58:00,0,0,0
Thuesday-20-02-2018_TrafficForML_CICFlowMeter_30s_state.csv,TRAIN,2018-02-20 03:58:30,0,0,0
Thuesday-20-02-2018_TrafficForML_CICFlowMeter_30s_state.csv,TRAIN,2018-02-20 03:59:00,0,0,0
Thuesday-20-02-2018_TrafficForML_CICFlowMeter_30s_state.csv,TRAIN,2018-02-20 03:59:30,0,0,0
Thuesday-20-02-2018_TrafficForML_CICFlowMeter_30s_state.csv,TRAIN,2018-02-20 04:00:00,0,0,0
Thuesday-20-02-2018_TrafficForML_CICFlowMeter_30s_state.csv,TRAIN,2018-02-20 04:00:30,0,0,0
Thuesday-20-02-2018_TrafficForML_CICFlowMeter_30s_state.csv,TRAIN,2018-02-20 04:01:00,0,0,0
Thuesday-20-02-2018_TrafficForML_CICFlowMeter_30s_state.csv,TRAIN,2018-02-20 04:01:30,0,0,0
Thuesday-20-02-2018_TrafficForML_CICFlowMeter_30s_state.csv,TRAIN,2018-02-20 04:02:00,0,0,0
Thuesday-20-02-2018_TrafficForML_CICFlowMeter_30s_state.csv,TRAIN,2018-02-20 04:02:30,0,0,0
Thuesday-20-02-2018_TrafficForML_CICFlowMeter_30s_state.csv,TRAIN,2018-02-20 04:03:00,0,0,0
Thuesday-20-02-2018_TrafficForML_CICFlowMeter_30s_state.csv,TRAIN,2018-02-20 04:03:30,0,0,0
Thuesday-20-02-2018_TrafficForML_CICFlowMeter_30s_state.csv,TRAIN,2018-02-20 04:04:00,0,0,0
Thuesday-20-02-2018_TrafficForML_CICFlowMeter_30s_state.csv,TRAIN,2018-02-20 04:04:30,0,0,0
Thuesday-20-02-2018_TrafficForML_CICFlowMeter_30s_state.csv,TRAIN,2018-02-20 04:05:00,0,0,0
Thuesday-20-02-2018_TrafficForML_CICFlowMeter_30s_state.csv,TRAIN,2018-02-20 04:05:30,0,0,0
Thuesday-20-02-2018_TrafficForML_CICFlowMeter_30s_state.csv,TRAIN,2018-02-20 04:06:00,0,0,0
Thuesday-20-02-2018_TrafficForML_CICFlowMeter_30s_state.csv,TRAIN,2018-02-20 04:06:30,0,0,0
Thuesday-20-02-2018_TrafficForML_CICFlowMeter_30s_state.csv,TRAIN,2018-02-20 04:07:00,0,0,0
Thuesday-20-02-2018_TrafficForML_CICFlowMeter_30s_state.csv,TRAIN,2018-02-20 04:07:30,0,0,0
Thuesday-20-02-2018_TrafficForML_CICFlowMeter_30s_state.csv,TRAIN,2018-02-20 04:08:00,0,0,0
Thuesday-20-02-2018_TrafficForML_CICFlowMeter_30s_state.csv,TRAIN,2018-02-20 04:08:30,0,0,0
Thuesday-20-02-2018_TrafficForML_CICFlowMeter_30s_state.csv,TRAIN,2018-02-20 04:09:00,0,0,0
Thuesday-20-02-2018_TrafficForML_CICFlowMeter_30s_state.csv,TRAIN,2018-02-20 04:09:30,0,0,0
Thuesday-20-02-2018_TrafficForML_CICFlowMeter_30s_state.csv,TRAIN,2018-02-20 04:10:00,0,0,0
Thuesday-20-02-2018_TrafficForML_CICFlowMeter_30s_state.csv,TRAIN,2018-02-20 04:10:30,0,0,0
Thuesday-20-02-2018_TrafficForML_CICFlowMeter_30s_state.csv,TRAIN,2018-02-20 04:11:00,0,0,0
Thuesday-20-02-2018_TrafficForML_CICFlowMeter_30s_state.csv,TRAIN,2018-02-20 04:11:30,0,0,0
Thuesday-20-02-2018_TrafficForML_CICFlowMeter_30s_state.csv,TRAIN,2018-02-20 04:12:00,0,0,0
Thuesday-20-02-2018_TrafficForML_CICFlowMeter_30s_state.csv,TRAIN,2018-02-20 04:12:30,0,0,0
Thuesday-20-02-2018_TrafficForML_CICFlowMeter_30s_state.csv,TRAIN,2018-02-20 04:13:00,0,0,0
Thuesday-20-02-2018_TrafficForML_CICFlowMeter_30s_state.csv,TRAIN,2018-02-20 04:13:30,0,0,0
Thuesday-20-02-2018_TrafficForML_CICFlowMeter_30s_state.csv,TRAIN,2018-02-20 04:14:00,0,0,0
Thuesday-20-02-2018_TrafficForML_CICFlowMeter_30s_state.csv,TRAIN,2018-02-20 04:14:30,0,0,0
Thuesday-20-02-2018_TrafficForML_CICFlowMeter_30s_state.csv,TRAIN,2018-02-20 04:15:00,0,0,0
Thuesday-20-02-2018_TrafficForML_CICFlowMeter_30s_state.csv,TRAIN,2018-02-20 04:15:30,0,0,0
Thuesday-20-02-2018_TrafficForML_CICFlowMeter_30s_state.csv,TRAIN,2018-02-20 04:16:00,0,0,0
Thuesday-20-02-2018_TrafficForML_CICFlowMeter_30s_state.csv,TRAIN,2018-02-20 04:16:30,0,0,0
Thuesday-20-02-2018_TrafficForML_CICFlowMeter_30s_state.csv,TRAIN,2018-02-20 04:17:00,0,0,0
Thuesday-20-02-2018_TrafficForML_CICFlowMeter_30s_state.csv,TRAIN,2018-02-20 04:17:30,0,0,0
Thuesday-20-02-2018_TrafficForML_CICFlowMeter_30s_state.csv,TRAIN,2018-02-20 04:18:00,0,0,0
Thuesday-20-02-2018_TrafficForML_CICFlowMeter_30s_state.csv,TRAIN,2018-02-20 04:18:30,0,0,0
Thuesday-20-02-2018_TrafficForML_CICFlowMeter_30s_state.csv,TRAIN,2018-02-20 04:19:00,0,0,0
Thuesday-20-02-2018_TrafficForML_CICFlowMeter_30s_state.csv,TRAIN,2018-02-20 04:19:30,0,0,0
Thuesday-20-02-2018_TrafficForML_CICFlowMeter_30s_state.csv,TRAIN,2018-02-20 04:20:00,0,0,0
Thuesday-20-02-2018_TrafficForML_CICFlowMeter_30s_state.csv,TRAIN,2018-02-20 04:20:30,0,0,0
Thuesday-20-02-2018_TrafficForML_CICFlowMeter_30s_state.csv,TRAIN,2018-02-20 04:21:00,0,0,0
Thuesday-20-02-2018_TrafficForML_CICFlowMeter_30s_state.csv,TRAIN,2018-02-20 04:21:30,0,0,0
Thuesday-20-02-2018_TrafficForML_CICFlowMeter_30s_state.csv,TRAIN,2018-02-20 04:22:00,0,0,0
Thuesday-20-02-2018_TrafficForML_CICFlowMeter_30s_state.csv,TRAIN,2018-02-20 04:22:30,0,0,0
Thuesday-20-02-2018_TrafficForML_CICFlowMeter_30s_state.csv,TRAIN,2018-02-20 04:23:00,0,0,0
Thuesday-20-02-2018_TrafficForML_CICFlowMeter_30s_state.csv,TRAIN,2018-02-20 04:23:30,0,0,0
Thuesday-20-02-2018_TrafficForML_CICFlowMeter_30s_state.csv,TRAIN,2018-02-20 04:24:00,0,0,0
Thuesday-20-02-2018_TrafficForML_CICFlowMeter_30s_state.csv,TRAIN,2018-02-20 04:24:30,0,0,0
Thuesday-20-02-2018_TrafficForML_CICFlowMeter_30s_state.csv,TRAIN,2018-02-20 04:25:00,0,0,0
Thuesday-20-02-2018_TrafficForML_CICFlowMeter_30s_state.csv,TRAIN,2018-02-20 04:25:30,0,0,0
Thuesday-20-02-2018_TrafficForML_CICFlowMeter_30s_state.csv,TRAIN,2018-02-20 04:26:00,0,0,0
Thuesday-20-02-2018_TrafficForML_CICFlowMeter_30s_state.csv,TRAIN,2018-02-20 04:26:30,0,0,0
Thuesday-20-02-2018_TrafficForML_CICFlowMeter_30s_state.csv,TRAIN,2018-02-20 04:27:00,0,0,0
Thuesday-20-02-2018_TrafficForML_CICFlowMeter_30s_state.csv,TRAIN,2018-02-20 04:27:30,0,0,0
Thuesday-20-02-2018_TrafficForML_CICFlowMeter_30s_state.csv,TRAIN,2018-02-20 04:28:00,0,0,0
Thuesday-20-02-2018_TrafficForML_CICFlowMeter_30s_state.csv,TRAIN,2018-02-20 04:28:30,0,0,0
Thuesday-20-02-2018_TrafficForML_CICFlowMeter_30s_state.csv,TRAIN,2018-02-20 04:29:00,0,0,0
Thuesday-20-02-2018_TrafficForML_CICFlowMeter_30s_state.csv,TRAIN,2018-02-20 04:29:30,0,0,0
Thuesday-20-02-2018_TrafficForML_CICFlowMeter_30s_state.csv,TRAIN,2018-02-20 04:30:00,0,0,0
Thuesday-20-02-2018_TrafficForML_CICFlowMeter_30s_state.csv,TRAIN,2018-02-20 04:30:30,0,0,0
Thuesday-20-02-2018_TrafficForML_CICFlowMeter_30s_state.csv,TRAIN,2018-02-20 04:31:00,0,0,0
Thuesday-20-02-2018_TrafficForML_CICFlowMeter_30s_state.csv,TRAIN,2018-02-20 04:31:30,0,0,0
Thuesday-20-02-2018_TrafficForML_CICFlowMeter_30s_state.csv,TRAIN,2018-02-20 04:32:00,0,0,0
Thuesday-20-02-2018_TrafficForML_CICFlowMeter_30s_state.csv,TRAIN,2018-02-20 04:32:30,0,0,0
Thuesday-20-02-2018_TrafficForML_CICFlowMeter_30s_state.csv,TRAIN,2018-02-20 04:33:00,0,0,0
Thuesday-20-02-2018_TrafficForML_CICFlowMeter_30s_state.csv,TRAIN,2018-02-20 04:33:30,0,0,0
Thuesday-20-02-2018_TrafficForML_CICFlowMeter_30s_state.csv,TRAIN,2018-02-20 04:34:00,0,0,0
Thuesday-20-02-2018_TrafficForML_CICFlowMeter_30s_state.csv,TRAIN,2018-02-20 04:34:30,0,0,0
Thuesday-20-02-2018_TrafficForML_CICFlowMeter_30s_state.csv,TRAIN,2018-02-20 04:35:00,0,0,0
Thuesday-20-02-2018_TrafficForML_CICFlowMeter_30s_state.csv,TRAIN,2018-02-20 04:35:30,0,0,0
Thuesday-20-02-2018_TrafficForML_CICFlowMeter_30s_state.csv,TRAIN,2018-02-20 04:36:00,0,0,0
Thuesday-20-02-2018_TrafficForML_CICFlowMeter_30s_state.csv,TRAIN,2018-02-20 04:36:30,0,0,0
Thuesday-20-02-2018_TrafficForML_CICFlowMeter_30s_state.csv,TRAIN,2018-02-20 04:37:00,0,0,0
Thuesday-20-02-2018_TrafficForML_CICFlowMeter_30s_state.csv,TRAIN,2018-02-20 04:37:30,0,0,0
Thuesday-20-02-2018_TrafficForML_CICFlowMeter_30s_state.csv,TRAIN,2018-02-20 04:38:00,0,0,0
Thuesday-20-02-2018_TrafficForML_CICFlowMeter_30s_state.csv,TRAIN,2018-02-20 04:38:30,0,0,0
Thuesday-20-02-2018_TrafficForML_CICFlowMeter_30s_state.csv,TRAIN,2018-02-20 04:39:00,0,0,0
Thuesday-20-02-2018_TrafficForML_CICFlowMeter_30s_state.csv,TRAIN,2018-02-20 04:39:30,0,0,0
Thuesday-20-02-2018_TrafficForML_CICFlowMeter_30s_state.csv,TRAIN,2018-02-20 04:40:00,0,0,0
Thuesday-20-02-2018_TrafficForML_CICFlowMeter_30s_state.csv,TRAIN,2018-02-20 04:40:30,0,0,0
Thuesday-20-02-2018_TrafficForML_CICFlowMeter_30s_state.csv,TRAIN,2018-02-20 04:41:00,0,0,0
Thuesday-20-02-2018_TrafficForML_CICFlowMeter_30s_state.csv,TRAIN,2018-02-20 04:41:30,0,0,0
Thuesday-20-02-2018_TrafficForML_CICFlowMeter_30s_state.csv,TRAIN,2018-02-20 04:42:00,0,0,0
Thuesday-20-02-2018_TrafficForML_CICFlowMeter_30s_state.csv,TRAIN,2018-02-20 04:42:30,0,0,0
Thuesday-20-02-2018_TrafficForML_CICFlowMeter_30s_state.csv,TRAIN,2018-02-20 04:43:00,0,0,0
Thuesday-20-02-2018_TrafficForML_CICFlowMeter_30s_state.csv,TRAIN,2018-02-20 04:43:30,0,0,0
Thuesday-20-02-2018_TrafficForML_CICFlowMeter_30s_state.csv,TRAIN,2018-02-20 04:44:00,0,0,0
Thuesday-20-02-2018_TrafficForML_CICFlowMeter_30s_state.csv,TRAIN,2018-02-20 04:44:30,0,0,0
Thuesday-20-02-2018_TrafficForML_CICFlowMeter_30s_state.csv,TRAIN,2018-02-20 04:45:00,0,0,0
Thuesday-20-02-2018_TrafficForML_CICFlowMeter_30s_state.csv,TRAIN,2018-02-20 04:45:30,0,0,0
Thuesday-20-02-2018_TrafficForML_CICFlowMeter_30s_state.csv,TRAIN,2018-02-20 04:46:00,0,0,0
Thuesday-20-02-2018_TrafficForML_CICFlowMeter_30s_state.csv,TRAIN,2018-02-20 04:46:30,0,0,0
Thuesday-20-02-2018_TrafficForML_CICFlowMeter_30s_state.csv,TRAIN,2018-02-20 04:47:00,0,0,0
Thuesday-20-02-2018_TrafficForML_CICFlowMeter_30s_state.csv,TRAIN,2018-02-20 04:47:30,0,0,0
Thuesday-20-02-2018_TrafficForML_CICFlowMeter_30s_state.csv,TRAIN,2018-02-20 04:48:00,0,0,0
Thuesday-20-02-2018_TrafficForML_CICFlowMeter_30s_state.csv,TRAIN,2018-02-20 04:48:30,0,0,0
Thuesday-20-02-2018_TrafficForML_CICFlowMeter_30s_state.csv,TRAIN,2018-02-20 04:49:00,0,0,0
Thuesday-20-02-2018_TrafficForML_CICFlowMeter_30s_state.csv,TRAIN,2018-02-20 04:49:30,0,0,0
Thuesday-20-02-2018_TrafficForML_CICFlowMeter_30s_state.csv,TRAIN,2018-02-20 04:50:00,0,0,0
Thuesday-20-02-2018_TrafficForML_CICFlowMeter_30s_state.csv,TRAIN,2018-02-20 04:50:30,0,0,0
Thuesday-20-02-2018_TrafficForML_CICFlowMeter_30s_state.csv,TRAIN,2018-02-20 04:51:00,0,0,0
Thuesday-20-02-2018_TrafficForML_CICFlowMeter_30s_state.csv,TRAIN,2018-02-20 04:51:30,0,0,0
Thuesday-20-02-2018_TrafficForML_CICFlowMeter_30s_state.csv,TRAIN,2018-02-20 04:52:00,0,0,0
Thuesday-20-02-2018_TrafficForML_CICFlowMeter_30s_state.csv,TRAIN,2018-02-20 04:52:30,0,0,0
Thuesday-20-02-2018_TrafficForML_CICFlowMeter_30s_state.csv,TRAIN,2018-02-20 04:53:00,0,0,0
Thuesday-20-02-2018_TrafficForML_CICFlowMeter_30s_state.csv,TRAIN,2018-02-20 04:53:30,0,0,0
Thuesday-20-02-2018_TrafficForML_CICFlowMeter_30s_state.csv,TRAIN,2018-02-20 04:54:00,0,0,0
Thuesday-20-02-2018_TrafficForML_CICFlowMeter_30s_state.csv,TRAIN,2018-02-20 04:54:30,0,0,0
Thuesday-20-02-2018_TrafficForML_CICFlowMeter_30s_state.csv,TRAIN,2018-02-20 04:55:00,0,0,0
Thuesday-20-02-2018_TrafficForML_CICFlowMeter_30s_state.csv,TRAIN,2018-02-20 04:55:30,0,0,0
Thuesday-20-02-2018_TrafficForML_CICFlowMeter_30s_state.csv,TRAIN,2018-02-20 04:56:00,0,0,0
Thuesday-20-02-2018_TrafficForML_CICFlowMeter_30s_state.csv,TRAIN,2018-02-20 04:56:30,0,0,0
Thuesday-20-02-2018_TrafficForML_CICFlowMeter_30s_state.csv,TRAIN,2018-02-20 04:57:00,0,0,0
Thuesday-20-02-2018_TrafficForML_CICFlowMeter_30s_state.csv,TRAIN,2018-02-20 04:57:30,0,0,0
Thuesday-20-02-2018_TrafficForML_CICFlowMeter_30s_state.csv,TRAIN,2018-02-20 04:58:00,0,0,0
Thuesday-20-02-2018_TrafficForML_CICFlowMeter_30s_state.csv,TRAIN,2018-02-20 04:58:30,0,0,0
Thuesday-20-02-2018_TrafficForML_CICFlowMeter_30s_state.csv,TRAIN,2018-02-20 04:59:00,0,0,0
Thuesday-20-02-2018_TrafficForML_CICFlowMeter_30s_state.csv,TRAIN,2018-02-20 04:59:30,0,0,0
Thuesday-20-02-2018_TrafficForML_CICFlowMeter_30s_state.csv,TRAIN,2018-02-20 05:00:00,0,0,0
Thuesday-20-02-2018_TrafficForML_CICFlowMeter_30s_state.csv,TRAIN,2018-02-20 05:00:30,0,0,0
Thuesday-20-02-2018_TrafficForML_CICFlowMeter_30s_state.csv,TRAIN,2018-02-20 05:01:00,0,0,0
Thuesday-20-02-2018_TrafficForML_CICFlowMeter_30s_state.csv,TRAIN,2018-02-20 05:01:30,0,0,0
Thuesday-20-02-2018_TrafficForML_CICFlowMeter_30s_state.csv,TRAIN,2018-02-20 05:02:00,0,0,0
Thuesday-20-02-2018_TrafficForML_CICFlowMeter_30s_state.csv,TRAIN,2018-02-20 05:02:30,0,0,0
Thuesday-20-02-2018_TrafficForML_CICFlowMeter_30s_state.csv,TRAIN,2018-02-20 05:03:00,0,0,0
Thuesday-20-02-2018_TrafficForML_CICFlowMeter_30s_state.csv,TRAIN,2018-02-20 05:03:30,0,0,0
Thuesday-20-02-2018_TrafficForML_CICFlowMeter_30s_state.csv,TRAIN,2018-02-20 05:04:00,0,0,0
Thuesday-20-02-2018_TrafficForML_CICFlowMeter_30s_state.csv,TRAIN,2018-02-20 05:04:30,0,0,0
Thuesday-20-02-2018_TrafficForML_CICFlowMeter_30s_state.csv,TRAIN,2018-02-20 05:05:00,0,0,0
Thuesday-20-02-2018_TrafficForML_CICFlowMeter_30s_state.csv,TRAIN,2018-02-20 05:05:30,0,0,0
Thuesday-20-02-2018_TrafficForML_CICFlowMeter_30s_state.csv,TRAIN,2018-02-20 05:06:00,0,0,0
Thuesday-20-02-2018_TrafficForML_CICFlowMeter_30s_state.csv,TRAIN,2018-02-20 05:06:30,0,0,0
Thuesday-20-02-2018_TrafficForML_CICFlowMeter_30s_state.csv,TRAIN,2018-02-20 05:07:00,0,0,0
Thuesday-20-02-2018_TrafficForML_CICFlowMeter_30s_state.csv,TRAIN,2018-02-20 05:07:30,0,0,0
Thuesday-20-02-2018_TrafficForML_CICFlowMeter_30s_state.csv,TRAIN,2018-02-20 05:08:00,0,0,0
Thuesday-20-02-2018_TrafficForML_CICFlowMeter_30s_state.csv,TRAIN,2018-02-20 05:08:30,0,0,0
Thuesday-20-02-2018_TrafficForML_CICFlowMeter_30s_state.csv,TRAIN,2018-02-20 05:09:00,0,0,0
Thuesday-20-02-2018_TrafficForML_CICFlowMeter_30s_state.csv,TRAIN,2018-02-20 05:09:30,0,0,0
Thuesday-20-02-2018_TrafficForML_CICFlowMeter_30s_state.csv,TRAIN,2018-02-20 05:10:00,0,0,0
Thuesday-20-02-2018_TrafficForML_CICFlowMeter_30s_state.csv,TRAIN,2018-02-20 05:10:30,0,0,0
Thuesday-20-02-2018_TrafficForML_CICFlowMeter_30s_state.csv,TRAIN,2018-02-20 05:11:00,0,0,0
Thuesday-20-02-2018_TrafficForML_CICFlowMeter_30s_state.csv,TRAIN,2018-02-20 05:11:30,0,0,0
Thuesday-20-02-2018_TrafficForML_CICFlowMeter_30s_state.csv,TRAIN,2018-02-20 05:12:00,0,0,0
Thuesday-20-02-2018_TrafficForML_CICFlowMeter_30s_state.csv,TRAIN,2018-02-20 05:12:30,0,0,0
Thuesday-20-02-2018_TrafficForML_CICFlowMeter_30s_state.csv,TRAIN,2018-02-20 05:13:00,0,0,0
Thuesday-20-02-2018_TrafficForML_CICFlowMeter_30s_state.csv,TRAIN,2018-02-20 05:13:30,0,0,0
Thuesday-20-02-2018_TrafficForML_CICFlowMeter_30s_state.csv,TRAIN,2018-02-20 05:14:00,0,0,0
Thuesday-20-02-2018_TrafficForML_CICFlowMeter_30s_state.csv,TRAIN,2018-02-20 05:14:30,0,0,0
Thuesday-20-02-2018_TrafficForML_CICFlowMeter_30s_state.csv,TRAIN,2018-02-20 05:15:00,0,0,0
Thuesday-20-02-2018_TrafficForML_CICFlowMeter_30s_state.csv,TRAIN,2018-02-20 05:15:30,0,0,0
Thuesday-20-02-2018_TrafficForML_CICFlowMeter_30s_state.csv,TRAIN,2018-02-20 05:16:00,0,0,0
Thuesday-20-02-2018_TrafficForML_CICFlowMeter_30s_state.csv,TRAIN,2018-02-20 05:16:30,0,0,0
Thuesday-20-02-2018_TrafficForML_CICFlowMeter_30s_state.csv,TRAIN,2018-02-20 05:17:00,0,0,0
Thuesday-20-02-2018_TrafficForML_CICFlowMeter_30s_state.csv,TRAIN,2018-02-20 05:17:30,0,0,0
Thuesday-20-02-2018_TrafficForML_CICFlowMeter_30s_state.csv,TRAIN,2018-02-20 05:18:00,0,0,0
Thuesday-20-02-2018_TrafficForML_CICFlowMeter_30s_state.csv,TRAIN,2018-02-20 05:18:30,0,0,0
Thuesday-20-02-2018_TrafficForML_CICFlowMeter_30s_state.csv,TRAIN,2018-02-20 05:19:00,0,0,0
Thuesday-20-02-2018_TrafficForML_CICFlowMeter_30s_state.csv,TRAIN,2018-02-20 05:19:30,0,0,0
Thuesday-20-02-2018_TrafficForML_CICFlowMeter_30s_state.csv,TRAIN,2018-02-20 05:20:00,0,0,0
Thuesday-20-02-2018_TrafficForML_CICFlowMeter_30s_state.csv,TRAIN,2018-02-20 05:20:30,0,0,0
Thuesday-20-02-2018_TrafficForML_CICFlowMeter_30s_state.csv,TRAIN,2018-02-20 05:21:00,0,0,0
Thuesday-20-02-2018_TrafficForML_CICFlowMeter_30s_state.csv,TRAIN,2018-02-20 05:21:30,0,0,0
Thuesday-20-02-2018_TrafficForML_CICFlowMeter_30s_state.csv,TRAIN,2018-02-20 05:22:00,0,0,0
Thuesday-20-02-2018_TrafficForML_CICFlowMeter_30s_state.csv,TRAIN,2018-02-20 05:22:30,0,0,0
Thuesday-20-02-2018_TrafficForML_CICFlowMeter_30s_state.csv,TRAIN,2018-02-20 05:23:00,0,0,0
Thuesday-20-02-2018_TrafficForML_CICFlowMeter_30s_state.csv,TRAIN,2018-02-20 05:23:30,0,0,0
Thuesday-20-02-2018_TrafficForML_CICFlowMeter_30s_state.csv,TRAIN,2018-02-20 05:24:00,0,0,0
Thuesday-20-02-2018_TrafficForML_CICFlowMeter_30s_state.csv,TRAIN,2018-02-20 05:24:30,0,0,0
Thuesday-20-02-2018_TrafficForML_CICFlowMeter_30s_state.csv,TRAIN,2018-02-20 05:25:00,0,0,0
Thuesday-20-02-2018_TrafficForML_CICFlowMeter_30s_state.csv,TRAIN,2018-02-20 05:25:30,0,0,0
Thuesday-20-02-2018_TrafficForML_CICFlowMeter_30s_state.csv,TRAIN,2018-02-20 05:26:00,0,0,0
Thuesday-20-02-2018_TrafficForML_CICFlowMeter_30s_state.csv,TRAIN,2018-02-20 05:26:30,0,0,0
Thuesday-20-02-2018_TrafficForML_CICFlowMeter_30s_state.csv,TRAIN,2018-02-20 05:27:00,0,0,0
Thuesday-20-02-2018_TrafficForML_CICFlowMeter_30s_state.csv,TRAIN,2018-02-20 05:27:30,0,0,0
Thuesday-20-02-2018_TrafficForML_CICFlowMeter_30s_state.csv,TRAIN,2018-02-20 05:28:00,0,0,0
Thuesday-20-02-2018_TrafficForML_CICFlowMeter_30s_state.csv,TRAIN,2018-02-20 05:28:30,0,0,0
Thuesday-20-02-2018_TrafficForML_CICFlowMeter_30s_state.csv,TRAIN,2018-02-20 05:29:00,0,0,0
Thuesday-20-02-2018_TrafficForML_CICFlowMeter_30s_state.csv,TRAIN,2018-02-20 05:29:30,0,0,0
Thuesday-20-02-2018_TrafficForML_CICFlowMeter_30s_state.csv,TRAIN,2018-02-20 05:30:00,0,0,0
Thuesday-20-02-2018_TrafficForML_CICFlowMeter_30s_state.csv,TRAIN,2018-02-20 05:30:30,0,0,0
Thuesday-20-02-2018_TrafficForML_CICFlowMeter_30s_state.csv,TRAIN,2018-02-20 05:31:00,0,0,0
Thuesday-20-02-2018_TrafficForML_CICFlowMeter_30s_state.csv,TRAIN,2018-02-20 05:31:30,0,0,0
Thuesday-20-02-2018_TrafficForML_CICFlowMeter_30s_state.csv,TRAIN,2018-02-20 05:32:00,0,0,0
Thuesday-20-02-2018_TrafficForML_CICFlowMeter_30s_state.csv,TRAIN,2018-02-20 05:32:30,0,0,0
Thuesday-20-02-2018_TrafficForML_CICFlowMeter_30s_state.csv,TRAIN,2018-02-20 05:33:00,0,0,0
Thuesday-20-02-2018_TrafficForML_CICFlowMeter_30s_state.csv,TRAIN,2018-02-20 05:33:30,0,0,0
Thuesday-20-02-2018_TrafficForML_CICFlowMeter_30s_state.csv,TRAIN,2018-02-20 05:34:00,0,0,0
Thuesday-20-02-2018_TrafficForML_CICFlowMeter_30s_state.csv,TRAIN,2018-02-20 05:34:30,0,0,0
Thuesday-20-02-2018_TrafficForML_CICFlowMeter_30s_state.csv,TRAIN,2018-02-20 05:35:00,0,0,0
Thuesday-20-02-2018_TrafficForML_CICFlowMeter_30s_state.csv,TRAIN,2018-02-20 05:35:30,0,0,0
Thuesday-20-02-2018_TrafficForML_CICFlowMeter_30s_state.csv,TRAIN,2018-02-20 05:36:00,0,0,0
Thuesday-20-02-2018_TrafficForML_CICFlowMeter_30s_state.csv,TRAIN,2018-02-20 05:36:30,0,0,0
Thuesday-20-02-2018_TrafficForML_CICFlowMeter_30s_state.csv,TRAIN,2018-02-20 05:37:00,0,0,0
Thuesday-20-02-2018_TrafficForML_CICFlowMeter_30s_state.csv,TRAIN,2018-02-20 05:37:30,0,0,0
Thuesday-20-02-2018_TrafficForML_CICFlowMeter_30s_state.csv,TRAIN,2018-02-20 05:38:00,0,0,0
Thuesday-20-02-2018_TrafficForML_CICFlowMeter_30s_state.csv,TRAIN,2018-02-20 05:38:30,0,0,0
Thuesday-20-02-2018_TrafficForML_CICFlowMeter_30s_state.csv,TRAIN,2018-02-20 05:39:00,0,0,0
Thuesday-20-02-2018_TrafficForML_CICFlowMeter_30s_state.csv,TRAIN,2018-02-20 05:39:30,0,0,0
Thuesday-20-02-2018_TrafficForML_CICFlowMeter_30s_state.csv,TRAIN,2018-02-20 05:40:00,0,0,0
Thuesday-20-02-2018_TrafficForML_CICFlowMeter_30s_state.csv,TRAIN,2018-02-20 05:40:30,0,0,0
Thuesday-20-02-2018_TrafficForML_CICFlowMeter_30s_state.csv,TRAIN,2018-02-20 05:41:00,0,0,0
Thuesday-20-02-2018_TrafficForML_CICFlowMeter_30s_state.csv,TRAIN,2018-02-20 05:41:30,0,0,0
Thuesday-20-02-2018_TrafficForML_CICFlowMeter_30s_state.csv,TRAIN,2018-02-20 05:42:00,0,0,0
Thuesday-20-02-2018_TrafficForML_CICFlowMeter_30s_state.csv,TRAIN,2018-02-20 05:42:30,0,0,0
Thuesday-20-02-2018_TrafficForML_CICFlowMeter_30s_state.csv,TRAIN,2018-02-20 05:43:00,0,0,0
Thuesday-20-02-2018_TrafficForML_CICFlowMeter_30s_state.csv,TRAIN,2018-02-20 05:43:30,0,0,0
Thuesday-20-02-2018_TrafficForML_CICFlowMeter_30s_state.csv,TRAIN,2018-02-20 05:44:00,0,0,0
Thuesday-20-02-2018_TrafficForML_CICFlowMeter_30s_state.csv,TRAIN,2018-02-20 05:44:30,0,0,0
Thuesday-20-02-2018_TrafficForML_CICFlowMeter_30s_state.csv,TRAIN,2018-02-20 05:45:00,0,0,0
Thuesday-20-02-2018_TrafficForML_CICFlowMeter_30s_state.csv,TRAIN,2018-02-20 05:45:30,0,0,0
Thuesday-20-02-2018_TrafficForML_CICFlowMeter_30s_state.csv,TRAIN,2018-02-20 05:46:00,0,0,0
Thuesday-20-02-2018_TrafficForML_CICFlowMeter_30s_state.csv,TRAIN,2018-02-20 05:46:30,0,0,0
Thuesday-20-02-2018_TrafficForML_CICFlowMeter_30s_state.csv,TRAIN,2018-02-20 05:47:00,0,0,0
Thuesday-20-02-2018_TrafficForML_CICFlowMeter_30s_state.csv,TRAIN,2018-02-20 05:47:30,0,0,0
Thuesday-20-02-2018_TrafficForML_CICFlowMeter_30s_state.csv,TRAIN,2018-02-20 05:48:00,0,0,0
Thuesday-20-02-2018_TrafficForML_CICFlowMeter_30s_state.csv,TRAIN,2018-02-20 05:48:30,0,0,0
Thuesday-20-02-2018_TrafficForML_CICFlowMeter_30s_state.csv,TRAIN,2018-02-20 05:49:00,0,0,0
Thuesday-20-02-2018_TrafficForML_CICFlowMeter_30s_state.csv,TRAIN,2018-02-20 05:49:30,0,0,0
Thuesday-20-02-2018_TrafficForML_CICFlowMeter_30s_state.csv,TRAIN,2018-02-20 05:50:00,0,0,0
Thuesday-20-02-2018_TrafficForML_CICFlowMeter_30s_state.csv,TRAIN,2018-02-20 05:50:30,0,0,0
Thuesday-20-02-2018_TrafficForML_CICFlowMeter_30s_state.csv,TRAIN,2018-02-20 05:51:00,0,0,0
Thuesday-20-02-2018_TrafficForML_CICFlowMeter_30s_state.csv,TRAIN,2018-02-20 05:51:30,0,0,0
Thuesday-20-02-2018_TrafficForML_CICFlowMeter_30s_state.csv,TRAIN,2018-02-20 05:52:00,0,0,0
Thuesday-20-02-2018_TrafficForML_CICFlowMeter_30s_state.csv,TRAIN,2018-02-20 05:52:30,0,0,0
Thuesday-20-02-2018_TrafficForML_CICFlowMeter_30s_state.csv,TRAIN,2018-02-20 05:53:00,0,0,0
Thuesday-20-02-2018_TrafficForML_CICFlowMeter_30s_state.csv,TRAIN,2018-02-20 05:53:30,0,0,0
Thuesday-20-02-2018_TrafficForML_CICFlowMeter_30s_state.csv,TRAIN,2018-02-20 05:54:00,0,0,0
Thuesday-20-02-2018_TrafficForML_CICFlowMeter_30s_state.csv,TRAIN,2018-02-20 05:54:30,0,0,0
Thuesday-20-02-2018_TrafficForML_CICFlowMeter_30s_state.csv,TRAIN,2018-02-20 05:55:00,0,0,0
Thuesday-20-02-2018_TrafficForML_CICFlowMeter_30s_state.csv,TRAIN,2018-02-20 05:55:30,0,0,0
Thuesday-20-02-2018_TrafficForML_CICFlowMeter_30s_state.csv,TRAIN,2018-02-20 05:56:00,0,0,0
Thuesday-20-02-2018_TrafficForML_CICFlowMeter_30s_state.csv,TRAIN,2018-02-20 05:56:30,0,0,0
Thuesday-20-02-2018_TrafficForML_CICFlowMeter_30s_state.csv,TRAIN,2018-02-20 05:57:00,0,0,0
Thuesday-20-02-2018_TrafficForML_CICFlowMeter_30s_state.csv,TRAIN,2018-02-20 05:57:30,0,0,0
Thuesday-20-02-2018_TrafficForML_CICFlowMeter_30s_state.csv,TRAIN,2018-02-20 05:58:00,0,0,0
Thuesday-20-02-2018_TrafficForML_CICFlowMeter_30s_state.csv,TRAIN,2018-02-20 05:58:30,0,0,0
Thuesday-20-02-2018_TrafficForML_CICFlowMeter_30s_state.csv,TRAIN,2018-02-20 05:59:00,0,0,0
Thuesday-20-02-2018_TrafficForML_CICFlowMeter_30s_state.csv,TRAIN,2018-02-20 05:59:30,0,0,0
Thuesday-20-02-2018_TrafficForML_CICFlowMeter_30s_state.csv,TRAIN,2018-02-20 06:00:00,0,0,0
Thuesday-20-02-2018_TrafficForML_CICFlowMeter_30s_state.csv,TRAIN,2018-02-20 06:00:30,0,0,0
Thuesday-20-02-2018_TrafficForML_CICFlowMeter_30s_state.csv,TRAIN,2018-02-20 06:01:00,0,0,0
Thuesday-20-02-2018_TrafficForML_CICFlowMeter_30s_state.csv,TRAIN,2018-02-20 06:01:30,0,0,0
Thuesday-20-02-2018_TrafficForML_CICFlowMeter_30s_state.csv,TRAIN,2018-02-20 06:02:00,0,0,0
Thuesday-20-02-2018_TrafficForML_CICFlowMeter_30s_state.csv,TRAIN,2018-02-20 06:02:30,0,0,0
Thuesday-20-02-2018_TrafficForML_CICFlowMeter_30s_state.csv,TRAIN,2018-02-20 06:03:00,0,0,0
Thuesday-20-02-2018_TrafficForML_CICFlowMeter_30s_state.csv,TRAIN,2018-02-20 06:03:30,0,0,0
Thuesday-20-02-2018_TrafficForML_CICFlowMeter_30s_state.csv,TRAIN,2018-02-20 06:04:00,0,0,0
Thuesday-20-02-2018_TrafficForML_CICFlowMeter_30s_state.csv,TRAIN,2018-02-20 06:04:30,0,0,0
Thuesday-20-02-2018_TrafficForML_CICFlowMeter_30s_state.csv,TRAIN,2018-02-20 06:05:00,0,0,0
Thuesday-20-02-2018_TrafficForML_CICFlowMeter_30s_state.csv,TRAIN,2018-02-20 06:05:30,0,0,0
Thuesday-20-02-2018_TrafficForML_CICFlowMeter_30s_state.csv,TRAIN,2018-02-20 06:06:00,0,0,0
Thuesday-20-02-2018_TrafficForML_CICFlowMeter_30s_state.csv,TRAIN,2018-02-20 06:06:30,0,0,0
Thuesday-20-02-2018_TrafficForML_CICFlowMeter_30s_state.csv,TRAIN,2018-02-20 06:07:00,0,0,0
Thuesday-20-02-2018_TrafficForML_CICFlowMeter_30s_state.csv,TRAIN,2018-02-20 06:07:30,0,0,0
Thuesday-20-02-2018_TrafficForML_CICFlowMeter_30s_state.csv,TRAIN,2018-02-20 06:08:00,0,0,0
Thuesday-20-02-2018_TrafficForML_CICFlowMeter_30s_state.csv,TRAIN,2018-02-20 06:08:30,0,0,0
Thuesday-20-02-2018_TrafficForML_CICFlowMeter_30s_state.csv,TRAIN,2018-02-20 06:09:00,0,0,0
Thuesday-20-02-2018_TrafficForML_CICFlowMeter_30s_state.csv,TRAIN,2018-02-20 06:09:30,0,0,0
Thuesday-20-02-2018_TrafficForML_CICFlowMeter_30s_state.csv,TRAIN,2018-02-20 06:10:00,0,0,0
Thuesday-20-02-2018_TrafficForML_CICFlowMeter_30s_state.csv,TRAIN,2018-02-20 06:10:30,0,0,0
Thuesday-20-02-2018_TrafficForML_CICFlowMeter_30s_state.csv,TRAIN,2018-02-20 06:11:00,0,0,0
Thuesday-20-02-2018_TrafficForML_CICFlowMeter_30s_state.csv,TRAIN,2018-02-20 06:11:30,0,0,0
Thuesday-20-02-2018_TrafficForML_CICFlowMeter_30s_state.csv,TRAIN,2018-02-20 06:12:00,0,0,0
Thuesday-20-02-2018_TrafficForML_CICFlowMeter_30s_state.csv,TRAIN,2018-02-20 06:12:30,0,0,0
Thuesday-20-02-2018_TrafficForML_CICFlowMeter_30s_state.csv,TRAIN,2018-02-20 06:13:00,0,0,0
Thuesday-20-02-2018_TrafficForML_CICFlowMeter_30s_state.csv,TRAIN,2018-02-20 06:13:30,0,0,0
Thuesday-20-02-2018_TrafficForML_CICFlowMeter_30s_state.csv,TRAIN,2018-02-20 06:14:00,0,0,0
Thuesday-20-02-2018_TrafficForML_CICFlowMeter_30s_state.csv,TRAIN,2018-02-20 06:14:30,0,0,0
Thuesday-20-02-2018_TrafficForML_CICFlowMeter_30s_state.csv,TRAIN,2018-02-20 06:15:00,0,0,0
Thuesday-20-02-2018_TrafficForML_CICFlowMeter_30s_state.csv,TRAIN,2018-02-20 06:15:30,0,0,0
Thuesday-20-02-2018_TrafficForML_CICFlowMeter_30s_state.csv,TRAIN,2018-02-20 06:16:00,0,0,0
Thuesday-20-02-2018_TrafficForML_CICFlowMeter_30s_state.csv,TRAIN,2018-02-20 06:16:30,0,0,0
Thuesday-20-02-2018_TrafficForML_CICFlowMeter_30s_state.csv,TRAIN,2018-02-20 06:17:00,0,0,0
Thuesday-20-02-2018_TrafficForML_CICFlowMeter_30s_state.csv,TRAIN,2018-02-20 06:17:30,0,0,0
Thuesday-20-02-2018_TrafficForML_CICFlowMeter_30s_state.csv,TRAIN,2018-02-20 06:18:00,0,0,0
Thuesday-20-02-2018_TrafficForML_CICFlowMeter_30s_state.csv,TRAIN,2018-02-20 06:18:30,0,0,0
Thuesday-20-02-2018_TrafficForML_CICFlowMeter_30s_state.csv,TRAIN,2018-02-20 06:19:00,0,0,0
Thuesday-20-02-2018_TrafficForML_CICFlowMeter_30s_state.csv,TRAIN,2018-02-20 06:19:30,0,0,0
Thuesday-20-02-2018_TrafficForML_CICFlowMeter_30s_state.csv,TRAIN,2018-02-20 06:20:00,0,0,0
Thuesday-20-02-2018_TrafficForML_CICFlowMeter_30s_state.csv,TRAIN,2018-02-20 06:20:30,0,0,0
Thuesday-20-02-2018_TrafficForML_CICFlowMeter_30s_state.csv,TRAIN,2018-02-20 06:21:00,0,0,0
Thuesday-20-02-2018_TrafficForML_CICFlowMeter_30s_state.csv,TRAIN,2018-02-20 06:21:30,0,0,0
Thuesday-20-02-2018_TrafficForML_CICFlowMeter_30s_state.csv,TRAIN,2018-02-20 06:22:00,0,0,0
Thuesday-20-02-2018_TrafficForML_CICFlowMeter_30s_state.csv,TRAIN,2018-02-20 06:22:30,0,0,0
Thuesday-20-02-2018_TrafficForML_CICFlowMeter_30s_state.csv,TRAIN,2018-02-20 06:23:00,0,0,0
Thuesday-20-02-2018_TrafficForML_CICFlowMeter_30s_state.csv,TRAIN,2018-02-20 06:23:30,0,0,0
Thuesday-20-02-2018_TrafficForML_CICFlowMeter_30s_state.csv,TRAIN,2018-02-20 06:24:00,0,0,0
Thuesday-20-02-2018_TrafficForML_CICFlowMeter_30s_state.csv,TRAIN,2018-02-20 06:24:30,0,0,0
Thuesday-20-02-2018_TrafficForML_CICFlowMeter_30s_state.csv,TRAIN,2018-02-20 06:25:00,0,0,0
Thuesday-20-02-2018_TrafficForML_CICFlowMeter_30s_state.csv,TRAIN,2018-02-20 06:25:30,0,0,0
Thuesday-20-02-2018_TrafficForML_CICFlowMeter_30s_state.csv,TRAIN,2018-02-20 06:26:00,0,0,0
Thuesday-20-02-2018_TrafficForML_CICFlowMeter_30s_state.csv,TRAIN,2018-02-20 06:26:30,0,0,0
Thuesday-20-02-2018_TrafficForML_CICFlowMeter_30s_state.csv,TRAIN,2018-02-20 06:27:00,0,0,0
Thuesday-20-02-2018_TrafficForML_CICFlowMeter_30s_state.csv,TRAIN,2018-02-20 06:27:30,0,0,0
Thuesday-20-02-2018_TrafficForML_CICFlowMeter_30s_state.csv,TRAIN,2018-02-20 06:28:00,0,0,0
Thuesday-20-02-2018_TrafficForML_CICFlowMeter_30s_state.csv,TRAIN,2018-02-20 06:28:30,0,0,0
Thuesday-20-02-2018_TrafficForML_CICFlowMeter_30s_state.csv,TRAIN,2018-02-20 06:29:00,0,0,0
Thuesday-20-02-2018_TrafficForML_CICFlowMeter_30s_state.csv,TRAIN,2018-02-20 06:29:30,0,0,0
Thuesday-20-02-2018_TrafficForML_CICFlowMeter_30s_state.csv,TRAIN,2018-02-20 06:30:00,0,0,0
Thuesday-20-02-2018_TrafficForML_CICFlowMeter_30s_state.csv,TRAIN,2018-02-20 06:30:30,0,0,0
Thuesday-20-02-2018_TrafficForML_CICFlowMeter_30s_state.csv,TRAIN,2018-02-20 06:31:00,0,0,0
Thuesday-20-02-2018_TrafficForML_CICFlowMeter_30s_state.csv,TRAIN,2018-02-20 06:31:30,0,0,0
Thuesday-20-02-2018_TrafficForML_CICFlowMeter_30s_state.csv,TRAIN,2018-02-20 06:32:00,0,0,0
Thuesday-20-02-2018_TrafficForML_CICFlowMeter_30s_state.csv,TRAIN,2018-02-20 06:32:30,0,0,0
Thuesday-20-02-2018_TrafficForML_CICFlowMeter_30s_state.csv,TRAIN,2018-02-20 06:33:00,0,0,0
Thuesday-20-02-2018_TrafficForML_CICFlowMeter_30s_state.csv,TRAIN,2018-02-20 06:33:30,0,0,0
Thuesday-20-02-2018_TrafficForML_CICFlowMeter_30s_state.csv,TRAIN,2018-02-20 06:34:00,0,0,0
Thuesday-20-02-2018_TrafficForML_CICFlowMeter_30s_state.csv,TRAIN,2018-02-20 06:34:30,0,0,0
Thuesday-20-02-2018_TrafficForML_CICFlowMeter_30s_state.csv,TRAIN,2018-02-20 06:35:00,0,0,0
Thuesday-20-02-2018_TrafficForML_CICFlowMeter_30s_state.csv,TRAIN,2018-02-20 06:35:30,0,0,0
Thuesday-20-02-2018_TrafficForML_CICFlowMeter_30s_state.csv,TRAIN,2018-02-20 06:36:00,0,0,0
Thuesday-20-02-2018_TrafficForML_CICFlowMeter_30s_state.csv,TRAIN,2018-02-20 06:36:30,0,0,0
Thuesday-20-02-2018_TrafficForML_CICFlowMeter_30s_state.csv,TRAIN,2018-02-20 06:37:00,0,0,0
Thuesday-20-02-2018_TrafficForML_CICFlowMeter_30s_state.csv,TRAIN,2018-02-20 06:37:30,0,0,0
Thuesday-20-02-2018_TrafficForML_CICFlowMeter_30s_state.csv,TRAIN,2018-02-20 06:38:00,0,0,0
Thuesday-20-02-2018_TrafficForML_CICFlowMeter_30s_state.csv,TRAIN,2018-02-20 06:38:30,0,0,0
Thuesday-20-02-2018_TrafficForML_CICFlowMeter_30s_state.csv,TRAIN,2018-02-20 06:39:00,0,0,0
Thuesday-20-02-2018_TrafficForML_CICFlowMeter_30s_state.csv,TRAIN,2018-02-20 06:39:30,0,0,0
Thuesday-20-02-2018_TrafficForML_CICFlowMeter_30s_state.csv,TRAIN,2018-02-20 06:40:00,0,0,0
Thuesday-20-02-2018_TrafficForML_CICFlowMeter_30s_state.csv,TRAIN,2018-02-20 06:40:30,0,0,0
Thuesday-20-02-2018_TrafficForML_CICFlowMeter_30s_state.csv,TRAIN,2018-02-20 06:41:00,0,0,0
Thuesday-20-02-2018_TrafficForML_CICFlowMeter_30s_state.csv,TRAIN,2018-02-20 06:41:30,0,0,0
Thuesday-20-02-2018_TrafficForML_CICFlowMeter_30s_state.csv,TRAIN,2018-02-20 06:42:00,0,0,0
Thuesday-20-02-2018_TrafficForML_CICFlowMeter_30s_state.csv,TRAIN,2018-02-20 06:42:30,0,0,0
Thuesday-20-02-2018_TrafficForML_CICFlowMeter_30s_state.csv,TRAIN,2018-02-20 06:43:00,0,0,0
Thuesday-20-02-2018_TrafficForML_CICFlowMeter_30s_state.csv,TRAIN,2018-02-20 06:43:30,0,0,0
Thuesday-20-02-2018_TrafficForML_CICFlowMeter_30s_state.csv,TRAIN,2018-02-20 06:44:00,0,0,0
Thuesday-20-02-2018_TrafficForML_CICFlowMeter_30s_state.csv,TRAIN,2018-02-20 06:44:30,0,0,0
Thuesday-20-02-2018_TrafficForML_CICFlowMeter_30s_state.csv,TRAIN,2018-02-20 06:45:00,0,0,0
Thuesday-20-02-2018_TrafficForML_CICFlowMeter_30s_state.csv,TRAIN,2018-02-20 06:45:30,0,0,0
Thuesday-20-02-2018_TrafficForML_CICFlowMeter_30s_state.csv,TRAIN,2018-02-20 06:46:00,0,0,0
Thuesday-20-02-2018_TrafficForML_CICFlowMeter_30s_state.csv,TRAIN,2018-02-20 06:46:30,0,0,0
Thuesday-20-02-2018_TrafficForML_CICFlowMeter_30s_state.csv,TRAIN,2018-02-20 06:47:00,0,0,0
Thuesday-20-02-2018_TrafficForML_CICFlowMeter_30s_state.csv,TRAIN,2018-02-20 06:47:30,0,0,0
Thuesday-20-02-2018_TrafficForML_CICFlowMeter_30s_state.csv,TRAIN,2018-02-20 06:48:00,0,0,0
Thuesday-20-02-2018_TrafficForML_CICFlowMeter_30s_state.csv,TRAIN,2018-02-20 06:48:30,0,0,0
Thuesday-20-02-2018_TrafficForML_CICFlowMeter_30s_state.csv,TRAIN,2018-02-20 06:49:00,0,0,0
Thuesday-20-02-2018_TrafficForML_CICFlowMeter_30s_state.csv,TRAIN,2018-02-20 06:49:30,0,0,0
Thuesday-20-02-2018_TrafficForML_CICFlowMeter_30s_state.csv,TRAIN,2018-02-20 06:50:00,0,0,0
Thuesday-20-02-2018_TrafficForML_CICFlowMeter_30s_state.csv,TRAIN,2018-02-20 06:50:30,0,0,0
Thuesday-20-02-2018_TrafficForML_CICFlowMeter_30s_state.csv,TRAIN,2018-02-20 06:51:00,0,0,0
Thuesday-20-02-2018_TrafficForML_CICFlowMeter_30s_state.csv,TRAIN,2018-02-20 06:51:30,0,0,0
Thuesday-20-02-2018_TrafficForML_CICFlowMeter_30s_state.csv,TRAIN,2018-02-20 06:52:00,0,0,0
Thuesday-20-02-2018_TrafficForML_CICFlowMeter_30s_state.csv,TRAIN,2018-02-20 06:52:30,0,0,0
Thuesday-20-02-2018_TrafficForML_CICFlowMeter_30s_state.csv,TRAIN,2018-02-20 06:53:00,0,0,0
Thuesday-20-02-2018_TrafficForML_CICFlowMeter_30s_state.csv,TRAIN,2018-02-20 06:53:30,0,0,0
Thuesday-20-02-2018_TrafficForML_CICFlowMeter_30s_state.csv,TRAIN,2018-02-20 06:54:00,0,0,0
Thuesday-20-02-2018_TrafficForML_CICFlowMeter_30s_state.csv,TRAIN,2018-02-20 06:54:30,0,0,0
Thuesday-20-02-2018_TrafficForML_CICFlowMeter_30s_state.csv,TRAIN,2018-02-20 06:55:00,0,0,0
Thuesday-20-02-2018_TrafficForML_CICFlowMeter_30s_state.csv,TRAIN,2018-02-20 06:55:30,0,0,0
Thuesday-20-02-2018_TrafficForML_CICFlowMeter_30s_state.csv,TRAIN,2018-02-20 06:56:00,0,0,0
Thuesday-20-02-2018_TrafficForML_CICFlowMeter_30s_state.csv,TRAIN,2018-02-20 06:56:30,0,0,0
Thuesday-20-02-2018_TrafficForML_CICFlowMeter_30s_state.csv,TRAIN,2018-02-20 06:57:00,0,0,0
Thuesday-20-02-2018_TrafficForML_CICFlowMeter_30s_state.csv,TRAIN,2018-02-20 06:57:30,0,0,0
Thuesday-20-02-2018_TrafficForML_CICFlowMeter_30s_state.csv,TRAIN,2018-02-20 06:58:00,0,0,0
Thuesday-20-02-2018_TrafficForML_CICFlowMeter_30s_state.csv,TRAIN,2018-02-20 06:58:30,0,0,0
Thuesday-20-02-2018_TrafficForML_CICFlowMeter_30s_state.csv,TRAIN,2018-02-20 06:59:00,0,0,0
Thuesday-20-02-2018_TrafficForML_CICFlowMeter_30s_state.csv,TRAIN,2018-02-20 06:59:30,0,0,0
Thuesday-20-02-2018_TrafficForML_CICFlowMeter_30s_state.csv,TRAIN,2018-02-20 07:00:00,0,0,0
Thuesday-20-02-2018_TrafficForML_CICFlowMeter_30s_state.csv,TRAIN,2018-02-20 07:00:30,0,0,0
Thuesday-20-02-2018_TrafficForML_CICFlowMeter_30s_state.csv,TRAIN,2018-02-20 07:01:00,0,0,0
Thuesday-20-02-2018_TrafficForML_CICFlowMeter_30s_state.csv,TRAIN,2018-02-20 07:01:30,0,0,0
Thuesday-20-02-2018_TrafficForML_CICFlowMeter_30s_state.csv,TRAIN,2018-02-20 07:02:00,0,0,0
Thuesday-20-02-2018_TrafficForML_CICFlowMeter_30s_state.csv,TRAIN,2018-02-20 07:02:30,0,0,0
Thuesday-20-02-2018_TrafficForML_CICFlowMeter_30s_state.csv,TRAIN,2018-02-20 07:03:00,0,0,0
Thuesday-20-02-2018_TrafficForML_CICFlowMeter_30s_state.csv,TRAIN,2018-02-20 07:03:30,0,0,0
Thuesday-20-02-2018_TrafficForML_CICFlowMeter_30s_state.csv,TRAIN,2018-02-20 07:04:00,0,0,0
Thuesday-20-02-2018_TrafficForML_CICFlowMeter_30s_state.csv,TRAIN,2018-02-20 07:04:30,0,0,0
Thuesday-20-02-2018_TrafficForML_CICFlowMeter_30s_state.csv,TRAIN,2018-02-20 07:05:00,0,0,0
Thuesday-20-02-2018_TrafficForML_CICFlowMeter_30s_state.csv,TRAIN,2018-02-20 07:05:30,0,0,0
Thuesday-20-02-2018_TrafficForML_CICFlowMeter_30s_state.csv,TRAIN,2018-02-20 07:06:00,0,0,0
Thuesday-20-02-2018_TrafficForML_CICFlowMeter_30s_state.csv,TRAIN,2018-02-20 07:06:30,0,0,0
Thuesday-20-02-2018_TrafficForML_CICFlowMeter_30s_state.csv,TRAIN,2018-02-20 07:07:00,0,0,0
Thuesday-20-02-2018_TrafficForML_CICFlowMeter_30s_state.csv,TRAIN,2018-02-20 07:07:30,0,0,0
Thuesday-20-02-2018_TrafficForML_CICFlowMeter_30s_state.csv,TRAIN,2018-02-20 07:08:00,0,0,0
Thuesday-20-02-2018_TrafficForML_CICFlowMeter_30s_state.csv,TRAIN,2018-02-20 07:08:30,0,0,0
Thuesday-20-02-2018_TrafficForML_CICFlowMeter_30s_state.csv,TRAIN,2018-02-20 07:09:00,0,0,0
Thuesday-20-02-2018_TrafficForML_CICFlowMeter_30s_state.csv,TRAIN,2018-02-20 07:09:30,0,0,0
Thuesday-20-02-2018_TrafficForML_CICFlowMeter_30s_state.csv,TRAIN,2018-02-20 07:10:00,0,0,0
Thuesday-20-02-2018_TrafficForML_CICFlowMeter_30s_state.csv,TRAIN,2018-02-20 07:10:30,0,0,0
Thuesday-20-02-2018_TrafficForML_CICFlowMeter_30s_state.csv,TRAIN,2018-02-20 07:11:00,0,0,0
Thuesday-20-02-2018_TrafficForML_CICFlowMeter_30s_state.csv,TRAIN,2018-02-20 07:11:30,0,0,0
Thuesday-20-02-2018_TrafficForML_CICFlowMeter_30s_state.csv,TRAIN,2018-02-20 07:12:00,0,0,0
Thuesday-20-02-2018_TrafficForML_CICFlowMeter_30s_state.csv,TRAIN,2018-02-20 07:12:30,0,0,0
Thuesday-20-02-2018_TrafficForML_CICFlowMeter_30s_state.csv,TRAIN,2018-02-20 07:13:00,0,0,0
Thuesday-20-02-2018_TrafficForML_CICFlowMeter_30s_state.csv,TRAIN,2018-02-20 07:13:30,0,0,0
Thuesday-20-02-2018_TrafficForML_CICFlowMeter_30s_state.csv,TRAIN,2018-02-20 07:14:00,0,0,0
Thuesday-20-02-2018_TrafficForML_CICFlowMeter_30s_state.csv,TRAIN,2018-02-20 07:14:30,0,0,0
Thuesday-20-02-2018_TrafficForML_CICFlowMeter_30s_state.csv,TRAIN,2018-02-20 07:15:00,0,0,0
Thuesday-20-02-2018_TrafficForML_CICFlowMeter_30s_state.csv,TRAIN,2018-02-20 07:15:30,0,0,0
Thuesday-20-02-2018_TrafficForML_CICFlowMeter_30s_state.csv,TRAIN,2018-02-20 07:16:00,0,0,0
Thuesday-20-02-2018_TrafficForML_CICFlowMeter_30s_state.csv,TRAIN,2018-02-20 07:16:30,0,0,0
Thuesday-20-02-2018_TrafficForML_CICFlowMeter_30s_state.csv,TRAIN,2018-02-20 07:17:00,0,0,0
Thuesday-20-02-2018_TrafficForML_CICFlowMeter_30s_state.csv,TRAIN,2018-02-20 07:17:30,0,0,0
Thuesday-20-02-2018_TrafficForML_CICFlowMeter_30s_state.csv,TRAIN,2018-02-20 07:18:00,0,0,0
Thuesday-20-02-2018_TrafficForML_CICFlowMeter_30s_state.csv,TRAIN,2018-02-20 07:18:30,0,0,0
Thuesday-20-02-2018_TrafficForML_CICFlowMeter_30s_state.csv,TRAIN,2018-02-20 07:19:00,0,0,0
Thuesday-20-02-2018_TrafficForML_CICFlowMeter_30s_state.csv,TRAIN,2018-02-20 07:19:30,0,0,0
Thuesday-20-02-2018_TrafficForML_CICFlowMeter_30s_state.csv,TRAIN,2018-02-20 07:20:00,0,0,0
Thuesday-20-02-2018_TrafficForML_CICFlowMeter_30s_state.csv,TRAIN,2018-02-20 07:20:30,0,0,0
Thuesday-20-02-2018_TrafficForML_CICFlowMeter_30s_state.csv,TRAIN,2018-02-20 07:21:00,0,0,0
Thuesday-20-02-2018_TrafficForML_CICFlowMeter_30s_state.csv,TRAIN,2018-02-20 07:21:30,0,0,0
Thuesday-20-02-2018_TrafficForML_CICFlowMeter_30s_state.csv,TRAIN,2018-02-20 07:22:00,0,0,0
Thuesday-20-02-2018_TrafficForML_CICFlowMeter_30s_state.csv,TRAIN,2018-02-20 07:22:30,0,0,0
Thuesday-20-02-2018_TrafficForML_CICFlowMeter_30s_state.csv,TRAIN,2018-02-20 07:23:00,0,0,0
Thuesday-20-02-2018_TrafficForML_CICFlowMeter_30s_state.csv,TRAIN,2018-02-20 07:23:30,0,0,0
Thuesday-20-02-2018_TrafficForML_CICFlowMeter_30s_state.csv,TRAIN,2018-02-20 07:24:00,0,0,0
Thuesday-20-02-2018_TrafficForML_CICFlowMeter_30s_state.csv,TRAIN,2018-02-20 07:24:30,0,0,0
Thuesday-20-02-2018_TrafficForML_CICFlowMeter_30s_state.csv,TRAIN,2018-02-20 07:25:00,0,0,0
Thuesday-20-02-2018_TrafficForML_CICFlowMeter_30s_state.csv,TRAIN,2018-02-20 07:25:30,0,0,0
Thuesday-20-02-2018_TrafficForML_CICFlowMeter_30s_state.csv,TRAIN,2018-02-20 07:26:00,0,0,0
Thuesday-20-02-2018_TrafficForML_CICFlowMeter_30s_state.csv,TRAIN,2018-02-20 07:26:30,0,0,0
Thuesday-20-02-2018_TrafficForML_CICFlowMeter_30s_state.csv,TRAIN,2018-02-20 07:27:00,0,0,0
Thuesday-20-02-2018_TrafficForML_CICFlowMeter_30s_state.csv,TRAIN,2018-02-20 07:27:30,0,0,0
Thuesday-20-02-2018_TrafficForML_CICFlowMeter_30s_state.csv,TRAIN,2018-02-20 07:28:00,0,0,0
Thuesday-20-02-2018_TrafficForML_CICFlowMeter_30s_state.csv,TRAIN,2018-02-20 07:28:30,0,0,0
Thuesday-20-02-2018_TrafficForML_CICFlowMeter_30s_state.csv,TRAIN,2018-02-20 07:29:00,0,0,0
Thuesday-20-02-2018_TrafficForML_CICFlowMeter_30s_state.csv,TRAIN,2018-02-20 07:29:30,0,0,0
Thuesday-20-02-2018_TrafficForML_CICFlowMeter_30s_state.csv,TRAIN,2018-02-20 07:30:00,0,0,0
Thuesday-20-02-2018_TrafficForML_CICFlowMeter_30s_state.csv,TRAIN,2018-02-20 07:30:30,0,0,0
Thuesday-20-02-2018_TrafficForML_CICFlowMeter_30s_state.csv,TRAIN,2018-02-20 07:31:00,0,0,0
Thuesday-20-02-2018_TrafficForML_CICFlowMeter_30s_state.csv,TRAIN,2018-02-20 07:31:30,0,0,0
Thuesday-20-02-2018_TrafficForML_CICFlowMeter_30s_state.csv,TRAIN,2018-02-20 07:32:00,0,0,0
Thuesday-20-02-2018_TrafficForML_CICFlowMeter_30s_state.csv,TRAIN,2018-02-20 07:32:30,0,0,0
Thuesday-20-02-2018_TrafficForML_CICFlowMeter_30s_state.csv,TRAIN,2018-02-20 07:33:00,0,0,0
Thuesday-20-02-2018_TrafficForML_CICFlowMeter_30s_state.csv,TRAIN,2018-02-20 07:33:30,0,0,0
Thuesday-20-02-2018_TrafficForML_CICFlowMeter_30s_state.csv,TRAIN,2018-02-20 07:34:00,0,0,0
Thuesday-20-02-2018_TrafficForML_CICFlowMeter_30s_state.csv,TRAIN,2018-02-20 07:34:30,0,0,0
Thuesday-20-02-2018_TrafficForML_CICFlowMeter_30s_state.csv,TRAIN,2018-02-20 07:35:00,0,0,0
Thuesday-20-02-2018_TrafficForML_CICFlowMeter_30s_state.csv,TRAIN,2018-02-20 07:35:30,0,0,0
Thuesday-20-02-2018_TrafficForML_CICFlowMeter_30s_state.csv,TRAIN,2018-02-20 07:36:00,0,0,0
Thuesday-20-02-2018_TrafficForML_CICFlowMeter_30s_state.csv,TRAIN,2018-02-20 07:36:30,0,0,0
Thuesday-20-02-2018_TrafficForML_CICFlowMeter_30s_state.csv,TRAIN,2018-02-20 07:37:00,0,0,0
Thuesday-20-02-2018_TrafficForML_CICFlowMeter_30s_state.csv,TRAIN,2018-02-20 07:37:30,0,0,0
Thuesday-20-02-2018_TrafficForML_CICFlowMeter_30s_state.csv,TRAIN,2018-02-20 07:38:00,0,0,0
Thuesday-20-02-2018_TrafficForML_CICFlowMeter_30s_state.csv,TRAIN,2018-02-20 07:38:30,0,0,0
Thuesday-20-02-2018_TrafficForML_CICFlowMeter_30s_state.csv,TRAIN,2018-02-20 07:39:00,0,0,0
Thuesday-20-02-2018_TrafficForML_CICFlowMeter_30s_state.csv,TRAIN,2018-02-20 07:39:30,0,0,0
Thuesday-20-02-2018_TrafficForML_CICFlowMeter_30s_state.csv,TRAIN,2018-02-20 07:40:00,0,0,0
Thuesday-20-02-2018_TrafficForML_CICFlowMeter_30s_state.csv,TRAIN,2018-02-20 07:40:30,0,0,0
Thuesday-20-02-2018_TrafficForML_CICFlowMeter_30s_state.csv,TRAIN,2018-02-20 07:41:00,0,0,0
Thuesday-20-02-2018_TrafficForML_CICFlowMeter_30s_state.csv,TRAIN,2018-02-20 07:41:30,0,0,0
Thuesday-20-02-2018_TrafficForML_CICFlowMeter_30s_state.csv,TRAIN,2018-02-20 07:42:00,0,0,0
Thuesday-20-02-2018_TrafficForML_CICFlowMeter_30s_state.csv,TRAIN,2018-02-20 07:42:30,0,0,0
Thuesday-20-02-2018_TrafficForML_CICFlowMeter_30s_state.csv,TRAIN,2018-02-20 07:43:00,0,0,0
Thuesday-20-02-2018_TrafficForML_CICFlowMeter_30s_state.csv,TRAIN,2018-02-20 07:43:30,0,0,0
Thuesday-20-02-2018_TrafficForML_CICFlowMeter_30s_state.csv,TRAIN,2018-02-20 07:44:00,0,0,0
Thuesday-20-02-2018_TrafficForML_CICFlowMeter_30s_state.csv,TRAIN,2018-02-20 07:44:30,0,0,0
Thuesday-20-02-2018_TrafficForML_CICFlowMeter_30s_state.csv,TRAIN,2018-02-20 07:45:00,0,0,0
Thuesday-20-02-2018_TrafficForML_CICFlowMeter_30s_state.csv,TRAIN,2018-02-20 07:45:30,0,0,0
Thuesday-20-02-2018_TrafficForML_CICFlowMeter_30s_state.csv,TRAIN,2018-02-20 07:46:00,0,0,0
Thuesday-20-02-2018_TrafficForML_CICFlowMeter_30s_state.csv,TRAIN,2018-02-20 07:46:30,0,0,0
Thuesday-20-02-2018_TrafficForML_CICFlowMeter_30s_state.csv,TRAIN,2018-02-20 07:47:00,0,0,0
Thuesday-20-02-2018_TrafficForML_CICFlowMeter_30s_state.csv,TRAIN,2018-02-20 07:47:30,0,0,0
Thuesday-20-02-2018_TrafficForML_CICFlowMeter_30s_state.csv,TRAIN,2018-02-20 07:48:00,0,0,0
Thuesday-20-02-2018_TrafficForML_CICFlowMeter_30s_state.csv,TRAIN,2018-02-20 07:48:30,0,0,0
Thuesday-20-02-2018_TrafficForML_CICFlowMeter_30s_state.csv,TRAIN,2018-02-20 07:49:00,0,0,0
Thuesday-20-02-2018_TrafficForML_CICFlowMeter_30s_state.csv,TRAIN,2018-02-20 07:49:30,0,0,0
Thuesday-20-02-2018_TrafficForML_CICFlowMeter_30s_state.csv,TRAIN,2018-02-20 07:50:00,0,0,0
Thuesday-20-02-2018_TrafficForML_CICFlowMeter_30s_state.csv,TRAIN,2018-02-20 07:50:30,0,0,0
Thuesday-20-02-2018_TrafficForML_CICFlowMeter_30s_state.csv,TRAIN,2018-02-20 07:51:00,0,0,0
Thuesday-20-02-2018_TrafficForML_CICFlowMeter_30s_state.csv,TRAIN,2018-02-20 07:51:30,0,0,0
Thuesday-20-02-2018_TrafficForML_CICFlowMeter_30s_state.csv,TRAIN,2018-02-20 07:52:00,0,0,0
Thuesday-20-02-2018_TrafficForML_CICFlowMeter_30s_state.csv,TRAIN,2018-02-20 07:52:30,0,0,0
Thuesday-20-02-2018_TrafficForML_CICFlowMeter_30s_state.csv,TRAIN,2018-02-20 07:53:00,0,0,0
Thuesday-20-02-2018_TrafficForML_CICFlowMeter_30s_state.csv,TRAIN,2018-02-20 07:53:30,0,0,0
Thuesday-20-02-2018_TrafficForML_CICFlowMeter_30s_state.csv,TRAIN,2018-02-20 07:54:00,0,0,0
Thuesday-20-02-2018_TrafficForML_CICFlowMeter_30s_state.csv,TRAIN,2018-02-20 07:54:30,0,0,0
Thuesday-20-02-2018_TrafficForML_CICFlowMeter_30s_state.csv,TRAIN,2018-02-20 07:55:00,0,0,0
Thuesday-20-02-2018_TrafficForML_CICFlowMeter_30s_state.csv,TRAIN,2018-02-20 07:55:30,0,0,0
Thuesday-20-02-2018_TrafficForML_CICFlowMeter_30s_state.csv,TRAIN,2018-02-20 07:56:00,0,0,0
Thuesday-20-02-2018_TrafficForML_CICFlowMeter_30s_state.csv,TRAIN,2018-02-20 07:56:30,0,0,0
Thuesday-20-02-2018_TrafficForML_CICFlowMeter_30s_state.csv,TRAIN,2018-02-20 07:57:00,0,0,0
Thuesday-20-02-2018_TrafficForML_CICFlowMeter_30s_state.csv,TRAIN,2018-02-20 07:57:30,0,0,0
Thuesday-20-02-2018_TrafficForML_CICFlowMeter_30s_state.csv,TRAIN,2018-02-20 07:58:00,0,0,0
Thuesday-20-02-2018_TrafficForML_CICFlowMeter_30s_state.csv,TRAIN,2018-02-20 07:58:30,0,0,0
Thuesday-20-02-2018_TrafficForML_CICFlowMeter_30s_state.csv,TRAIN,2018-02-20 07:59:00,0,0,0
Thuesday-20-02-2018_TrafficForML_CICFlowMeter_30s_state.csv,TRAIN,2018-02-20 07:59:30,0,0,0
Thuesday-20-02-2018_TrafficForML_CICFlowMeter_30s_state.csv,TRAIN,2018-02-20 08:00:00,0,0,0
Thuesday-20-02-2018_TrafficForML_CICFlowMeter_30s_state.csv,TRAIN,2018-02-20 08:00:30,0,0,0
Thuesday-20-02-2018_TrafficForML_CICFlowMeter_30s_state.csv,TRAIN,2018-02-20 08:01:00,0,0,0
Thuesday-20-02-2018_TrafficForML_CICFlowMeter_30s_state.csv,TRAIN,2018-02-20 08:01:30,0,0,0
Thuesday-20-02-2018_TrafficForML_CICFlowMeter_30s_state.csv,TRAIN,2018-02-20 08:02:00,0,0,0
Thuesday-20-02-2018_TrafficForML_CICFlowMeter_30s_state.csv,TRAIN,2018-02-20 08:02:30,0,0,0
Thuesday-20-02-2018_TrafficForML_CICFlowMeter_30s_state.csv,TRAIN,2018-02-20 08:03:00,0,0,0
Thuesday-20-02-2018_TrafficForML_CICFlowMeter_30s_state.csv,TRAIN,2018-02-20 08:03:30,0,0,0
Thuesday-20-02-2018_TrafficForML_CICFlowMeter_30s_state.csv,TRAIN,2018-02-20 08:04:00,0,0,0
Thuesday-20-02-2018_TrafficForML_CICFlowMeter_30s_state.csv,TRAIN,2018-02-20 08:04:30,0,0,0
Thuesday-20-02-2018_TrafficForML_CICFlowMeter_30s_state.csv,TRAIN,2018-02-20 08:05:00,0,0,0
Thuesday-20-02-2018_TrafficForML_CICFlowMeter_30s_state.csv,TRAIN,2018-02-20 08:05:30,0,0,0
Thuesday-20-02-2018_TrafficForML_CICFlowMeter_30s_state.csv,TRAIN,2018-02-20 08:06:00,0,0,0
Thuesday-20-02-2018_TrafficForML_CICFlowMeter_30s_state.csv,TRAIN,2018-02-20 08:06:30,0,0,0
Thuesday-20-02-2018_TrafficForML_CICFlowMeter_30s_state.csv,TRAIN,2018-02-20 08:07:00,0,0,0
Thuesday-20-02-2018_TrafficForML_CICFlowMeter_30s_state.csv,TRAIN,2018-02-20 08:07:30,0,0,0
Thuesday-20-02-2018_TrafficForML_CICFlowMeter_30s_state.csv,TRAIN,2018-02-20 08:08:00,0,0,0
Thuesday-20-02-2018_TrafficForML_CICFlowMeter_30s_state.csv,TRAIN,2018-02-20 08:08:30,0,0,0
Thuesday-20-02-2018_TrafficForML_CICFlowMeter_30s_state.csv,TRAIN,2018-02-20 08:09:00,0,0,0
Thuesday-20-02-2018_TrafficForML_CICFlowMeter_30s_state.csv,TRAIN,2018-02-20 08:09:30,0,0,0
Thuesday-20-02-2018_TrafficForML_CICFlowMeter_30s_state.csv,TRAIN,2018-02-20 08:10:00,0,0,0
Thuesday-20-02-2018_TrafficForML_CICFlowMeter_30s_state.csv,TRAIN,2018-02-20 08:10:30,0,0,0
Thuesday-20-02-2018_TrafficForML_CICFlowMeter_30s_state.csv,TRAIN,2018-02-20 08:11:00,0,0,0
Thuesday-20-02-2018_TrafficForML_CICFlowMeter_30s_state.csv,TRAIN,2018-02-20 08:11:30,0,0,0
Thuesday-20-02-2018_TrafficForML_CICFlowMeter_30s_state.csv,TRAIN,2018-02-20 08:12:00,0,0,0
Thuesday-20-02-2018_TrafficForML_CICFlowMeter_30s_state.csv,TRAIN,2018-02-20 08:12:30,0,0,0
Thuesday-20-02-2018_TrafficForML_CICFlowMeter_30s_state.csv,TRAIN,2018-02-20 08:13:00,0,0,0
Thuesday-20-02-2018_TrafficForML_CICFlowMeter_30s_state.csv,TRAIN,2018-02-20 08:13:30,0,0,0
Thuesday-20-02-2018_TrafficForML_CICFlowMeter_30s_state.csv,TRAIN,2018-02-20 08:14:00,0,0,0
Thuesday-20-02-2018_TrafficForML_CICFlowMeter_30s_state.csv,TRAIN,2018-02-20 08:14:30,0,0,0
Thuesday-20-02-2018_TrafficForML_CICFlowMeter_30s_state.csv,TRAIN,2018-02-20 08:15:00,0,0,0
Thuesday-20-02-2018_TrafficForML_CICFlowMeter_30s_state.csv,TRAIN,2018-02-20 08:15:30,0,0,0
Thuesday-20-02-2018_TrafficForML_CICFlowMeter_30s_state.csv,TRAIN,2018-02-20 08:16:00,0,0,0
Thuesday-20-02-2018_TrafficForML_CICFlowMeter_30s_state.csv,TRAIN,2018-02-20 08:16:30,0,0,0
Thuesday-20-02-2018_TrafficForML_CICFlowMeter_30s_state.csv,TRAIN,2018-02-20 08:17:00,0,0,0
Thuesday-20-02-2018_TrafficForML_CICFlowMeter_30s_state.csv,TRAIN,2018-02-20 08:17:30,0,0,0
Thuesday-20-02-2018_TrafficForML_CICFlowMeter_30s_state.csv,TRAIN,2018-02-20 08:18:00,0,0,0
Thuesday-20-02-2018_TrafficForML_CICFlowMeter_30s_state.csv,TRAIN,2018-02-20 08:18:30,0,0,0
Thuesday-20-02-2018_TrafficForML_CICFlowMeter_30s_state.csv,TRAIN,2018-02-20 08:19:00,0,0,0
Thuesday-20-02-2018_TrafficForML_CICFlowMeter_30s_state.csv,TRAIN,2018-02-20 08:19:30,0,0,0
Thuesday-20-02-2018_TrafficForML_CICFlowMeter_30s_state.csv,TRAIN,2018-02-20 08:20:00,0,0,0
Thuesday-20-02-2018_TrafficForML_CICFlowMeter_30s_state.csv,TRAIN,2018-02-20 08:20:30,0,0,0
Thuesday-20-02-2018_TrafficForML_CICFlowMeter_30s_state.csv,TRAIN,2018-02-20 08:21:00,0,0,0
Thuesday-20-02-2018_TrafficForML_CICFlowMeter_30s_state.csv,TRAIN,2018-02-20 08:21:30,0,0,0
Thuesday-20-02-2018_TrafficForML_CICFlowMeter_30s_state.csv,TRAIN,2018-02-20 08:22:00,0,0,0
Thuesday-20-02-2018_TrafficForML_CICFlowMeter_30s_state.csv,TRAIN,2018-02-20 08:22:30,0,0,0
Thuesday-20-02-2018_TrafficForML_CICFlowMeter_30s_state.csv,TRAIN,2018-02-20 08:23:00,0,0,0
Thuesday-20-02-2018_TrafficForML_CICFlowMeter_30s_state.csv,TRAIN,2018-02-20 08:23:30,0,0,0
Thuesday-20-02-2018_TrafficForML_CICFlowMeter_30s_state.csv,TRAIN,2018-02-20 08:24:00,0,0,0
Thuesday-20-02-2018_TrafficForML_CICFlowMeter_30s_state.csv,TRAIN,2018-02-20 08:24:30,0,0,0
Thuesday-20-02-2018_TrafficForML_CICFlowMeter_30s_state.csv,TRAIN,2018-02-20 08:25:00,0,0,0
Thuesday-20-02-2018_TrafficForML_CICFlowMeter_30s_state.csv,TRAIN,2018-02-20 08:25:30,0,0,0
Thuesday-20-02-2018_TrafficForML_CICFlowMeter_30s_state.csv,TRAIN,2018-02-20 08:26:00,0,0,0
Thuesday-20-02-2018_TrafficForML_CICFlowMeter_30s_state.csv,TRAIN,2018-02-20 08:26:30,0,0,0
Thuesday-20-02-2018_TrafficForML_CICFlowMeter_30s_state.csv,TRAIN,2018-02-20 08:27:00,0,0,0
Thuesday-20-02-2018_TrafficForML_CICFlowMeter_30s_state.csv,TRAIN,2018-02-20 08:27:30,0,0,0
Thuesday-20-02-2018_TrafficForML_CICFlowMeter_30s_state.csv,TRAIN,2018-02-20 08:28:00,0,0,0
Thuesday-20-02-2018_TrafficForML_CICFlowMeter_30s_state.csv,TRAIN,2018-02-20 08:28:30,0,0,0
Thuesday-20-02-2018_TrafficForML_CICFlowMeter_30s_state.csv,TRAIN,2018-02-20 08:29:00,0,0,0
Thuesday-20-02-2018_TrafficForML_CICFlowMeter_30s_state.csv,TRAIN,2018-02-20 08:29:30,0,0,0
Thuesday-20-02-2018_TrafficForML_CICFlowMeter_30s_state.csv,TRAIN,2018-02-20 08:30:00,0,0,0
Thuesday-20-02-2018_TrafficForML_CICFlowMeter_30s_state.csv,TRAIN,2018-02-20 08:30:30,0,0,0
Thuesday-20-02-2018_TrafficForML_CICFlowMeter_30s_state.csv,TRAIN,2018-02-20 08:31:00,0,0,0
Thuesday-20-02-2018_TrafficForML_CICFlowMeter_30s_state.csv,TRAIN,2018-02-20 08:31:30,0,0,0
Thuesday-20-02-2018_TrafficForML_CICFlowMeter_30s_state.csv,TRAIN,2018-02-20 08:32:00,0,0,0
Thuesday-20-02-2018_TrafficForML_CICFlowMeter_30s_state.csv,TRAIN,2018-02-20 08:32:30,0,0,0
Thuesday-20-02-2018_TrafficForML_CICFlowMeter_30s_state.csv,TRAIN,2018-02-20 08:33:00,0,0,0
Thuesday-20-02-2018_TrafficForML_CICFlowMeter_30s_state.csv,TRAIN,2018-02-20 08:33:30,0,0,0
Thuesday-20-02-2018_TrafficForML_CICFlowMeter_30s_state.csv,TRAIN,2018-02-20 08:34:00,0,0,0
Thuesday-20-02-2018_TrafficForML_CICFlowMeter_30s_state.csv,TRAIN,2018-02-20 08:34:30,0,0,0
Thuesday-20-02-2018_TrafficForML_CICFlowMeter_30s_state.csv,TRAIN,2018-02-20 08:35:00,0,0,0
Thuesday-20-02-2018_TrafficForML_CICFlowMeter_30s_state.csv,TRAIN,2018-02-20 08:35:30,0,0,0
Thuesday-20-02-2018_TrafficForML_CICFlowMeter_30s_state.csv,TRAIN,2018-02-20 08:36:00,0,0,0
Thuesday-20-02-2018_TrafficForML_CICFlowMeter_30s_state.csv,TRAIN,2018-02-20 08:36:30,0,0,0
Thuesday-20-02-2018_TrafficForML_CICFlowMeter_30s_state.csv,TRAIN,2018-02-20 08:37:00,0,0,0
Thuesday-20-02-2018_TrafficForML_CICFlowMeter_30s_state.csv,TRAIN,2018-02-20 08:37:30,0,0,0
Thuesday-20-02-2018_TrafficForML_CICFlowMeter_30s_state.csv,TRAIN,2018-02-20 08:38:00,0,0,0
Thuesday-20-02-2018_TrafficForML_CICFlowMeter_30s_state.csv,TRAIN,2018-02-20 08:38:30,0,0,0
Thuesday-20-02-2018_TrafficForML_CICFlowMeter_30s_state.csv,TRAIN,2018-02-20 08:39:00,0,0,0
Thuesday-20-02-2018_TrafficForML_CICFlowMeter_30s_state.csv,TRAIN,2018-02-20 08:39:30,0,0,0
Thuesday-20-02-2018_TrafficForML_CICFlowMeter_30s_state.csv,TRAIN,2018-02-20 08:40:00,0,0,0
Thuesday-20-02-2018_TrafficForML_CICFlowMeter_30s_state.csv,TRAIN,2018-02-20 08:40:30,0,0,0
Thuesday-20-02-2018_TrafficForML_CICFlowMeter_30s_state.csv,TRAIN,2018-02-20 08:41:00,0,0,0
Thuesday-20-02-2018_TrafficForML_CICFlowMeter_30s_state.csv,TRAIN,2018-02-20 08:41:30,0,0,0
Thuesday-20-02-2018_TrafficForML_CICFlowMeter_30s_state.csv,TRAIN,2018-02-20 08:42:00,0,0,0
Thuesday-20-02-2018_TrafficForML_CICFlowMeter_30s_state.csv,TRAIN,2018-02-20 08:42:30,0,0,0
Thuesday-20-02-2018_TrafficForML_CICFlowMeter_30s_state.csv,TRAIN,2018-02-20 08:43:00,0,0,0
Thuesday-20-02-2018_TrafficForML_CICFlowMeter_30s_state.csv,TRAIN,2018-02-20 08:43:30,0,0,0
Thuesday-20-02-2018_TrafficForML_CICFlowMeter_30s_state.csv,TRAIN,2018-02-20 08:44:00,0,0,0
Thuesday-20-02-2018_TrafficForML_CICFlowMeter_30s_state.csv,TRAIN,2018-02-20 08:44:30,0,0,0
Thuesday-20-02-2018_TrafficForML_CICFlowMeter_30s_state.csv,TRAIN,2018-02-20 08:45:00,0,0,0
Thuesday-20-02-2018_TrafficForML_CICFlowMeter_30s_state.csv,TRAIN,2018-02-20 08:45:30,0,0,0
Thuesday-20-02-2018_TrafficForML_CICFlowMeter_30s_state.csv,TRAIN,2018-02-20 08:46:00,0,0,0
Thuesday-20-02-2018_TrafficForML_CICFlowMeter_30s_state.csv,TRAIN,2018-02-20 08:46:30,0,0,0
Thuesday-20-02-2018_TrafficForML_CICFlowMeter_30s_state.csv,TRAIN,2018-02-20 08:47:00,0,0,0
Thuesday-20-02-2018_TrafficForML_CICFlowMeter_30s_state.csv,TRAIN,2018-02-20 08:47:30,0,0,0
Thuesday-20-02-2018_TrafficForML_CICFlowMeter_30s_state.csv,TRAIN,2018-02-20 08:48:00,0,0,0
Thuesday-20-02-2018_TrafficForML_CICFlowMeter_30s_state.csv,TRAIN,2018-02-20 08:48:30,0,0,0
Thuesday-20-02-2018_TrafficForML_CICFlowMeter_30s_state.csv,TRAIN,2018-02-20 08:49:00,0,0,0
Thuesday-20-02-2018_TrafficForML_CICFlowMeter_30s_state.csv,TRAIN,2018-02-20 08:49:30,0,0,0
Thuesday-20-02-2018_TrafficForML_CICFlowMeter_30s_state.csv,TRAIN,2018-02-20 08:50:00,0,0,0
Thuesday-20-02-2018_TrafficForML_CICFlowMeter_30s_state.csv,TRAIN,2018-02-20 08:50:30,0,0,0
Thuesday-20-02-2018_TrafficForML_CICFlowMeter_30s_state.csv,TRAIN,2018-02-20 08:51:00,0,0,0
Thuesday-20-02-2018_TrafficForML_CICFlowMeter_30s_state.csv,TRAIN,2018-02-20 08:51:30,0,0,0
Thuesday-20-02-2018_TrafficForML_CICFlowMeter_30s_state.csv,TRAIN,2018-02-20 08:52:00,0,0,0
Thuesday-20-02-2018_TrafficForML_CICFlowMeter_30s_state.csv,TRAIN,2018-02-20 08:52:30,0,0,0
Thuesday-20-02-2018_TrafficForML_CICFlowMeter_30s_state.csv,TRAIN,2018-02-20 08:53:00,0,0,0
Thuesday-20-02-2018_TrafficForML_CICFlowMeter_30s_state.csv,TRAIN,2018-02-20 08:53:30,0,0,0
Thuesday-20-02-2018_TrafficForML_CICFlowMeter_30s_state.csv,TRAIN,2018-02-20 08:54:00,0,0,0
Thuesday-20-02-2018_TrafficForML_CICFlowMeter_30s_state.csv,TRAIN,2018-02-20 08:54:30,0,0,0
Thuesday-20-02-2018_TrafficForML_CICFlowMeter_30s_state.csv,TRAIN,2018-02-20 08:55:00,0,0,0
Thuesday-20-02-2018_TrafficForML_CICFlowMeter_30s_state.csv,TRAIN,2018-02-20 08:55:30,0,0,0
Thuesday-20-02-2018_TrafficForML_CICFlowMeter_30s_state.csv,TRAIN,2018-02-20 08:56:00,0,0,0
Thuesday-20-02-2018_TrafficForML_CICFlowMeter_30s_state.csv,TRAIN,2018-02-20 08:56:30,0,0,0
Thuesday-20-02-2018_TrafficForML_CICFlowMeter_30s_state.csv,TRAIN,2018-02-20 08:57:00,0,0,0
Thuesday-20-02-2018_TrafficForML_CICFlowMeter_30s_state.csv,TRAIN,2018-02-20 08:57:30,0,0,0
Thuesday-20-02-2018_TrafficForML_CICFlowMeter_30s_state.csv,TRAIN,2018-02-20 08:58:00,0,0,0
Thuesday-20-02-2018_TrafficForML_CICFlowMeter_30s_state.csv,TRAIN,2018-02-20 08:58:30,0,0,0
Thuesday-20-02-2018_TrafficForML_CICFlowMeter_30s_state.csv,TRAIN,2018-02-20 08:59:00,0,0,0
Thuesday-20-02-2018_TrafficForML_CICFlowMeter_30s_state.csv,TRAIN,2018-02-20 08:59:30,0,0,0
Thuesday-20-02-2018_TrafficForML_CICFlowMeter_30s_state.csv,TRAIN,2018-02-20 09:00:00,0,0,0
Thuesday-20-02-2018_TrafficForML_CICFlowMeter_30s_state.csv,TRAIN,2018-02-20 09:00:30,0,0,0
Thuesday-20-02-2018_TrafficForML_CICFlowMeter_30s_state.csv,TRAIN,2018-02-20 09:01:00,0,0,0
Thuesday-20-02-2018_TrafficForML_CICFlowMeter_30s_state.csv,TRAIN,2018-02-20 09:01:30,0,0,0
Thuesday-20-02-2018_TrafficForML_CICFlowMeter_30s_state.csv,TRAIN,2018-02-20 09:02:00,0,0,0
Thuesday-20-02-2018_TrafficForML_CICFlowMeter_30s_state.csv,TRAIN,2018-02-20 09:02:30,0,0,0
Thuesday-20-02-2018_TrafficForML_CICFlowMeter_30s_state.csv,TRAIN,2018-02-20 09:03:00,0,0,0
Thuesday-20-02-2018_TrafficForML_CICFlowMeter_30s_state.csv,TRAIN,2018-02-20 09:03:30,0,0,0
Thuesday-20-02-2018_TrafficForML_CICFlowMeter_30s_state.csv,TRAIN,2018-02-20 09:04:00,0,0,0
Thuesday-20-02-2018_TrafficForML_CICFlowMeter_30s_state.csv,TRAIN,2018-02-20 09:04:30,0,0,0
Thuesday-20-02-2018_TrafficForML_CICFlowMeter_30s_state.csv,TRAIN,2018-02-20 09:05:00,0,0,0
Thuesday-20-02-2018_TrafficForML_CICFlowMeter_30s_state.csv,TRAIN,2018-02-20 09:05:30,0,0,0
Thuesday-20-02-2018_TrafficForML_CICFlowMeter_30s_state.csv,TRAIN,2018-02-20 09:06:00,0,0,0
Thuesday-20-02-2018_TrafficForML_CICFlowMeter_30s_state.csv,TRAIN,2018-02-20 09:06:30,0,0,0
Thuesday-20-02-2018_TrafficForML_CICFlowMeter_30s_state.csv,TRAIN,2018-02-20 09:07:00,0,0,0
Thuesday-20-02-2018_TrafficForML_CICFlowMeter_30s_state.csv,TRAIN,2018-02-20 09:07:30,0,0,0
Thuesday-20-02-2018_TrafficForML_CICFlowMeter_30s_state.csv,TRAIN,2018-02-20 09:08:00,0,0,0
Thuesday-20-02-2018_TrafficForML_CICFlowMeter_30s_state.csv,TRAIN,2018-02-20 09:08:30,0,0,0
Thuesday-20-02-2018_TrafficForML_CICFlowMeter_30s_state.csv,TRAIN,2018-02-20 09:09:00,0,0,0
Thuesday-20-02-2018_TrafficForML_CICFlowMeter_30s_state.csv,TRAIN,2018-02-20 09:09:30,0,0,0
Thuesday-20-02-2018_TrafficForML_CICFlowMeter_30s_state.csv,TRAIN,2018-02-20 09:10:00,0,0,0
Thuesday-20-02-2018_TrafficForML_CICFlowMeter_30s_state.csv,TRAIN,2018-02-20 09:10:30,0,0,0
Thuesday-20-02-2018_TrafficForML_CICFlowMeter_30s_state.csv,TRAIN,2018-02-20 09:11:00,0,0,0
Thuesday-20-02-2018_TrafficForML_CICFlowMeter_30s_state.csv,TRAIN,2018-02-20 09:11:30,0,0,0
Thuesday-20-02-2018_TrafficForML_CICFlowMeter_30s_state.csv,TRAIN,2018-02-20 09:12:00,0,0,0
Thuesday-20-02-2018_TrafficForML_CICFlowMeter_30s_state.csv,TRAIN,2018-02-20 09:12:30,0,0,0
Thuesday-20-02-2018_TrafficForML_CICFlowMeter_30s_state.csv,TRAIN,2018-02-20 09:13:00,0,0,0
Thuesday-20-02-2018_TrafficForML_CICFlowMeter_30s_state.csv,TRAIN,2018-02-20 09:13:30,0,0,0
Thuesday-20-02-2018_TrafficForML_CICFlowMeter_30s_state.csv,TRAIN,2018-02-20 09:14:00,0,0,0
Thuesday-20-02-2018_TrafficForML_CICFlowMeter_30s_state.csv,TRAIN,2018-02-20 09:14:30,0,0,0
Thuesday-20-02-2018_TrafficForML_CICFlowMeter_30s_state.csv,TRAIN,2018-02-20 09:15:00,0,0,0
Thuesday-20-02-2018_TrafficForML_CICFlowMeter_30s_state.csv,TRAIN,2018-02-20 09:15:30,0,0,0
Thuesday-20-02-2018_TrafficForML_CICFlowMeter_30s_state.csv,TRAIN,2018-02-20 09:16:00,0,0,0
Thuesday-20-02-2018_TrafficForML_CICFlowMeter_30s_state.csv,TRAIN,2018-02-20 09:16:30,0,0,0
Thuesday-20-02-2018_TrafficForML_CICFlowMeter_30s_state.csv,TRAIN,2018-02-20 09:17:00,0,0,0
Thuesday-20-02-2018_TrafficForML_CICFlowMeter_30s_state.csv,TRAIN,2018-02-20 09:17:30,0,0,0
Thuesday-20-02-2018_TrafficForML_CICFlowMeter_30s_state.csv,TRAIN,2018-02-20 09:18:00,0,0,0
Thuesday-20-02-2018_TrafficForML_CICFlowMeter_30s_state.csv,TRAIN,2018-02-20 09:18:30,0,0,0
Thuesday-20-02-2018_TrafficForML_CICFlowMeter_30s_state.csv,TRAIN,2018-02-20 09:19:00,0,0,0
Thuesday-20-02-2018_TrafficForML_CICFlowMeter_30s_state.csv,TRAIN,2018-02-20 09:19:30,0,0,0
Thuesday-20-02-2018_TrafficForML_CICFlowMeter_30s_state.csv,TRAIN,2018-02-20 09:20:00,0,0,0
Thuesday-20-02-2018_TrafficForML_CICFlowMeter_30s_state.csv,TRAIN,2018-02-20 09:20:30,0,0,0
Thuesday-20-02-2018_TrafficForML_CICFlowMeter_30s_state.csv,TRAIN,2018-02-20 09:21:00,0,0,0
Thuesday-20-02-2018_TrafficForML_CICFlowMeter_30s_state.csv,TRAIN,2018-02-20 09:21:30,0,0,0
Thuesday-20-02-2018_TrafficForML_CICFlowMeter_30s_state.csv,TRAIN,2018-02-20 09:22:00,0,0,0
Thuesday-20-02-2018_TrafficForML_CICFlowMeter_30s_state.csv,TRAIN,2018-02-20 09:22:30,0,0,0
Thuesday-20-02-2018_TrafficForML_CICFlowMeter_30s_state.csv,TRAIN,2018-02-20 09:23:00,0,0,0
Thuesday-20-02-2018_TrafficForML_CICFlowMeter_30s_state.csv,TRAIN,2018-02-20 09:23:30,0,0,0
Thuesday-20-02-2018_TrafficForML_CICFlowMeter_30s_state.csv,TRAIN,2018-02-20 09:24:00,0,0,0
Thuesday-20-02-2018_TrafficForML_CICFlowMeter_30s_state.csv,TRAIN,2018-02-20 09:24:30,0,0,0
Thuesday-20-02-2018_TrafficForML_CICFlowMeter_30s_state.csv,TRAIN,2018-02-20 09:25:00,0,0,0
Thuesday-20-02-2018_TrafficForML_CICFlowMeter_30s_state.csv,TRAIN,2018-02-20 09:25:30,0,0,0
Thuesday-20-02-2018_TrafficForML_CICFlowMeter_30s_state.csv,TRAIN,2018-02-20 09:26:00,0,0,0
Thuesday-20-02-2018_TrafficForML_CICFlowMeter_30s_state.csv,TRAIN,2018-02-20 09:26:30,0,0,0
Thuesday-20-02-2018_TrafficForML_CICFlowMeter_30s_state.csv,TRAIN,2018-02-20 09:27:00,0,0,0
Thuesday-20-02-2018_TrafficForML_CICFlowMeter_30s_state.csv,TRAIN,2018-02-20 09:27:30,0,0,0
Thuesday-20-02-2018_TrafficForML_CICFlowMeter_30s_state.csv,TRAIN,2018-02-20 09:28:00,0,0,0
Thuesday-20-02-2018_TrafficForML_CICFlowMeter_30s_state.csv,TRAIN,2018-02-20 09:28:30,0,0,0
Thuesday-20-02-2018_TrafficForML_CICFlowMeter_30s_state.csv,TRAIN,2018-02-20 09:29:00,0,0,0
Thuesday-20-02-2018_TrafficForML_CICFlowMeter_30s_state.csv,TRAIN,2018-02-20 09:29:30,0,0,0
Thuesday-20-02-2018_TrafficForML_CICFlowMeter_30s_state.csv,TRAIN,2018-02-20 09:30:00,0,0,0
Thuesday-20-02-2018_TrafficForML_CICFlowMeter_30s_state.csv,TRAIN,2018-02-20 09:30:30,0,0,0
Thuesday-20-02-2018_TrafficForML_CICFlowMeter_30s_state.csv,TRAIN,2018-02-20 09:31:00,0,0,0
Thuesday-20-02-2018_TrafficForML_CICFlowMeter_30s_state.csv,TRAIN,2018-02-20 09:31:30,0,0,0
Thuesday-20-02-2018_TrafficForML_CICFlowMeter_30s_state.csv,TRAIN,2018-02-20 09:32:00,0,0,0
Thuesday-20-02-2018_TrafficForML_CICFlowMeter_30s_state.csv,TRAIN,2018-02-20 09:32:30,0,0,0
Thuesday-20-02-2018_TrafficForML_CICFlowMeter_30s_state.csv,TRAIN,2018-02-20 09:33:00,0,0,0
Thuesday-20-02-2018_TrafficForML_CICFlowMeter_30s_state.csv,TRAIN,2018-02-20 09:33:30,0,0,0
Thuesday-20-02-2018_TrafficForML_CICFlowMeter_30s_state.csv,TRAIN,2018-02-20 09:34:00,0,0,0
Thuesday-20-02-2018_TrafficForML_CICFlowMeter_30s_state.csv,TRAIN,2018-02-20 09:34:30,0,0,0
Thuesday-20-02-2018_TrafficForML_CICFlowMeter_30s_state.csv,TRAIN,2018-02-20 09:35:00,0,0,0
Thuesday-20-02-2018_TrafficForML_CICFlowMeter_30s_state.csv,TRAIN,2018-02-20 09:35:30,0,0,0
Thuesday-20-02-2018_TrafficForML_CICFlowMeter_30s_state.csv,TRAIN,2018-02-20 09:36:00,0,0,0
Thuesday-20-02-2018_TrafficForML_CICFlowMeter_30s_state.csv,TRAIN,2018-02-20 09:36:30,0,0,0
Thuesday-20-02-2018_TrafficForML_CICFlowMeter_30s_state.csv,TRAIN,2018-02-20 09:37:00,0,0,0
Thuesday-20-02-2018_TrafficForML_CICFlowMeter_30s_state.csv,TRAIN,2018-02-20 09:37:30,0,0,0
Thuesday-20-02-2018_TrafficForML_CICFlowMeter_30s_state.csv,TRAIN,2018-02-20 09:38:00,0,0,0
Thuesday-20-02-2018_TrafficForML_CICFlowMeter_30s_state.csv,TRAIN,2018-02-20 09:38:30,0,0,0
Thuesday-20-02-2018_TrafficForML_CICFlowMeter_30s_state.csv,TRAIN,2018-02-20 09:39:00,0,0,0
Thuesday-20-02-2018_TrafficForML_CICFlowMeter_30s_state.csv,TRAIN,2018-02-20 09:39:30,0,0,0
Thuesday-20-02-2018_TrafficForML_CICFlowMeter_30s_state.csv,TRAIN,2018-02-20 09:40:00,0,0,0
Thuesday-20-02-2018_TrafficForML_CICFlowMeter_30s_state.csv,TRAIN,2018-02-20 09:40:30,0,0,0
Thuesday-20-02-2018_TrafficForML_CICFlowMeter_30s_state.csv,TRAIN,2018-02-20 09:41:00,0,0,0
Thuesday-20-02-2018_TrafficForML_CICFlowMeter_30s_state.csv,TRAIN,2018-02-20 09:41:30,0,0,0
Thuesday-20-02-2018_TrafficForML_CICFlowMeter_30s_state.csv,TRAIN,2018-02-20 09:42:00,0,0,0
Thuesday-20-02-2018_TrafficForML_CICFlowMeter_30s_state.csv,TRAIN,2018-02-20 09:42:30,0,0,0
Thuesday-20-02-2018_TrafficForML_CICFlowMeter_30s_state.csv,TRAIN,2018-02-20 09:43:00,0,0,0
Thuesday-20-02-2018_TrafficForML_CICFlowMeter_30s_state.csv,TRAIN,2018-02-20 09:43:30,0,0,0
Thuesday-20-02-2018_TrafficForML_CICFlowMeter_30s_state.csv,TRAIN,2018-02-20 09:44:00,0,0,0
Thuesday-20-02-2018_TrafficForML_CICFlowMeter_30s_state.csv,TRAIN,2018-02-20 09:44:30,0,0,0
Thuesday-20-02-2018_TrafficForML_CICFlowMeter_30s_state.csv,TRAIN,2018-02-20 09:45:00,0,0,0
Thuesday-20-02-2018_TrafficForML_CICFlowMeter_30s_state.csv,TRAIN,2018-02-20 09:45:30,0,0,0
Thuesday-20-02-2018_TrafficForML_CICFlowMeter_30s_state.csv,TRAIN,2018-02-20 09:46:00,0,0,0
Thuesday-20-02-2018_TrafficForML_CICFlowMeter_30s_state.csv,TRAIN,2018-02-20 09:46:30,0,0,0
Thuesday-20-02-2018_TrafficForML_CICFlowMeter_30s_state.csv,TRAIN,2018-02-20 09:47:00,0,0,0
Thuesday-20-02-2018_TrafficForML_CICFlowMeter_30s_state.csv,TRAIN,2018-02-20 09:47:30,0,0,0
Thuesday-20-02-2018_TrafficForML_CICFlowMeter_30s_state.csv,TRAIN,2018-02-20 09:48:00,0,0,0
Thuesday-20-02-2018_TrafficForML_CICFlowMeter_30s_state.csv,TRAIN,2018-02-20 09:48:30,0,0,0
Thuesday-20-02-2018_TrafficForML_CICFlowMeter_30s_state.csv,TRAIN,2018-02-20 09:49:00,0,0,0
Thuesday-20-02-2018_TrafficForML_CICFlowMeter_30s_state.csv,TRAIN,2018-02-20 09:49:30,0,0,0
Thuesday-20-02-2018_TrafficForML_CICFlowMeter_30s_state.csv,TRAIN,2018-02-20 09:50:00,0,0,0
Thuesday-20-02-2018_TrafficForML_CICFlowMeter_30s_state.csv,TRAIN,2018-02-20 09:50:30,0,0,0
Thuesday-20-02-2018_TrafficForML_CICFlowMeter_30s_state.csv,TRAIN,2018-02-20 09:51:00,0,0,0
Thuesday-20-02-2018_TrafficForML_CICFlowMeter_30s_state.csv,TRAIN,2018-02-20 09:51:30,0,0,0
Thuesday-20-02-2018_TrafficForML_CICFlowMeter_30s_state.csv,TRAIN,2018-02-20 09:52:00,0,0,0
Thuesday-20-02-2018_TrafficForML_CICFlowMeter_30s_state.csv,TRAIN,2018-02-20 09:52:30,0,0,0
Thuesday-20-02-2018_TrafficForML_CICFlowMeter_30s_state.csv,TRAIN,2018-02-20 09:53:00,0,0,0
Thuesday-20-02-2018_TrafficForML_CICFlowMeter_30s_state.csv,TRAIN,2018-02-20 09:53:30,0,0,0
Thuesday-20-02-2018_TrafficForML_CICFlowMeter_30s_state.csv,TRAIN,2018-02-20 09:54:00,0,0,0
Thuesday-20-02-2018_TrafficForML_CICFlowMeter_30s_state.csv,TRAIN,2018-02-20 09:54:30,0,0,0
Thuesday-20-02-2018_TrafficForML_CICFlowMeter_30s_state.csv,TRAIN,2018-02-20 09:55:00,0,0,0
Thuesday-20-02-2018_TrafficForML_CICFlowMeter_30s_state.csv,TRAIN,2018-02-20 09:55:30,0,0,0
Thuesday-20-02-2018_TrafficForML_CICFlowMeter_30s_state.csv,TRAIN,2018-02-20 09:56:00,0,0,0
Thuesday-20-02-2018_TrafficForML_CICFlowMeter_30s_state.csv,TRAIN,2018-02-20 09:56:30,0,0,0
Thuesday-20-02-2018_TrafficForML_CICFlowMeter_30s_state.csv,TRAIN,2018-02-20 09:57:00,0,0,0
Thuesday-20-02-2018_TrafficForML_CICFlowMeter_30s_state.csv,TRAIN,2018-02-20 09:57:30,0,0,0
Thuesday-20-02-2018_TrafficForML_CICFlowMeter_30s_state.csv,TRAIN,2018-02-20 09:58:00,0,0,0
Thuesday-20-02-2018_TrafficForML_CICFlowMeter_30s_state.csv,TRAIN,2018-02-20 09:58:30,0,0,0
Thuesday-20-02-2018_TrafficForML_CICFlowMeter_30s_state.csv,TRAIN,2018-02-20 09:59:00,0,0,0
Thuesday-20-02-2018_TrafficForML_CICFlowMeter_30s_state.csv,TRAIN,2018-02-20 09:59:30,0,0,0
Thuesday-20-02-2018_TrafficForML_CICFlowMeter_30s_state.csv,TRAIN,2018-02-20 10:00:00,0,0,0
Thuesday-20-02-2018_TrafficForML_CICFlowMeter_30s_state.csv,TRAIN,2018-02-20 10:00:30,0,0,0
Thuesday-20-02-2018_TrafficForML_CICFlowMeter_30s_state.csv,TRAIN,2018-02-20 10:01:00,0,0,0
Thuesday-20-02-2018_TrafficForML_CICFlowMeter_30s_state.csv,TRAIN,2018-02-20 10:01:30,0,0,0
Thuesday-20-02-2018_TrafficForML_CICFlowMeter_30s_state.csv,TRAIN,2018-02-20 10:02:00,0,0,0
Thuesday-20-02-2018_TrafficForML_CICFlowMeter_30s_state.csv,TRAIN,2018-02-20 10:02:30,0,0,0
Thuesday-20-02-2018_TrafficForML_CICFlowMeter_30s_state.csv,TRAIN,2018-02-20 10:03:00,0,0,0
Thuesday-20-02-2018_TrafficForML_CICFlowMeter_30s_state.csv,TRAIN,2018-02-20 10:03:30,0,0,0
Thuesday-20-02-2018_TrafficForML_CICFlowMeter_30s_state.csv,TRAIN,2018-02-20 10:04:00,0,0,0
Thuesday-20-02-2018_TrafficForML_CICFlowMeter_30s_state.csv,TRAIN,2018-02-20 10:04:30,0,0,0
Thuesday-20-02-2018_TrafficForML_CICFlowMeter_30s_state.csv,TRAIN,2018-02-20 10:05:00,0,0,0
Thuesday-20-02-2018_TrafficForML_CICFlowMeter_30s_state.csv,TRAIN,2018-02-20 10:05:30,0,0,0
Thuesday-20-02-2018_TrafficForML_CICFlowMeter_30s_state.csv,TRAIN,2018-02-20 10:06:00,0,0,0
Thuesday-20-02-2018_TrafficForML_CICFlowMeter_30s_state.csv,TRAIN,2018-02-20 10:06:30,0,0,0
Thuesday-20-02-2018_TrafficForML_CICFlowMeter_30s_state.csv,TRAIN,2018-02-20 10:07:00,0,0,0
Thuesday-20-02-2018_TrafficForML_CICFlowMeter_30s_state.csv,TRAIN,2018-02-20 10:07:30,0,0,0
Thuesday-20-02-2018_TrafficForML_CICFlowMeter_30s_state.csv,TRAIN,2018-02-20 10:08:00,0,0,0
Thuesday-20-02-2018_TrafficForML_CICFlowMeter_30s_state.csv,TRAIN,2018-02-20 10:08:30,0,0,0
Thuesday-20-02-2018_TrafficForML_CICFlowMeter_30s_state.csv,TRAIN,2018-02-20 10:09:00,0,0,0
Thuesday-20-02-2018_TrafficForML_CICFlowMeter_30s_state.csv,TRAIN,2018-02-20 10:09:30,0,0,0
Thuesday-20-02-2018_TrafficForML_CICFlowMeter_30s_state.csv,TRAIN,2018-02-20 10:10:00,0,0,0
Thuesday-20-02-2018_TrafficForML_CICFlowMeter_30s_state.csv,TRAIN,2018-02-20 10:10:30,0,0,0
Thuesday-20-02-2018_TrafficForML_CICFlowMeter_30s_state.csv,TRAIN,2018-02-20 10:11:00,0,0,0
Thuesday-20-02-2018_TrafficForML_CICFlowMeter_30s_state.csv,TRAIN,2018-02-20 10:11:30,0,0,0
Thuesday-20-02-2018_TrafficForML_CICFlowMeter_30s_state.csv,TRAIN,2018-02-20 10:12:00,0,0,0
Thuesday-20-02-2018_TrafficForML_CICFlowMeter_30s_state.csv,TRAIN,2018-02-20 10:12:30,0,0,0
Thuesday-20-02-2018_TrafficForML_CICFlowMeter_30s_state.csv,TRAIN,2018-02-20 10:13:00,0,0,0
Thuesday-20-02-2018_TrafficForML_CICFlowMeter_30s_state.csv,TRAIN,2018-02-20 10:13:30,0,1,0
Thuesday-20-02-2018_TrafficForML_CICFlowMeter_30s_state.csv,TRAIN,2018-02-20 10:14:00,1,1,1
Thuesday-20-02-2018_TrafficForML_CICFlowMeter_30s_state.csv,TRAIN,2018-02-20 10:14:30,1,1,1
Thuesday-20-02-2018_TrafficForML_CICFlowMeter_30s_state.csv,TRAIN,2018-02-20 10:15:00,1,1,1
Thuesday-20-02-2018_TrafficForML_CICFlowMeter_30s_state.csv,TRAIN,2018-02-20 10:15:30,1,1,1
Thuesday-20-02-2018_TrafficForML_CICFlowMeter_30s_state.csv,TRAIN,2018-02-20 10:16:00,1,1,1
Thuesday-20-02-2018_TrafficForML_CICFlowMeter_30s_state.csv,TRAIN,2018-02-20 10:16:30,1,1,1
Thuesday-20-02-2018_TrafficForML_CICFlowMeter_30s_state.csv,TRAIN,2018-02-20 10:17:00,1,1,1
Thuesday-20-02-2018_TrafficForML_CICFlowMeter_30s_state.csv,TRAIN,2018-02-20 10:17:30,1,1,1
Thuesday-20-02-2018_TrafficForML_CICFlowMeter_30s_state.csv,TRAIN,2018-02-20 10:18:00,1,1,1
Thuesday-20-02-2018_TrafficForML_CICFlowMeter_30s_state.csv,TRAIN,2018-02-20 10:18:30,1,1,1
Thuesday-20-02-2018_TrafficForML_CICFlowMeter_30s_state.csv,TRAIN,2018-02-20 10:19:00,1,1,1
Thuesday-20-02-2018_TrafficForML_CICFlowMeter_30s_state.csv,TRAIN,2018-02-20 10:19:30,1,1,1
Thuesday-20-02-2018_TrafficForML_CICFlowMeter_30s_state.csv,TRAIN,2018-02-20 10:20:00,1,1,1
Thuesday-20-02-2018_TrafficForML_CICFlowMeter_30s_state.csv,TRAIN,2018-02-20 10:20:30,1,1,1
Thuesday-20-02-2018_TrafficForML_CICFlowMeter_30s_state.csv,TRAIN,2018-02-20 10:21:00,1,1,1
Thuesday-20-02-2018_TrafficForML_CICFlowMeter_30s_state.csv,TRAIN,2018-02-20 10:21:30,1,1,1
Thuesday-20-02-2018_TrafficForML_CICFlowMeter_30s_state.csv,TRAIN,2018-02-20 10:22:00,1,1,1
Thuesday-20-02-2018_TrafficForML_CICFlowMeter_30s_state.csv,TRAIN,2018-02-20 10:22:30,1,1,1
Thuesday-20-02-2018_TrafficForML_CICFlowMeter_30s_state.csv,TRAIN,2018-02-20 10:23:00,1,1,1
Thuesday-20-02-2018_TrafficForML_CICFlowMeter_30s_state.csv,TRAIN,2018-02-20 10:23:30,1,1,1
Thuesday-20-02-2018_TrafficForML_CICFlowMeter_30s_state.csv,TRAIN,2018-02-20 10:24:00,1,1,1
Thuesday-20-02-2018_TrafficForML_CICFlowMeter_30s_state.csv,TRAIN,2018-02-20 10:24:30,1,1,1
Thuesday-20-02-2018_TrafficForML_CICFlowMeter_30s_state.csv,TRAIN,2018-02-20 10:25:00,1,1,1
Thuesday-20-02-2018_TrafficForML_CICFlowMeter_30s_state.csv,TRAIN,2018-02-20 10:25:30,1,1,1
Thuesday-20-02-2018_TrafficForML_CICFlowMeter_30s_state.csv,TRAIN,2018-02-20 10:26:00,1,1,1
Thuesday-20-02-2018_TrafficForML_CICFlowMeter_30s_state.csv,TRAIN,2018-02-20 10:26:30,1,1,1
Thuesday-20-02-2018_TrafficForML_CICFlowMeter_30s_state.csv,TRAIN,2018-02-20 10:27:00,1,1,1
Thuesday-20-02-2018_TrafficForML_CICFlowMeter_30s_state.csv,TRAIN,2018-02-20 10:27:30,1,1,1
Thuesday-20-02-2018_TrafficForML_CICFlowMeter_30s_state.csv,TRAIN,2018-02-20 10:28:00,1,1,1
Thuesday-20-02-2018_TrafficForML_CICFlowMeter_30s_state.csv,TRAIN,2018-02-20 10:28:30,1,1,1
Thuesday-20-02-2018_TrafficForML_CICFlowMeter_30s_state.csv,TRAIN,2018-02-20 10:29:00,1,1,1
Thuesday-20-02-2018_TrafficForML_CICFlowMeter_30s_state.csv,TRAIN,2018-02-20 10:29:30,1,1,1
Thuesday-20-02-2018_TrafficForML_CICFlowMeter_30s_state.csv,TRAIN,2018-02-20 10:30:00,1,1,1
Thuesday-20-02-2018_TrafficForML_CICFlowMeter_30s_state.csv,TRAIN,2018-02-20 10:30:30,1,1,1
Thuesday-20-02-2018_TrafficForML_CICFlowMeter_30s_state.csv,TRAIN,2018-02-20 10:31:00,1,1,1
Thuesday-20-02-2018_TrafficForML_CICFlowMeter_30s_state.csv,TRAIN,2018-02-20 10:31:30,1,1,1
Thuesday-20-02-2018_TrafficForML_CICFlowMeter_30s_state.csv,TRAIN,2018-02-20 10:32:00,1,1,1
Thuesday-20-02-2018_TrafficForML_CICFlowMeter_30s_state.csv,TRAIN,2018-02-20 10:32:30,1,1,1
Thuesday-20-02-2018_TrafficForML_CICFlowMeter_30s_state.csv,TRAIN,2018-02-20 10:33:00,1,1,1
Thuesday-20-02-2018_TrafficForML_CICFlowMeter_30s_state.csv,TRAIN,2018-02-20 10:33:30,1,1,1
Thuesday-20-02-2018_TrafficForML_CICFlowMeter_30s_state.csv,TRAIN,2018-02-20 10:34:00,1,1,1
Thuesday-20-02-2018_TrafficForML_CICFlowMeter_30s_state.csv,TRAIN,2018-02-20 10:34:30,1,1,1
Thuesday-20-02-2018_TrafficForML_CICFlowMeter_30s_state.csv,TRAIN,2018-02-20 10:35:00,1,1,1
Thuesday-20-02-2018_TrafficForML_CICFlowMeter_30s_state.csv,TRAIN,2018-02-20 10:35:30,1,1,1
Thuesday-20-02-2018_TrafficForML_CICFlowMeter_30s_state.csv,TRAIN,2018-02-20 10:36:00,1,1,1
Thuesday-20-02-2018_TrafficForML_CICFlowMeter_30s_state.csv,TRAIN,2018-02-20 10:36:30,1,1,1
Thuesday-20-02-2018_TrafficForML_CICFlowMeter_30s_state.csv,TRAIN,2018-02-20 10:37:00,1,1,1
Thuesday-20-02-2018_TrafficForML_CICFlowMeter_30s_state.csv,TRAIN,2018-02-20 10:37:30,1,1,1
Thuesday-20-02-2018_TrafficForML_CICFlowMeter_30s_state.csv,TRAIN,2018-02-20 10:38:00,1,1,1
Thuesday-20-02-2018_TrafficForML_CICFlowMeter_30s_state.csv,TRAIN,2018-02-20 10:38:30,1,1,1
Thuesday-20-02-2018_TrafficForML_CICFlowMeter_30s_state.csv,TRAIN,2018-02-20 10:39:00,1,1,1
Thuesday-20-02-2018_TrafficForML_CICFlowMeter_30s_state.csv,TRAIN,2018-02-20 10:39:30,1,1,1
Thuesday-20-02-2018_TrafficForML_CICFlowMeter_30s_state.csv,TRAIN,2018-02-20 10:40:00,1,1,1
Thuesday-20-02-2018_TrafficForML_CICFlowMeter_30s_state.csv,TRAIN,2018-02-20 10:40:30,1,1,1
Thuesday-20-02-2018_TrafficForML_CICFlowMeter_30s_state.csv,TRAIN,2018-02-20 10:41:00,1,1,1
Thuesday-20-02-2018_TrafficForML_CICFlowMeter_30s_state.csv,TRAIN,2018-02-20 10:41:30,1,1,1
Thuesday-20-02-2018_TrafficForML_CICFlowMeter_30s_state.csv,TRAIN,2018-02-20 10:42:00,1,1,1
Thuesday-20-02-2018_TrafficForML_CICFlowMeter_30s_state.csv,TRAIN,2018-02-20 10:42:30,1,1,1
Thuesday-20-02-2018_TrafficForML_CICFlowMeter_30s_state.csv,TRAIN,2018-02-20 10:43:00,1,1,1
Thuesday-20-02-2018_TrafficForML_CICFlowMeter_30s_state.csv,TRAIN,2018-02-20 10:43:30,1,1,1
Thuesday-20-02-2018_TrafficForML_CICFlowMeter_30s_state.csv,TRAIN,2018-02-20 10:44:00,1,1,1
Thuesday-20-02-2018_TrafficForML_CICFlowMeter_30s_state.csv,TRAIN,2018-02-20 10:44:30,1,1,1
Thuesday-20-02-2018_TrafficForML_CICFlowMeter_30s_state.csv,TRAIN,2018-02-20 10:45:00,1,1,1
Thuesday-20-02-2018_TrafficForML_CICFlowMeter_30s_state.csv,TRAIN,2018-02-20 10:45:30,1,1,1
Thuesday-20-02-2018_TrafficForML_CICFlowMeter_30s_state.csv,TRAIN,2018-02-20 10:46:00,1,1,1
Thuesday-20-02-2018_TrafficForML_CICFlowMeter_30s_state.csv,TRAIN,2018-02-20 10:46:30,1,1,1
Thuesday-20-02-2018_TrafficForML_CICFlowMeter_30s_state.csv,TRAIN,2018-02-20 10:47:00,1,1,1
Thuesday-20-02-2018_TrafficForML_CICFlowMeter_30s_state.csv,TRAIN,2018-02-20 10:47:30,1,1,1
Thuesday-20-02-2018_TrafficForML_CICFlowMeter_30s_state.csv,TRAIN,2018-02-20 10:48:00,1,1,1
Thuesday-20-02-2018_TrafficForML_CICFlowMeter_30s_state.csv,TRAIN,2018-02-20 10:48:30,1,1,1
Thuesday-20-02-2018_TrafficForML_CICFlowMeter_30s_state.csv,TRAIN,2018-02-20 10:49:00,1,1,1
Thuesday-20-02-2018_TrafficForML_CICFlowMeter_30s_state.csv,TRAIN,2018-02-20 10:49:30,1,1,1
Thuesday-20-02-2018_TrafficForML_CICFlowMeter_30s_state.csv,TRAIN,2018-02-20 10:50:00,1,1,1
Thuesday-20-02-2018_TrafficForML_CICFlowMeter_30s_state.csv,TRAIN,2018-02-20 10:50:30,1,1,1
Thuesday-20-02-2018_TrafficForML_CICFlowMeter_30s_state.csv,TRAIN,2018-02-20 10:51:00,1,1,1
Thuesday-20-02-2018_TrafficForML_CICFlowMeter_30s_state.csv,TRAIN,2018-02-20 10:51:30,1,1,1
Thuesday-20-02-2018_TrafficForML_CICFlowMeter_30s_state.csv,TRAIN,2018-02-20 10:52:00,1,1,1
Thuesday-20-02-2018_TrafficForML_CICFlowMeter_30s_state.csv,TRAIN,2018-02-20 10:52:30,1,1,1
Thuesday-20-02-2018_TrafficForML_CICFlowMeter_30s_state.csv,TRAIN,2018-02-20 10:53:00,1,1,1
Thuesday-20-02-2018_TrafficForML_CICFlowMeter_30s_state.csv,TRAIN,2018-02-20 10:53:30,1,1,1
Thuesday-20-02-2018_TrafficForML_CICFlowMeter_30s_state.csv,TRAIN,2018-02-20 10:54:00,1,1,1
Thuesday-20-02-2018_TrafficForML_CICFlowMeter_30s_state.csv,TRAIN,2018-02-20 10:54:30,1,1,1
Thuesday-20-02-2018_TrafficForML_CICFlowMeter_30s_state.csv,TRAIN,2018-02-20 10:55:00,1,1,1
Thuesday-20-02-2018_TrafficForML_CICFlowMeter_30s_state.csv,TRAIN,2018-02-20 10:55:30,1,1,1
Thuesday-20-02-2018_TrafficForML_CICFlowMeter_30s_state.csv,TRAIN,2018-02-20 10:56:00,1,1,1
Thuesday-20-02-2018_TrafficForML_CICFlowMeter_30s_state.csv,TRAIN,2018-02-20 10:56:30,1,1,1
Thuesday-20-02-2018_TrafficForML_CICFlowMeter_30s_state.csv,TRAIN,2018-02-20 10:57:00,1,1,1
Thuesday-20-02-2018_TrafficForML_CICFlowMeter_30s_state.csv,TRAIN,2018-02-20 10:57:30,1,1,1
Thuesday-20-02-2018_TrafficForML_CICFlowMeter_30s_state.csv,TRAIN,2018-02-20 10:58:00,1,1,1
Thuesday-20-02-2018_TrafficForML_CICFlowMeter_30s_state.csv,TRAIN,2018-02-20 10:58:30,1,1,1
Thuesday-20-02-2018_TrafficForML_CICFlowMeter_30s_state.csv,TRAIN,2018-02-20 10:59:00,1,1,1
Thuesday-20-02-2018_TrafficForML_CICFlowMeter_30s_state.csv,TRAIN,2018-02-20 10:59:30,1,1,1
Thuesday-20-02-2018_TrafficForML_CICFlowMeter_30s_state.csv,TRAIN,2018-02-20 11:00:00,1,1,1
Thuesday-20-02-2018_TrafficForML_CICFlowMeter_30s_state.csv,TRAIN,2018-02-20 11:00:30,1,1,1
Thuesday-20-02-2018_TrafficForML_CICFlowMeter_30s_state.csv,TRAIN,2018-02-20 11:01:00,1,1,1
Thuesday-20-02-2018_TrafficForML_CICFlowMeter_30s_state.csv,TRAIN,2018-02-20 11:01:30,1,1,1
Thuesday-20-02-2018_TrafficForML_CICFlowMeter_30s_state.csv,TRAIN,2018-02-20 11:02:00,1,1,1
Thuesday-20-02-2018_TrafficForML_CICFlowMeter_30s_state.csv,TRAIN,2018-02-20 11:02:30,1,1,1
Thuesday-20-02-2018_TrafficForML_CICFlowMeter_30s_state.csv,TRAIN,2018-02-20 11:03:00,1,1,1
Thuesday-20-02-2018_TrafficForML_CICFlowMeter_30s_state.csv,TRAIN,2018-02-20 11:03:30,1,1,1
Thuesday-20-02-2018_TrafficForML_CICFlowMeter_30s_state.csv,TRAIN,2018-02-20 11:04:00,1,1,1
Thuesday-20-02-2018_TrafficForML_CICFlowMeter_30s_state.csv,TRAIN,2018-02-20 11:04:30,1,1,1
Thuesday-20-02-2018_TrafficForML_CICFlowMeter_30s_state.csv,TRAIN,2018-02-20 11:05:00,1,1,1
Thuesday-20-02-2018_TrafficForML_CICFlowMeter_30s_state.csv,TRAIN,2018-02-20 11:05:30,1,1,1
Thuesday-20-02-2018_TrafficForML_CICFlowMeter_30s_state.csv,TRAIN,2018-02-20 11:06:00,1,1,1
Thuesday-20-02-2018_TrafficForML_CICFlowMeter_30s_state.csv,TRAIN,2018-02-20 11:06:30,1,1,1
Thuesday-20-02-2018_TrafficForML_CICFlowMeter_30s_state.csv,TRAIN,2018-02-20 11:07:00,1,1,1
Thuesday-20-02-2018_TrafficForML_CICFlowMeter_30s_state.csv,TRAIN,2018-02-20 11:07:30,1,1,1
Thuesday-20-02-2018_TrafficForML_CICFlowMeter_30s_state.csv,TRAIN,2018-02-20 11:08:00,1,1,1
Thuesday-20-02-2018_TrafficForML_CICFlowMeter_30s_state.csv,TRAIN,2018-02-20 11:08:30,1,1,1
Thuesday-20-02-2018_TrafficForML_CICFlowMeter_30s_state.csv,TRAIN,2018-02-20 11:09:00,1,1,1
Thuesday-20-02-2018_TrafficForML_CICFlowMeter_30s_state.csv,TRAIN,2018-02-20 11:09:30,1,1,1
Thuesday-20-02-2018_TrafficForML_CICFlowMeter_30s_state.csv,TRAIN,2018-02-20 11:10:00,1,1,1
Thuesday-20-02-2018_TrafficForML_CICFlowMeter_30s_state.csv,TRAIN,2018-02-20 11:10:30,1,1,1
Thuesday-20-02-2018_TrafficForML_CICFlowMeter_30s_state.csv,TRAIN,2018-02-20 11:11:00,1,1,1
Thuesday-20-02-2018_TrafficForML_CICFlowMeter_30s_state.csv,TRAIN,2018-02-20 11:11:30,1,1,1
Thuesday-20-02-2018_TrafficForML_CICFlowMeter_30s_state.csv,TRAIN,2018-02-20 11:12:00,1,1,1
Thuesday-20-02-2018_TrafficForML_CICFlowMeter_30s_state.csv,TRAIN,2018-02-20 11:12:30,1,1,1
Thuesday-20-02-2018_TrafficForML_CICFlowMeter_30s_state.csv,TRAIN,2018-02-20 11:13:00,1,1,1
Thuesday-20-02-2018_TrafficForML_CICFlowMeter_30s_state.csv,TRAIN,2018-02-20 11:13:30,1,1,1
Thuesday-20-02-2018_TrafficForML_CICFlowMeter_30s_state.csv,TRAIN,2018-02-20 11:14:00,1,1,1
Thuesday-20-02-2018_TrafficForML_CICFlowMeter_30s_state.csv,TRAIN,2018-02-20 11:14:30,1,1,1
Thuesday-20-02-2018_TrafficForML_CICFlowMeter_30s_state.csv,TRAIN,2018-02-20 11:15:00,1,1,1
Thuesday-20-02-2018_TrafficForML_CICFlowMeter_30s_state.csv,TRAIN,2018-02-20 11:15:30,1,1,1
Thuesday-20-02-2018_TrafficForML_CICFlowMeter_30s_state.csv,TRAIN,2018-02-20 11:16:00,1,1,1
Thuesday-20-02-2018_TrafficForML_CICFlowMeter_30s_state.csv,TRAIN,2018-02-20 11:16:30,1,1,1
Thuesday-20-02-2018_TrafficForML_CICFlowMeter_30s_state.csv,TRAIN,2018-02-20 11:17:00,1,0,1
Thuesday-20-02-2018_TrafficForML_CICFlowMeter_30s_state.csv,TRAIN,2018-02-20 11:17:30,0,0,0
Thuesday-20-02-2018_TrafficForML_CICFlowMeter_30s_state.csv,TRAIN,2018-02-20 11:18:00,0,0,0
Thuesday-20-02-2018_TrafficForML_CICFlowMeter_30s_state.csv,TRAIN,2018-02-20 11:18:30,0,0,0
Thuesday-20-02-2018_TrafficForML_CICFlowMeter_30s_state.csv,TRAIN,2018-02-20 11:19:00,0,0,0
Thuesday-20-02-2018_TrafficForML_CICFlowMeter_30s_state.csv,TRAIN,2018-02-20 11:19:30,0,0,0
Thuesday-20-02-2018_TrafficForML_CICFlowMeter_30s_state.csv,TRAIN,2018-02-20 11:20:00,0,0,0
Thuesday-20-02-2018_TrafficForML_CICFlowMeter_30s_state.csv,TRAIN,2018-02-20 11:20:30,0,0,0
Thuesday-20-02-2018_TrafficForML_CICFlowMeter_30s_state.csv,TRAIN,2018-02-20 11:21:00,0,0,0
Thuesday-20-02-2018_TrafficForML_CICFlowMeter_30s_state.csv,TRAIN,2018-02-20 11:21:30,0,0,0
Thuesday-20-02-2018_TrafficForML_CICFlowMeter_30s_state.csv,TRAIN,2018-02-20 11:22:00,0,0,0
Thuesday-20-02-2018_TrafficForML_CICFlowMeter_30s_state.csv,TRAIN,2018-02-20 11:22:30,0,0,0
Thuesday-20-02-2018_TrafficForML_CICFlowMeter_30s_state.csv,TRAIN,2018-02-20 11:23:00,0,0,0
Thuesday-20-02-2018_TrafficForML_CICFlowMeter_30s_state.csv,TRAIN,2018-02-20 11:23:30,0,0,0
Thuesday-20-02-2018_TrafficForML_CICFlowMeter_30s_state.csv,TRAIN,2018-02-20 11:24:00,0,0,0
Thuesday-20-02-2018_TrafficForML_CICFlowMeter_30s_state.csv,TRAIN,2018-02-20 11:24:30,0,0,0
Thuesday-20-02-2018_TrafficForML_CICFlowMeter_30s_state.csv,TRAIN,2018-02-20 11:25:00,0,0,0
Thuesday-20-02-2018_TrafficForML_CICFlowMeter_30s_state.csv,TRAIN,2018-02-20 11:25:30,0,0,0
Thuesday-20-02-2018_TrafficForML_CICFlowMeter_30s_state.csv,TRAIN,2018-02-20 11:26:00,0,0,0
Thuesday-20-02-2018_TrafficForML_CICFlowMeter_30s_state.csv,TRAIN,2018-02-20 11:26:30,0,0,0
Thuesday-20-02-2018_TrafficForML_CICFlowMeter_30s_state.csv,TRAIN,2018-02-20 11:27:00,0,0,0
Thuesday-20-02-2018_TrafficForML_CICFlowMeter_30s_state.csv,TRAIN,2018-02-20 11:27:30,0,0,0
Thuesday-20-02-2018_TrafficForML_CICFlowMeter_30s_state.csv,TRAIN,2018-02-20 11:28:00,0,0,0
Thuesday-20-02-2018_TrafficForML_CICFlowMeter_30s_state.csv,TRAIN,2018-02-20 11:28:30,0,0,0
Thuesday-20-02-2018_TrafficForML_CICFlowMeter_30s_state.csv,TRAIN,2018-02-20 11:29:00,0,0,0
Thuesday-20-02-2018_TrafficForML_CICFlowMeter_30s_state.csv,TRAIN,2018-02-20 11:29:30,0,0,0
Thuesday-20-02-2018_TrafficForML_CICFlowMeter_30s_state.csv,TRAIN,2018-02-20 11:30:00,0,0,0
Thuesday-20-02-2018_TrafficForML_CICFlowMeter_30s_state.csv,TRAIN,2018-02-20 11:30:30,0,0,0
Thuesday-20-02-2018_TrafficForML_CICFlowMeter_30s_state.csv,TRAIN,2018-02-20 11:31:00,0,0,0
Thuesday-20-02-2018_TrafficForML_CICFlowMeter_30s_state.csv,TRAIN,2018-02-20 11:31:30,0,0,0
Thuesday-20-02-2018_TrafficForML_CICFlowMeter_30s_state.csv,TRAIN,2018-02-20 11:32:00,0,0,0
Thuesday-20-02-2018_TrafficForML_CICFlowMeter_30s_state.csv,TRAIN,2018-02-20 11:32:30,0,0,0
Thuesday-20-02-2018_TrafficForML_CICFlowMeter_30s_state.csv,TRAIN,2018-02-20 11:33:00,0,0,0
Thuesday-20-02-2018_TrafficForML_CICFlowMeter_30s_state.csv,TRAIN,2018-02-20 11:33:30,0,0,0
Thuesday-20-02-2018_TrafficForML_CICFlowMeter_30s_state.csv,TRAIN,2018-02-20 11:34:00,0,0,0
Thuesday-20-02-2018_TrafficForML_CICFlowMeter_30s_state.csv,TRAIN,2018-02-20 11:34:30,0,0,0
Thuesday-20-02-2018_TrafficForML_CICFlowMeter_30s_state.csv,TRAIN,2018-02-20 11:35:00,0,0,0
Thuesday-20-02-2018_TrafficForML_CICFlowMeter_30s_state.csv,TRAIN,2018-02-20 11:35:30,0,0,0
Thuesday-20-02-2018_TrafficForML_CICFlowMeter_30s_state.csv,TRAIN,2018-02-20 11:36:00,0,0,0
Thuesday-20-02-2018_TrafficForML_CICFlowMeter_30s_state.csv,TRAIN,2018-02-20 11:36:30,0,0,0
Thuesday-20-02-2018_TrafficForML_CICFlowMeter_30s_state.csv,TRAIN,2018-02-20 11:37:00,0,0,0
Thuesday-20-02-2018_TrafficForML_CICFlowMeter_30s_state.csv,TRAIN,2018-02-20 11:37:30,0,0,0
Thuesday-20-02-2018_TrafficForML_CICFlowMeter_30s_state.csv,TRAIN,2018-02-20 11:38:00,0,0,0
Thuesday-20-02-2018_TrafficForML_CICFlowMeter_30s_state.csv,TRAIN,2018-02-20 11:38:30,0,0,0
Thuesday-20-02-2018_TrafficForML_CICFlowMeter_30s_state.csv,TRAIN,2018-02-20 11:39:00,0,0,0
Thuesday-20-02-2018_TrafficForML_CICFlowMeter_30s_state.csv,TRAIN,2018-02-20 11:39:30,0,0,0
Thuesday-20-02-2018_TrafficForML_CICFlowMeter_30s_state.csv,TRAIN,2018-02-20 11:40:00,0,0,0
Thuesday-20-02-2018_TrafficForML_CICFlowMeter_30s_state.csv,TRAIN,2018-02-20 11:40:30,0,0,0
Thuesday-20-02-2018_TrafficForML_CICFlowMeter_30s_state.csv,TRAIN,2018-02-20 11:41:00,0,0,0
Thuesday-20-02-2018_TrafficForML_CICFlowMeter_30s_state.csv,TRAIN,2018-02-20 11:41:30,0,0,0
Thuesday-20-02-2018_TrafficForML_CICFlowMeter_30s_state.csv,TRAIN,2018-02-20 11:42:00,0,0,0
Thuesday-20-02-2018_TrafficForML_CICFlowMeter_30s_state.csv,TRAIN,2018-02-20 11:42:30,0,0,0
Thuesday-20-02-2018_TrafficForML_CICFlowMeter_30s_state.csv,TRAIN,2018-02-20 11:43:00,0,0,0
Thuesday-20-02-2018_TrafficForML_CICFlowMeter_30s_state.csv,TRAIN,2018-02-20 11:43:30,0,0,0
Thuesday-20-02-2018_TrafficForML_CICFlowMeter_30s_state.csv,TRAIN,2018-02-20 11:44:00,0,0,0
Thuesday-20-02-2018_TrafficForML_CICFlowMeter_30s_state.csv,TRAIN,2018-02-20 11:44:30,0,0,0
Thuesday-20-02-2018_TrafficForML_CICFlowMeter_30s_state.csv,TRAIN,2018-02-20 11:45:00,0,0,0
Thuesday-20-02-2018_TrafficForML_CICFlowMeter_30s_state.csv,TRAIN,2018-02-20 11:45:30,0,0,0
Thuesday-20-02-2018_TrafficForML_CICFlowMeter_30s_state.csv,TRAIN,2018-02-20 11:46:00,0,0,0
Thuesday-20-02-2018_TrafficForML_CICFlowMeter_30s_state.csv,TRAIN,2018-02-20 11:46:30,0,0,0
Thuesday-20-02-2018_TrafficForML_CICFlowMeter_30s_state.csv,TRAIN,2018-02-20 11:47:00,0,0,0
Thuesday-20-02-2018_TrafficForML_CICFlowMeter_30s_state.csv,TRAIN,2018-02-20 11:47:30,0,0,0
Thuesday-20-02-2018_TrafficForML_CICFlowMeter_30s_state.csv,TRAIN,2018-02-20 11:48:00,0,0,0
Thuesday-20-02-2018_TrafficForML_CICFlowMeter_30s_state.csv,TRAIN,2018-02-20 11:48:30,0,0,0
Thuesday-20-02-2018_TrafficForML_CICFlowMeter_30s_state.csv,TRAIN,2018-02-20 11:49:00,0,0,0
Thuesday-20-02-2018_TrafficForML_CICFlowMeter_30s_state.csv,TRAIN,2018-02-20 11:49:30,0,0,0
Thuesday-20-02-2018_TrafficForML_CICFlowMeter_30s_state.csv,TRAIN,2018-02-20 11:50:00,0,0,0
Thuesday-20-02-2018_TrafficForML_CICFlowMeter_30s_state.csv,TRAIN,2018-02-20 11:50:30,0,0,0
Thuesday-20-02-2018_TrafficForML_CICFlowMeter_30s_state.csv,TRAIN,2018-02-20 11:51:00,0,0,0
Thuesday-20-02-2018_TrafficForML_CICFlowMeter_30s_state.csv,TRAIN,2018-02-20 11:51:30,0,0,0
Thuesday-20-02-2018_TrafficForML_CICFlowMeter_30s_state.csv,TRAIN,2018-02-20 11:52:00,0,0,0
Thuesday-20-02-2018_TrafficForML_CICFlowMeter_30s_state.csv,TRAIN,2018-02-20 11:52:30,0,0,0
Thuesday-20-02-2018_TrafficForML_CICFlowMeter_30s_state.csv,TRAIN,2018-02-20 11:53:00,0,0,0
Thuesday-20-02-2018_TrafficForML_CICFlowMeter_30s_state.csv,TRAIN,2018-02-20 11:53:30,0,0,0
Thuesday-20-02-2018_TrafficForML_CICFlowMeter_30s_state.csv,TRAIN,2018-02-20 11:54:00,0,0,0
Thuesday-20-02-2018_TrafficForML_CICFlowMeter_30s_state.csv,TRAIN,2018-02-20 11:54:30,0,0,0
Thuesday-20-02-2018_TrafficForML_CICFlowMeter_30s_state.csv,TRAIN,2018-02-20 11:55:00,0,0,0
Thuesday-20-02-2018_TrafficForML_CICFlowMeter_30s_state.csv,TRAIN,2018-02-20 11:55:30,0,0,0
Thuesday-20-02-2018_TrafficForML_CICFlowMeter_30s_state.csv,TRAIN,2018-02-20 11:56:00,0,0,0
Thuesday-20-02-2018_TrafficForML_CICFlowMeter_30s_state.csv,TRAIN,2018-02-20 11:56:30,0,0,0
Thuesday-20-02-2018_TrafficForML_CICFlowMeter_30s_state.csv,TRAIN,2018-02-20 11:57:00,0,0,0
Thuesday-20-02-2018_TrafficForML_CICFlowMeter_30s_state.csv,TRAIN,2018-02-20 11:57:30,0,0,0
Thuesday-20-02-2018_TrafficForML_CICFlowMeter_30s_state.csv,TRAIN,2018-02-20 11:58:00,0,0,0
Thuesday-20-02-2018_TrafficForML_CICFlowMeter_30s_state.csv,TRAIN,2018-02-20 11:58:30,0,0,0
Thuesday-20-02-2018_TrafficForML_CICFlowMeter_30s_state.csv,TRAIN,2018-02-20 11:59:00,0,0,0
Thuesday-20-02-2018_TrafficForML_CICFlowMeter_30s_state.csv,TRAIN,2018-02-20 11:59:30,0,0,0
Thuesday-20-02-2018_TrafficForML_CICFlowMeter_30s_state.csv,TRAIN,2018-02-20 12:00:00,0,0,0
Thuesday-20-02-2018_TrafficForML_CICFlowMeter_30s_state.csv,TRAIN,2018-02-20 12:00:30,0,0,0
Thuesday-20-02-2018_TrafficForML_CICFlowMeter_30s_state.csv,TRAIN,2018-02-20 12:01:00,0,0,0
Thuesday-20-02-2018_TrafficForML_CICFlowMeter_30s_state.csv,TRAIN,2018-02-20 12:01:30,0,0,0
Thuesday-20-02-2018_TrafficForML_CICFlowMeter_30s_state.csv,TRAIN,2018-02-20 12:02:00,0,0,0
Thuesday-20-02-2018_TrafficForML_CICFlowMeter_30s_state.csv,TRAIN,2018-02-20 12:02:30,0,0,0
Thuesday-20-02-2018_TrafficForML_CICFlowMeter_30s_state.csv,TRAIN,2018-02-20 12:03:00,0,0,0
Thuesday-20-02-2018_TrafficForML_CICFlowMeter_30s_state.csv,TRAIN,2018-02-20 12:03:30,0,0,0
Thuesday-20-02-2018_TrafficForML_CICFlowMeter_30s_state.csv,TRAIN,2018-02-20 12:04:00,0,0,0
Thuesday-20-02-2018_TrafficForML_CICFlowMeter_30s_state.csv,TRAIN,2018-02-20 12:04:30,0,0,0
Thuesday-20-02-2018_TrafficForML_CICFlowMeter_30s_state.csv,TRAIN,2018-02-20 12:05:00,0,0,0
Thuesday-20-02-2018_TrafficForML_CICFlowMeter_30s_state.csv,TRAIN,2018-02-20 12:05:30,0,0,0
Thuesday-20-02-2018_TrafficForML_CICFlowMeter_30s_state.csv,TRAIN,2018-02-20 12:06:00,0,0,0
Thuesday-20-02-2018_TrafficForML_CICFlowMeter_30s_state.csv,TRAIN,2018-02-20 12:06:30,0,0,0
Thuesday-20-02-2018_TrafficForML_CICFlowMeter_30s_state.csv,TRAIN,2018-02-20 12:07:00,0,0,0
Thuesday-20-02-2018_TrafficForML_CICFlowMeter_30s_state.csv,TRAIN,2018-02-20 12:07:30,0,0,0
Thuesday-20-02-2018_TrafficForML_CICFlowMeter_30s_state.csv,TRAIN,2018-02-20 12:08:00,0,0,0
Thuesday-20-02-2018_TrafficForML_CICFlowMeter_30s_state.csv,TRAIN,2018-02-20 12:08:30,0,0,0
Thuesday-20-02-2018_TrafficForML_CICFlowMeter_30s_state.csv,TRAIN,2018-02-20 12:09:00,0,0,0
Thuesday-20-02-2018_TrafficForML_CICFlowMeter_30s_state.csv,TRAIN,2018-02-20 12:09:30,0,0,0
Thuesday-20-02-2018_TrafficForML_CICFlowMeter_30s_state.csv,TRAIN,2018-02-20 12:10:00,0,0,0
Thuesday-20-02-2018_TrafficForML_CICFlowMeter_30s_state.csv,TRAIN,2018-02-20 12:10:30,0,0,0
Thuesday-20-02-2018_TrafficForML_CICFlowMeter_30s_state.csv,TRAIN,2018-02-20 12:11:00,0,0,0
Thuesday-20-02-2018_TrafficForML_CICFlowMeter_30s_state.csv,TRAIN,2018-02-20 12:11:30,0,0,0
Thuesday-20-02-2018_TrafficForML_CICFlowMeter_30s_state.csv,TRAIN,2018-02-20 12:12:00,0,0,0
Thuesday-20-02-2018_TrafficForML_CICFlowMeter_30s_state.csv,TRAIN,2018-02-20 12:12:30,0,0,0
Thuesday-20-02-2018_TrafficForML_CICFlowMeter_30s_state.csv,TRAIN,2018-02-20 12:13:00,0,0,0
Thuesday-20-02-2018_TrafficForML_CICFlowMeter_30s_state.csv,TRAIN,2018-02-20 12:13:30,0,0,0
Thuesday-20-02-2018_TrafficForML_CICFlowMeter_30s_state.csv,TRAIN,2018-02-20 12:14:00,0,0,0
Thuesday-20-02-2018_TrafficForML_CICFlowMeter_30s_state.csv,TRAIN,2018-02-20 12:14:30,0,0,0
Thuesday-20-02-2018_TrafficForML_CICFlowMeter_30s_state.csv,TRAIN,2018-02-20 12:15:00,0,0,0
Thuesday-20-02-2018_TrafficForML_CICFlowMeter_30s_state.csv,TRAIN,2018-02-20 12:15:30,0,0,0
Thuesday-20-02-2018_TrafficForML_CICFlowMeter_30s_state.csv,TRAIN,2018-02-20 12:16:00,0,0,0
Thuesday-20-02-2018_TrafficForML_CICFlowMeter_30s_state.csv,TRAIN,2018-02-20 12:16:30,0,0,0
Thuesday-20-02-2018_TrafficForML_CICFlowMeter_30s_state.csv,TRAIN,2018-02-20 12:17:00,0,0,0
Thuesday-20-02-2018_TrafficForML_CICFlowMeter_30s_state.csv,TRAIN,2018-02-20 12:17:30,0,0,0
Thuesday-20-02-2018_TrafficForML_CICFlowMeter_30s_state.csv,TRAIN,2018-02-20 12:18:00,0,0,0
Thuesday-20-02-2018_TrafficForML_CICFlowMeter_30s_state.csv,TRAIN,2018-02-20 12:18:30,0,0,0
Thuesday-20-02-2018_TrafficForML_CICFlowMeter_30s_state.csv,TRAIN,2018-02-20 12:19:00,0,0,0
Thuesday-20-02-2018_TrafficForML_CICFlowMeter_30s_state.csv,TRAIN,2018-02-20 12:19:30,0,0,0
Thuesday-20-02-2018_TrafficForML_CICFlowMeter_30s_state.csv,TRAIN,2018-02-20 12:20:00,0,0,0
Thuesday-20-02-2018_TrafficForML_CICFlowMeter_30s_state.csv,TRAIN,2018-02-20 12:20:30,0,0,0
Thuesday-20-02-2018_TrafficForML_CICFlowMeter_30s_state.csv,TRAIN,2018-02-20 12:21:00,0,0,0
Thuesday-20-02-2018_TrafficForML_CICFlowMeter_30s_state.csv,TRAIN,2018-02-20 12:21:30,0,0,0
Thuesday-20-02-2018_TrafficForML_CICFlowMeter_30s_state.csv,TRAIN,2018-02-20 12:22:00,0,0,0
Thuesday-20-02-2018_TrafficForML_CICFlowMeter_30s_state.csv,TRAIN,2018-02-20 12:22:30,0,0,0
Thuesday-20-02-2018_TrafficForML_CICFlowMeter_30s_state.csv,TRAIN,2018-02-20 12:23:00,0,0,0
Thuesday-20-02-2018_TrafficForML_CICFlowMeter_30s_state.csv,TRAIN,2018-02-20 12:23:30,0,0,0
Thuesday-20-02-2018_TrafficForML_CICFlowMeter_30s_state.csv,TRAIN,2018-02-20 12:24:00,0,0,0
Thuesday-20-02-2018_TrafficForML_CICFlowMeter_30s_state.csv,TRAIN,2018-02-20 12:24:30,0,0,0
Thuesday-20-02-2018_TrafficForML_CICFlowMeter_30s_state.csv,TRAIN,2018-02-20 12:25:00,0,0,0
Thuesday-20-02-2018_TrafficForML_CICFlowMeter_30s_state.csv,TRAIN,2018-02-20 12:25:30,0,0,0
Thuesday-20-02-2018_TrafficForML_CICFlowMeter_30s_state.csv,TRAIN,2018-02-20 12:26:00,0,0,0
Thuesday-20-02-2018_TrafficForML_CICFlowMeter_30s_state.csv,TRAIN,2018-02-20 12:26:30,0,0,0
Thuesday-20-02-2018_TrafficForML_CICFlowMeter_30s_state.csv,TRAIN,2018-02-20 12:27:00,0,0,0
Thuesday-20-02-2018_TrafficForML_CICFlowMeter_30s_state.csv,TRAIN,2018-02-20 12:27:30,0,0,0
Thuesday-20-02-2018_TrafficForML_CICFlowMeter_30s_state.csv,TRAIN,2018-02-20 12:28:00,0,0,0
Thuesday-20-02-2018_TrafficForML_CICFlowMeter_30s_state.csv,TRAIN,2018-02-20 12:28:30,0,0,0
Thuesday-20-02-2018_TrafficForML_CICFlowMeter_30s_state.csv,TRAIN,2018-02-20 12:29:00,0,0,0
Thuesday-20-02-2018_TrafficForML_CICFlowMeter_30s_state.csv,TRAIN,2018-02-20 12:29:30,0,0,0
Thuesday-20-02-2018_TrafficForML_CICFlowMeter_30s_state.csv,TRAIN,2018-02-20 12:30:00,0,0,0
Thuesday-20-02-2018_TrafficForML_CICFlowMeter_30s_state.csv,TRAIN,2018-02-20 12:30:30,0,0,0
Thuesday-20-02-2018_TrafficForML_CICFlowMeter_30s_state.csv,TRAIN,2018-02-20 12:31:00,0,0,0
Thuesday-20-02-2018_TrafficForML_CICFlowMeter_30s_state.csv,TRAIN,2018-02-20 12:31:30,0,0,0
Thuesday-20-02-2018_TrafficForML_CICFlowMeter_30s_state.csv,TRAIN,2018-02-20 12:32:00,0,0,0
Thuesday-20-02-2018_TrafficForML_CICFlowMeter_30s_state.csv,TRAIN,2018-02-20 12:32:30,0,0,0
Thuesday-20-02-2018_TrafficForML_CICFlowMeter_30s_state.csv,TRAIN,2018-02-20 12:33:00,0,0,0
Thuesday-20-02-2018_TrafficForML_CICFlowMeter_30s_state.csv,TRAIN,2018-02-20 12:33:30,0,0,0
Thuesday-20-02-2018_TrafficForML_CICFlowMeter_30s_state.csv,TRAIN,2018-02-20 12:34:00,0,0,0
Thuesday-20-02-2018_TrafficForML_CICFlowMeter_30s_state.csv,TRAIN,2018-02-20 12:34:30,0,0,0
Thuesday-20-02-2018_TrafficForML_CICFlowMeter_30s_state.csv,TRAIN,2018-02-20 12:35:00,0,0,0
Thuesday-20-02-2018_TrafficForML_CICFlowMeter_30s_state.csv,TRAIN,2018-02-20 12:35:30,0,0,0
Thuesday-20-02-2018_TrafficForML_CICFlowMeter_30s_state.csv,TRAIN,2018-02-20 12:36:00,0,0,0
Thuesday-20-02-2018_TrafficForML_CICFlowMeter_30s_state.csv,TRAIN,2018-02-20 12:36:30,0,0,0
Thuesday-20-02-2018_TrafficForML_CICFlowMeter_30s_state.csv,TRAIN,2018-02-20 12:37:00,0,0,0
Thuesday-20-02-2018_TrafficForML_CICFlowMeter_30s_state.csv,TRAIN,2018-02-20 12:37:30,0,0,0
Thuesday-20-02-2018_TrafficForML_CICFlowMeter_30s_state.csv,TRAIN,2018-02-20 12:38:00,0,0,0
Thuesday-20-02-2018_TrafficForML_CICFlowMeter_30s_state.csv,TRAIN,2018-02-20 12:38:30,0,0,0
Thuesday-20-02-2018_TrafficForML_CICFlowMeter_30s_state.csv,TRAIN,2018-02-20 12:39:00,0,0,0
Thuesday-20-02-2018_TrafficForML_CICFlowMeter_30s_state.csv,TRAIN,2018-02-20 12:39:30,0,0,0
Thuesday-20-02-2018_TrafficForML_CICFlowMeter_30s_state.csv,TRAIN,2018-02-20 12:40:00,0,0,0
Thuesday-20-02-2018_TrafficForML_CICFlowMeter_30s_state.csv,TRAIN,2018-02-20 12:40:30,0,0,0
Thuesday-20-02-2018_TrafficForML_CICFlowMeter_30s_state.csv,TRAIN,2018-02-20 12:41:00,0,0,0
Thuesday-20-02-2018_TrafficForML_CICFlowMeter_30s_state.csv,TRAIN,2018-02-20 12:41:30,0,0,0
Thuesday-20-02-2018_TrafficForML_CICFlowMeter_30s_state.csv,TRAIN,2018-02-20 12:42:00,0,0,0
Thuesday-20-02-2018_TrafficForML_CICFlowMeter_30s_state.csv,TRAIN,2018-02-20 12:42:30,0,0,0
Thuesday-20-02-2018_TrafficForML_CICFlowMeter_30s_state.csv,TRAIN,2018-02-20 12:43:00,0,0,0
Thuesday-20-02-2018_TrafficForML_CICFlowMeter_30s_state.csv,TRAIN,2018-02-20 12:43:30,0,0,0
Thuesday-20-02-2018_TrafficForML_CICFlowMeter_30s_state.csv,TRAIN,2018-02-20 12:44:00,0,0,0
Thuesday-20-02-2018_TrafficForML_CICFlowMeter_30s_state.csv,TRAIN,2018-02-20 12:44:30,0,0,0
Thuesday-20-02-2018_TrafficForML_CICFlowMeter_30s_state.csv,TRAIN,2018-02-20 12:45:00,0,0,0
Thuesday-20-02-2018_TrafficForML_CICFlowMeter_30s_state.csv,TRAIN,2018-02-20 12:45:30,0,0,0
Thuesday-20-02-2018_TrafficForML_CICFlowMeter_30s_state.csv,TRAIN,2018-02-20 12:46:00,0,0,0
Thuesday-20-02-2018_TrafficForML_CICFlowMeter_30s_state.csv,TRAIN,2018-02-20 12:46:30,0,0,0
Thuesday-20-02-2018_TrafficForML_CICFlowMeter_30s_state.csv,TRAIN,2018-02-20 12:47:00,0,0,0
Thuesday-20-02-2018_TrafficForML_CICFlowMeter_30s_state.csv,TRAIN,2018-02-20 12:47:30,0,0,0
Thuesday-20-02-2018_TrafficForML_CICFlowMeter_30s_state.csv,TRAIN,2018-02-20 12:48:00,0,0,0
Thuesday-20-02-2018_TrafficForML_CICFlowMeter_30s_state.csv,TRAIN,2018-02-20 12:48:30,0,0,0
Thuesday-20-02-2018_TrafficForML_CICFlowMeter_30s_state.csv,TRAIN,2018-02-20 12:49:00,0,0,0
Thuesday-20-02-2018_TrafficForML_CICFlowMeter_30s_state.csv,TRAIN,2018-02-20 12:49:30,0,0,0
Thuesday-20-02-2018_TrafficForML_CICFlowMeter_30s_state.csv,TRAIN,2018-02-20 12:50:00,0,0,0
Thuesday-20-02-2018_TrafficForML_CICFlowMeter_30s_state.csv,TRAIN,2018-02-20 12:50:30,0,0,0
Thuesday-20-02-2018_TrafficForML_CICFlowMeter_30s_state.csv,TRAIN,2018-02-20 12:51:00,0,0,0
Thuesday-20-02-2018_TrafficForML_CICFlowMeter_30s_state.csv,TRAIN,2018-02-20 12:51:30,0,0,0
Thuesday-20-02-2018_TrafficForML_CICFlowMeter_30s_state.csv,TRAIN,2018-02-20 12:52:00,0,0,0
Thuesday-20-02-2018_TrafficForML_CICFlowMeter_30s_state.csv,TRAIN,2018-02-20 12:52:30,0,0,0
Thuesday-20-02-2018_TrafficForML_CICFlowMeter_30s_state.csv,TRAIN,2018-02-20 12:53:00,0,0,0
Thuesday-20-02-2018_TrafficForML_CICFlowMeter_30s_state.csv,TRAIN,2018-02-20 12:53:30,0,0,0
Thuesday-20-02-2018_TrafficForML_CICFlowMeter_30s_state.csv,TRAIN,2018-02-20 12:54:00,0,0,0
Thuesday-20-02-2018_TrafficForML_CICFlowMeter_30s_state.csv,TRAIN,2018-02-20 12:54:30,0,0,0
Thuesday-20-02-2018_TrafficForML_CICFlowMeter_30s_state.csv,TRAIN,2018-02-20 12:55:00,0,0,0
Thuesday-20-02-2018_TrafficForML_CICFlowMeter_30s_state.csv,TRAIN,2018-02-20 12:55:30,0,0,0
Thuesday-20-02-2018_TrafficForML_CICFlowMeter_30s_state.csv,TRAIN,2018-02-20 12:56:00,0,0,0
Thuesday-20-02-2018_TrafficForML_CICFlowMeter_30s_state.csv,TRAIN,2018-02-20 12:56:30,0,0,0
Thuesday-20-02-2018_TrafficForML_CICFlowMeter_30s_state.csv,TRAIN,2018-02-20 12:57:00,0,0,0
Thuesday-20-02-2018_TrafficForML_CICFlowMeter_30s_state.csv,TRAIN,2018-02-20 12:57:30,0,0,0
Thuesday-20-02-2018_TrafficForML_CICFlowMeter_30s_state.csv,TRAIN,2018-02-20 12:58:00,0,0,0
Thuesday-20-02-2018_TrafficForML_CICFlowMeter_30s_state.csv,TRAIN,2018-02-20 12:58:30,0,0,0
Thuesday-20-02-2018_TrafficForML_CICFlowMeter_30s_state.csv,TRAIN,2018-02-20 12:59:00,0,0,0
Thuesday-20-02-2018_TrafficForML_CICFlowMeter_30s_state.csv,TRAIN,2018-02-20 12:59:30,0,0,0
Thursday-01-03-2018_TrafficForML_CICFlowMeter_30s_state.csv,TEST,2018-03-01 01:05:30,0,0,0
Thursday-01-03-2018_TrafficForML_CICFlowMeter_30s_state.csv,TEST,2018-03-01 01:06:00,0,0,0
Thursday-01-03-2018_TrafficForML_CICFlowMeter_30s_state.csv,TEST,2018-03-01 01:06:30,0,0,0
Thursday-01-03-2018_TrafficForML_CICFlowMeter_30s_state.csv,TEST,2018-03-01 01:07:00,0,0,0
Thursday-01-03-2018_TrafficForML_CICFlowMeter_30s_state.csv,TEST,2018-03-01 01:07:30,0,0,0
Thursday-01-03-2018_TrafficForML_CICFlowMeter_30s_state.csv,TEST,2018-03-01 01:08:00,0,0,0
Thursday-01-03-2018_TrafficForML_CICFlowMeter_30s_state.csv,TEST,2018-03-01 01:08:30,0,0,0
Thursday-01-03-2018_TrafficForML_CICFlowMeter_30s_state.csv,TEST,2018-03-01 01:09:00,0,0,0
Thursday-01-03-2018_TrafficForML_CICFlowMeter_30s_state.csv,TEST,2018-03-01 01:09:30,0,0,0
Thursday-01-03-2018_TrafficForML_CICFlowMeter_30s_state.csv,TEST,2018-03-01 01:10:00,0,0,0
Thursday-01-03-2018_TrafficForML_CICFlowMeter_30s_state.csv,TEST,2018-03-01 01:10:30,0,0,0
Thursday-01-03-2018_TrafficForML_CICFlowMeter_30s_state.csv,TEST,2018-03-01 01:11:00,0,0,0
Thursday-01-03-2018_TrafficForML_CICFlowMeter_30s_state.csv,TEST,2018-03-01 01:11:30,0,0,0
Thursday-01-03-2018_TrafficForML_CICFlowMeter_30s_state.csv,TEST,2018-03-01 01:12:00,0,0,0
Thursday-01-03-2018_TrafficForML_CICFlowMeter_30s_state.csv,TEST,2018-03-01 01:12:30,0,0,0
Thursday-01-03-2018_TrafficForML_CICFlowMeter_30s_state.csv,TEST,2018-03-01 01:13:00,0,0,0
Thursday-01-03-2018_TrafficForML_CICFlowMeter_30s_state.csv,TEST,2018-03-01 01:13:30,0,0,0
Thursday-01-03-2018_TrafficForML_CICFlowMeter_30s_state.csv,TEST,2018-03-01 01:14:00,0,0,0
Thursday-01-03-2018_TrafficForML_CICFlowMeter_30s_state.csv,TEST,2018-03-01 01:14:30,0,0,0
Thursday-01-03-2018_TrafficForML_CICFlowMeter_30s_state.csv,TEST,2018-03-01 01:15:00,0,0,0
Thursday-01-03-2018_TrafficForML_CICFlowMeter_30s_state.csv,TEST,2018-03-01 01:15:30,0,0,0
Thursday-01-03-2018_TrafficForML_CICFlowMeter_30s_state.csv,TEST,2018-03-01 01:16:00,0,0,0
Thursday-01-03-2018_TrafficForML_CICFlowMeter_30s_state.csv,TEST,2018-03-01 01:16:30,0,0,0
Thursday-01-03-2018_TrafficForML_CICFlowMeter_30s_state.csv,TEST,2018-03-01 01:17:00,0,0,0
Thursday-01-03-2018_TrafficForML_CICFlowMeter_30s_state.csv,TEST,2018-03-01 01:17:30,0,0,0
Thursday-01-03-2018_TrafficForML_CICFlowMeter_30s_state.csv,TEST,2018-03-01 01:18:00,0,0,0
Thursday-01-03-2018_TrafficForML_CICFlowMeter_30s_state.csv,TEST,2018-03-01 01:18:30,0,0,0
Thursday-01-03-2018_TrafficForML_CICFlowMeter_30s_state.csv,TEST,2018-03-01 01:19:00,0,0,0
Thursday-01-03-2018_TrafficForML_CICFlowMeter_30s_state.csv,TEST,2018-03-01 01:19:30,0,0,0
Thursday-01-03-2018_TrafficForML_CICFlowMeter_30s_state.csv,TEST,2018-03-01 01:20:00,0,0,0
Thursday-01-03-2018_TrafficForML_CICFlowMeter_30s_state.csv,TEST,2018-03-01 01:20:30,0,0,0
Thursday-01-03-2018_TrafficForML_CICFlowMeter_30s_state.csv,TEST,2018-03-01 01:21:00,0,0,0
Thursday-01-03-2018_TrafficForML_CICFlowMeter_30s_state.csv,TEST,2018-03-01 01:21:30,0,0,0
Thursday-01-03-2018_TrafficForML_CICFlowMeter_30s_state.csv,TEST,2018-03-01 01:22:00,0,0,0
Thursday-01-03-2018_TrafficForML_CICFlowMeter_30s_state.csv,TEST,2018-03-01 01:22:30,0,0,0
Thursday-01-03-2018_TrafficForML_CICFlowMeter_30s_state.csv,TEST,2018-03-01 01:23:00,0,0,0
Thursday-01-03-2018_TrafficForML_CICFlowMeter_30s_state.csv,TEST,2018-03-01 01:23:30,0,0,0
Thursday-01-03-2018_TrafficForML_CICFlowMeter_30s_state.csv,TEST,2018-03-01 01:24:00,0,0,0
Thursday-01-03-2018_TrafficForML_CICFlowMeter_30s_state.csv,TEST,2018-03-01 01:24:30,0,0,0
Thursday-01-03-2018_TrafficForML_CICFlowMeter_30s_state.csv,TEST,2018-03-01 01:25:00,0,0,0
Thursday-01-03-2018_TrafficForML_CICFlowMeter_30s_state.csv,TEST,2018-03-01 01:25:30,0,0,0
Thursday-01-03-2018_TrafficForML_CICFlowMeter_30s_state.csv,TEST,2018-03-01 01:26:00,0,0,0
Thursday-01-03-2018_TrafficForML_CICFlowMeter_30s_state.csv,TEST,2018-03-01 01:26:30,0,0,0
Thursday-01-03-2018_TrafficForML_CICFlowMeter_30s_state.csv,TEST,2018-03-01 01:27:00,0,0,0
Thursday-01-03-2018_TrafficForML_CICFlowMeter_30s_state.csv,TEST,2018-03-01 01:27:30,0,0,0
Thursday-01-03-2018_TrafficForML_CICFlowMeter_30s_state.csv,TEST,2018-03-01 01:28:00,0,0,0
Thursday-01-03-2018_TrafficForML_CICFlowMeter_30s_state.csv,TEST,2018-03-01 01:28:30,0,0,0
Thursday-01-03-2018_TrafficForML_CICFlowMeter_30s_state.csv,TEST,2018-03-01 01:29:00,0,0,0
Thursday-01-03-2018_TrafficForML_CICFlowMeter_30s_state.csv,TEST,2018-03-01 01:29:30,0,0,0
Thursday-01-03-2018_TrafficForML_CICFlowMeter_30s_state.csv,TEST,2018-03-01 01:30:00,0,0,0
Thursday-01-03-2018_TrafficForML_CICFlowMeter_30s_state.csv,TEST,2018-03-01 01:30:30,0,0,0
Thursday-01-03-2018_TrafficForML_CICFlowMeter_30s_state.csv,TEST,2018-03-01 01:31:00,0,0,0
Thursday-01-03-2018_TrafficForML_CICFlowMeter_30s_state.csv,TEST,2018-03-01 01:31:30,0,0,0
Thursday-01-03-2018_TrafficForML_CICFlowMeter_30s_state.csv,TEST,2018-03-01 01:32:00,0,0,0
Thursday-01-03-2018_TrafficForML_CICFlowMeter_30s_state.csv,TEST,2018-03-01 01:32:30,0,0,0
Thursday-01-03-2018_TrafficForML_CICFlowMeter_30s_state.csv,TEST,2018-03-01 01:33:00,0,0,0
Thursday-01-03-2018_TrafficForML_CICFlowMeter_30s_state.csv,TEST,2018-03-01 01:33:30,0,0,0
Thursday-01-03-2018_TrafficForML_CICFlowMeter_30s_state.csv,TEST,2018-03-01 01:34:00,0,0,0
Thursday-01-03-2018_TrafficForML_CICFlowMeter_30s_state.csv,TEST,2018-03-01 01:34:30,0,0,0
Thursday-01-03-2018_TrafficForML_CICFlowMeter_30s_state.csv,TEST,2018-03-01 01:35:00,0,0,0
Thursday-01-03-2018_TrafficForML_CICFlowMeter_30s_state.csv,TEST,2018-03-01 01:35:30,0,0,0
Thursday-01-03-2018_TrafficForML_CICFlowMeter_30s_state.csv,TEST,2018-03-01 01:36:00,0,0,0
Thursday-01-03-2018_TrafficForML_CICFlowMeter_30s_state.csv,TEST,2018-03-01 01:36:30,0,0,0
Thursday-01-03-2018_TrafficForML_CICFlowMeter_30s_state.csv,TEST,2018-03-01 01:37:00,0,0,0
Thursday-01-03-2018_TrafficForML_CICFlowMeter_30s_state.csv,TEST,2018-03-01 01:37:30,0,0,0
Thursday-01-03-2018_TrafficForML_CICFlowMeter_30s_state.csv,TEST,2018-03-01 01:38:00,0,0,0
Thursday-01-03-2018_TrafficForML_CICFlowMeter_30s_state.csv,TEST,2018-03-01 01:38:30,0,0,0
Thursday-01-03-2018_TrafficForML_CICFlowMeter_30s_state.csv,TEST,2018-03-01 01:39:00,0,0,0
Thursday-01-03-2018_TrafficForML_CICFlowMeter_30s_state.csv,TEST,2018-03-01 01:39:30,0,0,0
Thursday-01-03-2018_TrafficForML_CICFlowMeter_30s_state.csv,TEST,2018-03-01 01:40:00,0,0,0
Thursday-01-03-2018_TrafficForML_CICFlowMeter_30s_state.csv,TEST,2018-03-01 01:40:30,0,0,0
Thursday-01-03-2018_TrafficForML_CICFlowMeter_30s_state.csv,TEST,2018-03-01 01:41:00,0,0,0
Thursday-01-03-2018_TrafficForML_CICFlowMeter_30s_state.csv,TEST,2018-03-01 01:41:30,0,0,0
Thursday-01-03-2018_TrafficForML_CICFlowMeter_30s_state.csv,TEST,2018-03-01 01:42:00,0,0,0
Thursday-01-03-2018_TrafficForML_CICFlowMeter_30s_state.csv,TEST,2018-03-01 01:42:30,0,0,0
Thursday-01-03-2018_TrafficForML_CICFlowMeter_30s_state.csv,TEST,2018-03-01 01:43:00,0,0,0
Thursday-01-03-2018_TrafficForML_CICFlowMeter_30s_state.csv,TEST,2018-03-01 01:43:30,0,0,0
Thursday-01-03-2018_TrafficForML_CICFlowMeter_30s_state.csv,TEST,2018-03-01 01:44:00,0,0,0
Thursday-01-03-2018_TrafficForML_CICFlowMeter_30s_state.csv,TEST,2018-03-01 01:44:30,0,0,0
Thursday-01-03-2018_TrafficForML_CICFlowMeter_30s_state.csv,TEST,2018-03-01 01:45:00,0,0,0
Thursday-01-03-2018_TrafficForML_CICFlowMeter_30s_state.csv,TEST,2018-03-01 01:45:30,0,0,0
Thursday-01-03-2018_TrafficForML_CICFlowMeter_30s_state.csv,TEST,2018-03-01 01:46:00,0,0,0
Thursday-01-03-2018_TrafficForML_CICFlowMeter_30s_state.csv,TEST,2018-03-01 01:46:30,0,0,0
Thursday-01-03-2018_TrafficForML_CICFlowMeter_30s_state.csv,TEST,2018-03-01 01:47:00,0,0,0
Thursday-01-03-2018_TrafficForML_CICFlowMeter_30s_state.csv,TEST,2018-03-01 01:47:30,0,0,0
Thursday-01-03-2018_TrafficForML_CICFlowMeter_30s_state.csv,TEST,2018-03-01 01:48:00,0,0,0
Thursday-01-03-2018_TrafficForML_CICFlowMeter_30s_state.csv,TEST,2018-03-01 01:48:30,0,0,0
Thursday-01-03-2018_TrafficForML_CICFlowMeter_30s_state.csv,TEST,2018-03-01 01:49:00,0,0,0
Thursday-01-03-2018_TrafficForML_CICFlowMeter_30s_state.csv,TEST,2018-03-01 01:49:30,0,0,0
Thursday-01-03-2018_TrafficForML_CICFlowMeter_30s_state.csv,TEST,2018-03-01 01:50:00,0,0,0
Thursday-01-03-2018_TrafficForML_CICFlowMeter_30s_state.csv,TEST,2018-03-01 01:50:30,0,0,0
Thursday-01-03-2018_TrafficForML_CICFlowMeter_30s_state.csv,TEST,2018-03-01 01:51:00,0,0,0
Thursday-01-03-2018_TrafficForML_CICFlowMeter_30s_state.csv,TEST,2018-03-01 01:51:30,0,0,0
Thursday-01-03-2018_TrafficForML_CICFlowMeter_30s_state.csv,TEST,2018-03-01 01:52:00,0,0,0
Thursday-01-03-2018_TrafficForML_CICFlowMeter_30s_state.csv,TEST,2018-03-01 01:52:30,0,0,0
Thursday-01-03-2018_TrafficForML_CICFlowMeter_30s_state.csv,TEST,2018-03-01 01:53:00,0,0,0
Thursday-01-03-2018_TrafficForML_CICFlowMeter_30s_state.csv,TEST,2018-03-01 01:53:30,0,0,0
Thursday-01-03-2018_TrafficForML_CICFlowMeter_30s_state.csv,TEST,2018-03-01 01:54:00,0,0,0
Thursday-01-03-2018_TrafficForML_CICFlowMeter_30s_state.csv,TEST,2018-03-01 01:54:30,0,0,0
Thursday-01-03-2018_TrafficForML_CICFlowMeter_30s_state.csv,TEST,2018-03-01 01:55:00,0,0,0
Thursday-01-03-2018_TrafficForML_CICFlowMeter_30s_state.csv,TEST,2018-03-01 01:55:30,0,0,0
Thursday-01-03-2018_TrafficForML_CICFlowMeter_30s_state.csv,TEST,2018-03-01 01:56:00,0,0,0
Thursday-01-03-2018_TrafficForML_CICFlowMeter_30s_state.csv,TEST,2018-03-01 01:56:30,0,0,0
Thursday-01-03-2018_TrafficForML_CICFlowMeter_30s_state.csv,TEST,2018-03-01 01:57:00,0,0,0
Thursday-01-03-2018_TrafficForML_CICFlowMeter_30s_state.csv,TEST,2018-03-01 01:57:30,0,0,0
Thursday-01-03-2018_TrafficForML_CICFlowMeter_30s_state.csv,TEST,2018-03-01 01:58:00,0,0,0
Thursday-01-03-2018_TrafficForML_CICFlowMeter_30s_state.csv,TEST,2018-03-01 01:58:30,0,0,0
Thursday-01-03-2018_TrafficForML_CICFlowMeter_30s_state.csv,TEST,2018-03-01 01:59:00,0,0,0
Thursday-01-03-2018_TrafficForML_CICFlowMeter_30s_state.csv,TEST,2018-03-01 01:59:30,0,0,0
Thursday-01-03-2018_TrafficForML_CICFlowMeter_30s_state.csv,TEST,2018-03-01 02:00:00,0,1,0
Thursday-01-03-2018_TrafficForML_CICFlowMeter_30s_state.csv,TEST,2018-03-01 02:00:30,1,1,1
Thursday-01-03-2018_TrafficForML_CICFlowMeter_30s_state.csv,TEST,2018-03-01 02:01:00,1,1,1
Thursday-01-03-2018_TrafficForML_CICFlowMeter_30s_state.csv,TEST,2018-03-01 02:01:30,1,1,1
Thursday-01-03-2018_TrafficForML_CICFlowMeter_30s_state.csv,TEST,2018-03-01 02:02:00,1,1,1
Thursday-01-03-2018_TrafficForML_CICFlowMeter_30s_state.csv,TEST,2018-03-01 02:02:30,1,1,1
Thursday-01-03-2018_TrafficForML_CICFlowMeter_30s_state.csv,TEST,2018-03-01 02:03:00,1,1,1
Thursday-01-03-2018_TrafficForML_CICFlowMeter_30s_state.csv,TEST,2018-03-01 02:03:30,1,1,1
Thursday-01-03-2018_TrafficForML_CICFlowMeter_30s_state.csv,TEST,2018-03-01 02:04:00,1,1,1
Thursday-01-03-2018_TrafficForML_CICFlowMeter_30s_state.csv,TEST,2018-03-01 02:04:30,1,1,1
Thursday-01-03-2018_TrafficForML_CICFlowMeter_30s_state.csv,TEST,2018-03-01 02:05:00,1,1,1
Thursday-01-03-2018_TrafficForML_CICFlowMeter_30s_state.csv,TEST,2018-03-01 02:05:30,1,1,1
Thursday-01-03-2018_TrafficForML_CICFlowMeter_30s_state.csv,TEST,2018-03-01 02:06:00,1,1,1
Thursday-01-03-2018_TrafficForML_CICFlowMeter_30s_state.csv,TEST,2018-03-01 02:06:30,1,1,1
Thursday-01-03-2018_TrafficForML_CICFlowMeter_30s_state.csv,TEST,2018-03-01 02:07:00,1,1,1
Thursday-01-03-2018_TrafficForML_CICFlowMeter_30s_state.csv,TEST,2018-03-01 02:07:30,1,1,1
Thursday-01-03-2018_TrafficForML_CICFlowMeter_30s_state.csv,TEST,2018-03-01 02:08:00,1,1,1
Thursday-01-03-2018_TrafficForML_CICFlowMeter_30s_state.csv,TEST,2018-03-01 02:08:30,1,1,1
Thursday-01-03-2018_TrafficForML_CICFlowMeter_30s_state.csv,TEST,2018-03-01 02:09:00,1,1,1
Thursday-01-03-2018_TrafficForML_CICFlowMeter_30s_state.csv,TEST,2018-03-01 02:09:30,1,1,1
Thursday-01-03-2018_TrafficForML_CICFlowMeter_30s_state.csv,TEST,2018-03-01 02:10:00,1,1,1
Thursday-01-03-2018_TrafficForML_CICFlowMeter_30s_state.csv,TEST,2018-03-01 02:10:30,1,1,1
Thursday-01-03-2018_TrafficForML_CICFlowMeter_30s_state.csv,TEST,2018-03-01 02:11:00,1,1,1
Thursday-01-03-2018_TrafficForML_CICFlowMeter_30s_state.csv,TEST,2018-03-01 02:11:30,1,1,1
Thursday-01-03-2018_TrafficForML_CICFlowMeter_30s_state.csv,TEST,2018-03-01 02:12:00,1,1,1
Thursday-01-03-2018_TrafficForML_CICFlowMeter_30s_state.csv,TEST,2018-03-01 02:12:30,1,1,1
Thursday-01-03-2018_TrafficForML_CICFlowMeter_30s_state.csv,TEST,2018-03-01 02:13:00,1,1,1
Thursday-01-03-2018_TrafficForML_CICFlowMeter_30s_state.csv,TEST,2018-03-01 02:13:30,1,1,1
Thursday-01-03-2018_TrafficForML_CICFlowMeter_30s_state.csv,TEST,2018-03-01 02:14:00,1,1,1
Thursday-01-03-2018_TrafficForML_CICFlowMeter_30s_state.csv,TEST,2018-03-01 02:14:30,1,1,1
Thursday-01-03-2018_TrafficForML_CICFlowMeter_30s_state.csv,TEST,2018-03-01 02:15:00,1,1,1
Thursday-01-03-2018_TrafficForML_CICFlowMeter_30s_state.csv,TEST,2018-03-01 02:15:30,1,1,1
Thursday-01-03-2018_TrafficForML_CICFlowMeter_30s_state.csv,TEST,2018-03-01 02:16:00,1,1,1
Thursday-01-03-2018_TrafficForML_CICFlowMeter_30s_state.csv,TEST,2018-03-01 02:16:30,1,1,1
Thursday-01-03-2018_TrafficForML_CICFlowMeter_30s_state.csv,TEST,2018-03-01 02:17:00,1,1,1
Thursday-01-03-2018_TrafficForML_CICFlowMeter_30s_state.csv,TEST,2018-03-01 02:17:30,1,1,1
Thursday-01-03-2018_TrafficForML_CICFlowMeter_30s_state.csv,TEST,2018-03-01 02:18:00,1,1,1
Thursday-01-03-2018_TrafficForML_CICFlowMeter_30s_state.csv,TEST,2018-03-01 02:18:30,1,1,1
Thursday-01-03-2018_TrafficForML_CICFlowMeter_30s_state.csv,TEST,2018-03-01 02:19:00,1,1,1
Thursday-01-03-2018_TrafficForML_CICFlowMeter_30s_state.csv,TEST,2018-03-01 02:19:30,1,1,1
Thursday-01-03-2018_TrafficForML_CICFlowMeter_30s_state.csv,TEST,2018-03-01 02:20:00,1,1,1
Thursday-01-03-2018_TrafficForML_CICFlowMeter_30s_state.csv,TEST,2018-03-01 02:20:30,1,1,1
Thursday-01-03-2018_TrafficForML_CICFlowMeter_30s_state.csv,TEST,2018-03-01 02:21:00,1,1,1
Thursday-01-03-2018_TrafficForML_CICFlowMeter_30s_state.csv,TEST,2018-03-01 02:21:30,1,1,1
Thursday-01-03-2018_TrafficForML_CICFlowMeter_30s_state.csv,TEST,2018-03-01 02:22:00,1,1,1
Thursday-01-03-2018_TrafficForML_CICFlowMeter_30s_state.csv,TEST,2018-03-01 02:22:30,1,1,1
Thursday-01-03-2018_TrafficForML_CICFlowMeter_30s_state.csv,TEST,2018-03-01 02:23:00,1,1,1
Thursday-01-03-2018_TrafficForML_CICFlowMeter_30s_state.csv,TEST,2018-03-01 02:23:30,1,1,1
Thursday-01-03-2018_TrafficForML_CICFlowMeter_30s_state.csv,TEST,2018-03-01 02:24:00,1,1,1
Thursday-01-03-2018_TrafficForML_CICFlowMeter_30s_state.csv,TEST,2018-03-01 02:24:30,1,1,1
Thursday-01-03-2018_TrafficForML_CICFlowMeter_30s_state.csv,TEST,2018-03-01 02:25:00,1,1,1
Thursday-01-03-2018_TrafficForML_CICFlowMeter_30s_state.csv,TEST,2018-03-01 02:25:30,1,1,1
Thursday-01-03-2018_TrafficForML_CICFlowMeter_30s_state.csv,TEST,2018-03-01 02:26:00,1,1,1
Thursday-01-03-2018_TrafficForML_CICFlowMeter_30s_state.csv,TEST,2018-03-01 02:26:30,1,1,1
Thursday-01-03-2018_TrafficForML_CICFlowMeter_30s_state.csv,TEST,2018-03-01 02:27:00,1,1,1
Thursday-01-03-2018_TrafficForML_CICFlowMeter_30s_state.csv,TEST,2018-03-01 02:27:30,1,1,1
Thursday-01-03-2018_TrafficForML_CICFlowMeter_30s_state.csv,TEST,2018-03-01 02:28:00,1,1,1
Thursday-01-03-2018_TrafficForML_CICFlowMeter_30s_state.csv,TEST,2018-03-01 02:28:30,1,1,1
Thursday-01-03-2018_TrafficForML_CICFlowMeter_30s_state.csv,TEST,2018-03-01 02:29:00,1,1,1
Thursday-01-03-2018_TrafficForML_CICFlowMeter_30s_state.csv,TEST,2018-03-01 02:29:30,1,1,1
Thursday-01-03-2018_TrafficForML_CICFlowMeter_30s_state.csv,TEST,2018-03-01 02:30:00,1,1,1
Thursday-01-03-2018_TrafficForML_CICFlowMeter_30s_state.csv,TEST,2018-03-01 02:30:30,1,1,1
Thursday-01-03-2018_TrafficForML_CICFlowMeter_30s_state.csv,TEST,2018-03-01 02:31:00,1,1,1
Thursday-01-03-2018_TrafficForML_CICFlowMeter_30s_state.csv,TEST,2018-03-01 02:31:30,1,1,1
Thursday-01-03-2018_TrafficForML_CICFlowMeter_30s_state.csv,TEST,2018-03-01 02:32:00,1,1,1
Thursday-01-03-2018_TrafficForML_CICFlowMeter_30s_state.csv,TEST,2018-03-01 02:32:30,1,1,1
Thursday-01-03-2018_TrafficForML_CICFlowMeter_30s_state.csv,TEST,2018-03-01 02:33:00,1,1,1
Thursday-01-03-2018_TrafficForML_CICFlowMeter_30s_state.csv,TEST,2018-03-01 02:33:30,1,1,1
Thursday-01-03-2018_TrafficForML_CICFlowMeter_30s_state.csv,TEST,2018-03-01 02:34:00,1,1,1
Thursday-01-03-2018_TrafficForML_CICFlowMeter_30s_state.csv,TEST,2018-03-01 02:34:30,1,1,1
Thursday-01-03-2018_TrafficForML_CICFlowMeter_30s_state.csv,TEST,2018-03-01 02:35:00,1,1,1
Thursday-01-03-2018_TrafficForML_CICFlowMeter_30s_state.csv,TEST,2018-03-01 02:35:30,1,1,1
Thursday-01-03-2018_TrafficForML_CICFlowMeter_30s_state.csv,TEST,2018-03-01 02:36:00,1,1,1
Thursday-01-03-2018_TrafficForML_CICFlowMeter_30s_state.csv,TEST,2018-03-01 02:36:30,1,1,1
Thursday-01-03-2018_TrafficForML_CICFlowMeter_30s_state.csv,TEST,2018-03-01 02:37:00,1,1,1
Thursday-01-03-2018_TrafficForML_CICFlowMeter_30s_state.csv,TEST,2018-03-01 02:37:30,1,1,1
Thursday-01-03-2018_TrafficForML_CICFlowMeter_30s_state.csv,TEST,2018-03-01 02:38:00,1,1,1
Thursday-01-03-2018_TrafficForML_CICFlowMeter_30s_state.csv,TEST,2018-03-01 02:38:30,1,1,1
Thursday-01-03-2018_TrafficForML_CICFlowMeter_30s_state.csv,TEST,2018-03-01 02:39:00,1,1,1
Thursday-01-03-2018_TrafficForML_CICFlowMeter_30s_state.csv,TEST,2018-03-01 02:39:30,1,1,1
Thursday-01-03-2018_TrafficForML_CICFlowMeter_30s_state.csv,TEST,2018-03-01 02:40:00,1,1,1
Thursday-01-03-2018_TrafficForML_CICFlowMeter_30s_state.csv,TEST,2018-03-01 02:40:30,1,1,1
Thursday-01-03-2018_TrafficForML_CICFlowMeter_30s_state.csv,TEST,2018-03-01 02:41:00,1,1,1
Thursday-01-03-2018_TrafficForML_CICFlowMeter_30s_state.csv,TEST,2018-03-01 02:41:30,1,1,1
Thursday-01-03-2018_TrafficForML_CICFlowMeter_30s_state.csv,TEST,2018-03-01 02:42:00,1,1,1
Thursday-01-03-2018_TrafficForML_CICFlowMeter_30s_state.csv,TEST,2018-03-01 02:42:30,1,1,1
Thursday-01-03-2018_TrafficForML_CICFlowMeter_30s_state.csv,TEST,2018-03-01 02:43:00,1,1,1
Thursday-01-03-2018_TrafficForML_CICFlowMeter_30s_state.csv,TEST,2018-03-01 02:43:30,1,1,1
Thursday-01-03-2018_TrafficForML_CICFlowMeter_30s_state.csv,TEST,2018-03-01 02:44:00,1,1,1
Thursday-01-03-2018_TrafficForML_CICFlowMeter_30s_state.csv,TEST,2018-03-01 02:44:30,1,1,1
Thursday-01-03-2018_TrafficForML_CICFlowMeter_30s_state.csv,TEST,2018-03-01 02:45:00,1,1,1
Thursday-01-03-2018_TrafficForML_CICFlowMeter_30s_state.csv,TEST,2018-03-01 02:45:30,1,1,1
Thursday-01-03-2018_TrafficForML_CICFlowMeter_30s_state.csv,TEST,2018-03-01 02:46:00,1,1,1
Thursday-01-03-2018_TrafficForML_CICFlowMeter_30s_state.csv,TEST,2018-03-01 02:46:30,1,1,1
Thursday-01-03-2018_TrafficForML_CICFlowMeter_30s_state.csv,TEST,2018-03-01 02:47:00,1,1,1
Thursday-01-03-2018_TrafficForML_CICFlowMeter_30s_state.csv,TEST,2018-03-01 02:47:30,1,1,1
Thursday-01-03-2018_TrafficForML_CICFlowMeter_30s_state.csv,TEST,2018-03-01 02:48:00,1,1,1
Thursday-01-03-2018_TrafficForML_CICFlowMeter_30s_state.csv,TEST,2018-03-01 02:48:30,1,1,1
Thursday-01-03-2018_TrafficForML_CICFlowMeter_30s_state.csv,TEST,2018-03-01 02:49:00,1,1,1
Thursday-01-03-2018_TrafficForML_CICFlowMeter_30s_state.csv,TEST,2018-03-01 02:49:30,1,1,1
Thursday-01-03-2018_TrafficForML_CICFlowMeter_30s_state.csv,TEST,2018-03-01 02:50:00,1,1,1
Thursday-01-03-2018_TrafficForML_CICFlowMeter_30s_state.csv,TEST,2018-03-01 02:50:30,1,1,1
Thursday-01-03-2018_TrafficForML_CICFlowMeter_30s_state.csv,TEST,2018-03-01 02:51:00,1,1,1
Thursday-01-03-2018_TrafficForML_CICFlowMeter_30s_state.csv,TEST,2018-03-01 02:51:30,1,1,1
Thursday-01-03-2018_TrafficForML_CICFlowMeter_30s_state.csv,TEST,2018-03-01 02:52:00,1,1,1
Thursday-01-03-2018_TrafficForML_CICFlowMeter_30s_state.csv,TEST,2018-03-01 02:52:30,1,1,1
Thursday-01-03-2018_TrafficForML_CICFlowMeter_30s_state.csv,TEST,2018-03-01 02:53:00,1,1,1
Thursday-01-03-2018_TrafficForML_CICFlowMeter_30s_state.csv,TEST,2018-03-01 02:53:30,1,1,1
Thursday-01-03-2018_TrafficForML_CICFlowMeter_30s_state.csv,TEST,2018-03-01 02:54:00,1,1,1
Thursday-01-03-2018_TrafficForML_CICFlowMeter_30s_state.csv,TEST,2018-03-01 02:54:30,1,1,1
Thursday-01-03-2018_TrafficForML_CICFlowMeter_30s_state.csv,TEST,2018-03-01 02:55:00,1,1,1
Thursday-01-03-2018_TrafficForML_CICFlowMeter_30s_state.csv,TEST,2018-03-01 02:55:30,1,1,1
Thursday-01-03-2018_TrafficForML_CICFlowMeter_30s_state.csv,TEST,2018-03-01 02:56:00,1,1,1
Thursday-01-03-2018_TrafficForML_CICFlowMeter_30s_state.csv,TEST,2018-03-01 02:56:30,1,1,1
Thursday-01-03-2018_TrafficForML_CICFlowMeter_30s_state.csv,TEST,2018-03-01 02:57:00,1,1,1
Thursday-01-03-2018_TrafficForML_CICFlowMeter_30s_state.csv,TEST,2018-03-01 02:57:30,1,1,1
Thursday-01-03-2018_TrafficForML_CICFlowMeter_30s_state.csv,TEST,2018-03-01 02:58:00,1,1,1
Thursday-01-03-2018_TrafficForML_CICFlowMeter_30s_state.csv,TEST,2018-03-01 02:58:30,1,1,1
Thursday-01-03-2018_TrafficForML_CICFlowMeter_30s_state.csv,TEST,2018-03-01 02:59:00,1,1,1
Thursday-01-03-2018_TrafficForML_CICFlowMeter_30s_state.csv,TEST,2018-03-01 02:59:30,1,1,1
Thursday-01-03-2018_TrafficForML_CICFlowMeter_30s_state.csv,TEST,2018-03-01 03:00:00,1,1,1
Thursday-01-03-2018_TrafficForML_CICFlowMeter_30s_state.csv,TEST,2018-03-01 03:00:30,1,1,1
Thursday-01-03-2018_TrafficForML_CICFlowMeter_30s_state.csv,TEST,2018-03-01 03:01:00,1,1,1
Thursday-01-03-2018_TrafficForML_CICFlowMeter_30s_state.csv,TEST,2018-03-01 03:01:30,1,1,1
Thursday-01-03-2018_TrafficForML_CICFlowMeter_30s_state.csv,TEST,2018-03-01 03:02:00,1,1,1
Thursday-01-03-2018_TrafficForML_CICFlowMeter_30s_state.csv,TEST,2018-03-01 03:02:30,1,1,1
Thursday-01-03-2018_TrafficForML_CICFlowMeter_30s_state.csv,TEST,2018-03-01 03:03:00,1,1,1
Thursday-01-03-2018_TrafficForML_CICFlowMeter_30s_state.csv,TEST,2018-03-01 03:03:30,1,1,1
Thursday-01-03-2018_TrafficForML_CICFlowMeter_30s_state.csv,TEST,2018-03-01 03:04:00,1,1,1
Thursday-01-03-2018_TrafficForML_CICFlowMeter_30s_state.csv,TEST,2018-03-01 03:04:30,1,1,1
Thursday-01-03-2018_TrafficForML_CICFlowMeter_30s_state.csv,TEST,2018-03-01 03:05:00,1,1,1
Thursday-01-03-2018_TrafficForML_CICFlowMeter_30s_state.csv,TEST,2018-03-01 03:05:30,1,1,1
Thursday-01-03-2018_TrafficForML_CICFlowMeter_30s_state.csv,TEST,2018-03-01 03:06:00,1,1,1
Thursday-01-03-2018_TrafficForML_CICFlowMeter_30s_state.csv,TEST,2018-03-01 03:06:30,1,1,1
Thursday-01-03-2018_TrafficForML_CICFlowMeter_30s_state.csv,TEST,2018-03-01 03:07:00,1,1,1
Thursday-01-03-2018_TrafficForML_CICFlowMeter_30s_state.csv,TEST,2018-03-01 03:07:30,1,1,1
Thursday-01-03-2018_TrafficForML_CICFlowMeter_30s_state.csv,TEST,2018-03-01 03:08:00,1,1,1
Thursday-01-03-2018_TrafficForML_CICFlowMeter_30s_state.csv,TEST,2018-03-01 03:08:30,1,1,1
Thursday-01-03-2018_TrafficForML_CICFlowMeter_30s_state.csv,TEST,2018-03-01 03:09:00,1,1,1
Thursday-01-03-2018_TrafficForML_CICFlowMeter_30s_state.csv,TEST,2018-03-01 03:09:30,1,1,1
Thursday-01-03-2018_TrafficForML_CICFlowMeter_30s_state.csv,TEST,2018-03-01 03:10:00,1,1,1
Thursday-01-03-2018_TrafficForML_CICFlowMeter_30s_state.csv,TEST,2018-03-01 03:10:30,1,1,1
Thursday-01-03-2018_TrafficForML_CICFlowMeter_30s_state.csv,TEST,2018-03-01 03:11:00,1,1,1
Thursday-01-03-2018_TrafficForML_CICFlowMeter_30s_state.csv,TEST,2018-03-01 03:11:30,1,1,1
Thursday-01-03-2018_TrafficForML_CICFlowMeter_30s_state.csv,TEST,2018-03-01 03:12:00,1,1,1
Thursday-01-03-2018_TrafficForML_CICFlowMeter_30s_state.csv,TEST,2018-03-01 03:12:30,1,1,1
Thursday-01-03-2018_TrafficForML_CICFlowMeter_30s_state.csv,TEST,2018-03-01 03:13:00,1,1,1
Thursday-01-03-2018_TrafficForML_CICFlowMeter_30s_state.csv,TEST,2018-03-01 03:13:30,1,1,1
Thursday-01-03-2018_TrafficForML_CICFlowMeter_30s_state.csv,TEST,2018-03-01 03:14:00,1,1,1
Thursday-01-03-2018_TrafficForML_CICFlowMeter_30s_state.csv,TEST,2018-03-01 03:14:30,1,1,1
Thursday-01-03-2018_TrafficForML_CICFlowMeter_30s_state.csv,TEST,2018-03-01 03:15:00,1,1,1
Thursday-01-03-2018_TrafficForML_CICFlowMeter_30s_state.csv,TEST,2018-03-01 03:15:30,1,1,1
Thursday-01-03-2018_TrafficForML_CICFlowMeter_30s_state.csv,TEST,2018-03-01 03:16:00,1,1,1
Thursday-01-03-2018_TrafficForML_CICFlowMeter_30s_state.csv,TEST,2018-03-01 03:16:30,1,1,1
Thursday-01-03-2018_TrafficForML_CICFlowMeter_30s_state.csv,TEST,2018-03-01 03:17:00,1,1,1
Thursday-01-03-2018_TrafficForML_CICFlowMeter_30s_state.csv,TEST,2018-03-01 03:17:30,1,1,1
Thursday-01-03-2018_TrafficForML_CICFlowMeter_30s_state.csv,TEST,2018-03-01 03:18:00,1,1,1
Thursday-01-03-2018_TrafficForML_CICFlowMeter_30s_state.csv,TEST,2018-03-01 03:18:30,1,1,1
Thursday-01-03-2018_TrafficForML_CICFlowMeter_30s_state.csv,TEST,2018-03-01 03:19:00,1,1,1
Thursday-01-03-2018_TrafficForML_CICFlowMeter_30s_state.csv,TEST,2018-03-01 03:19:30,1,1,1
Thursday-01-03-2018_TrafficForML_CICFlowMeter_30s_state.csv,TEST,2018-03-01 03:20:00,1,1,1
Thursday-01-03-2018_TrafficForML_CICFlowMeter_30s_state.csv,TEST,2018-03-01 03:20:30,1,1,1
Thursday-01-03-2018_TrafficForML_CICFlowMeter_30s_state.csv,TEST,2018-03-01 03:21:00,1,1,1
Thursday-01-03-2018_TrafficForML_CICFlowMeter_30s_state.csv,TEST,2018-03-01 03:21:30,1,1,1
Thursday-01-03-2018_TrafficForML_CICFlowMeter_30s_state.csv,TEST,2018-03-01 03:22:00,1,1,1
Thursday-01-03-2018_TrafficForML_CICFlowMeter_30s_state.csv,TEST,2018-03-01 03:22:30,1,1,1
Thursday-01-03-2018_TrafficForML_CICFlowMeter_30s_state.csv,TEST,2018-03-01 03:23:00,1,1,1
Thursday-01-03-2018_TrafficForML_CICFlowMeter_30s_state.csv,TEST,2018-03-01 03:23:30,1,1,1
Thursday-01-03-2018_TrafficForML_CICFlowMeter_30s_state.csv,TEST,2018-03-01 03:24:00,1,1,1
Thursday-01-03-2018_TrafficForML_CICFlowMeter_30s_state.csv,TEST,2018-03-01 03:24:30,1,1,1
Thursday-01-03-2018_TrafficForML_CICFlowMeter_30s_state.csv,TEST,2018-03-01 03:25:00,1,1,1
Thursday-01-03-2018_TrafficForML_CICFlowMeter_30s_state.csv,TEST,2018-03-01 03:25:30,1,1,1
Thursday-01-03-2018_TrafficForML_CICFlowMeter_30s_state.csv,TEST,2018-03-01 03:26:00,1,1,1
Thursday-01-03-2018_TrafficForML_CICFlowMeter_30s_state.csv,TEST,2018-03-01 03:26:30,1,1,1
Thursday-01-03-2018_TrafficForML_CICFlowMeter_30s_state.csv,TEST,2018-03-01 03:27:00,1,1,1
Thursday-01-03-2018_TrafficForML_CICFlowMeter_30s_state.csv,TEST,2018-03-01 03:27:30,1,1,1
Thursday-01-03-2018_TrafficForML_CICFlowMeter_30s_state.csv,TEST,2018-03-01 03:28:00,1,1,1
Thursday-01-03-2018_TrafficForML_CICFlowMeter_30s_state.csv,TEST,2018-03-01 03:28:30,1,1,1
Thursday-01-03-2018_TrafficForML_CICFlowMeter_30s_state.csv,TEST,2018-03-01 03:29:00,1,1,1
Thursday-01-03-2018_TrafficForML_CICFlowMeter_30s_state.csv,TEST,2018-03-01 03:29:30,1,1,1
Thursday-01-03-2018_TrafficForML_CICFlowMeter_30s_state.csv,TEST,2018-03-01 03:30:00,1,1,1
Thursday-01-03-2018_TrafficForML_CICFlowMeter_30s_state.csv,TEST,2018-03-01 03:30:30,1,1,1
Thursday-01-03-2018_TrafficForML_CICFlowMeter_30s_state.csv,TEST,2018-03-01 03:31:00,1,1,1
Thursday-01-03-2018_TrafficForML_CICFlowMeter_30s_state.csv,TEST,2018-03-01 03:31:30,1,1,1
Thursday-01-03-2018_TrafficForML_CICFlowMeter_30s_state.csv,TEST,2018-03-01 03:32:00,1,1,1
Thursday-01-03-2018_TrafficForML_CICFlowMeter_30s_state.csv,TEST,2018-03-01 03:32:30,1,1,1
Thursday-01-03-2018_TrafficForML_CICFlowMeter_30s_state.csv,TEST,2018-03-01 03:33:00,1,1,1
Thursday-01-03-2018_TrafficForML_CICFlowMeter_30s_state.csv,TEST,2018-03-01 03:33:30,1,1,1
Thursday-01-03-2018_TrafficForML_CICFlowMeter_30s_state.csv,TEST,2018-03-01 03:34:00,1,1,1
Thursday-01-03-2018_TrafficForML_CICFlowMeter_30s_state.csv,TEST,2018-03-01 03:34:30,1,1,1
Thursday-01-03-2018_TrafficForML_CICFlowMeter_30s_state.csv,TEST,2018-03-01 03:35:00,1,1,1
Thursday-01-03-2018_TrafficForML_CICFlowMeter_30s_state.csv,TEST,2018-03-01 03:35:30,1,1,1
Thursday-01-03-2018_TrafficForML_CICFlowMeter_30s_state.csv,TEST,2018-03-01 03:36:00,1,1,1
Thursday-01-03-2018_TrafficForML_CICFlowMeter_30s_state.csv,TEST,2018-03-01 03:36:30,1,1,1
Thursday-01-03-2018_TrafficForML_CICFlowMeter_30s_state.csv,TEST,2018-03-01 03:37:00,1,0,1
Thursday-01-03-2018_TrafficForML_CICFlowMeter_30s_state.csv,TEST,2018-03-01 03:37:30,0,0,0
Thursday-01-03-2018_TrafficForML_CICFlowMeter_30s_state.csv,TEST,2018-03-01 03:38:00,0,0,0
Thursday-01-03-2018_TrafficForML_CICFlowMeter_30s_state.csv,TEST,2018-03-01 03:38:30,0,0,0
Thursday-01-03-2018_TrafficForML_CICFlowMeter_30s_state.csv,TEST,2018-03-01 03:39:00,0,0,0
Thursday-01-03-2018_TrafficForML_CICFlowMeter_30s_state.csv,TEST,2018-03-01 03:39:30,0,0,0
Thursday-01-03-2018_TrafficForML_CICFlowMeter_30s_state.csv,TEST,2018-03-01 03:40:00,0,0,0
Thursday-01-03-2018_TrafficForML_CICFlowMeter_30s_state.csv,TEST,2018-03-01 03:40:30,0,0,0
Thursday-01-03-2018_TrafficForML_CICFlowMeter_30s_state.csv,TEST,2018-03-01 03:41:00,0,0,0
Thursday-01-03-2018_TrafficForML_CICFlowMeter_30s_state.csv,TEST,2018-03-01 03:41:30,0,0,0
Thursday-01-03-2018_TrafficForML_CICFlowMeter_30s_state.csv,TEST,2018-03-01 03:42:00,0,0,0
Thursday-01-03-2018_TrafficForML_CICFlowMeter_30s_state.csv,TEST,2018-03-01 03:42:30,0,0,0
Thursday-01-03-2018_TrafficForML_CICFlowMeter_30s_state.csv,TEST,2018-03-01 03:43:00,0,0,0
Thursday-01-03-2018_TrafficForML_CICFlowMeter_30s_state.csv,TEST,2018-03-01 03:43:30,0,0,0
Thursday-01-03-2018_TrafficForML_CICFlowMeter_30s_state.csv,TEST,2018-03-01 03:44:00,0,0,0
Thursday-01-03-2018_TrafficForML_CICFlowMeter_30s_state.csv,TEST,2018-03-01 03:44:30,0,0,0
Thursday-01-03-2018_TrafficForML_CICFlowMeter_30s_state.csv,TEST,2018-03-01 03:45:00,0,0,0
Thursday-01-03-2018_TrafficForML_CICFlowMeter_30s_state.csv,TEST,2018-03-01 03:45:30,0,0,0
Thursday-01-03-2018_TrafficForML_CICFlowMeter_30s_state.csv,TEST,2018-03-01 03:46:00,0,0,0
Thursday-01-03-2018_TrafficForML_CICFlowMeter_30s_state.csv,TEST,2018-03-01 03:46:30,0,0,0
Thursday-01-03-2018_TrafficForML_CICFlowMeter_30s_state.csv,TEST,2018-03-01 03:47:00,0,0,0
Thursday-01-03-2018_TrafficForML_CICFlowMeter_30s_state.csv,TEST,2018-03-01 03:47:30,0,0,0
Thursday-01-03-2018_TrafficForML_CICFlowMeter_30s_state.csv,TEST,2018-03-01 03:48:00,0,0,0
Thursday-01-03-2018_TrafficForML_CICFlowMeter_30s_state.csv,TEST,2018-03-01 03:48:30,0,0,0
Thursday-01-03-2018_TrafficForML_CICFlowMeter_30s_state.csv,TEST,2018-03-01 03:49:00,0,0,0
Thursday-01-03-2018_TrafficForML_CICFlowMeter_30s_state.csv,TEST,2018-03-01 03:49:30,0,0,0
Thursday-01-03-2018_TrafficForML_CICFlowMeter_30s_state.csv,TEST,2018-03-01 03:50:00,0,0,0
Thursday-01-03-2018_TrafficForML_CICFlowMeter_30s_state.csv,TEST,2018-03-01 03:50:30,0,0,0
Thursday-01-03-2018_TrafficForML_CICFlowMeter_30s_state.csv,TEST,2018-03-01 03:51:00,0,0,0
Thursday-01-03-2018_TrafficForML_CICFlowMeter_30s_state.csv,TEST,2018-03-01 03:51:30,0,0,0
Thursday-01-03-2018_TrafficForML_CICFlowMeter_30s_state.csv,TEST,2018-03-01 03:52:00,0,0,0
Thursday-01-03-2018_TrafficForML_CICFlowMeter_30s_state.csv,TEST,2018-03-01 03:52:30,0,0,0
Thursday-01-03-2018_TrafficForML_CICFlowMeter_30s_state.csv,TEST,2018-03-01 03:53:00,0,0,0
Thursday-01-03-2018_TrafficForML_CICFlowMeter_30s_state.csv,TEST,2018-03-01 03:53:30,0,0,0
Thursday-01-03-2018_TrafficForML_CICFlowMeter_30s_state.csv,TEST,2018-03-01 03:54:00,0,0,0
Thursday-01-03-2018_TrafficForML_CICFlowMeter_30s_state.csv,TEST,2018-03-01 03:54:30,0,0,0
Thursday-01-03-2018_TrafficForML_CICFlowMeter_30s_state.csv,TEST,2018-03-01 03:55:00,0,0,0
Thursday-01-03-2018_TrafficForML_CICFlowMeter_30s_state.csv,TEST,2018-03-01 03:55:30,0,0,0
Thursday-01-03-2018_TrafficForML_CICFlowMeter_30s_state.csv,TEST,2018-03-01 03:56:00,0,0,0
Thursday-01-03-2018_TrafficForML_CICFlowMeter_30s_state.csv,TEST,2018-03-01 03:56:30,0,0,0
Thursday-01-03-2018_TrafficForML_CICFlowMeter_30s_state.csv,TEST,2018-03-01 03:57:00,0,0,0
Thursday-01-03-2018_TrafficForML_CICFlowMeter_30s_state.csv,TEST,2018-03-01 03:57:30,0,0,0
Thursday-01-03-2018_TrafficForML_CICFlowMeter_30s_state.csv,TEST,2018-03-01 03:58:00,0,0,0
Thursday-01-03-2018_TrafficForML_CICFlowMeter_30s_state.csv,TEST,2018-03-01 03:58:30,0,0,0
Thursday-01-03-2018_TrafficForML_CICFlowMeter_30s_state.csv,TEST,2018-03-01 03:59:00,0,0,0
Thursday-01-03-2018_TrafficForML_CICFlowMeter_30s_state.csv,TEST,2018-03-01 03:59:30,0,0,0
Thursday-01-03-2018_TrafficForML_CICFlowMeter_30s_state.csv,TEST,2018-03-01 04:00:00,0,0,0
Thursday-01-03-2018_TrafficForML_CICFlowMeter_30s_state.csv,TEST,2018-03-01 04:00:30,0,0,0
Thursday-01-03-2018_TrafficForML_CICFlowMeter_30s_state.csv,TEST,2018-03-01 04:01:00,0,0,0
Thursday-01-03-2018_TrafficForML_CICFlowMeter_30s_state.csv,TEST,2018-03-01 04:01:30,0,0,0
Thursday-01-03-2018_TrafficForML_CICFlowMeter_30s_state.csv,TEST,2018-03-01 04:02:00,0,0,0
Thursday-01-03-2018_TrafficForML_CICFlowMeter_30s_state.csv,TEST,2018-03-01 04:02:30,0,0,0
Thursday-01-03-2018_TrafficForML_CICFlowMeter_30s_state.csv,TEST,2018-03-01 04:03:00,0,0,0
Thursday-01-03-2018_TrafficForML_CICFlowMeter_30s_state.csv,TEST,2018-03-01 04:03:30,0,0,0
Thursday-01-03-2018_TrafficForML_CICFlowMeter_30s_state.csv,TEST,2018-03-01 04:04:00,0,0,0
Thursday-01-03-2018_TrafficForML_CICFlowMeter_30s_state.csv,TEST,2018-03-01 04:04:30,0,0,0
Thursday-01-03-2018_TrafficForML_CICFlowMeter_30s_state.csv,TEST,2018-03-01 04:05:00,0,0,0
Thursday-01-03-2018_TrafficForML_CICFlowMeter_30s_state.csv,TEST,2018-03-01 04:05:30,0,0,0
Thursday-01-03-2018_TrafficForML_CICFlowMeter_30s_state.csv,TEST,2018-03-01 04:06:00,0,0,0
Thursday-01-03-2018_TrafficForML_CICFlowMeter_30s_state.csv,TEST,2018-03-01 04:06:30,0,0,0
Thursday-01-03-2018_TrafficForML_CICFlowMeter_30s_state.csv,TEST,2018-03-01 04:07:00,0,0,0
Thursday-01-03-2018_TrafficForML_CICFlowMeter_30s_state.csv,TEST,2018-03-01 04:07:30,0,0,0
Thursday-01-03-2018_TrafficForML_CICFlowMeter_30s_state.csv,TEST,2018-03-01 04:08:00,0,0,0
Thursday-01-03-2018_TrafficForML_CICFlowMeter_30s_state.csv,TEST,2018-03-01 04:08:30,0,0,0
Thursday-01-03-2018_TrafficForML_CICFlowMeter_30s_state.csv,TEST,2018-03-01 04:09:00,0,0,0
Thursday-01-03-2018_TrafficForML_CICFlowMeter_30s_state.csv,TEST,2018-03-01 04:09:30,0,0,0
Thursday-01-03-2018_TrafficForML_CICFlowMeter_30s_state.csv,TEST,2018-03-01 04:10:00,0,0,0
Thursday-01-03-2018_TrafficForML_CICFlowMeter_30s_state.csv,TEST,2018-03-01 04:10:30,0,0,0
Thursday-01-03-2018_TrafficForML_CICFlowMeter_30s_state.csv,TEST,2018-03-01 04:11:00,0,0,0
Thursday-01-03-2018_TrafficForML_CICFlowMeter_30s_state.csv,TEST,2018-03-01 04:11:30,0,0,0
Thursday-01-03-2018_TrafficForML_CICFlowMeter_30s_state.csv,TEST,2018-03-01 04:12:00,0,0,0
Thursday-01-03-2018_TrafficForML_CICFlowMeter_30s_state.csv,TEST,2018-03-01 04:12:30,0,0,0
Thursday-01-03-2018_TrafficForML_CICFlowMeter_30s_state.csv,TEST,2018-03-01 04:13:00,0,0,0
Thursday-01-03-2018_TrafficForML_CICFlowMeter_30s_state.csv,TEST,2018-03-01 04:13:30,0,0,0
Thursday-01-03-2018_TrafficForML_CICFlowMeter_30s_state.csv,TEST,2018-03-01 04:14:00,0,0,0
Thursday-01-03-2018_TrafficForML_CICFlowMeter_30s_state.csv,TEST,2018-03-01 04:14:30,0,0,0
Thursday-01-03-2018_TrafficForML_CICFlowMeter_30s_state.csv,TEST,2018-03-01 04:15:00,0,0,0
Thursday-01-03-2018_TrafficForML_CICFlowMeter_30s_state.csv,TEST,2018-03-01 04:15:30,0,0,0
Thursday-01-03-2018_TrafficForML_CICFlowMeter_30s_state.csv,TEST,2018-03-01 04:16:00,0,0,0
Thursday-01-03-2018_TrafficForML_CICFlowMeter_30s_state.csv,TEST,2018-03-01 04:16:30,0,0,0
Thursday-01-03-2018_TrafficForML_CICFlowMeter_30s_state.csv,TEST,2018-03-01 04:17:00,0,0,0
Thursday-01-03-2018_TrafficForML_CICFlowMeter_30s_state.csv,TEST,2018-03-01 04:17:30,0,0,0
Thursday-01-03-2018_TrafficForML_CICFlowMeter_30s_state.csv,TEST,2018-03-01 04:18:00,0,0,0
Thursday-01-03-2018_TrafficForML_CICFlowMeter_30s_state.csv,TEST,2018-03-01 04:18:30,0,0,0
Thursday-01-03-2018_TrafficForML_CICFlowMeter_30s_state.csv,TEST,2018-03-01 04:19:00,0,0,0
Thursday-01-03-2018_TrafficForML_CICFlowMeter_30s_state.csv,TEST,2018-03-01 04:19:30,0,0,0
Thursday-01-03-2018_TrafficForML_CICFlowMeter_30s_state.csv,TEST,2018-03-01 04:20:00,0,0,0
Thursday-01-03-2018_TrafficForML_CICFlowMeter_30s_state.csv,TEST,2018-03-01 04:20:30,0,0,0
Thursday-01-03-2018_TrafficForML_CICFlowMeter_30s_state.csv,TEST,2018-03-01 04:21:00,0,0,0
Thursday-01-03-2018_TrafficForML_CICFlowMeter_30s_state.csv,TEST,2018-03-01 04:21:30,0,0,0
Thursday-01-03-2018_TrafficForML_CICFlowMeter_30s_state.csv,TEST,2018-03-01 04:22:00,0,0,0
Thursday-01-03-2018_TrafficForML_CICFlowMeter_30s_state.csv,TEST,2018-03-01 04:22:30,0,0,0
Thursday-01-03-2018_TrafficForML_CICFlowMeter_30s_state.csv,TEST,2018-03-01 04:23:00,0,0,0
Thursday-01-03-2018_TrafficForML_CICFlowMeter_30s_state.csv,TEST,2018-03-01 04:23:30,0,0,0
Thursday-01-03-2018_TrafficForML_CICFlowMeter_30s_state.csv,TEST,2018-03-01 04:24:00,0,0,0
Thursday-01-03-2018_TrafficForML_CICFlowMeter_30s_state.csv,TEST,2018-03-01 04:24:30,0,0,0
Thursday-01-03-2018_TrafficForML_CICFlowMeter_30s_state.csv,TEST,2018-03-01 04:25:00,0,0,0
Thursday-01-03-2018_TrafficForML_CICFlowMeter_30s_state.csv,TEST,2018-03-01 04:25:30,0,0,0
Thursday-01-03-2018_TrafficForML_CICFlowMeter_30s_state.csv,TEST,2018-03-01 04:26:00,0,0,0
Thursday-01-03-2018_TrafficForML_CICFlowMeter_30s_state.csv,TEST,2018-03-01 04:26:30,0,0,0
Thursday-01-03-2018_TrafficForML_CICFlowMeter_30s_state.csv,TEST,2018-03-01 04:27:00,0,0,0
Thursday-01-03-2018_TrafficForML_CICFlowMeter_30s_state.csv,TEST,2018-03-01 04:27:30,0,0,0
Thursday-01-03-2018_TrafficForML_CICFlowMeter_30s_state.csv,TEST,2018-03-01 04:28:00,0,0,0
Thursday-01-03-2018_TrafficForML_CICFlowMeter_30s_state.csv,TEST,2018-03-01 04:28:30,0,0,0
Thursday-01-03-2018_TrafficForML_CICFlowMeter_30s_state.csv,TEST,2018-03-01 04:29:00,0,0,0
Thursday-01-03-2018_TrafficForML_CICFlowMeter_30s_state.csv,TEST,2018-03-01 04:29:30,0,0,0
Thursday-01-03-2018_TrafficForML_CICFlowMeter_30s_state.csv,TEST,2018-03-01 04:30:00,0,0,0
Thursday-01-03-2018_TrafficForML_CICFlowMeter_30s_state.csv,TEST,2018-03-01 04:30:30,0,0,0
Thursday-01-03-2018_TrafficForML_CICFlowMeter_30s_state.csv,TEST,2018-03-01 04:31:00,0,0,0
Thursday-01-03-2018_TrafficForML_CICFlowMeter_30s_state.csv,TEST,2018-03-01 04:31:30,0,0,0
Thursday-01-03-2018_TrafficForML_CICFlowMeter_30s_state.csv,TEST,2018-03-01 04:32:00,0,0,0
Thursday-01-03-2018_TrafficForML_CICFlowMeter_30s_state.csv,TEST,2018-03-01 04:32:30,0,0,0
Thursday-01-03-2018_TrafficForML_CICFlowMeter_30s_state.csv,TEST,2018-03-01 04:33:00,0,0,0
Thursday-01-03-2018_TrafficForML_CICFlowMeter_30s_state.csv,TEST,2018-03-01 04:33:30,0,0,0
Thursday-01-03-2018_TrafficForML_CICFlowMeter_30s_state.csv,TEST,2018-03-01 04:34:00,0,0,0
Thursday-01-03-2018_TrafficForML_CICFlowMeter_30s_state.csv,TEST,2018-03-01 04:34:30,0,0,0
Thursday-01-03-2018_TrafficForML_CICFlowMeter_30s_state.csv,TEST,2018-03-01 04:35:00,0,0,0
Thursday-01-03-2018_TrafficForML_CICFlowMeter_30s_state.csv,TEST,2018-03-01 04:35:30,0,0,0
Thursday-01-03-2018_TrafficForML_CICFlowMeter_30s_state.csv,TEST,2018-03-01 04:36:00,0,0,0
Thursday-01-03-2018_TrafficForML_CICFlowMeter_30s_state.csv,TEST,2018-03-01 04:36:30,0,0,0
Thursday-01-03-2018_TrafficForML_CICFlowMeter_30s_state.csv,TEST,2018-03-01 04:37:00,0,0,0
Thursday-01-03-2018_TrafficForML_CICFlowMeter_30s_state.csv,TEST,2018-03-01 04:37:30,0,0,0
Thursday-01-03-2018_TrafficForML_CICFlowMeter_30s_state.csv,TEST,2018-03-01 04:38:00,0,0,0
Thursday-01-03-2018_TrafficForML_CICFlowMeter_30s_state.csv,TEST,2018-03-01 04:38:30,0,0,0
Thursday-01-03-2018_TrafficForML_CICFlowMeter_30s_state.csv,TEST,2018-03-01 04:39:00,0,0,0
Thursday-01-03-2018_TrafficForML_CICFlowMeter_30s_state.csv,TEST,2018-03-01 04:39:30,0,0,0
Thursday-01-03-2018_TrafficForML_CICFlowMeter_30s_state.csv,TEST,2018-03-01 04:40:00,0,0,0
Thursday-01-03-2018_TrafficForML_CICFlowMeter_30s_state.csv,TEST,2018-03-01 04:40:30,0,0,0
Thursday-01-03-2018_TrafficForML_CICFlowMeter_30s_state.csv,TEST,2018-03-01 04:41:00,0,0,0
Thursday-01-03-2018_TrafficForML_CICFlowMeter_30s_state.csv,TEST,2018-03-01 04:41:30,0,0,0
Thursday-01-03-2018_TrafficForML_CICFlowMeter_30s_state.csv,TEST,2018-03-01 04:42:00,0,0,0
Thursday-01-03-2018_TrafficForML_CICFlowMeter_30s_state.csv,TEST,2018-03-01 04:42:30,0,0,0
Thursday-01-03-2018_TrafficForML_CICFlowMeter_30s_state.csv,TEST,2018-03-01 04:43:00,0,0,0
Thursday-01-03-2018_TrafficForML_CICFlowMeter_30s_state.csv,TEST,2018-03-01 04:43:30,0,0,0
Thursday-01-03-2018_TrafficForML_CICFlowMeter_30s_state.csv,TEST,2018-03-01 04:44:00,0,0,0
Thursday-01-03-2018_TrafficForML_CICFlowMeter_30s_state.csv,TEST,2018-03-01 04:44:30,0,0,0
Thursday-01-03-2018_TrafficForML_CICFlowMeter_30s_state.csv,TEST,2018-03-01 04:45:00,0,0,0
Thursday-01-03-2018_TrafficForML_CICFlowMeter_30s_state.csv,TEST,2018-03-01 04:45:30,0,0,0
Thursday-01-03-2018_TrafficForML_CICFlowMeter_30s_state.csv,TEST,2018-03-01 04:46:00,0,0,0
Thursday-01-03-2018_TrafficForML_CICFlowMeter_30s_state.csv,TEST,2018-03-01 04:46:30,0,0,0
Thursday-01-03-2018_TrafficForML_CICFlowMeter_30s_state.csv,TEST,2018-03-01 04:47:00,0,0,0
Thursday-01-03-2018_TrafficForML_CICFlowMeter_30s_state.csv,TEST,2018-03-01 04:47:30,0,0,0
Thursday-01-03-2018_TrafficForML_CICFlowMeter_30s_state.csv,TEST,2018-03-01 04:48:00,0,0,0
Thursday-01-03-2018_TrafficForML_CICFlowMeter_30s_state.csv,TEST,2018-03-01 04:48:30,0,0,0
Thursday-01-03-2018_TrafficForML_CICFlowMeter_30s_state.csv,TEST,2018-03-01 04:49:00,0,0,0
Thursday-01-03-2018_TrafficForML_CICFlowMeter_30s_state.csv,TEST,2018-03-01 04:49:30,0,0,0
Thursday-01-03-2018_TrafficForML_CICFlowMeter_30s_state.csv,TEST,2018-03-01 04:50:00,0,0,0
Thursday-01-03-2018_TrafficForML_CICFlowMeter_30s_state.csv,TEST,2018-03-01 04:50:30,0,0,0
Thursday-01-03-2018_TrafficForML_CICFlowMeter_30s_state.csv,TEST,2018-03-01 04:51:00,0,0,0
Thursday-01-03-2018_TrafficForML_CICFlowMeter_30s_state.csv,TEST,2018-03-01 04:51:30,0,0,0
Thursday-01-03-2018_TrafficForML_CICFlowMeter_30s_state.csv,TEST,2018-03-01 04:52:00,0,0,0
Thursday-01-03-2018_TrafficForML_CICFlowMeter_30s_state.csv,TEST,2018-03-01 04:52:30,0,0,0
Thursday-01-03-2018_TrafficForML_CICFlowMeter_30s_state.csv,TEST,2018-03-01 04:53:00,0,0,0
Thursday-01-03-2018_TrafficForML_CICFlowMeter_30s_state.csv,TEST,2018-03-01 04:53:30,0,0,0
Thursday-01-03-2018_TrafficForML_CICFlowMeter_30s_state.csv,TEST,2018-03-01 04:54:00,0,0,0
Thursday-01-03-2018_TrafficForML_CICFlowMeter_30s_state.csv,TEST,2018-03-01 04:54:30,0,0,0
Thursday-01-03-2018_TrafficForML_CICFlowMeter_30s_state.csv,TEST,2018-03-01 04:55:00,0,0,0
Thursday-01-03-2018_TrafficForML_CICFlowMeter_30s_state.csv,TEST,2018-03-01 04:55:30,0,0,0
Thursday-01-03-2018_TrafficForML_CICFlowMeter_30s_state.csv,TEST,2018-03-01 04:56:00,0,0,0
Thursday-01-03-2018_TrafficForML_CICFlowMeter_30s_state.csv,TEST,2018-03-01 04:56:30,0,0,0
Thursday-01-03-2018_TrafficForML_CICFlowMeter_30s_state.csv,TEST,2018-03-01 04:57:00,0,0,0
Thursday-01-03-2018_TrafficForML_CICFlowMeter_30s_state.csv,TEST,2018-03-01 04:57:30,0,0,0
Thursday-01-03-2018_TrafficForML_CICFlowMeter_30s_state.csv,TEST,2018-03-01 04:58:00,0,0,0
Thursday-01-03-2018_TrafficForML_CICFlowMeter_30s_state.csv,TEST,2018-03-01 04:58:30,0,0,0
Thursday-01-03-2018_TrafficForML_CICFlowMeter_30s_state.csv,TEST,2018-03-01 04:59:00,0,0,0
Thursday-01-03-2018_TrafficForML_CICFlowMeter_30s_state.csv,TEST,2018-03-01 04:59:30,0,0,0
Thursday-01-03-2018_TrafficForML_CICFlowMeter_30s_state.csv,TEST,2018-03-01 05:00:00,0,0,0
Thursday-01-03-2018_TrafficForML_CICFlowMeter_30s_state.csv,TEST,2018-03-01 05:00:30,0,0,0
Thursday-01-03-2018_TrafficForML_CICFlowMeter_30s_state.csv,TEST,2018-03-01 05:01:00,0,0,0
Thursday-01-03-2018_TrafficForML_CICFlowMeter_30s_state.csv,TEST,2018-03-01 05:01:30,0,0,0
Thursday-01-03-2018_TrafficForML_CICFlowMeter_30s_state.csv,TEST,2018-03-01 05:02:00,0,0,0
Thursday-01-03-2018_TrafficForML_CICFlowMeter_30s_state.csv,TEST,2018-03-01 05:02:30,0,0,0
Thursday-01-03-2018_TrafficForML_CICFlowMeter_30s_state.csv,TEST,2018-03-01 05:03:00,0,0,0
Thursday-01-03-2018_TrafficForML_CICFlowMeter_30s_state.csv,TEST,2018-03-01 05:03:30,0,0,0
Thursday-01-03-2018_TrafficForML_CICFlowMeter_30s_state.csv,TEST,2018-03-01 05:04:00,0,0,0
Thursday-01-03-2018_TrafficForML_CICFlowMeter_30s_state.csv,TEST,2018-03-01 05:04:30,0,0,0
Thursday-01-03-2018_TrafficForML_CICFlowMeter_30s_state.csv,TEST,2018-03-01 05:05:00,0,0,0
Thursday-01-03-2018_TrafficForML_CICFlowMeter_30s_state.csv,TEST,2018-03-01 05:05:30,0,0,0
Thursday-01-03-2018_TrafficForML_CICFlowMeter_30s_state.csv,TEST,2018-03-01 05:06:00,0,0,0
Thursday-01-03-2018_TrafficForML_CICFlowMeter_30s_state.csv,TEST,2018-03-01 05:06:30,0,0,0
Thursday-01-03-2018_TrafficForML_CICFlowMeter_30s_state.csv,TEST,2018-03-01 05:07:00,0,0,0
Thursday-01-03-2018_TrafficForML_CICFlowMeter_30s_state.csv,TEST,2018-03-01 05:07:30,0,0,0
Thursday-01-03-2018_TrafficForML_CICFlowMeter_30s_state.csv,TEST,2018-03-01 05:08:00,0,0,0
Thursday-01-03-2018_TrafficForML_CICFlowMeter_30s_state.csv,TEST,2018-03-01 05:08:30,0,0,0
Thursday-01-03-2018_TrafficForML_CICFlowMeter_30s_state.csv,TEST,2018-03-01 05:09:00,0,0,0
Thursday-01-03-2018_TrafficForML_CICFlowMeter_30s_state.csv,TEST,2018-03-01 05:09:30,0,0,0
Thursday-01-03-2018_TrafficForML_CICFlowMeter_30s_state.csv,TEST,2018-03-01 05:10:00,0,0,0
Thursday-01-03-2018_TrafficForML_CICFlowMeter_30s_state.csv,TEST,2018-03-01 05:10:30,0,0,0
Thursday-01-03-2018_TrafficForML_CICFlowMeter_30s_state.csv,TEST,2018-03-01 05:11:00,0,0,0
Thursday-01-03-2018_TrafficForML_CICFlowMeter_30s_state.csv,TEST,2018-03-01 05:11:30,0,0,0
Thursday-01-03-2018_TrafficForML_CICFlowMeter_30s_state.csv,TEST,2018-03-01 05:12:00,0,0,0
Thursday-01-03-2018_TrafficForML_CICFlowMeter_30s_state.csv,TEST,2018-03-01 05:12:30,0,0,0
Thursday-01-03-2018_TrafficForML_CICFlowMeter_30s_state.csv,TEST,2018-03-01 05:13:00,0,0,0
Thursday-01-03-2018_TrafficForML_CICFlowMeter_30s_state.csv,TEST,2018-03-01 05:13:30,0,0,0
Thursday-01-03-2018_TrafficForML_CICFlowMeter_30s_state.csv,TEST,2018-03-01 05:14:00,0,0,0
Thursday-01-03-2018_TrafficForML_CICFlowMeter_30s_state.csv,TEST,2018-03-01 05:14:30,0,0,0
Thursday-01-03-2018_TrafficForML_CICFlowMeter_30s_state.csv,TEST,2018-03-01 05:15:00,0,0,0
Thursday-01-03-2018_TrafficForML_CICFlowMeter_30s_state.csv,TEST,2018-03-01 05:15:30,0,0,0
Thursday-01-03-2018_TrafficForML_CICFlowMeter_30s_state.csv,TEST,2018-03-01 05:16:00,0,0,0
Thursday-01-03-2018_TrafficForML_CICFlowMeter_30s_state.csv,TEST,2018-03-01 05:16:30,0,0,0
Thursday-01-03-2018_TrafficForML_CICFlowMeter_30s_state.csv,TEST,2018-03-01 05:17:00,0,0,0
Thursday-01-03-2018_TrafficForML_CICFlowMeter_30s_state.csv,TEST,2018-03-01 05:17:30,0,0,0
Thursday-01-03-2018_TrafficForML_CICFlowMeter_30s_state.csv,TEST,2018-03-01 05:18:00,0,0,0
Thursday-01-03-2018_TrafficForML_CICFlowMeter_30s_state.csv,TEST,2018-03-01 05:18:30,0,0,0
Thursday-01-03-2018_TrafficForML_CICFlowMeter_30s_state.csv,TEST,2018-03-01 05:19:00,0,0,0
Thursday-01-03-2018_TrafficForML_CICFlowMeter_30s_state.csv,TEST,2018-03-01 05:19:30,0,0,0
Thursday-01-03-2018_TrafficForML_CICFlowMeter_30s_state.csv,TEST,2018-03-01 05:20:00,0,0,0
Thursday-01-03-2018_TrafficForML_CICFlowMeter_30s_state.csv,TEST,2018-03-01 05:20:30,0,0,0
Thursday-01-03-2018_TrafficForML_CICFlowMeter_30s_state.csv,TEST,2018-03-01 05:21:00,0,0,0
Thursday-01-03-2018_TrafficForML_CICFlowMeter_30s_state.csv,TEST,2018-03-01 05:21:30,0,0,0
Thursday-01-03-2018_TrafficForML_CICFlowMeter_30s_state.csv,TEST,2018-03-01 05:22:00,0,0,0
Thursday-01-03-2018_TrafficForML_CICFlowMeter_30s_state.csv,TEST,2018-03-01 05:22:30,0,0,0
Thursday-01-03-2018_TrafficForML_CICFlowMeter_30s_state.csv,TEST,2018-03-01 05:23:00,0,0,0
Thursday-01-03-2018_TrafficForML_CICFlowMeter_30s_state.csv,TEST,2018-03-01 05:23:30,0,0,0
Thursday-01-03-2018_TrafficForML_CICFlowMeter_30s_state.csv,TEST,2018-03-01 05:24:00,0,0,0
Thursday-01-03-2018_TrafficForML_CICFlowMeter_30s_state.csv,TEST,2018-03-01 05:24:30,0,0,0
Thursday-01-03-2018_TrafficForML_CICFlowMeter_30s_state.csv,TEST,2018-03-01 05:25:00,0,0,0
Thursday-01-03-2018_TrafficForML_CICFlowMeter_30s_state.csv,TEST,2018-03-01 05:25:30,0,0,0
Thursday-01-03-2018_TrafficForML_CICFlowMeter_30s_state.csv,TEST,2018-03-01 05:26:00,0,0,0
Thursday-01-03-2018_TrafficForML_CICFlowMeter_30s_state.csv,TEST,2018-03-01 05:26:30,0,0,0
Thursday-01-03-2018_TrafficForML_CICFlowMeter_30s_state.csv,TEST,2018-03-01 05:27:00,0,0,0
Thursday-01-03-2018_TrafficForML_CICFlowMeter_30s_state.csv,TEST,2018-03-01 05:27:30,0,0,0
Thursday-01-03-2018_TrafficForML_CICFlowMeter_30s_state.csv,TEST,2018-03-01 05:28:00,0,0,0
Thursday-01-03-2018_TrafficForML_CICFlowMeter_30s_state.csv,TEST,2018-03-01 05:28:30,0,0,0
Thursday-01-03-2018_TrafficForML_CICFlowMeter_30s_state.csv,TEST,2018-03-01 05:29:00,0,0,0
Thursday-01-03-2018_TrafficForML_CICFlowMeter_30s_state.csv,TEST,2018-03-01 05:29:30,0,0,0
Thursday-01-03-2018_TrafficForML_CICFlowMeter_30s_state.csv,TEST,2018-03-01 05:30:00,0,0,0
Thursday-01-03-2018_TrafficForML_CICFlowMeter_30s_state.csv,TEST,2018-03-01 05:30:30,0,0,0
Thursday-01-03-2018_TrafficForML_CICFlowMeter_30s_state.csv,TEST,2018-03-01 05:31:00,0,0,0
Thursday-01-03-2018_TrafficForML_CICFlowMeter_30s_state.csv,TEST,2018-03-01 05:31:30,0,0,0
Thursday-01-03-2018_TrafficForML_CICFlowMeter_30s_state.csv,TEST,2018-03-01 05:32:00,0,0,0
Thursday-01-03-2018_TrafficForML_CICFlowMeter_30s_state.csv,TEST,2018-03-01 05:32:30,0,0,0
Thursday-01-03-2018_TrafficForML_CICFlowMeter_30s_state.csv,TEST,2018-03-01 05:33:00,0,0,0
Thursday-01-03-2018_TrafficForML_CICFlowMeter_30s_state.csv,TEST,2018-03-01 05:33:30,0,0,0
Thursday-01-03-2018_TrafficForML_CICFlowMeter_30s_state.csv,TEST,2018-03-01 05:34:00,0,0,0
Thursday-01-03-2018_TrafficForML_CICFlowMeter_30s_state.csv,TEST,2018-03-01 05:34:30,0,0,0
Thursday-01-03-2018_TrafficForML_CICFlowMeter_30s_state.csv,TEST,2018-03-01 05:35:00,0,0,0
Thursday-01-03-2018_TrafficForML_CICFlowMeter_30s_state.csv,TEST,2018-03-01 05:35:30,0,0,0
Thursday-01-03-2018_TrafficForML_CICFlowMeter_30s_state.csv,TEST,2018-03-01 05:36:00,0,0,0
Thursday-01-03-2018_TrafficForML_CICFlowMeter_30s_state.csv,TEST,2018-03-01 05:36:30,0,0,0
Thursday-01-03-2018_TrafficForML_CICFlowMeter_30s_state.csv,TEST,2018-03-01 05:37:00,0,0,0
Thursday-01-03-2018_TrafficForML_CICFlowMeter_30s_state.csv,TEST,2018-03-01 05:37:30,0,0,0
Thursday-01-03-2018_TrafficForML_CICFlowMeter_30s_state.csv,TEST,2018-03-01 05:38:00,0,0,0
Thursday-01-03-2018_TrafficForML_CICFlowMeter_30s_state.csv,TEST,2018-03-01 05:38:30,0,0,0
Thursday-01-03-2018_TrafficForML_CICFlowMeter_30s_state.csv,TEST,2018-03-01 05:39:00,0,0,0
Thursday-01-03-2018_TrafficForML_CICFlowMeter_30s_state.csv,TEST,2018-03-01 05:39:30,0,0,0
Thursday-01-03-2018_TrafficForML_CICFlowMeter_30s_state.csv,TEST,2018-03-01 05:40:00,0,0,0
Thursday-01-03-2018_TrafficForML_CICFlowMeter_30s_state.csv,TEST,2018-03-01 05:40:30,0,0,0
Thursday-01-03-2018_TrafficForML_CICFlowMeter_30s_state.csv,TEST,2018-03-01 05:41:00,0,0,0
Thursday-01-03-2018_TrafficForML_CICFlowMeter_30s_state.csv,TEST,2018-03-01 05:41:30,0,0,0
Thursday-01-03-2018_TrafficForML_CICFlowMeter_30s_state.csv,TEST,2018-03-01 05:42:00,0,0,0
Thursday-01-03-2018_TrafficForML_CICFlowMeter_30s_state.csv,TEST,2018-03-01 05:42:30,0,0,0
Thursday-01-03-2018_TrafficForML_CICFlowMeter_30s_state.csv,TEST,2018-03-01 05:43:00,0,0,0
Thursday-01-03-2018_TrafficForML_CICFlowMeter_30s_state.csv,TEST,2018-03-01 05:43:30,0,0,0
Thursday-01-03-2018_TrafficForML_CICFlowMeter_30s_state.csv,TEST,2018-03-01 05:44:00,0,0,0
Thursday-01-03-2018_TrafficForML_CICFlowMeter_30s_state.csv,TEST,2018-03-01 05:44:30,0,0,0
Thursday-01-03-2018_TrafficForML_CICFlowMeter_30s_state.csv,TEST,2018-03-01 05:45:00,0,0,0
Thursday-01-03-2018_TrafficForML_CICFlowMeter_30s_state.csv,TEST,2018-03-01 08:21:00,0,0,0
Thursday-01-03-2018_TrafficForML_CICFlowMeter_30s_state.csv,TEST,2018-03-01 08:21:30,0,0,0
Thursday-01-03-2018_TrafficForML_CICFlowMeter_30s_state.csv,TEST,2018-03-01 08:22:00,0,0,0
Thursday-01-03-2018_TrafficForML_CICFlowMeter_30s_state.csv,TEST,2018-03-01 08:22:30,0,0,0
Thursday-01-03-2018_TrafficForML_CICFlowMeter_30s_state.csv,TEST,2018-03-01 08:23:00,0,0,0
Thursday-01-03-2018_TrafficForML_CICFlowMeter_30s_state.csv,TEST,2018-03-01 08:23:30,0,0,0
Thursday-01-03-2018_TrafficForML_CICFlowMeter_30s_state.csv,TEST,2018-03-01 08:24:00,0,0,0
Thursday-01-03-2018_TrafficForML_CICFlowMeter_30s_state.csv,TEST,2018-03-01 08:24:30,0,0,0
Thursday-01-03-2018_TrafficForML_CICFlowMeter_30s_state.csv,TEST,2018-03-01 08:25:00,0,0,0
Thursday-01-03-2018_TrafficForML_CICFlowMeter_30s_state.csv,TEST,2018-03-01 08:25:30,0,0,0
Thursday-01-03-2018_TrafficForML_CICFlowMeter_30s_state.csv,TEST,2018-03-01 08:26:00,0,0,0
Thursday-01-03-2018_TrafficForML_CICFlowMeter_30s_state.csv,TEST,2018-03-01 08:26:30,0,0,0
Thursday-01-03-2018_TrafficForML_CICFlowMeter_30s_state.csv,TEST,2018-03-01 08:27:00,0,0,0
Thursday-01-03-2018_TrafficForML_CICFlowMeter_30s_state.csv,TEST,2018-03-01 08:27:30,0,0,0
Thursday-01-03-2018_TrafficForML_CICFlowMeter_30s_state.csv,TEST,2018-03-01 08:28:00,0,0,0
Thursday-01-03-2018_TrafficForML_CICFlowMeter_30s_state.csv,TEST,2018-03-01 08:28:30,0,0,0
Thursday-01-03-2018_TrafficForML_CICFlowMeter_30s_state.csv,TEST,2018-03-01 08:29:00,0,0,0
Thursday-01-03-2018_TrafficForML_CICFlowMeter_30s_state.csv,TEST,2018-03-01 08:29:30,0,0,0
Thursday-01-03-2018_TrafficForML_CICFlowMeter_30s_state.csv,TEST,2018-03-01 08:30:00,0,0,0
Thursday-01-03-2018_TrafficForML_CICFlowMeter_30s_state.csv,TEST,2018-03-01 08:30:30,0,0,0
Thursday-01-03-2018_TrafficForML_CICFlowMeter_30s_state.csv,TEST,2018-03-01 08:31:00,0,0,0
Thursday-01-03-2018_TrafficForML_CICFlowMeter_30s_state.csv,TEST,2018-03-01 08:31:30,0,0,0
Thursday-01-03-2018_TrafficForML_CICFlowMeter_30s_state.csv,TEST,2018-03-01 08:32:00,0,0,0
Thursday-01-03-2018_TrafficForML_CICFlowMeter_30s_state.csv,TEST,2018-03-01 08:32:30,0,0,0
Thursday-01-03-2018_TrafficForML_CICFlowMeter_30s_state.csv,TEST,2018-03-01 08:33:00,0,0,0
Thursday-01-03-2018_TrafficForML_CICFlowMeter_30s_state.csv,TEST,2018-03-01 08:33:30,0,0,0
Thursday-01-03-2018_TrafficForML_CICFlowMeter_30s_state.csv,TEST,2018-03-01 08:34:00,0,0,0
Thursday-01-03-2018_TrafficForML_CICFlowMeter_30s_state.csv,TEST,2018-03-01 08:34:30,0,0,0
Thursday-01-03-2018_TrafficForML_CICFlowMeter_30s_state.csv,TEST,2018-03-01 08:35:00,0,0,0
Thursday-01-03-2018_TrafficForML_CICFlowMeter_30s_state.csv,TEST,2018-03-01 08:35:30,0,0,0
Thursday-01-03-2018_TrafficForML_CICFlowMeter_30s_state.csv,TEST,2018-03-01 08:36:00,0,0,0
Thursday-01-03-2018_TrafficForML_CICFlowMeter_30s_state.csv,TEST,2018-03-01 08:36:30,0,0,0
Thursday-01-03-2018_TrafficForML_CICFlowMeter_30s_state.csv,TEST,2018-03-01 08:37:00,0,0,0
Thursday-01-03-2018_TrafficForML_CICFlowMeter_30s_state.csv,TEST,2018-03-01 08:37:30,0,0,0
Thursday-01-03-2018_TrafficForML_CICFlowMeter_30s_state.csv,TEST,2018-03-01 08:38:00,0,0,0
Thursday-01-03-2018_TrafficForML_CICFlowMeter_30s_state.csv,TEST,2018-03-01 08:38:30,0,0,0
Thursday-01-03-2018_TrafficForML_CICFlowMeter_30s_state.csv,TEST,2018-03-01 08:39:00,0,0,0
Thursday-01-03-2018_TrafficForML_CICFlowMeter_30s_state.csv,TEST,2018-03-01 08:39:30,0,0,0
Thursday-01-03-2018_TrafficForML_CICFlowMeter_30s_state.csv,TEST,2018-03-01 08:40:00,0,0,0
Thursday-01-03-2018_TrafficForML_CICFlowMeter_30s_state.csv,TEST,2018-03-01 08:40:30,0,0,0
Thursday-01-03-2018_TrafficForML_CICFlowMeter_30s_state.csv,TEST,2018-03-01 08:41:00,0,0,0
Thursday-01-03-2018_TrafficForML_CICFlowMeter_30s_state.csv,TEST,2018-03-01 08:41:30,0,0,0
Thursday-01-03-2018_TrafficForML_CICFlowMeter_30s_state.csv,TEST,2018-03-01 08:42:00,0,0,0
Thursday-01-03-2018_TrafficForML_CICFlowMeter_30s_state.csv,TEST,2018-03-01 08:42:30,0,0,0
Thursday-01-03-2018_TrafficForML_CICFlowMeter_30s_state.csv,TEST,2018-03-01 08:43:00,0,0,0
Thursday-01-03-2018_TrafficForML_CICFlowMeter_30s_state.csv,TEST,2018-03-01 08:43:30,0,0,0
Thursday-01-03-2018_TrafficForML_CICFlowMeter_30s_state.csv,TEST,2018-03-01 08:44:00,0,0,0
Thursday-01-03-2018_TrafficForML_CICFlowMeter_30s_state.csv,TEST,2018-03-01 08:44:30,0,0,0
Thursday-01-03-2018_TrafficForML_CICFlowMeter_30s_state.csv,TEST,2018-03-01 08:45:00,0,0,0
Thursday-01-03-2018_TrafficForML_CICFlowMeter_30s_state.csv,TEST,2018-03-01 08:45:30,0,0,0
Thursday-01-03-2018_TrafficForML_CICFlowMeter_30s_state.csv,TEST,2018-03-01 08:46:00,0,0,0
Thursday-01-03-2018_TrafficForML_CICFlowMeter_30s_state.csv,TEST,2018-03-01 08:46:30,0,0,0
Thursday-01-03-2018_TrafficForML_CICFlowMeter_30s_state.csv,TEST,2018-03-01 08:47:00,0,0,0
Thursday-01-03-2018_TrafficForML_CICFlowMeter_30s_state.csv,TEST,2018-03-01 08:47:30,0,0,0
Thursday-01-03-2018_TrafficForML_CICFlowMeter_30s_state.csv,TEST,2018-03-01 08:48:00,0,0,0
Thursday-01-03-2018_TrafficForML_CICFlowMeter_30s_state.csv,TEST,2018-03-01 08:48:30,0,0,0
Thursday-01-03-2018_TrafficForML_CICFlowMeter_30s_state.csv,TEST,2018-03-01 08:49:00,0,0,0
Thursday-01-03-2018_TrafficForML_CICFlowMeter_30s_state.csv,TEST,2018-03-01 08:49:30,0,0,0
Thursday-01-03-2018_TrafficForML_CICFlowMeter_30s_state.csv,TEST,2018-03-01 08:50:00,0,0,0
Thursday-01-03-2018_TrafficForML_CICFlowMeter_30s_state.csv,TEST,2018-03-01 08:50:30,0,0,0
Thursday-01-03-2018_TrafficForML_CICFlowMeter_30s_state.csv,TEST,2018-03-01 08:51:00,0,0,0
Thursday-01-03-2018_TrafficForML_CICFlowMeter_30s_state.csv,TEST,2018-03-01 08:51:30,0,0,0
Thursday-01-03-2018_TrafficForML_CICFlowMeter_30s_state.csv,TEST,2018-03-01 08:52:00,0,0,0
Thursday-01-03-2018_TrafficForML_CICFlowMeter_30s_state.csv,TEST,2018-03-01 08:52:30,0,0,0
Thursday-01-03-2018_TrafficForML_CICFlowMeter_30s_state.csv,TEST,2018-03-01 08:53:00,0,0,0
Thursday-01-03-2018_TrafficForML_CICFlowMeter_30s_state.csv,TEST,2018-03-01 08:53:30,0,0,0
Thursday-01-03-2018_TrafficForML_CICFlowMeter_30s_state.csv,TEST,2018-03-01 08:54:00,0,0,0
Thursday-01-03-2018_TrafficForML_CICFlowMeter_30s_state.csv,TEST,2018-03-01 08:54:30,0,0,0
Thursday-01-03-2018_TrafficForML_CICFlowMeter_30s_state.csv,TEST,2018-03-01 08:55:00,0,0,0
Thursday-01-03-2018_TrafficForML_CICFlowMeter_30s_state.csv,TEST,2018-03-01 08:55:30,0,0,0
Thursday-01-03-2018_TrafficForML_CICFlowMeter_30s_state.csv,TEST,2018-03-01 08:56:00,0,0,0
Thursday-01-03-2018_TrafficForML_CICFlowMeter_30s_state.csv,TEST,2018-03-01 08:56:30,0,0,0
Thursday-01-03-2018_TrafficForML_CICFlowMeter_30s_state.csv,TEST,2018-03-01 08:57:00,0,0,0
Thursday-01-03-2018_TrafficForML_CICFlowMeter_30s_state.csv,TEST,2018-03-01 08:57:30,0,0,0
Thursday-01-03-2018_TrafficForML_CICFlowMeter_30s_state.csv,TEST,2018-03-01 08:58:00,0,0,0
Thursday-01-03-2018_TrafficForML_CICFlowMeter_30s_state.csv,TEST,2018-03-01 08:58:30,0,0,0
Thursday-01-03-2018_TrafficForML_CICFlowMeter_30s_state.csv,TEST,2018-03-01 08:59:00,0,0,0
Thursday-01-03-2018_TrafficForML_CICFlowMeter_30s_state.csv,TEST,2018-03-01 08:59:30,0,0,0
Thursday-01-03-2018_TrafficForML_CICFlowMeter_30s_state.csv,TEST,2018-03-01 09:00:00,0,0,0
Thursday-01-03-2018_TrafficForML_CICFlowMeter_30s_state.csv,TEST,2018-03-01 09:00:30,0,0,0
Thursday-01-03-2018_TrafficForML_CICFlowMeter_30s_state.csv,TEST,2018-03-01 09:01:00,0,0,0
Thursday-01-03-2018_TrafficForML_CICFlowMeter_30s_state.csv,TEST,2018-03-01 09:01:30,0,0,0
Thursday-01-03-2018_TrafficForML_CICFlowMeter_30s_state.csv,TEST,2018-03-01 09:02:00,0,0,0
Thursday-01-03-2018_TrafficForML_CICFlowMeter_30s_state.csv,TEST,2018-03-01 09:02:30,0,0,0
Thursday-01-03-2018_TrafficForML_CICFlowMeter_30s_state.csv,TEST,2018-03-01 09:03:00,0,0,0
Thursday-01-03-2018_TrafficForML_CICFlowMeter_30s_state.csv,TEST,2018-03-01 09:03:30,0,0,0
Thursday-01-03-2018_TrafficForML_CICFlowMeter_30s_state.csv,TEST,2018-03-01 09:04:00,0,0,0
Thursday-01-03-2018_TrafficForML_CICFlowMeter_30s_state.csv,TEST,2018-03-01 09:04:30,0,0,0
Thursday-01-03-2018_TrafficForML_CICFlowMeter_30s_state.csv,TEST,2018-03-01 09:05:00,0,0,0
Thursday-01-03-2018_TrafficForML_CICFlowMeter_30s_state.csv,TEST,2018-03-01 09:05:30,0,0,0
Thursday-01-03-2018_TrafficForML_CICFlowMeter_30s_state.csv,TEST,2018-03-01 09:06:00,0,0,0
Thursday-01-03-2018_TrafficForML_CICFlowMeter_30s_state.csv,TEST,2018-03-01 09:06:30,0,0,0
Thursday-01-03-2018_TrafficForML_CICFlowMeter_30s_state.csv,TEST,2018-03-01 09:07:00,0,0,0
Thursday-01-03-2018_TrafficForML_CICFlowMeter_30s_state.csv,TEST,2018-03-01 09:07:30,0,0,0
Thursday-01-03-2018_TrafficForML_CICFlowMeter_30s_state.csv,TEST,2018-03-01 09:08:00,0,0,0
Thursday-01-03-2018_TrafficForML_CICFlowMeter_30s_state.csv,TEST,2018-03-01 09:08:30,0,0,0
Thursday-01-03-2018_TrafficForML_CICFlowMeter_30s_state.csv,TEST,2018-03-01 09:09:00,0,0,0
Thursday-01-03-2018_TrafficForML_CICFlowMeter_30s_state.csv,TEST,2018-03-01 09:09:30,0,0,0
Thursday-01-03-2018_TrafficForML_CICFlowMeter_30s_state.csv,TEST,2018-03-01 09:10:00,0,0,0
Thursday-01-03-2018_TrafficForML_CICFlowMeter_30s_state.csv,TEST,2018-03-01 09:10:30,0,0,0
Thursday-01-03-2018_TrafficForML_CICFlowMeter_30s_state.csv,TEST,2018-03-01 09:11:00,0,0,0
Thursday-01-03-2018_TrafficForML_CICFlowMeter_30s_state.csv,TEST,2018-03-01 09:11:30,0,0,0
Thursday-01-03-2018_TrafficForML_CICFlowMeter_30s_state.csv,TEST,2018-03-01 09:12:00,0,0,0
Thursday-01-03-2018_TrafficForML_CICFlowMeter_30s_state.csv,TEST,2018-03-01 09:12:30,0,0,0
Thursday-01-03-2018_TrafficForML_CICFlowMeter_30s_state.csv,TEST,2018-03-01 09:13:00,0,0,0
Thursday-01-03-2018_TrafficForML_CICFlowMeter_30s_state.csv,TEST,2018-03-01 09:13:30,0,0,0
Thursday-01-03-2018_TrafficForML_CICFlowMeter_30s_state.csv,TEST,2018-03-01 09:14:00,0,0,0
Thursday-01-03-2018_TrafficForML_CICFlowMeter_30s_state.csv,TEST,2018-03-01 09:14:30,0,0,0
Thursday-01-03-2018_TrafficForML_CICFlowMeter_30s_state.csv,TEST,2018-03-01 09:15:00,0,0,0
Thursday-01-03-2018_TrafficForML_CICFlowMeter_30s_state.csv,TEST,2018-03-01 09:15:30,0,0,0
Thursday-01-03-2018_TrafficForML_CICFlowMeter_30s_state.csv,TEST,2018-03-01 09:16:00,0,0,0
Thursday-01-03-2018_TrafficForML_CICFlowMeter_30s_state.csv,TEST,2018-03-01 09:16:30,0,0,0
Thursday-01-03-2018_TrafficForML_CICFlowMeter_30s_state.csv,TEST,2018-03-01 09:17:00,0,0,0
Thursday-01-03-2018_TrafficForML_CICFlowMeter_30s_state.csv,TEST,2018-03-01 09:17:30,0,0,0
Thursday-01-03-2018_TrafficForML_CICFlowMeter_30s_state.csv,TEST,2018-03-01 09:18:00,0,0,0
Thursday-01-03-2018_TrafficForML_CICFlowMeter_30s_state.csv,TEST,2018-03-01 09:18:30,0,0,0
Thursday-01-03-2018_TrafficForML_CICFlowMeter_30s_state.csv,TEST,2018-03-01 09:19:00,0,0,0
Thursday-01-03-2018_TrafficForML_CICFlowMeter_30s_state.csv,TEST,2018-03-01 09:19:30,0,0,0
Thursday-01-03-2018_TrafficForML_CICFlowMeter_30s_state.csv,TEST,2018-03-01 09:20:00,0,0,0
Thursday-01-03-2018_TrafficForML_CICFlowMeter_30s_state.csv,TEST,2018-03-01 09:20:30,0,0,0
Thursday-01-03-2018_TrafficForML_CICFlowMeter_30s_state.csv,TEST,2018-03-01 09:21:00,0,0,0
Thursday-01-03-2018_TrafficForML_CICFlowMeter_30s_state.csv,TEST,2018-03-01 09:21:30,0,0,0
Thursday-01-03-2018_TrafficForML_CICFlowMeter_30s_state.csv,TEST,2018-03-01 09:22:00,0,0,0
Thursday-01-03-2018_TrafficForML_CICFlowMeter_30s_state.csv,TEST,2018-03-01 09:22:30,0,0,0
Thursday-01-03-2018_TrafficForML_CICFlowMeter_30s_state.csv,TEST,2018-03-01 09:23:00,0,0,0
Thursday-01-03-2018_TrafficForML_CICFlowMeter_30s_state.csv,TEST,2018-03-01 09:23:30,0,0,0
Thursday-01-03-2018_TrafficForML_CICFlowMeter_30s_state.csv,TEST,2018-03-01 09:24:00,0,0,0
Thursday-01-03-2018_TrafficForML_CICFlowMeter_30s_state.csv,TEST,2018-03-01 09:24:30,0,0,0
Thursday-01-03-2018_TrafficForML_CICFlowMeter_30s_state.csv,TEST,2018-03-01 09:25:00,0,0,0
Thursday-01-03-2018_TrafficForML_CICFlowMeter_30s_state.csv,TEST,2018-03-01 09:25:30,0,0,0
Thursday-01-03-2018_TrafficForML_CICFlowMeter_30s_state.csv,TEST,2018-03-01 09:26:00,0,0,0
Thursday-01-03-2018_TrafficForML_CICFlowMeter_30s_state.csv,TEST,2018-03-01 09:26:30,0,0,0
Thursday-01-03-2018_TrafficForML_CICFlowMeter_30s_state.csv,TEST,2018-03-01 09:27:00,0,0,0
Thursday-01-03-2018_TrafficForML_CICFlowMeter_30s_state.csv,TEST,2018-03-01 09:27:30,0,0,0
Thursday-01-03-2018_TrafficForML_CICFlowMeter_30s_state.csv,TEST,2018-03-01 09:28:00,0,0,0
Thursday-01-03-2018_TrafficForML_CICFlowMeter_30s_state.csv,TEST,2018-03-01 09:28:30,0,0,0
Thursday-01-03-2018_TrafficForML_CICFlowMeter_30s_state.csv,TEST,2018-03-01 09:29:00,0,0,0
Thursday-01-03-2018_TrafficForML_CICFlowMeter_30s_state.csv,TEST,2018-03-01 09:29:30,0,0,0
Thursday-01-03-2018_TrafficForML_CICFlowMeter_30s_state.csv,TEST,2018-03-01 09:30:00,0,0,0
Thursday-01-03-2018_TrafficForML_CICFlowMeter_30s_state.csv,TEST,2018-03-01 09:30:30,0,0,0
Thursday-01-03-2018_TrafficForML_CICFlowMeter_30s_state.csv,TEST,2018-03-01 09:31:00,0,0,0
Thursday-01-03-2018_TrafficForML_CICFlowMeter_30s_state.csv,TEST,2018-03-01 09:31:30,0,0,0
Thursday-01-03-2018_TrafficForML_CICFlowMeter_30s_state.csv,TEST,2018-03-01 09:32:00,0,0,0
Thursday-01-03-2018_TrafficForML_CICFlowMeter_30s_state.csv,TEST,2018-03-01 09:32:30,0,0,0
Thursday-01-03-2018_TrafficForML_CICFlowMeter_30s_state.csv,TEST,2018-03-01 09:33:00,0,0,0
Thursday-01-03-2018_TrafficForML_CICFlowMeter_30s_state.csv,TEST,2018-03-01 09:33:30,0,0,0
Thursday-01-03-2018_TrafficForML_CICFlowMeter_30s_state.csv,TEST,2018-03-01 09:34:00,0,0,0
Thursday-01-03-2018_TrafficForML_CICFlowMeter_30s_state.csv,TEST,2018-03-01 09:34:30,0,0,0
Thursday-01-03-2018_TrafficForML_CICFlowMeter_30s_state.csv,TEST,2018-03-01 09:35:00,0,0,0
Thursday-01-03-2018_TrafficForML_CICFlowMeter_30s_state.csv,TEST,2018-03-01 09:35:30,0,0,0
Thursday-01-03-2018_TrafficForML_CICFlowMeter_30s_state.csv,TEST,2018-03-01 09:36:00,0,0,0
Thursday-01-03-2018_TrafficForML_CICFlowMeter_30s_state.csv,TEST,2018-03-01 09:36:30,0,0,0
Thursday-01-03-2018_TrafficForML_CICFlowMeter_30s_state.csv,TEST,2018-03-01 09:37:00,0,0,0
Thursday-01-03-2018_TrafficForML_CICFlowMeter_30s_state.csv,TEST,2018-03-01 09:37:30,0,0,0
Thursday-01-03-2018_TrafficForML_CICFlowMeter_30s_state.csv,TEST,2018-03-01 09:38:00,0,0,0
Thursday-01-03-2018_TrafficForML_CICFlowMeter_30s_state.csv,TEST,2018-03-01 09:38:30,0,0,0
Thursday-01-03-2018_TrafficForML_CICFlowMeter_30s_state.csv,TEST,2018-03-01 09:39:00,0,0,0
Thursday-01-03-2018_TrafficForML_CICFlowMeter_30s_state.csv,TEST,2018-03-01 09:39:30,0,0,0
Thursday-01-03-2018_TrafficForML_CICFlowMeter_30s_state.csv,TEST,2018-03-01 09:40:00,0,0,0
Thursday-01-03-2018_TrafficForML_CICFlowMeter_30s_state.csv,TEST,2018-03-01 09:40:30,0,0,0
Thursday-01-03-2018_TrafficForML_CICFlowMeter_30s_state.csv,TEST,2018-03-01 09:41:00,0,0,0
Thursday-01-03-2018_TrafficForML_CICFlowMeter_30s_state.csv,TEST,2018-03-01 09:41:30,0,0,0
Thursday-01-03-2018_TrafficForML_CICFlowMeter_30s_state.csv,TEST,2018-03-01 09:42:00,0,0,0
Thursday-01-03-2018_TrafficForML_CICFlowMeter_30s_state.csv,TEST,2018-03-01 09:42:30,0,0,0
Thursday-01-03-2018_TrafficForML_CICFlowMeter_30s_state.csv,TEST,2018-03-01 09:43:00,0,0,0
Thursday-01-03-2018_TrafficForML_CICFlowMeter_30s_state.csv,TEST,2018-03-01 09:43:30,0,0,0
Thursday-01-03-2018_TrafficForML_CICFlowMeter_30s_state.csv,TEST,2018-03-01 09:44:00,0,0,0
Thursday-01-03-2018_TrafficForML_CICFlowMeter_30s_state.csv,TEST,2018-03-01 09:44:30,0,0,0
Thursday-01-03-2018_TrafficForML_CICFlowMeter_30s_state.csv,TEST,2018-03-01 09:45:00,0,0,0
Thursday-01-03-2018_TrafficForML_CICFlowMeter_30s_state.csv,TEST,2018-03-01 09:45:30,0,0,0
Thursday-01-03-2018_TrafficForML_CICFlowMeter_30s_state.csv,TEST,2018-03-01 09:46:00,0,0,0
Thursday-01-03-2018_TrafficForML_CICFlowMeter_30s_state.csv,TEST,2018-03-01 09:46:30,0,0,0
Thursday-01-03-2018_TrafficForML_CICFlowMeter_30s_state.csv,TEST,2018-03-01 09:47:00,0,0,0
Thursday-01-03-2018_TrafficForML_CICFlowMeter_30s_state.csv,TEST,2018-03-01 09:47:30,0,0,0
Thursday-01-03-2018_TrafficForML_CICFlowMeter_30s_state.csv,TEST,2018-03-01 09:48:00,0,0,0
Thursday-01-03-2018_TrafficForML_CICFlowMeter_30s_state.csv,TEST,2018-03-01 09:48:30,0,0,0
Thursday-01-03-2018_TrafficForML_CICFlowMeter_30s_state.csv,TEST,2018-03-01 09:49:00,0,0,0
Thursday-01-03-2018_TrafficForML_CICFlowMeter_30s_state.csv,TEST,2018-03-01 09:49:30,0,0,0
Thursday-01-03-2018_TrafficForML_CICFlowMeter_30s_state.csv,TEST,2018-03-01 09:50:00,0,0,0
Thursday-01-03-2018_TrafficForML_CICFlowMeter_30s_state.csv,TEST,2018-03-01 09:50:30,0,0,0
Thursday-01-03-2018_TrafficForML_CICFlowMeter_30s_state.csv,TEST,2018-03-01 09:51:00,0,0,0
Thursday-01-03-2018_TrafficForML_CICFlowMeter_30s_state.csv,TEST,2018-03-01 09:51:30,0,0,0
Thursday-01-03-2018_TrafficForML_CICFlowMeter_30s_state.csv,TEST,2018-03-01 09:52:00,0,0,0
Thursday-01-03-2018_TrafficForML_CICFlowMeter_30s_state.csv,TEST,2018-03-01 09:52:30,0,0,0
Thursday-01-03-2018_TrafficForML_CICFlowMeter_30s_state.csv,TEST,2018-03-01 09:53:00,0,0,0
Thursday-01-03-2018_TrafficForML_CICFlowMeter_30s_state.csv,TEST,2018-03-01 09:53:30,0,0,0
Thursday-01-03-2018_TrafficForML_CICFlowMeter_30s_state.csv,TEST,2018-03-01 09:54:00,0,0,0
Thursday-01-03-2018_TrafficForML_CICFlowMeter_30s_state.csv,TEST,2018-03-01 09:54:30,0,0,0
Thursday-01-03-2018_TrafficForML_CICFlowMeter_30s_state.csv,TEST,2018-03-01 09:55:00,0,0,0
Thursday-01-03-2018_TrafficForML_CICFlowMeter_30s_state.csv,TEST,2018-03-01 09:55:30,0,0,0
Thursday-01-03-2018_TrafficForML_CICFlowMeter_30s_state.csv,TEST,2018-03-01 09:56:00,0,0,0
Thursday-01-03-2018_TrafficForML_CICFlowMeter_30s_state.csv,TEST,2018-03-01 09:56:30,0,0,0
Thursday-01-03-2018_TrafficForML_CICFlowMeter_30s_state.csv,TEST,2018-03-01 09:57:00,0,1,0
Thursday-01-03-2018_TrafficForML_CICFlowMeter_30s_state.csv,TEST,2018-03-01 09:57:30,1,1,1
Thursday-01-03-2018_TrafficForML_CICFlowMeter_30s_state.csv,TEST,2018-03-01 09:58:00,1,1,1
Thursday-01-03-2018_TrafficForML_CICFlowMeter_30s_state.csv,TEST,2018-03-01 09:58:30,1,1,1
Thursday-01-03-2018_TrafficForML_CICFlowMeter_30s_state.csv,TEST,2018-03-01 09:59:00,1,1,1
Thursday-01-03-2018_TrafficForML_CICFlowMeter_30s_state.csv,TEST,2018-03-01 09:59:30,1,1,1
Thursday-01-03-2018_TrafficForML_CICFlowMeter_30s_state.csv,TEST,2018-03-01 10:00:00,1,1,1
Thursday-01-03-2018_TrafficForML_CICFlowMeter_30s_state.csv,TEST,2018-03-01 10:00:30,1,1,1
Thursday-01-03-2018_TrafficForML_CICFlowMeter_30s_state.csv,TEST,2018-03-01 10:01:00,1,1,1
Thursday-01-03-2018_TrafficForML_CICFlowMeter_30s_state.csv,TEST,2018-03-01 10:01:30,1,1,1
Thursday-01-03-2018_TrafficForML_CICFlowMeter_30s_state.csv,TEST,2018-03-01 10:02:00,1,1,1
Thursday-01-03-2018_TrafficForML_CICFlowMeter_30s_state.csv,TEST,2018-03-01 10:02:30,1,1,1
Thursday-01-03-2018_TrafficForML_CICFlowMeter_30s_state.csv,TEST,2018-03-01 10:03:00,1,1,1
Thursday-01-03-2018_TrafficForML_CICFlowMeter_30s_state.csv,TEST,2018-03-01 10:03:30,1,1,1
Thursday-01-03-2018_TrafficForML_CICFlowMeter_30s_state.csv,TEST,2018-03-01 10:04:00,1,1,1
Thursday-01-03-2018_TrafficForML_CICFlowMeter_30s_state.csv,TEST,2018-03-01 10:04:30,1,1,1
Thursday-01-03-2018_TrafficForML_CICFlowMeter_30s_state.csv,TEST,2018-03-01 10:05:00,1,1,1
Thursday-01-03-2018_TrafficForML_CICFlowMeter_30s_state.csv,TEST,2018-03-01 10:05:30,1,1,1
Thursday-01-03-2018_TrafficForML_CICFlowMeter_30s_state.csv,TEST,2018-03-01 10:06:00,1,1,1
Thursday-01-03-2018_TrafficForML_CICFlowMeter_30s_state.csv,TEST,2018-03-01 10:06:30,1,1,1
Thursday-01-03-2018_TrafficForML_CICFlowMeter_30s_state.csv,TEST,2018-03-01 10:07:00,1,1,1
Thursday-01-03-2018_TrafficForML_CICFlowMeter_30s_state.csv,TEST,2018-03-01 10:07:30,1,1,1
Thursday-01-03-2018_TrafficForML_CICFlowMeter_30s_state.csv,TEST,2018-03-01 10:08:00,1,1,1
Thursday-01-03-2018_TrafficForML_CICFlowMeter_30s_state.csv,TEST,2018-03-01 10:08:30,1,1,1
Thursday-01-03-2018_TrafficForML_CICFlowMeter_30s_state.csv,TEST,2018-03-01 10:09:00,1,1,1
Thursday-01-03-2018_TrafficForML_CICFlowMeter_30s_state.csv,TEST,2018-03-01 10:09:30,1,1,1
Thursday-01-03-2018_TrafficForML_CICFlowMeter_30s_state.csv,TEST,2018-03-01 10:10:00,1,1,1
Thursday-01-03-2018_TrafficForML_CICFlowMeter_30s_state.csv,TEST,2018-03-01 10:10:30,1,1,1
Thursday-01-03-2018_TrafficForML_CICFlowMeter_30s_state.csv,TEST,2018-03-01 10:11:00,1,1,1
Thursday-01-03-2018_TrafficForML_CICFlowMeter_30s_state.csv,TEST,2018-03-01 10:11:30,1,1,1
Thursday-01-03-2018_TrafficForML_CICFlowMeter_30s_state.csv,TEST,2018-03-01 10:12:00,1,1,1
Thursday-01-03-2018_TrafficForML_CICFlowMeter_30s_state.csv,TEST,2018-03-01 10:12:30,1,1,1
Thursday-01-03-2018_TrafficForML_CICFlowMeter_30s_state.csv,TEST,2018-03-01 10:13:00,1,1,1
Thursday-01-03-2018_TrafficForML_CICFlowMeter_30s_state.csv,TEST,2018-03-01 10:13:30,1,1,1
Thursday-01-03-2018_TrafficForML_CICFlowMeter_30s_state.csv,TEST,2018-03-01 10:14:00,1,1,1
Thursday-01-03-2018_TrafficForML_CICFlowMeter_30s_state.csv,TEST,2018-03-01 10:14:30,1,1,1
Thursday-01-03-2018_TrafficForML_CICFlowMeter_30s_state.csv,TEST,2018-03-01 10:15:00,1,1,1
Thursday-01-03-2018_TrafficForML_CICFlowMeter_30s_state.csv,TEST,2018-03-01 10:15:30,1,1,1
Thursday-01-03-2018_TrafficForML_CICFlowMeter_30s_state.csv,TEST,2018-03-01 10:16:00,1,1,1
Thursday-01-03-2018_TrafficForML_CICFlowMeter_30s_state.csv,TEST,2018-03-01 10:16:30,1,1,1
Thursday-01-03-2018_TrafficForML_CICFlowMeter_30s_state.csv,TEST,2018-03-01 10:17:00,1,1,1
Thursday-01-03-2018_TrafficForML_CICFlowMeter_30s_state.csv,TEST,2018-03-01 10:17:30,1,1,1
Thursday-01-03-2018_TrafficForML_CICFlowMeter_30s_state.csv,TEST,2018-03-01 10:18:00,1,1,1
Thursday-01-03-2018_TrafficForML_CICFlowMeter_30s_state.csv,TEST,2018-03-01 10:18:30,1,1,1
Thursday-01-03-2018_TrafficForML_CICFlowMeter_30s_state.csv,TEST,2018-03-01 10:19:00,1,1,1
Thursday-01-03-2018_TrafficForML_CICFlowMeter_30s_state.csv,TEST,2018-03-01 10:19:30,1,1,1
Thursday-01-03-2018_TrafficForML_CICFlowMeter_30s_state.csv,TEST,2018-03-01 10:20:00,1,1,1
Thursday-01-03-2018_TrafficForML_CICFlowMeter_30s_state.csv,TEST,2018-03-01 10:20:30,1,1,1
Thursday-01-03-2018_TrafficForML_CICFlowMeter_30s_state.csv,TEST,2018-03-01 10:21:00,1,1,1
Thursday-01-03-2018_TrafficForML_CICFlowMeter_30s_state.csv,TEST,2018-03-01 10:21:30,1,1,1
Thursday-01-03-2018_TrafficForML_CICFlowMeter_30s_state.csv,TEST,2018-03-01 10:22:00,1,1,1
Thursday-01-03-2018_TrafficForML_CICFlowMeter_30s_state.csv,TEST,2018-03-01 10:22:30,1,1,1
Thursday-01-03-2018_TrafficForML_CICFlowMeter_30s_state.csv,TEST,2018-03-01 10:23:00,1,1,1
Thursday-01-03-2018_TrafficForML_CICFlowMeter_30s_state.csv,TEST,2018-03-01 10:23:30,1,1,1
Thursday-01-03-2018_TrafficForML_CICFlowMeter_30s_state.csv,TEST,2018-03-01 10:24:00,1,1,1
Thursday-01-03-2018_TrafficForML_CICFlowMeter_30s_state.csv,TEST,2018-03-01 10:24:30,1,1,1
Thursday-01-03-2018_TrafficForML_CICFlowMeter_30s_state.csv,TEST,2018-03-01 10:25:00,1,1,1
Thursday-01-03-2018_TrafficForML_CICFlowMeter_30s_state.csv,TEST,2018-03-01 10:25:30,1,1,1
Thursday-01-03-2018_TrafficForML_CICFlowMeter_30s_state.csv,TEST,2018-03-01 10:26:00,1,1,1
Thursday-01-03-2018_TrafficForML_CICFlowMeter_30s_state.csv,TEST,2018-03-01 10:26:30,1,1,1
Thursday-01-03-2018_TrafficForML_CICFlowMeter_30s_state.csv,TEST,2018-03-01 10:27:00,1,1,1
Thursday-01-03-2018_TrafficForML_CICFlowMeter_30s_state.csv,TEST,2018-03-01 10:27:30,1,1,1
Thursday-01-03-2018_TrafficForML_CICFlowMeter_30s_state.csv,TEST,2018-03-01 10:28:00,1,1,1
Thursday-01-03-2018_TrafficForML_CICFlowMeter_30s_state.csv,TEST,2018-03-01 10:28:30,1,1,1
Thursday-01-03-2018_TrafficForML_CICFlowMeter_30s_state.csv,TEST,2018-03-01 10:29:00,1,1,1
Thursday-01-03-2018_TrafficForML_CICFlowMeter_30s_state.csv,TEST,2018-03-01 10:29:30,1,1,1
Thursday-01-03-2018_TrafficForML_CICFlowMeter_30s_state.csv,TEST,2018-03-01 10:30:00,1,1,1
Thursday-01-03-2018_TrafficForML_CICFlowMeter_30s_state.csv,TEST,2018-03-01 10:30:30,1,1,1
Thursday-01-03-2018_TrafficForML_CICFlowMeter_30s_state.csv,TEST,2018-03-01 10:31:00,1,1,1
Thursday-01-03-2018_TrafficForML_CICFlowMeter_30s_state.csv,TEST,2018-03-01 10:31:30,1,1,1
Thursday-01-03-2018_TrafficForML_CICFlowMeter_30s_state.csv,TEST,2018-03-01 10:32:00,1,1,1
Thursday-01-03-2018_TrafficForML_CICFlowMeter_30s_state.csv,TEST,2018-03-01 10:32:30,1,1,1
Thursday-01-03-2018_TrafficForML_CICFlowMeter_30s_state.csv,TEST,2018-03-01 10:33:00,1,1,1
Thursday-01-03-2018_TrafficForML_CICFlowMeter_30s_state.csv,TEST,2018-03-01 10:33:30,1,1,1
Thursday-01-03-2018_TrafficForML_CICFlowMeter_30s_state.csv,TEST,2018-03-01 10:34:00,1,1,1
Thursday-01-03-2018_TrafficForML_CICFlowMeter_30s_state.csv,TEST,2018-03-01 10:34:30,1,1,1
Thursday-01-03-2018_TrafficForML_CICFlowMeter_30s_state.csv,TEST,2018-03-01 10:35:00,1,1,1
Thursday-01-03-2018_TrafficForML_CICFlowMeter_30s_state.csv,TEST,2018-03-01 10:35:30,1,1,1
Thursday-01-03-2018_TrafficForML_CICFlowMeter_30s_state.csv,TEST,2018-03-01 10:36:00,1,1,1
Thursday-01-03-2018_TrafficForML_CICFlowMeter_30s_state.csv,TEST,2018-03-01 10:36:30,1,1,1
Thursday-01-03-2018_TrafficForML_CICFlowMeter_30s_state.csv,TEST,2018-03-01 10:37:00,1,1,1
Thursday-01-03-2018_TrafficForML_CICFlowMeter_30s_state.csv,TEST,2018-03-01 10:37:30,1,1,1
Thursday-01-03-2018_TrafficForML_CICFlowMeter_30s_state.csv,TEST,2018-03-01 10:38:00,1,1,1
Thursday-01-03-2018_TrafficForML_CICFlowMeter_30s_state.csv,TEST,2018-03-01 10:38:30,1,1,1
Thursday-01-03-2018_TrafficForML_CICFlowMeter_30s_state.csv,TEST,2018-03-01 10:39:00,1,1,1
Thursday-01-03-2018_TrafficForML_CICFlowMeter_30s_state.csv,TEST,2018-03-01 10:39:30,1,1,1
Thursday-01-03-2018_TrafficForML_CICFlowMeter_30s_state.csv,TEST,2018-03-01 10:40:00,1,1,1
Thursday-01-03-2018_TrafficForML_CICFlowMeter_30s_state.csv,TEST,2018-03-01 10:40:30,1,1,1
Thursday-01-03-2018_TrafficForML_CICFlowMeter_30s_state.csv,TEST,2018-03-01 10:41:00,1,1,1
Thursday-01-03-2018_TrafficForML_CICFlowMeter_30s_state.csv,TEST,2018-03-01 10:41:30,1,1,1
Thursday-01-03-2018_TrafficForML_CICFlowMeter_30s_state.csv,TEST,2018-03-01 10:42:00,1,1,1
Thursday-01-03-2018_TrafficForML_CICFlowMeter_30s_state.csv,TEST,2018-03-01 10:42:30,1,1,1
Thursday-01-03-2018_TrafficForML_CICFlowMeter_30s_state.csv,TEST,2018-03-01 10:43:00,1,1,1
Thursday-01-03-2018_TrafficForML_CICFlowMeter_30s_state.csv,TEST,2018-03-01 10:43:30,1,1,1
Thursday-01-03-2018_TrafficForML_CICFlowMeter_30s_state.csv,TEST,2018-03-01 10:44:00,1,1,1
Thursday-01-03-2018_TrafficForML_CICFlowMeter_30s_state.csv,TEST,2018-03-01 10:44:30,1,1,1
Thursday-01-03-2018_TrafficForML_CICFlowMeter_30s_state.csv,TEST,2018-03-01 10:45:00,1,1,1
Thursday-01-03-2018_TrafficForML_CICFlowMeter_30s_state.csv,TEST,2018-03-01 10:45:30,1,1,1
Thursday-01-03-2018_TrafficForML_CICFlowMeter_30s_state.csv,TEST,2018-03-01 10:46:00,1,1,1
Thursday-01-03-2018_TrafficForML_CICFlowMeter_30s_state.csv,TEST,2018-03-01 10:46:30,1,1,1
Thursday-01-03-2018_TrafficForML_CICFlowMeter_30s_state.csv,TEST,2018-03-01 10:47:00,1,1,1
Thursday-01-03-2018_TrafficForML_CICFlowMeter_30s_state.csv,TEST,2018-03-01 10:47:30,1,1,1
Thursday-01-03-2018_TrafficForML_CICFlowMeter_30s_state.csv,TEST,2018-03-01 10:48:00,1,1,1
Thursday-01-03-2018_TrafficForML_CICFlowMeter_30s_state.csv,TEST,2018-03-01 10:48:30,1,1,1
Thursday-01-03-2018_TrafficForML_CICFlowMeter_30s_state.csv,TEST,2018-03-01 10:49:00,1,1,1
Thursday-01-03-2018_TrafficForML_CICFlowMeter_30s_state.csv,TEST,2018-03-01 10:49:30,1,1,1
Thursday-01-03-2018_TrafficForML_CICFlowMeter_30s_state.csv,TEST,2018-03-01 10:50:00,1,1,1
Thursday-01-03-2018_TrafficForML_CICFlowMeter_30s_state.csv,TEST,2018-03-01 10:50:30,1,1,1
Thursday-01-03-2018_TrafficForML_CICFlowMeter_30s_state.csv,TEST,2018-03-01 10:51:00,1,1,1
Thursday-01-03-2018_TrafficForML_CICFlowMeter_30s_state.csv,TEST,2018-03-01 10:51:30,1,1,1
Thursday-01-03-2018_TrafficForML_CICFlowMeter_30s_state.csv,TEST,2018-03-01 10:52:00,1,1,1
Thursday-01-03-2018_TrafficForML_CICFlowMeter_30s_state.csv,TEST,2018-03-01 10:52:30,1,1,1
Thursday-01-03-2018_TrafficForML_CICFlowMeter_30s_state.csv,TEST,2018-03-01 10:53:00,1,1,1
Thursday-01-03-2018_TrafficForML_CICFlowMeter_30s_state.csv,TEST,2018-03-01 10:53:30,1,1,1
Thursday-01-03-2018_TrafficForML_CICFlowMeter_30s_state.csv,TEST,2018-03-01 10:54:00,1,1,1
Thursday-01-03-2018_TrafficForML_CICFlowMeter_30s_state.csv,TEST,2018-03-01 10:54:30,1,1,1
Thursday-01-03-2018_TrafficForML_CICFlowMeter_30s_state.csv,TEST,2018-03-01 10:55:00,1,0,1
Thursday-01-03-2018_TrafficForML_CICFlowMeter_30s_state.csv,TEST,2018-03-01 10:55:30,0,0,0
Thursday-01-03-2018_TrafficForML_CICFlowMeter_30s_state.csv,TEST,2018-03-01 10:56:00,0,0,0
Thursday-01-03-2018_TrafficForML_CICFlowMeter_30s_state.csv,TEST,2018-03-01 10:56:30,0,0,0
Thursday-01-03-2018_TrafficForML_CICFlowMeter_30s_state.csv,TEST,2018-03-01 10:57:00,0,0,0
Thursday-01-03-2018_TrafficForML_CICFlowMeter_30s_state.csv,TEST,2018-03-01 10:57:30,0,0,0
Thursday-01-03-2018_TrafficForML_CICFlowMeter_30s_state.csv,TEST,2018-03-01 10:58:00,0,0,0
Thursday-01-03-2018_TrafficForML_CICFlowMeter_30s_state.csv,TEST,2018-03-01 10:58:30,0,0,0
Thursday-01-03-2018_TrafficForML_CICFlowMeter_30s_state.csv,TEST,2018-03-01 10:59:00,0,0,0
Thursday-01-03-2018_TrafficForML_CICFlowMeter_30s_state.csv,TEST,2018-03-01 10:59:30,0,0,0
Thursday-01-03-2018_TrafficForML_CICFlowMeter_30s_state.csv,TEST,2018-03-01 11:00:00,0,0,0
Thursday-01-03-2018_TrafficForML_CICFlowMeter_30s_state.csv,TEST,2018-03-01 11:00:30,0,0,0
Thursday-01-03-2018_TrafficForML_CICFlowMeter_30s_state.csv,TEST,2018-03-01 11:01:00,0,0,0
Thursday-01-03-2018_TrafficForML_CICFlowMeter_30s_state.csv,TEST,2018-03-01 11:01:30,0,0,0
Thursday-01-03-2018_TrafficForML_CICFlowMeter_30s_state.csv,TEST,2018-03-01 11:02:00,0,0,0
Thursday-01-03-2018_TrafficForML_CICFlowMeter_30s_state.csv,TEST,2018-03-01 11:02:30,0,0,0
Thursday-01-03-2018_TrafficForML_CICFlowMeter_30s_state.csv,TEST,2018-03-01 11:03:00,0,0,0
Thursday-01-03-2018_TrafficForML_CICFlowMeter_30s_state.csv,TEST,2018-03-01 11:03:30,0,0,0
Thursday-01-03-2018_TrafficForML_CICFlowMeter_30s_state.csv,TEST,2018-03-01 11:04:00,0,0,0
Thursday-01-03-2018_TrafficForML_CICFlowMeter_30s_state.csv,TEST,2018-03-01 11:04:30,0,0,0
Thursday-01-03-2018_TrafficForML_CICFlowMeter_30s_state.csv,TEST,2018-03-01 11:05:00,0,0,0
Thursday-01-03-2018_TrafficForML_CICFlowMeter_30s_state.csv,TEST,2018-03-01 11:05:30,0,0,0
Thursday-01-03-2018_TrafficForML_CICFlowMeter_30s_state.csv,TEST,2018-03-01 11:06:00,0,0,0
Thursday-01-03-2018_TrafficForML_CICFlowMeter_30s_state.csv,TEST,2018-03-01 11:06:30,0,0,0
Thursday-01-03-2018_TrafficForML_CICFlowMeter_30s_state.csv,TEST,2018-03-01 11:07:00,0,0,0
Thursday-01-03-2018_TrafficForML_CICFlowMeter_30s_state.csv,TEST,2018-03-01 11:07:30,0,0,0
Thursday-01-03-2018_TrafficForML_CICFlowMeter_30s_state.csv,TEST,2018-03-01 11:08:00,0,0,0
Thursday-01-03-2018_TrafficForML_CICFlowMeter_30s_state.csv,TEST,2018-03-01 11:08:30,0,0,0
Thursday-01-03-2018_TrafficForML_CICFlowMeter_30s_state.csv,TEST,2018-03-01 11:09:00,0,0,0
Thursday-01-03-2018_TrafficForML_CICFlowMeter_30s_state.csv,TEST,2018-03-01 11:09:30,0,0,0
Thursday-01-03-2018_TrafficForML_CICFlowMeter_30s_state.csv,TEST,2018-03-01 11:10:00,0,0,0
Thursday-01-03-2018_TrafficForML_CICFlowMeter_30s_state.csv,TEST,2018-03-01 11:10:30,0,0,0
Thursday-01-03-2018_TrafficForML_CICFlowMeter_30s_state.csv,TEST,2018-03-01 11:11:00,0,0,0
Thursday-01-03-2018_TrafficForML_CICFlowMeter_30s_state.csv,TEST,2018-03-01 11:11:30,0,0,0
Thursday-01-03-2018_TrafficForML_CICFlowMeter_30s_state.csv,TEST,2018-03-01 11:12:00,0,0,0
Thursday-01-03-2018_TrafficForML_CICFlowMeter_30s_state.csv,TEST,2018-03-01 11:12:30,0,0,0
Thursday-01-03-2018_TrafficForML_CICFlowMeter_30s_state.csv,TEST,2018-03-01 11:13:00,0,0,0
Thursday-01-03-2018_TrafficForML_CICFlowMeter_30s_state.csv,TEST,2018-03-01 11:13:30,0,0,0
Thursday-01-03-2018_TrafficForML_CICFlowMeter_30s_state.csv,TEST,2018-03-01 11:14:00,0,0,0
Thursday-01-03-2018_TrafficForML_CICFlowMeter_30s_state.csv,TEST,2018-03-01 11:14:30,0,0,0
Thursday-01-03-2018_TrafficForML_CICFlowMeter_30s_state.csv,TEST,2018-03-01 11:15:00,0,0,0
Thursday-01-03-2018_TrafficForML_CICFlowMeter_30s_state.csv,TEST,2018-03-01 11:15:30,0,0,0
Thursday-01-03-2018_TrafficForML_CICFlowMeter_30s_state.csv,TEST,2018-03-01 11:16:00,0,0,0
Thursday-01-03-2018_TrafficForML_CICFlowMeter_30s_state.csv,TEST,2018-03-01 11:16:30,0,0,0
Thursday-01-03-2018_TrafficForML_CICFlowMeter_30s_state.csv,TEST,2018-03-01 11:17:00,0,0,0
Thursday-01-03-2018_TrafficForML_CICFlowMeter_30s_state.csv,TEST,2018-03-01 11:17:30,0,0,0
Thursday-01-03-2018_TrafficForML_CICFlowMeter_30s_state.csv,TEST,2018-03-01 11:18:00,0,0,0
Thursday-01-03-2018_TrafficForML_CICFlowMeter_30s_state.csv,TEST,2018-03-01 11:18:30,0,0,0
Thursday-01-03-2018_TrafficForML_CICFlowMeter_30s_state.csv,TEST,2018-03-01 11:19:00,0,0,0
Thursday-01-03-2018_TrafficForML_CICFlowMeter_30s_state.csv,TEST,2018-03-01 11:19:30,0,0,0
Thursday-01-03-2018_TrafficForML_CICFlowMeter_30s_state.csv,TEST,2018-03-01 11:20:00,0,0,0
Thursday-01-03-2018_TrafficForML_CICFlowMeter_30s_state.csv,TEST,2018-03-01 11:20:30,0,0,0
Thursday-01-03-2018_TrafficForML_CICFlowMeter_30s_state.csv,TEST,2018-03-01 11:21:00,0,0,0
Thursday-01-03-2018_TrafficForML_CICFlowMeter_30s_state.csv,TEST,2018-03-01 11:21:30,0,0,0
Thursday-01-03-2018_TrafficForML_CICFlowMeter_30s_state.csv,TEST,2018-03-01 11:22:00,0,0,0
Thursday-01-03-2018_TrafficForML_CICFlowMeter_30s_state.csv,TEST,2018-03-01 11:22:30,0,0,0
Thursday-01-03-2018_TrafficForML_CICFlowMeter_30s_state.csv,TEST,2018-03-01 11:23:00,0,0,0
Thursday-01-03-2018_TrafficForML_CICFlowMeter_30s_state.csv,TEST,2018-03-01 11:23:30,0,0,0
Thursday-01-03-2018_TrafficForML_CICFlowMeter_30s_state.csv,TEST,2018-03-01 11:24:00,0,0,0
Thursday-01-03-2018_TrafficForML_CICFlowMeter_30s_state.csv,TEST,2018-03-01 11:24:30,0,0,0
Thursday-01-03-2018_TrafficForML_CICFlowMeter_30s_state.csv,TEST,2018-03-01 11:25:00,0,0,0
Thursday-01-03-2018_TrafficForML_CICFlowMeter_30s_state.csv,TEST,2018-03-01 11:25:30,0,0,0
Thursday-01-03-2018_TrafficForML_CICFlowMeter_30s_state.csv,TEST,2018-03-01 11:26:00,0,0,0
Thursday-01-03-2018_TrafficForML_CICFlowMeter_30s_state.csv,TEST,2018-03-01 11:26:30,0,0,0
Thursday-01-03-2018_TrafficForML_CICFlowMeter_30s_state.csv,TEST,2018-03-01 11:27:00,0,0,0
Thursday-01-03-2018_TrafficForML_CICFlowMeter_30s_state.csv,TEST,2018-03-01 11:27:30,0,0,0
Thursday-01-03-2018_TrafficForML_CICFlowMeter_30s_state.csv,TEST,2018-03-01 11:28:00,0,0,0
Thursday-01-03-2018_TrafficForML_CICFlowMeter_30s_state.csv,TEST,2018-03-01 11:28:30,0,0,0
Thursday-01-03-2018_TrafficForML_CICFlowMeter_30s_state.csv,TEST,2018-03-01 11:29:00,0,0,0
Thursday-01-03-2018_TrafficForML_CICFlowMeter_30s_state.csv,TEST,2018-03-01 11:29:30,0,0,0
Thursday-01-03-2018_TrafficForML_CICFlowMeter_30s_state.csv,TEST,2018-03-01 11:30:00,0,0,0
Thursday-01-03-2018_TrafficForML_CICFlowMeter_30s_state.csv,TEST,2018-03-01 11:30:30,0,0,0
Thursday-01-03-2018_TrafficForML_CICFlowMeter_30s_state.csv,TEST,2018-03-01 11:31:00,0,0,0
Thursday-01-03-2018_TrafficForML_CICFlowMeter_30s_state.csv,TEST,2018-03-01 11:31:30,0,0,0
Thursday-01-03-2018_TrafficForML_CICFlowMeter_30s_state.csv,TEST,2018-03-01 11:32:00,0,0,0
Thursday-01-03-2018_TrafficForML_CICFlowMeter_30s_state.csv,TEST,2018-03-01 11:32:30,0,0,0
Thursday-01-03-2018_TrafficForML_CICFlowMeter_30s_state.csv,TEST,2018-03-01 11:33:00,0,0,0
Thursday-01-03-2018_TrafficForML_CICFlowMeter_30s_state.csv,TEST,2018-03-01 11:33:30,0,0,0
Thursday-01-03-2018_TrafficForML_CICFlowMeter_30s_state.csv,TEST,2018-03-01 11:34:00,0,0,0
Thursday-01-03-2018_TrafficForML_CICFlowMeter_30s_state.csv,TEST,2018-03-01 11:34:30,0,0,0
Thursday-01-03-2018_TrafficForML_CICFlowMeter_30s_state.csv,TEST,2018-03-01 11:35:00,0,0,0
Thursday-01-03-2018_TrafficForML_CICFlowMeter_30s_state.csv,TEST,2018-03-01 11:35:30,0,0,0
Thursday-01-03-2018_TrafficForML_CICFlowMeter_30s_state.csv,TEST,2018-03-01 11:36:00,0,0,0
Thursday-01-03-2018_TrafficForML_CICFlowMeter_30s_state.csv,TEST,2018-03-01 11:36:30,0,0,0
Thursday-01-03-2018_TrafficForML_CICFlowMeter_30s_state.csv,TEST,2018-03-01 11:37:00,0,0,0
Thursday-01-03-2018_TrafficForML_CICFlowMeter_30s_state.csv,TEST,2018-03-01 11:37:30,0,0,0
Thursday-01-03-2018_TrafficForML_CICFlowMeter_30s_state.csv,TEST,2018-03-01 11:38:00,0,0,0
Thursday-01-03-2018_TrafficForML_CICFlowMeter_30s_state.csv,TEST,2018-03-01 11:38:30,0,0,0
Thursday-01-03-2018_TrafficForML_CICFlowMeter_30s_state.csv,TEST,2018-03-01 11:39:00,0,0,0
Thursday-01-03-2018_TrafficForML_CICFlowMeter_30s_state.csv,TEST,2018-03-01 11:39:30,0,0,0
Thursday-01-03-2018_TrafficForML_CICFlowMeter_30s_state.csv,TEST,2018-03-01 11:40:00,0,0,0
Thursday-01-03-2018_TrafficForML_CICFlowMeter_30s_state.csv,TEST,2018-03-01 11:40:30,0,0,0
Thursday-01-03-2018_TrafficForML_CICFlowMeter_30s_state.csv,TEST,2018-03-01 11:41:00,0,0,0
Thursday-01-03-2018_TrafficForML_CICFlowMeter_30s_state.csv,TEST,2018-03-01 11:41:30,0,0,0
Thursday-01-03-2018_TrafficForML_CICFlowMeter_30s_state.csv,TEST,2018-03-01 11:42:00,0,0,0
Thursday-01-03-2018_TrafficForML_CICFlowMeter_30s_state.csv,TEST,2018-03-01 11:42:30,0,0,0
Thursday-01-03-2018_TrafficForML_CICFlowMeter_30s_state.csv,TEST,2018-03-01 11:43:00,0,0,0
Thursday-01-03-2018_TrafficForML_CICFlowMeter_30s_state.csv,TEST,2018-03-01 11:43:30,0,0,0
Thursday-01-03-2018_TrafficForML_CICFlowMeter_30s_state.csv,TEST,2018-03-01 11:44:00,0,0,0
Thursday-01-03-2018_TrafficForML_CICFlowMeter_30s_state.csv,TEST,2018-03-01 11:44:30,0,0,0
Thursday-01-03-2018_TrafficForML_CICFlowMeter_30s_state.csv,TEST,2018-03-01 11:45:00,0,0,0
Thursday-01-03-2018_TrafficForML_CICFlowMeter_30s_state.csv,TEST,2018-03-01 11:45:30,0,0,0
Thursday-01-03-2018_TrafficForML_CICFlowMeter_30s_state.csv,TEST,2018-03-01 11:46:00,0,0,0
Thursday-01-03-2018_TrafficForML_CICFlowMeter_30s_state.csv,TEST,2018-03-01 11:46:30,0,0,0
Thursday-01-03-2018_TrafficForML_CICFlowMeter_30s_state.csv,TEST,2018-03-01 11:47:00,0,0,0
Thursday-01-03-2018_TrafficForML_CICFlowMeter_30s_state.csv,TEST,2018-03-01 11:47:30,0,0,0
Thursday-01-03-2018_TrafficForML_CICFlowMeter_30s_state.csv,TEST,2018-03-01 11:48:00,0,0,0
Thursday-01-03-2018_TrafficForML_CICFlowMeter_30s_state.csv,TEST,2018-03-01 11:48:30,0,0,0
Thursday-01-03-2018_TrafficForML_CICFlowMeter_30s_state.csv,TEST,2018-03-01 11:49:00,0,0,0
Thursday-01-03-2018_TrafficForML_CICFlowMeter_30s_state.csv,TEST,2018-03-01 11:49:30,0,0,0
Thursday-01-03-2018_TrafficForML_CICFlowMeter_30s_state.csv,TEST,2018-03-01 11:50:00,0,0,0
Thursday-01-03-2018_TrafficForML_CICFlowMeter_30s_state.csv,TEST,2018-03-01 11:50:30,0,0,0
Thursday-01-03-2018_TrafficForML_CICFlowMeter_30s_state.csv,TEST,2018-03-01 11:51:00,0,0,0
Thursday-01-03-2018_TrafficForML_CICFlowMeter_30s_state.csv,TEST,2018-03-01 11:51:30,0,0,0
Thursday-01-03-2018_TrafficForML_CICFlowMeter_30s_state.csv,TEST,2018-03-01 11:52:00,0,0,0
Thursday-01-03-2018_TrafficForML_CICFlowMeter_30s_state.csv,TEST,2018-03-01 11:52:30,0,0,0
Thursday-01-03-2018_TrafficForML_CICFlowMeter_30s_state.csv,TEST,2018-03-01 11:53:00,0,0,0
Thursday-01-03-2018_TrafficForML_CICFlowMeter_30s_state.csv,TEST,2018-03-01 11:53:30,0,0,0
Thursday-01-03-2018_TrafficForML_CICFlowMeter_30s_state.csv,TEST,2018-03-01 11:54:00,0,0,0
Thursday-01-03-2018_TrafficForML_CICFlowMeter_30s_state.csv,TEST,2018-03-01 11:54:30,0,0,0
Thursday-01-03-2018_TrafficForML_CICFlowMeter_30s_state.csv,TEST,2018-03-01 11:55:00,0,0,0
Thursday-01-03-2018_TrafficForML_CICFlowMeter_30s_state.csv,TEST,2018-03-01 11:55:30,0,0,0
Thursday-01-03-2018_TrafficForML_CICFlowMeter_30s_state.csv,TEST,2018-03-01 11:56:00,0,0,0
Thursday-01-03-2018_TrafficForML_CICFlowMeter_30s_state.csv,TEST,2018-03-01 11:56:30,0,0,0
Thursday-01-03-2018_TrafficForML_CICFlowMeter_30s_state.csv,TEST,2018-03-01 11:57:00,0,0,0
Thursday-01-03-2018_TrafficForML_CICFlowMeter_30s_state.csv,TEST,2018-03-01 11:57:30,0,0,0
Thursday-01-03-2018_TrafficForML_CICFlowMeter_30s_state.csv,TEST,2018-03-01 11:58:00,0,0,0
Thursday-01-03-2018_TrafficForML_CICFlowMeter_30s_state.csv,TEST,2018-03-01 11:58:30,0,0,0
Thursday-01-03-2018_TrafficForML_CICFlowMeter_30s_state.csv,TEST,2018-03-01 11:59:00,0,0,0
Thursday-01-03-2018_TrafficForML_CICFlowMeter_30s_state.csv,TEST,2018-03-01 11:59:30,0,0,0
Thursday-01-03-2018_TrafficForML_CICFlowMeter_30s_state.csv,TEST,2018-03-01 12:00:00,0,0,0
Thursday-01-03-2018_TrafficForML_CICFlowMeter_30s_state.csv,TEST,2018-03-01 12:00:30,0,0,0
Thursday-01-03-2018_TrafficForML_CICFlowMeter_30s_state.csv,TEST,2018-03-01 12:01:00,0,0,0
Thursday-01-03-2018_TrafficForML_CICFlowMeter_30s_state.csv,TEST,2018-03-01 12:01:30,0,0,0
Thursday-01-03-2018_TrafficForML_CICFlowMeter_30s_state.csv,TEST,2018-03-01 12:02:00,0,0,0
Thursday-01-03-2018_TrafficForML_CICFlowMeter_30s_state.csv,TEST,2018-03-01 12:02:30,0,0,0
Thursday-01-03-2018_TrafficForML_CICFlowMeter_30s_state.csv,TEST,2018-03-01 12:03:00,0,0,0
Thursday-01-03-2018_TrafficForML_CICFlowMeter_30s_state.csv,TEST,2018-03-01 12:03:30,0,0,0
Thursday-01-03-2018_TrafficForML_CICFlowMeter_30s_state.csv,TEST,2018-03-01 12:04:00,0,0,0
Thursday-01-03-2018_TrafficForML_CICFlowMeter_30s_state.csv,TEST,2018-03-01 12:04:30,0,0,0
Thursday-01-03-2018_TrafficForML_CICFlowMeter_30s_state.csv,TEST,2018-03-01 12:05:00,0,0,0
Thursday-01-03-2018_TrafficForML_CICFlowMeter_30s_state.csv,TEST,2018-03-01 12:05:30,0,0,0
Thursday-01-03-2018_TrafficForML_CICFlowMeter_30s_state.csv,TEST,2018-03-01 12:06:00,0,0,0
Thursday-01-03-2018_TrafficForML_CICFlowMeter_30s_state.csv,TEST,2018-03-01 12:06:30,0,0,0
Thursday-01-03-2018_TrafficForML_CICFlowMeter_30s_state.csv,TEST,2018-03-01 12:07:00,0,0,0
Thursday-01-03-2018_TrafficForML_CICFlowMeter_30s_state.csv,TEST,2018-03-01 12:07:30,0,0,0
Thursday-01-03-2018_TrafficForML_CICFlowMeter_30s_state.csv,TEST,2018-03-01 12:08:00,0,0,0
Thursday-01-03-2018_TrafficForML_CICFlowMeter_30s_state.csv,TEST,2018-03-01 12:08:30,0,0,0
Thursday-01-03-2018_TrafficForML_CICFlowMeter_30s_state.csv,TEST,2018-03-01 12:09:00,0,0,0
Thursday-01-03-2018_TrafficForML_CICFlowMeter_30s_state.csv,TEST,2018-03-01 12:09:30,0,0,0
Thursday-01-03-2018_TrafficForML_CICFlowMeter_30s_state.csv,TEST,2018-03-01 12:10:00,0,0,0
Thursday-01-03-2018_TrafficForML_CICFlowMeter_30s_state.csv,TEST,2018-03-01 12:10:30,0,0,0
Thursday-01-03-2018_TrafficForML_CICFlowMeter_30s_state.csv,TEST,2018-03-01 12:11:00,0,0,0
Thursday-01-03-2018_TrafficForML_CICFlowMeter_30s_state.csv,TEST,2018-03-01 12:11:30,0,0,0
Thursday-01-03-2018_TrafficForML_CICFlowMeter_30s_state.csv,TEST,2018-03-01 12:12:00,0,0,0
Thursday-01-03-2018_TrafficForML_CICFlowMeter_30s_state.csv,TEST,2018-03-01 12:12:30,0,0,0
Thursday-01-03-2018_TrafficForML_CICFlowMeter_30s_state.csv,TEST,2018-03-01 12:13:00,0,0,0
Thursday-01-03-2018_TrafficForML_CICFlowMeter_30s_state.csv,TEST,2018-03-01 12:13:30,0,0,0
Thursday-01-03-2018_TrafficForML_CICFlowMeter_30s_state.csv,TEST,2018-03-01 12:14:00,0,0,0
Thursday-01-03-2018_TrafficForML_CICFlowMeter_30s_state.csv,TEST,2018-03-01 12:14:30,0,0,0
Thursday-01-03-2018_TrafficForML_CICFlowMeter_30s_state.csv,TEST,2018-03-01 12:15:00,0,0,0
Thursday-01-03-2018_TrafficForML_CICFlowMeter_30s_state.csv,TEST,2018-03-01 12:15:30,0,0,0
Thursday-01-03-2018_TrafficForML_CICFlowMeter_30s_state.csv,TEST,2018-03-01 12:16:00,0,0,0
Thursday-01-03-2018_TrafficForML_CICFlowMeter_30s_state.csv,TEST,2018-03-01 12:16:30,0,0,0
Thursday-01-03-2018_TrafficForML_CICFlowMeter_30s_state.csv,TEST,2018-03-01 12:17:00,0,0,0
Thursday-01-03-2018_TrafficForML_CICFlowMeter_30s_state.csv,TEST,2018-03-01 12:17:30,0,0,0
Thursday-01-03-2018_TrafficForML_CICFlowMeter_30s_state.csv,TEST,2018-03-01 12:18:00,0,0,0
Thursday-01-03-2018_TrafficForML_CICFlowMeter_30s_state.csv,TEST,2018-03-01 12:18:30,0,0,0
Thursday-01-03-2018_TrafficForML_CICFlowMeter_30s_state.csv,TEST,2018-03-01 12:19:00,0,0,0
Thursday-01-03-2018_TrafficForML_CICFlowMeter_30s_state.csv,TEST,2018-03-01 12:19:30,0,0,0
Thursday-01-03-2018_TrafficForML_CICFlowMeter_30s_state.csv,TEST,2018-03-01 12:20:00,0,0,0
Thursday-01-03-2018_TrafficForML_CICFlowMeter_30s_state.csv,TEST,2018-03-01 12:20:30,0,0,0
Thursday-01-03-2018_TrafficForML_CICFlowMeter_30s_state.csv,TEST,2018-03-01 12:21:00,0,0,0
Thursday-01-03-2018_TrafficForML_CICFlowMeter_30s_state.csv,TEST,2018-03-01 12:21:30,0,0,0
Thursday-01-03-2018_TrafficForML_CICFlowMeter_30s_state.csv,TEST,2018-03-01 12:22:00,0,0,0
Thursday-01-03-2018_TrafficForML_CICFlowMeter_30s_state.csv,TEST,2018-03-01 12:22:30,0,0,0
Thursday-01-03-2018_TrafficForML_CICFlowMeter_30s_state.csv,TEST,2018-03-01 12:23:00,0,0,0
Thursday-01-03-2018_TrafficForML_CICFlowMeter_30s_state.csv,TEST,2018-03-01 12:23:30,0,0,0
Thursday-01-03-2018_TrafficForML_CICFlowMeter_30s_state.csv,TEST,2018-03-01 12:24:00,0,0,0
Thursday-01-03-2018_TrafficForML_CICFlowMeter_30s_state.csv,TEST,2018-03-01 12:24:30,0,0,0
Thursday-01-03-2018_TrafficForML_CICFlowMeter_30s_state.csv,TEST,2018-03-01 12:25:00,0,0,0
Thursday-01-03-2018_TrafficForML_CICFlowMeter_30s_state.csv,TEST,2018-03-01 12:25:30,0,0,0
Thursday-01-03-2018_TrafficForML_CICFlowMeter_30s_state.csv,TEST,2018-03-01 12:26:00,0,0,0
Thursday-01-03-2018_TrafficForML_CICFlowMeter_30s_state.csv,TEST,2018-03-01 12:26:30,0,0,0
Thursday-01-03-2018_TrafficForML_CICFlowMeter_30s_state.csv,TEST,2018-03-01 12:27:00,0,0,0
Thursday-01-03-2018_TrafficForML_CICFlowMeter_30s_state.csv,TEST,2018-03-01 12:27:30,0,0,0
Thursday-01-03-2018_TrafficForML_CICFlowMeter_30s_state.csv,TEST,2018-03-01 12:28:00,0,0,0
Thursday-01-03-2018_TrafficForML_CICFlowMeter_30s_state.csv,TEST,2018-03-01 12:28:30,0,0,0
Thursday-01-03-2018_TrafficForML_CICFlowMeter_30s_state.csv,TEST,2018-03-01 12:29:00,0,0,0
Thursday-01-03-2018_TrafficForML_CICFlowMeter_30s_state.csv,TEST,2018-03-01 12:29:30,0,0,0
Thursday-01-03-2018_TrafficForML_CICFlowMeter_30s_state.csv,TEST,2018-03-01 12:30:00,0,0,0
Thursday-01-03-2018_TrafficForML_CICFlowMeter_30s_state.csv,TEST,2018-03-01 12:30:30,0,0,0
Thursday-01-03-2018_TrafficForML_CICFlowMeter_30s_state.csv,TEST,2018-03-01 12:31:00,0,0,0
Thursday-01-03-2018_TrafficForML_CICFlowMeter_30s_state.csv,TEST,2018-03-01 12:31:30,0,0,0
Thursday-01-03-2018_TrafficForML_CICFlowMeter_30s_state.csv,TEST,2018-03-01 12:32:00,0,0,0
Thursday-01-03-2018_TrafficForML_CICFlowMeter_30s_state.csv,TEST,2018-03-01 12:32:30,0,0,0
Thursday-01-03-2018_TrafficForML_CICFlowMeter_30s_state.csv,TEST,2018-03-01 12:33:00,0,0,0
Thursday-01-03-2018_TrafficForML_CICFlowMeter_30s_state.csv,TEST,2018-03-01 12:33:30,0,0,0
Thursday-01-03-2018_TrafficForML_CICFlowMeter_30s_state.csv,TEST,2018-03-01 12:34:00,0,0,0
Thursday-01-03-2018_TrafficForML_CICFlowMeter_30s_state.csv,TEST,2018-03-01 12:34:30,0,0,0
Thursday-01-03-2018_TrafficForML_CICFlowMeter_30s_state.csv,TEST,2018-03-01 12:35:00,0,0,0
Thursday-01-03-2018_TrafficForML_CICFlowMeter_30s_state.csv,TEST,2018-03-01 12:35:30,0,0,0
Thursday-01-03-2018_TrafficForML_CICFlowMeter_30s_state.csv,TEST,2018-03-01 12:36:00,0,0,0
Thursday-01-03-2018_TrafficForML_CICFlowMeter_30s_state.csv,TEST,2018-03-01 12:36:30,0,0,0
Thursday-01-03-2018_TrafficForML_CICFlowMeter_30s_state.csv,TEST,2018-03-01 12:37:00,0,0,0
Thursday-01-03-2018_TrafficForML_CICFlowMeter_30s_state.csv,TEST,2018-03-01 12:37:30,0,0,0
Thursday-01-03-2018_TrafficForML_CICFlowMeter_30s_state.csv,TEST,2018-03-01 12:38:00,0,0,0
Thursday-01-03-2018_TrafficForML_CICFlowMeter_30s_state.csv,TEST,2018-03-01 12:38:30,0,0,0
Thursday-01-03-2018_TrafficForML_CICFlowMeter_30s_state.csv,TEST,2018-03-01 12:39:00,0,0,0
Thursday-01-03-2018_TrafficForML_CICFlowMeter_30s_state.csv,TEST,2018-03-01 12:39:30,0,0,0
Thursday-01-03-2018_TrafficForML_CICFlowMeter_30s_state.csv,TEST,2018-03-01 12:40:00,0,0,0
Thursday-01-03-2018_TrafficForML_CICFlowMeter_30s_state.csv,TEST,2018-03-01 12:40:30,0,0,0
Thursday-01-03-2018_TrafficForML_CICFlowMeter_30s_state.csv,TEST,2018-03-01 12:41:00,0,0,0
Thursday-01-03-2018_TrafficForML_CICFlowMeter_30s_state.csv,TEST,2018-03-01 12:41:30,0,0,0
Thursday-01-03-2018_TrafficForML_CICFlowMeter_30s_state.csv,TEST,2018-03-01 12:42:00,0,0,0
Thursday-01-03-2018_TrafficForML_CICFlowMeter_30s_state.csv,TEST,2018-03-01 12:42:30,0,0,0
Thursday-01-03-2018_TrafficForML_CICFlowMeter_30s_state.csv,TEST,2018-03-01 12:43:00,0,0,0
Thursday-01-03-2018_TrafficForML_CICFlowMeter_30s_state.csv,TEST,2018-03-01 12:43:30,0,0,0
Thursday-01-03-2018_TrafficForML_CICFlowMeter_30s_state.csv,TEST,2018-03-01 12:44:00,0,0,0
Thursday-01-03-2018_TrafficForML_CICFlowMeter_30s_state.csv,TEST,2018-03-01 12:44:30,0,0,0
Thursday-01-03-2018_TrafficForML_CICFlowMeter_30s_state.csv,TEST,2018-03-01 12:45:00,0,0,0
Thursday-01-03-2018_TrafficForML_CICFlowMeter_30s_state.csv,TEST,2018-03-01 12:45:30,0,0,0
Thursday-01-03-2018_TrafficForML_CICFlowMeter_30s_state.csv,TEST,2018-03-01 12:46:00,0,0,0
Thursday-01-03-2018_TrafficForML_CICFlowMeter_30s_state.csv,TEST,2018-03-01 12:46:30,0,0,0
Thursday-01-03-2018_TrafficForML_CICFlowMeter_30s_state.csv,TEST,2018-03-01 12:47:00,0,0,0
Thursday-01-03-2018_TrafficForML_CICFlowMeter_30s_state.csv,TEST,2018-03-01 12:47:30,0,0,0
Thursday-01-03-2018_TrafficForML_CICFlowMeter_30s_state.csv,TEST,2018-03-01 12:48:00,0,0,0
Thursday-01-03-2018_TrafficForML_CICFlowMeter_30s_state.csv,TEST,2018-03-01 12:48:30,0,0,0
Thursday-01-03-2018_TrafficForML_CICFlowMeter_30s_state.csv,TEST,2018-03-01 12:49:00,0,0,0
Thursday-01-03-2018_TrafficForML_CICFlowMeter_30s_state.csv,TEST,2018-03-01 12:49:30,0,0,0
Thursday-01-03-2018_TrafficForML_CICFlowMeter_30s_state.csv,TEST,2018-03-01 12:50:00,0,0,0
Thursday-01-03-2018_TrafficForML_CICFlowMeter_30s_state.csv,TEST,2018-03-01 12:50:30,0,0,0
Thursday-01-03-2018_TrafficForML_CICFlowMeter_30s_state.csv,TEST,2018-03-01 12:51:00,0,0,0
Thursday-01-03-2018_TrafficForML_CICFlowMeter_30s_state.csv,TEST,2018-03-01 12:51:30,0,0,0
Thursday-01-03-2018_TrafficForML_CICFlowMeter_30s_state.csv,TEST,2018-03-01 12:52:00,0,0,0
Thursday-01-03-2018_TrafficForML_CICFlowMeter_30s_state.csv,TEST,2018-03-01 12:52:30,0,0,0
Thursday-01-03-2018_TrafficForML_CICFlowMeter_30s_state.csv,TEST,2018-03-01 12:53:00,0,0,0
Thursday-01-03-2018_TrafficForML_CICFlowMeter_30s_state.csv,TEST,2018-03-01 12:53:30,0,0,0
Thursday-01-03-2018_TrafficForML_CICFlowMeter_30s_state.csv,TEST,2018-03-01 12:54:00,0,0,0
Thursday-01-03-2018_TrafficForML_CICFlowMeter_30s_state.csv,TEST,2018-03-01 12:54:30,0,0,0
Thursday-01-03-2018_TrafficForML_CICFlowMeter_30s_state.csv,TEST,2018-03-01 12:55:00,0,0,0
Thursday-01-03-2018_TrafficForML_CICFlowMeter_30s_state.csv,TEST,2018-03-01 12:55:30,0,0,0
Thursday-01-03-2018_TrafficForML_CICFlowMeter_30s_state.csv,TEST,2018-03-01 12:56:00,0,0,0
Thursday-01-03-2018_TrafficForML_CICFlowMeter_30s_state.csv,TEST,2018-03-01 12:56:30,0,0,0
Thursday-01-03-2018_TrafficForML_CICFlowMeter_30s_state.csv,TEST,2018-03-01 12:57:00,0,0,0
Thursday-01-03-2018_TrafficForML_CICFlowMeter_30s_state.csv,TEST,2018-03-01 12:57:30,0,0,0
Thursday-01-03-2018_TrafficForML_CICFlowMeter_30s_state.csv,TEST,2018-03-01 12:58:00,0,0,0
Thursday-01-03-2018_TrafficForML_CICFlowMeter_30s_state.csv,TEST,2018-03-01 12:58:30,0,0,0
Thursday-01-03-2018_TrafficForML_CICFlowMeter_30s_state.csv,TEST,2018-03-01 12:59:00,0,0,0
Thursday-01-03-2018_TrafficForML_CICFlowMeter_30s_state.csv,TEST,2018-03-01 12:59:30,0,0,0
Thursday-15-02-2018_TrafficForML_CICFlowMeter_30s_state.csv,TRAIN,2018-02-15 01:05:30,0,0,0
Thursday-15-02-2018_TrafficForML_CICFlowMeter_30s_state.csv,TRAIN,2018-02-15 01:06:00,0,0,0
Thursday-15-02-2018_TrafficForML_CICFlowMeter_30s_state.csv,TRAIN,2018-02-15 01:06:30,0,0,0
Thursday-15-02-2018_TrafficForML_CICFlowMeter_30s_state.csv,TRAIN,2018-02-15 01:07:00,0,0,0
Thursday-15-02-2018_TrafficForML_CICFlowMeter_30s_state.csv,TRAIN,2018-02-15 01:07:30,0,0,0
Thursday-15-02-2018_TrafficForML_CICFlowMeter_30s_state.csv,TRAIN,2018-02-15 01:08:00,0,0,0
Thursday-15-02-2018_TrafficForML_CICFlowMeter_30s_state.csv,TRAIN,2018-02-15 01:08:30,0,0,0
Thursday-15-02-2018_TrafficForML_CICFlowMeter_30s_state.csv,TRAIN,2018-02-15 01:09:00,0,0,0
Thursday-15-02-2018_TrafficForML_CICFlowMeter_30s_state.csv,TRAIN,2018-02-15 01:09:30,0,0,0
Thursday-15-02-2018_TrafficForML_CICFlowMeter_30s_state.csv,TRAIN,2018-02-15 01:10:00,0,0,0
Thursday-15-02-2018_TrafficForML_CICFlowMeter_30s_state.csv,TRAIN,2018-02-15 01:10:30,0,0,0
Thursday-15-02-2018_TrafficForML_CICFlowMeter_30s_state.csv,TRAIN,2018-02-15 01:11:00,0,0,0
Thursday-15-02-2018_TrafficForML_CICFlowMeter_30s_state.csv,TRAIN,2018-02-15 01:11:30,0,0,0
Thursday-15-02-2018_TrafficForML_CICFlowMeter_30s_state.csv,TRAIN,2018-02-15 01:12:00,0,0,0
Thursday-15-02-2018_TrafficForML_CICFlowMeter_30s_state.csv,TRAIN,2018-02-15 01:12:30,0,0,0
Thursday-15-02-2018_TrafficForML_CICFlowMeter_30s_state.csv,TRAIN,2018-02-15 01:13:00,0,0,0
Thursday-15-02-2018_TrafficForML_CICFlowMeter_30s_state.csv,TRAIN,2018-02-15 01:13:30,0,0,0
Thursday-15-02-2018_TrafficForML_CICFlowMeter_30s_state.csv,TRAIN,2018-02-15 01:14:00,0,0,0
Thursday-15-02-2018_TrafficForML_CICFlowMeter_30s_state.csv,TRAIN,2018-02-15 01:14:30,0,0,0
Thursday-15-02-2018_TrafficForML_CICFlowMeter_30s_state.csv,TRAIN,2018-02-15 01:15:00,0,0,0
Thursday-15-02-2018_TrafficForML_CICFlowMeter_30s_state.csv,TRAIN,2018-02-15 01:15:30,0,0,0
Thursday-15-02-2018_TrafficForML_CICFlowMeter_30s_state.csv,TRAIN,2018-02-15 01:16:00,0,0,0
Thursday-15-02-2018_TrafficForML_CICFlowMeter_30s_state.csv,TRAIN,2018-02-15 01:16:30,0,0,0
Thursday-15-02-2018_TrafficForML_CICFlowMeter_30s_state.csv,TRAIN,2018-02-15 01:17:00,0,0,0
Thursday-15-02-2018_TrafficForML_CICFlowMeter_30s_state.csv,TRAIN,2018-02-15 01:17:30,0,0,0
Thursday-15-02-2018_TrafficForML_CICFlowMeter_30s_state.csv,TRAIN,2018-02-15 01:18:00,0,0,0
Thursday-15-02-2018_TrafficForML_CICFlowMeter_30s_state.csv,TRAIN,2018-02-15 01:18:30,0,0,0
Thursday-15-02-2018_TrafficForML_CICFlowMeter_30s_state.csv,TRAIN,2018-02-15 01:19:00,0,0,0
Thursday-15-02-2018_TrafficForML_CICFlowMeter_30s_state.csv,TRAIN,2018-02-15 01:19:30,0,0,0
Thursday-15-02-2018_TrafficForML_CICFlowMeter_30s_state.csv,TRAIN,2018-02-15 01:20:00,0,0,0
Thursday-15-02-2018_TrafficForML_CICFlowMeter_30s_state.csv,TRAIN,2018-02-15 01:20:30,0,0,0
Thursday-15-02-2018_TrafficForML_CICFlowMeter_30s_state.csv,TRAIN,2018-02-15 01:21:00,0,0,0
Thursday-15-02-2018_TrafficForML_CICFlowMeter_30s_state.csv,TRAIN,2018-02-15 01:21:30,0,0,0
Thursday-15-02-2018_TrafficForML_CICFlowMeter_30s_state.csv,TRAIN,2018-02-15 01:22:00,0,0,0
Thursday-15-02-2018_TrafficForML_CICFlowMeter_30s_state.csv,TRAIN,2018-02-15 01:22:30,0,0,0
Thursday-15-02-2018_TrafficForML_CICFlowMeter_30s_state.csv,TRAIN,2018-02-15 01:23:00,0,0,0
Thursday-15-02-2018_TrafficForML_CICFlowMeter_30s_state.csv,TRAIN,2018-02-15 01:23:30,0,0,0
Thursday-15-02-2018_TrafficForML_CICFlowMeter_30s_state.csv,TRAIN,2018-02-15 01:24:00,0,0,0
Thursday-15-02-2018_TrafficForML_CICFlowMeter_30s_state.csv,TRAIN,2018-02-15 01:24:30,0,0,0
Thursday-15-02-2018_TrafficForML_CICFlowMeter_30s_state.csv,TRAIN,2018-02-15 01:25:00,0,0,0
Thursday-15-02-2018_TrafficForML_CICFlowMeter_30s_state.csv,TRAIN,2018-02-15 01:25:30,0,0,0
Thursday-15-02-2018_TrafficForML_CICFlowMeter_30s_state.csv,TRAIN,2018-02-15 01:26:00,0,0,0
Thursday-15-02-2018_TrafficForML_CICFlowMeter_30s_state.csv,TRAIN,2018-02-15 01:26:30,0,0,0
Thursday-15-02-2018_TrafficForML_CICFlowMeter_30s_state.csv,TRAIN,2018-02-15 01:27:00,0,0,0
Thursday-15-02-2018_TrafficForML_CICFlowMeter_30s_state.csv,TRAIN,2018-02-15 01:27:30,0,0,0
Thursday-15-02-2018_TrafficForML_CICFlowMeter_30s_state.csv,TRAIN,2018-02-15 01:28:00,0,0,0
Thursday-15-02-2018_TrafficForML_CICFlowMeter_30s_state.csv,TRAIN,2018-02-15 01:28:30,0,0,0
Thursday-15-02-2018_TrafficForML_CICFlowMeter_30s_state.csv,TRAIN,2018-02-15 01:29:00,0,0,0
Thursday-15-02-2018_TrafficForML_CICFlowMeter_30s_state.csv,TRAIN,2018-02-15 01:29:30,0,0,0
Thursday-15-02-2018_TrafficForML_CICFlowMeter_30s_state.csv,TRAIN,2018-02-15 01:30:00,0,0,0
Thursday-15-02-2018_TrafficForML_CICFlowMeter_30s_state.csv,TRAIN,2018-02-15 01:30:30,0,0,0
Thursday-15-02-2018_TrafficForML_CICFlowMeter_30s_state.csv,TRAIN,2018-02-15 01:31:00,0,0,0
Thursday-15-02-2018_TrafficForML_CICFlowMeter_30s_state.csv,TRAIN,2018-02-15 01:31:30,0,0,0
Thursday-15-02-2018_TrafficForML_CICFlowMeter_30s_state.csv,TRAIN,2018-02-15 01:32:00,0,0,0
Thursday-15-02-2018_TrafficForML_CICFlowMeter_30s_state.csv,TRAIN,2018-02-15 01:32:30,0,0,0
Thursday-15-02-2018_TrafficForML_CICFlowMeter_30s_state.csv,TRAIN,2018-02-15 01:33:00,0,0,0
Thursday-15-02-2018_TrafficForML_CICFlowMeter_30s_state.csv,TRAIN,2018-02-15 01:33:30,0,0,0
Thursday-15-02-2018_TrafficForML_CICFlowMeter_30s_state.csv,TRAIN,2018-02-15 01:34:00,0,0,0
Thursday-15-02-2018_TrafficForML_CICFlowMeter_30s_state.csv,TRAIN,2018-02-15 01:34:30,0,0,0
Thursday-15-02-2018_TrafficForML_CICFlowMeter_30s_state.csv,TRAIN,2018-02-15 01:35:00,0,0,0
Thursday-15-02-2018_TrafficForML_CICFlowMeter_30s_state.csv,TRAIN,2018-02-15 01:35:30,0,0,0
Thursday-15-02-2018_TrafficForML_CICFlowMeter_30s_state.csv,TRAIN,2018-02-15 01:36:00,0,0,0
Thursday-15-02-2018_TrafficForML_CICFlowMeter_30s_state.csv,TRAIN,2018-02-15 01:36:30,0,0,0
Thursday-15-02-2018_TrafficForML_CICFlowMeter_30s_state.csv,TRAIN,2018-02-15 01:37:00,0,0,0
Thursday-15-02-2018_TrafficForML_CICFlowMeter_30s_state.csv,TRAIN,2018-02-15 01:37:30,0,0,0
Thursday-15-02-2018_TrafficForML_CICFlowMeter_30s_state.csv,TRAIN,2018-02-15 01:38:00,0,0,0
Thursday-15-02-2018_TrafficForML_CICFlowMeter_30s_state.csv,TRAIN,2018-02-15 01:38:30,0,0,0
Thursday-15-02-2018_TrafficForML_CICFlowMeter_30s_state.csv,TRAIN,2018-02-15 01:39:00,0,0,0
Thursday-15-02-2018_TrafficForML_CICFlowMeter_30s_state.csv,TRAIN,2018-02-15 01:39:30,0,0,0
Thursday-15-02-2018_TrafficForML_CICFlowMeter_30s_state.csv,TRAIN,2018-02-15 01:40:00,0,0,0
Thursday-15-02-2018_TrafficForML_CICFlowMeter_30s_state.csv,TRAIN,2018-02-15 01:40:30,0,0,0
Thursday-15-02-2018_TrafficForML_CICFlowMeter_30s_state.csv,TRAIN,2018-02-15 01:41:00,0,0,0
Thursday-15-02-2018_TrafficForML_CICFlowMeter_30s_state.csv,TRAIN,2018-02-15 01:41:30,0,0,0
Thursday-15-02-2018_TrafficForML_CICFlowMeter_30s_state.csv,TRAIN,2018-02-15 01:42:00,0,0,0
Thursday-15-02-2018_TrafficForML_CICFlowMeter_30s_state.csv,TRAIN,2018-02-15 01:42:30,0,0,0
Thursday-15-02-2018_TrafficForML_CICFlowMeter_30s_state.csv,TRAIN,2018-02-15 01:43:00,0,0,0
Thursday-15-02-2018_TrafficForML_CICFlowMeter_30s_state.csv,TRAIN,2018-02-15 01:43:30,0,0,0
Thursday-15-02-2018_TrafficForML_CICFlowMeter_30s_state.csv,TRAIN,2018-02-15 01:44:00,0,0,0
Thursday-15-02-2018_TrafficForML_CICFlowMeter_30s_state.csv,TRAIN,2018-02-15 01:44:30,0,0,0
Thursday-15-02-2018_TrafficForML_CICFlowMeter_30s_state.csv,TRAIN,2018-02-15 01:45:00,0,0,0
Thursday-15-02-2018_TrafficForML_CICFlowMeter_30s_state.csv,TRAIN,2018-02-15 01:45:30,0,0,0
Thursday-15-02-2018_TrafficForML_CICFlowMeter_30s_state.csv,TRAIN,2018-02-15 01:46:00,0,0,0
Thursday-15-02-2018_TrafficForML_CICFlowMeter_30s_state.csv,TRAIN,2018-02-15 01:46:30,0,0,0
Thursday-15-02-2018_TrafficForML_CICFlowMeter_30s_state.csv,TRAIN,2018-02-15 01:47:00,0,0,0
Thursday-15-02-2018_TrafficForML_CICFlowMeter_30s_state.csv,TRAIN,2018-02-15 01:47:30,0,0,0
Thursday-15-02-2018_TrafficForML_CICFlowMeter_30s_state.csv,TRAIN,2018-02-15 01:48:00,0,0,0
Thursday-15-02-2018_TrafficForML_CICFlowMeter_30s_state.csv,TRAIN,2018-02-15 01:48:30,0,0,0
Thursday-15-02-2018_TrafficForML_CICFlowMeter_30s_state.csv,TRAIN,2018-02-15 01:49:00,0,0,0
Thursday-15-02-2018_TrafficForML_CICFlowMeter_30s_state.csv,TRAIN,2018-02-15 01:49:30,0,0,0
Thursday-15-02-2018_TrafficForML_CICFlowMeter_30s_state.csv,TRAIN,2018-02-15 01:50:00,0,0,0
Thursday-15-02-2018_TrafficForML_CICFlowMeter_30s_state.csv,TRAIN,2018-02-15 01:50:30,0,0,0
Thursday-15-02-2018_TrafficForML_CICFlowMeter_30s_state.csv,TRAIN,2018-02-15 01:51:00,0,0,0
Thursday-15-02-2018_TrafficForML_CICFlowMeter_30s_state.csv,TRAIN,2018-02-15 01:51:30,0,0,0
Thursday-15-02-2018_TrafficForML_CICFlowMeter_30s_state.csv,TRAIN,2018-02-15 01:52:00,0,0,0
Thursday-15-02-2018_TrafficForML_CICFlowMeter_30s_state.csv,TRAIN,2018-02-15 01:52:30,0,0,0
Thursday-15-02-2018_TrafficForML_CICFlowMeter_30s_state.csv,TRAIN,2018-02-15 01:53:00,0,0,0
Thursday-15-02-2018_TrafficForML_CICFlowMeter_30s_state.csv,TRAIN,2018-02-15 01:53:30,0,0,0
Thursday-15-02-2018_TrafficForML_CICFlowMeter_30s_state.csv,TRAIN,2018-02-15 01:54:00,0,0,0
Thursday-15-02-2018_TrafficForML_CICFlowMeter_30s_state.csv,TRAIN,2018-02-15 01:54:30,0,0,0
Thursday-15-02-2018_TrafficForML_CICFlowMeter_30s_state.csv,TRAIN,2018-02-15 01:55:00,0,0,0
Thursday-15-02-2018_TrafficForML_CICFlowMeter_30s_state.csv,TRAIN,2018-02-15 01:55:30,0,0,0
Thursday-15-02-2018_TrafficForML_CICFlowMeter_30s_state.csv,TRAIN,2018-02-15 01:56:00,0,0,0
Thursday-15-02-2018_TrafficForML_CICFlowMeter_30s_state.csv,TRAIN,2018-02-15 01:56:30,0,0,0
Thursday-15-02-2018_TrafficForML_CICFlowMeter_30s_state.csv,TRAIN,2018-02-15 01:57:00,0,0,0
Thursday-15-02-2018_TrafficForML_CICFlowMeter_30s_state.csv,TRAIN,2018-02-15 01:57:30,0,0,0
Thursday-15-02-2018_TrafficForML_CICFlowMeter_30s_state.csv,TRAIN,2018-02-15 01:58:00,0,0,0
Thursday-15-02-2018_TrafficForML_CICFlowMeter_30s_state.csv,TRAIN,2018-02-15 01:58:30,0,0,0
Thursday-15-02-2018_TrafficForML_CICFlowMeter_30s_state.csv,TRAIN,2018-02-15 01:59:00,0,0,0
Thursday-15-02-2018_TrafficForML_CICFlowMeter_30s_state.csv,TRAIN,2018-02-15 01:59:30,0,0,0
Thursday-15-02-2018_TrafficForML_CICFlowMeter_30s_state.csv,TRAIN,2018-02-15 02:00:00,0,0,0
Thursday-15-02-2018_TrafficForML_CICFlowMeter_30s_state.csv,TRAIN,2018-02-15 02:00:30,0,0,0
Thursday-15-02-2018_TrafficForML_CICFlowMeter_30s_state.csv,TRAIN,2018-02-15 02:01:00,0,0,0
Thursday-15-02-2018_TrafficForML_CICFlowMeter_30s_state.csv,TRAIN,2018-02-15 02:01:30,0,0,0
Thursday-15-02-2018_TrafficForML_CICFlowMeter_30s_state.csv,TRAIN,2018-02-15 02:02:00,0,0,0
Thursday-15-02-2018_TrafficForML_CICFlowMeter_30s_state.csv,TRAIN,2018-02-15 02:02:30,0,0,0
Thursday-15-02-2018_TrafficForML_CICFlowMeter_30s_state.csv,TRAIN,2018-02-15 02:03:00,0,0,0
Thursday-15-02-2018_TrafficForML_CICFlowMeter_30s_state.csv,TRAIN,2018-02-15 02:03:30,0,0,0
Thursday-15-02-2018_TrafficForML_CICFlowMeter_30s_state.csv,TRAIN,2018-02-15 02:04:00,0,0,0
Thursday-15-02-2018_TrafficForML_CICFlowMeter_30s_state.csv,TRAIN,2018-02-15 02:04:30,0,0,0
Thursday-15-02-2018_TrafficForML_CICFlowMeter_30s_state.csv,TRAIN,2018-02-15 02:05:00,0,0,0
Thursday-15-02-2018_TrafficForML_CICFlowMeter_30s_state.csv,TRAIN,2018-02-15 02:05:30,0,0,0
Thursday-15-02-2018_TrafficForML_CICFlowMeter_30s_state.csv,TRAIN,2018-02-15 02:06:00,0,0,0
Thursday-15-02-2018_TrafficForML_CICFlowMeter_30s_state.csv,TRAIN,2018-02-15 02:06:30,0,0,0
Thursday-15-02-2018_TrafficForML_CICFlowMeter_30s_state.csv,TRAIN,2018-02-15 02:07:00,0,0,0
Thursday-15-02-2018_TrafficForML_CICFlowMeter_30s_state.csv,TRAIN,2018-02-15 02:07:30,0,0,0
Thursday-15-02-2018_TrafficForML_CICFlowMeter_30s_state.csv,TRAIN,2018-02-15 02:08:00,0,0,0
Thursday-15-02-2018_TrafficForML_CICFlowMeter_30s_state.csv,TRAIN,2018-02-15 02:08:30,0,0,0
Thursday-15-02-2018_TrafficForML_CICFlowMeter_30s_state.csv,TRAIN,2018-02-15 02:09:00,0,0,0
Thursday-15-02-2018_TrafficForML_CICFlowMeter_30s_state.csv,TRAIN,2018-02-15 02:09:30,0,0,0
Thursday-15-02-2018_TrafficForML_CICFlowMeter_30s_state.csv,TRAIN,2018-02-15 02:10:00,0,0,0
Thursday-15-02-2018_TrafficForML_CICFlowMeter_30s_state.csv,TRAIN,2018-02-15 02:10:30,0,0,0
Thursday-15-02-2018_TrafficForML_CICFlowMeter_30s_state.csv,TRAIN,2018-02-15 02:11:00,0,0,0
Thursday-15-02-2018_TrafficForML_CICFlowMeter_30s_state.csv,TRAIN,2018-02-15 02:11:30,0,0,0
Thursday-15-02-2018_TrafficForML_CICFlowMeter_30s_state.csv,TRAIN,2018-02-15 02:12:00,0,0,0
Thursday-15-02-2018_TrafficForML_CICFlowMeter_30s_state.csv,TRAIN,2018-02-15 02:12:30,0,0,0
Thursday-15-02-2018_TrafficForML_CICFlowMeter_30s_state.csv,TRAIN,2018-02-15 02:13:00,0,0,0
Thursday-15-02-2018_TrafficForML_CICFlowMeter_30s_state.csv,TRAIN,2018-02-15 02:13:30,0,0,0
Thursday-15-02-2018_TrafficForML_CICFlowMeter_30s_state.csv,TRAIN,2018-02-15 02:14:00,0,0,0
Thursday-15-02-2018_TrafficForML_CICFlowMeter_30s_state.csv,TRAIN,2018-02-15 02:14:30,0,0,0
Thursday-15-02-2018_TrafficForML_CICFlowMeter_30s_state.csv,TRAIN,2018-02-15 02:15:00,0,0,0
Thursday-15-02-2018_TrafficForML_CICFlowMeter_30s_state.csv,TRAIN,2018-02-15 02:15:30,0,0,0
Thursday-15-02-2018_TrafficForML_CICFlowMeter_30s_state.csv,TRAIN,2018-02-15 02:16:00,0,0,0
Thursday-15-02-2018_TrafficForML_CICFlowMeter_30s_state.csv,TRAIN,2018-02-15 02:16:30,0,0,0
Thursday-15-02-2018_TrafficForML_CICFlowMeter_30s_state.csv,TRAIN,2018-02-15 02:17:00,0,0,0
Thursday-15-02-2018_TrafficForML_CICFlowMeter_30s_state.csv,TRAIN,2018-02-15 02:17:30,0,0,0
Thursday-15-02-2018_TrafficForML_CICFlowMeter_30s_state.csv,TRAIN,2018-02-15 02:18:00,0,0,0
Thursday-15-02-2018_TrafficForML_CICFlowMeter_30s_state.csv,TRAIN,2018-02-15 02:18:30,0,0,0
Thursday-15-02-2018_TrafficForML_CICFlowMeter_30s_state.csv,TRAIN,2018-02-15 02:19:00,0,0,0
Thursday-15-02-2018_TrafficForML_CICFlowMeter_30s_state.csv,TRAIN,2018-02-15 02:19:30,0,0,0
Thursday-15-02-2018_TrafficForML_CICFlowMeter_30s_state.csv,TRAIN,2018-02-15 02:20:00,0,0,0
Thursday-15-02-2018_TrafficForML_CICFlowMeter_30s_state.csv,TRAIN,2018-02-15 02:20:30,0,0,0
Thursday-15-02-2018_TrafficForML_CICFlowMeter_30s_state.csv,TRAIN,2018-02-15 02:21:00,0,0,0
Thursday-15-02-2018_TrafficForML_CICFlowMeter_30s_state.csv,TRAIN,2018-02-15 02:21:30,0,0,0
Thursday-15-02-2018_TrafficForML_CICFlowMeter_30s_state.csv,TRAIN,2018-02-15 02:22:00,0,0,0
Thursday-15-02-2018_TrafficForML_CICFlowMeter_30s_state.csv,TRAIN,2018-02-15 02:22:30,0,0,0
Thursday-15-02-2018_TrafficForML_CICFlowMeter_30s_state.csv,TRAIN,2018-02-15 02:23:00,0,0,0
Thursday-15-02-2018_TrafficForML_CICFlowMeter_30s_state.csv,TRAIN,2018-02-15 02:23:30,0,0,0
Thursday-15-02-2018_TrafficForML_CICFlowMeter_30s_state.csv,TRAIN,2018-02-15 02:24:00,0,0,0
Thursday-15-02-2018_TrafficForML_CICFlowMeter_30s_state.csv,TRAIN,2018-02-15 02:24:30,0,0,0
Thursday-15-02-2018_TrafficForML_CICFlowMeter_30s_state.csv,TRAIN,2018-02-15 02:25:00,0,0,0
Thursday-15-02-2018_TrafficForML_CICFlowMeter_30s_state.csv,TRAIN,2018-02-15 02:25:30,0,0,0
Thursday-15-02-2018_TrafficForML_CICFlowMeter_30s_state.csv,TRAIN,2018-02-15 02:26:00,0,0,0
Thursday-15-02-2018_TrafficForML_CICFlowMeter_30s_state.csv,TRAIN,2018-02-15 02:26:30,0,0,0
Thursday-15-02-2018_TrafficForML_CICFlowMeter_30s_state.csv,TRAIN,2018-02-15 02:27:00,0,0,0
Thursday-15-02-2018_TrafficForML_CICFlowMeter_30s_state.csv,TRAIN,2018-02-15 02:27:30,0,0,0
Thursday-15-02-2018_TrafficForML_CICFlowMeter_30s_state.csv,TRAIN,2018-02-15 02:28:00,0,0,0
Thursday-15-02-2018_TrafficForML_CICFlowMeter_30s_state.csv,TRAIN,2018-02-15 02:28:30,0,0,0
Thursday-15-02-2018_TrafficForML_CICFlowMeter_30s_state.csv,TRAIN,2018-02-15 02:29:00,0,0,0
Thursday-15-02-2018_TrafficForML_CICFlowMeter_30s_state.csv,TRAIN,2018-02-15 02:29:30,0,0,0
Thursday-15-02-2018_TrafficForML_CICFlowMeter_30s_state.csv,TRAIN,2018-02-15 02:30:00,0,0,0
Thursday-15-02-2018_TrafficForML_CICFlowMeter_30s_state.csv,TRAIN,2018-02-15 02:30:30,0,0,0
Thursday-15-02-2018_TrafficForML_CICFlowMeter_30s_state.csv,TRAIN,2018-02-15 02:31:00,0,0,0
Thursday-15-02-2018_TrafficForML_CICFlowMeter_30s_state.csv,TRAIN,2018-02-15 02:31:30,0,0,0
Thursday-15-02-2018_TrafficForML_CICFlowMeter_30s_state.csv,TRAIN,2018-02-15 02:32:00,0,0,0
Thursday-15-02-2018_TrafficForML_CICFlowMeter_30s_state.csv,TRAIN,2018-02-15 02:32:30,0,0,0
Thursday-15-02-2018_TrafficForML_CICFlowMeter_30s_state.csv,TRAIN,2018-02-15 02:33:00,0,0,0
Thursday-15-02-2018_TrafficForML_CICFlowMeter_30s_state.csv,TRAIN,2018-02-15 02:33:30,0,0,0
Thursday-15-02-2018_TrafficForML_CICFlowMeter_30s_state.csv,TRAIN,2018-02-15 02:34:00,0,0,0
Thursday-15-02-2018_TrafficForML_CICFlowMeter_30s_state.csv,TRAIN,2018-02-15 02:34:30,0,0,0
Thursday-15-02-2018_TrafficForML_CICFlowMeter_30s_state.csv,TRAIN,2018-02-15 02:35:00,0,0,0
Thursday-15-02-2018_TrafficForML_CICFlowMeter_30s_state.csv,TRAIN,2018-02-15 02:35:30,0,0,0
Thursday-15-02-2018_TrafficForML_CICFlowMeter_30s_state.csv,TRAIN,2018-02-15 02:36:00,0,0,0
Thursday-15-02-2018_TrafficForML_CICFlowMeter_30s_state.csv,TRAIN,2018-02-15 02:36:30,0,0,0
Thursday-15-02-2018_TrafficForML_CICFlowMeter_30s_state.csv,TRAIN,2018-02-15 02:37:00,0,0,0
Thursday-15-02-2018_TrafficForML_CICFlowMeter_30s_state.csv,TRAIN,2018-02-15 02:37:30,0,0,0
Thursday-15-02-2018_TrafficForML_CICFlowMeter_30s_state.csv,TRAIN,2018-02-15 02:38:00,0,0,0
Thursday-15-02-2018_TrafficForML_CICFlowMeter_30s_state.csv,TRAIN,2018-02-15 02:38:30,0,0,0
Thursday-15-02-2018_TrafficForML_CICFlowMeter_30s_state.csv,TRAIN,2018-02-15 02:39:00,0,0,0
Thursday-15-02-2018_TrafficForML_CICFlowMeter_30s_state.csv,TRAIN,2018-02-15 02:39:30,0,0,0
Thursday-15-02-2018_TrafficForML_CICFlowMeter_30s_state.csv,TRAIN,2018-02-15 02:40:00,0,0,0
Thursday-15-02-2018_TrafficForML_CICFlowMeter_30s_state.csv,TRAIN,2018-02-15 02:40:30,0,0,0
Thursday-15-02-2018_TrafficForML_CICFlowMeter_30s_state.csv,TRAIN,2018-02-15 02:41:00,0,0,0
Thursday-15-02-2018_TrafficForML_CICFlowMeter_30s_state.csv,TRAIN,2018-02-15 02:41:30,0,0,0
Thursday-15-02-2018_TrafficForML_CICFlowMeter_30s_state.csv,TRAIN,2018-02-15 02:42:00,0,0,0
Thursday-15-02-2018_TrafficForML_CICFlowMeter_30s_state.csv,TRAIN,2018-02-15 02:42:30,0,0,0
Thursday-15-02-2018_TrafficForML_CICFlowMeter_30s_state.csv,TRAIN,2018-02-15 02:43:00,0,0,0
Thursday-15-02-2018_TrafficForML_CICFlowMeter_30s_state.csv,TRAIN,2018-02-15 02:43:30,0,0,0
Thursday-15-02-2018_TrafficForML_CICFlowMeter_30s_state.csv,TRAIN,2018-02-15 02:44:00,0,0,0
Thursday-15-02-2018_TrafficForML_CICFlowMeter_30s_state.csv,TRAIN,2018-02-15 02:44:30,0,0,0
Thursday-15-02-2018_TrafficForML_CICFlowMeter_30s_state.csv,TRAIN,2018-02-15 02:45:00,0,0,0
Thursday-15-02-2018_TrafficForML_CICFlowMeter_30s_state.csv,TRAIN,2018-02-15 02:45:30,0,0,0
Thursday-15-02-2018_TrafficForML_CICFlowMeter_30s_state.csv,TRAIN,2018-02-15 02:46:00,0,0,0
Thursday-15-02-2018_TrafficForML_CICFlowMeter_30s_state.csv,TRAIN,2018-02-15 02:46:30,0,0,0
Thursday-15-02-2018_TrafficForML_CICFlowMeter_30s_state.csv,TRAIN,2018-02-15 02:47:00,0,0,0
Thursday-15-02-2018_TrafficForML_CICFlowMeter_30s_state.csv,TRAIN,2018-02-15 02:47:30,0,0,0
Thursday-15-02-2018_TrafficForML_CICFlowMeter_30s_state.csv,TRAIN,2018-02-15 02:48:00,0,0,0
Thursday-15-02-2018_TrafficForML_CICFlowMeter_30s_state.csv,TRAIN,2018-02-15 02:48:30,0,0,0
Thursday-15-02-2018_TrafficForML_CICFlowMeter_30s_state.csv,TRAIN,2018-02-15 02:49:00,0,0,0
Thursday-15-02-2018_TrafficForML_CICFlowMeter_30s_state.csv,TRAIN,2018-02-15 02:49:30,0,0,0
Thursday-15-02-2018_TrafficForML_CICFlowMeter_30s_state.csv,TRAIN,2018-02-15 02:50:00,0,0,0
Thursday-15-02-2018_TrafficForML_CICFlowMeter_30s_state.csv,TRAIN,2018-02-15 02:50:30,0,0,0
Thursday-15-02-2018_TrafficForML_CICFlowMeter_30s_state.csv,TRAIN,2018-02-15 02:51:00,0,0,0
Thursday-15-02-2018_TrafficForML_CICFlowMeter_30s_state.csv,TRAIN,2018-02-15 02:51:30,0,0,0
Thursday-15-02-2018_TrafficForML_CICFlowMeter_30s_state.csv,TRAIN,2018-02-15 02:52:00,0,0,0
Thursday-15-02-2018_TrafficForML_CICFlowMeter_30s_state.csv,TRAIN,2018-02-15 02:52:30,0,0,0
Thursday-15-02-2018_TrafficForML_CICFlowMeter_30s_state.csv,TRAIN,2018-02-15 02:53:00,0,0,0
Thursday-15-02-2018_TrafficForML_CICFlowMeter_30s_state.csv,TRAIN,2018-02-15 02:53:30,0,0,0
Thursday-15-02-2018_TrafficForML_CICFlowMeter_30s_state.csv,TRAIN,2018-02-15 02:54:00,0,0,0
Thursday-15-02-2018_TrafficForML_CICFlowMeter_30s_state.csv,TRAIN,2018-02-15 02:54:30,0,0,0
Thursday-15-02-2018_TrafficForML_CICFlowMeter_30s_state.csv,TRAIN,2018-02-15 02:55:00,0,0,0
Thursday-15-02-2018_TrafficForML_CICFlowMeter_30s_state.csv,TRAIN,2018-02-15 02:55:30,0,0,0
Thursday-15-02-2018_TrafficForML_CICFlowMeter_30s_state.csv,TRAIN,2018-02-15 02:56:00,0,0,0
Thursday-15-02-2018_TrafficForML_CICFlowMeter_30s_state.csv,TRAIN,2018-02-15 02:56:30,0,0,0
Thursday-15-02-2018_TrafficForML_CICFlowMeter_30s_state.csv,TRAIN,2018-02-15 02:57:00,0,0,0
Thursday-15-02-2018_TrafficForML_CICFlowMeter_30s_state.csv,TRAIN,2018-02-15 02:57:30,0,0,0
Thursday-15-02-2018_TrafficForML_CICFlowMeter_30s_state.csv,TRAIN,2018-02-15 02:58:00,0,0,0
Thursday-15-02-2018_TrafficForML_CICFlowMeter_30s_state.csv,TRAIN,2018-02-15 02:58:30,0,0,0
Thursday-15-02-2018_TrafficForML_CICFlowMeter_30s_state.csv,TRAIN,2018-02-15 02:59:00,0,0,0
Thursday-15-02-2018_TrafficForML_CICFlowMeter_30s_state.csv,TRAIN,2018-02-15 02:59:30,0,0,0
Thursday-15-02-2018_TrafficForML_CICFlowMeter_30s_state.csv,TRAIN,2018-02-15 03:00:00,0,0,0
Thursday-15-02-2018_TrafficForML_CICFlowMeter_30s_state.csv,TRAIN,2018-02-15 03:00:30,0,0,0
Thursday-15-02-2018_TrafficForML_CICFlowMeter_30s_state.csv,TRAIN,2018-02-15 03:01:00,0,0,0
Thursday-15-02-2018_TrafficForML_CICFlowMeter_30s_state.csv,TRAIN,2018-02-15 03:01:30,0,0,0
Thursday-15-02-2018_TrafficForML_CICFlowMeter_30s_state.csv,TRAIN,2018-02-15 03:02:00,0,0,0
Thursday-15-02-2018_TrafficForML_CICFlowMeter_30s_state.csv,TRAIN,2018-02-15 03:02:30,0,0,0
Thursday-15-02-2018_TrafficForML_CICFlowMeter_30s_state.csv,TRAIN,2018-02-15 03:03:00,0,0,0
Thursday-15-02-2018_TrafficForML_CICFlowMeter_30s_state.csv,TRAIN,2018-02-15 03:03:30,0,0,0
Thursday-15-02-2018_TrafficForML_CICFlowMeter_30s_state.csv,TRAIN,2018-02-15 03:04:00,0,0,0
Thursday-15-02-2018_TrafficForML_CICFlowMeter_30s_state.csv,TRAIN,2018-02-15 03:04:30,0,0,0
Thursday-15-02-2018_TrafficForML_CICFlowMeter_30s_state.csv,TRAIN,2018-02-15 03:05:00,0,0,0
Thursday-15-02-2018_TrafficForML_CICFlowMeter_30s_state.csv,TRAIN,2018-02-15 03:05:30,0,0,0
Thursday-15-02-2018_TrafficForML_CICFlowMeter_30s_state.csv,TRAIN,2018-02-15 03:06:00,0,0,0
Thursday-15-02-2018_TrafficForML_CICFlowMeter_30s_state.csv,TRAIN,2018-02-15 03:06:30,0,0,0
Thursday-15-02-2018_TrafficForML_CICFlowMeter_30s_state.csv,TRAIN,2018-02-15 03:07:00,0,0,0
Thursday-15-02-2018_TrafficForML_CICFlowMeter_30s_state.csv,TRAIN,2018-02-15 03:07:30,0,0,0
Thursday-15-02-2018_TrafficForML_CICFlowMeter_30s_state.csv,TRAIN,2018-02-15 03:08:00,0,0,0
Thursday-15-02-2018_TrafficForML_CICFlowMeter_30s_state.csv,TRAIN,2018-02-15 03:08:30,0,0,0
Thursday-15-02-2018_TrafficForML_CICFlowMeter_30s_state.csv,TRAIN,2018-02-15 03:09:00,0,0,0
Thursday-15-02-2018_TrafficForML_CICFlowMeter_30s_state.csv,TRAIN,2018-02-15 03:09:30,0,0,0
Thursday-15-02-2018_TrafficForML_CICFlowMeter_30s_state.csv,TRAIN,2018-02-15 03:10:00,0,0,0
Thursday-15-02-2018_TrafficForML_CICFlowMeter_30s_state.csv,TRAIN,2018-02-15 03:10:30,0,0,0
Thursday-15-02-2018_TrafficForML_CICFlowMeter_30s_state.csv,TRAIN,2018-02-15 03:11:00,0,0,0
Thursday-15-02-2018_TrafficForML_CICFlowMeter_30s_state.csv,TRAIN,2018-02-15 03:11:30,0,0,0
Thursday-15-02-2018_TrafficForML_CICFlowMeter_30s_state.csv,TRAIN,2018-02-15 03:12:00,0,0,0
Thursday-15-02-2018_TrafficForML_CICFlowMeter_30s_state.csv,TRAIN,2018-02-15 03:12:30,0,0,0
Thursday-15-02-2018_TrafficForML_CICFlowMeter_30s_state.csv,TRAIN,2018-02-15 03:13:00,0,0,0
Thursday-15-02-2018_TrafficForML_CICFlowMeter_30s_state.csv,TRAIN,2018-02-15 03:13:30,0,0,0
Thursday-15-02-2018_TrafficForML_CICFlowMeter_30s_state.csv,TRAIN,2018-02-15 03:14:00,0,0,0
Thursday-15-02-2018_TrafficForML_CICFlowMeter_30s_state.csv,TRAIN,2018-02-15 03:14:30,0,0,0
Thursday-15-02-2018_TrafficForML_CICFlowMeter_30s_state.csv,TRAIN,2018-02-15 03:15:00,0,0,0
Thursday-15-02-2018_TrafficForML_CICFlowMeter_30s_state.csv,TRAIN,2018-02-15 03:15:30,0,0,0
Thursday-15-02-2018_TrafficForML_CICFlowMeter_30s_state.csv,TRAIN,2018-02-15 03:16:00,0,0,0
Thursday-15-02-2018_TrafficForML_CICFlowMeter_30s_state.csv,TRAIN,2018-02-15 03:16:30,0,0,0
Thursday-15-02-2018_TrafficForML_CICFlowMeter_30s_state.csv,TRAIN,2018-02-15 03:17:00,0,0,0
Thursday-15-02-2018_TrafficForML_CICFlowMeter_30s_state.csv,TRAIN,2018-02-15 03:17:30,0,0,0
Thursday-15-02-2018_TrafficForML_CICFlowMeter_30s_state.csv,TRAIN,2018-02-15 03:18:00,0,0,0
Thursday-15-02-2018_TrafficForML_CICFlowMeter_30s_state.csv,TRAIN,2018-02-15 03:18:30,0,0,0
Thursday-15-02-2018_TrafficForML_CICFlowMeter_30s_state.csv,TRAIN,2018-02-15 03:19:00,0,0,0
Thursday-15-02-2018_TrafficForML_CICFlowMeter_30s_state.csv,TRAIN,2018-02-15 03:19:30,0,0,0
Thursday-15-02-2018_TrafficForML_CICFlowMeter_30s_state.csv,TRAIN,2018-02-15 03:20:00,0,0,0
Thursday-15-02-2018_TrafficForML_CICFlowMeter_30s_state.csv,TRAIN,2018-02-15 03:20:30,0,0,0
Thursday-15-02-2018_TrafficForML_CICFlowMeter_30s_state.csv,TRAIN,2018-02-15 03:21:00,0,0,0
Thursday-15-02-2018_TrafficForML_CICFlowMeter_30s_state.csv,TRAIN,2018-02-15 03:21:30,0,0,0
Thursday-15-02-2018_TrafficForML_CICFlowMeter_30s_state.csv,TRAIN,2018-02-15 03:22:00,0,0,0
Thursday-15-02-2018_TrafficForML_CICFlowMeter_30s_state.csv,TRAIN,2018-02-15 03:22:30,0,0,0
Thursday-15-02-2018_TrafficForML_CICFlowMeter_30s_state.csv,TRAIN,2018-02-15 03:23:00,0,0,0
Thursday-15-02-2018_TrafficForML_CICFlowMeter_30s_state.csv,TRAIN,2018-02-15 03:23:30,0,0,0
Thursday-15-02-2018_TrafficForML_CICFlowMeter_30s_state.csv,TRAIN,2018-02-15 03:24:00,0,0,0
Thursday-15-02-2018_TrafficForML_CICFlowMeter_30s_state.csv,TRAIN,2018-02-15 03:24:30,0,0,0
Thursday-15-02-2018_TrafficForML_CICFlowMeter_30s_state.csv,TRAIN,2018-02-15 03:25:00,0,0,0
Thursday-15-02-2018_TrafficForML_CICFlowMeter_30s_state.csv,TRAIN,2018-02-15 03:25:30,0,0,0
Thursday-15-02-2018_TrafficForML_CICFlowMeter_30s_state.csv,TRAIN,2018-02-15 03:26:00,0,0,0
Thursday-15-02-2018_TrafficForML_CICFlowMeter_30s_state.csv,TRAIN,2018-02-15 03:26:30,0,0,0
Thursday-15-02-2018_TrafficForML_CICFlowMeter_30s_state.csv,TRAIN,2018-02-15 03:27:00,0,0,0
Thursday-15-02-2018_TrafficForML_CICFlowMeter_30s_state.csv,TRAIN,2018-02-15 03:27:30,0,0,0
Thursday-15-02-2018_TrafficForML_CICFlowMeter_30s_state.csv,TRAIN,2018-02-15 03:28:00,0,0,0
Thursday-15-02-2018_TrafficForML_CICFlowMeter_30s_state.csv,TRAIN,2018-02-15 03:28:30,0,0,0
Thursday-15-02-2018_TrafficForML_CICFlowMeter_30s_state.csv,TRAIN,2018-02-15 03:29:00,0,0,0
Thursday-15-02-2018_TrafficForML_CICFlowMeter_30s_state.csv,TRAIN,2018-02-15 03:29:30,0,0,0
Thursday-15-02-2018_TrafficForML_CICFlowMeter_30s_state.csv,TRAIN,2018-02-15 03:30:00,0,0,0
Thursday-15-02-2018_TrafficForML_CICFlowMeter_30s_state.csv,TRAIN,2018-02-15 03:30:30,0,0,0
Thursday-15-02-2018_TrafficForML_CICFlowMeter_30s_state.csv,TRAIN,2018-02-15 03:31:00,0,0,0
Thursday-15-02-2018_TrafficForML_CICFlowMeter_30s_state.csv,TRAIN,2018-02-15 03:31:30,0,0,0
Thursday-15-02-2018_TrafficForML_CICFlowMeter_30s_state.csv,TRAIN,2018-02-15 03:32:00,0,0,0
Thursday-15-02-2018_TrafficForML_CICFlowMeter_30s_state.csv,TRAIN,2018-02-15 03:32:30,0,0,0
Thursday-15-02-2018_TrafficForML_CICFlowMeter_30s_state.csv,TRAIN,2018-02-15 03:33:00,0,0,0
Thursday-15-02-2018_TrafficForML_CICFlowMeter_30s_state.csv,TRAIN,2018-02-15 03:33:30,0,0,0
Thursday-15-02-2018_TrafficForML_CICFlowMeter_30s_state.csv,TRAIN,2018-02-15 03:34:00,0,0,0
Thursday-15-02-2018_TrafficForML_CICFlowMeter_30s_state.csv,TRAIN,2018-02-15 03:34:30,0,0,0
Thursday-15-02-2018_TrafficForML_CICFlowMeter_30s_state.csv,TRAIN,2018-02-15 03:35:00,0,0,0
Thursday-15-02-2018_TrafficForML_CICFlowMeter_30s_state.csv,TRAIN,2018-02-15 03:35:30,0,0,0
Thursday-15-02-2018_TrafficForML_CICFlowMeter_30s_state.csv,TRAIN,2018-02-15 03:36:00,0,0,0
Thursday-15-02-2018_TrafficForML_CICFlowMeter_30s_state.csv,TRAIN,2018-02-15 03:36:30,0,0,0
Thursday-15-02-2018_TrafficForML_CICFlowMeter_30s_state.csv,TRAIN,2018-02-15 03:37:00,0,0,0
Thursday-15-02-2018_TrafficForML_CICFlowMeter_30s_state.csv,TRAIN,2018-02-15 03:37:30,0,0,0
Thursday-15-02-2018_TrafficForML_CICFlowMeter_30s_state.csv,TRAIN,2018-02-15 03:38:00,0,0,0
Thursday-15-02-2018_TrafficForML_CICFlowMeter_30s_state.csv,TRAIN,2018-02-15 03:38:30,0,0,0
Thursday-15-02-2018_TrafficForML_CICFlowMeter_30s_state.csv,TRAIN,2018-02-15 03:39:00,0,0,0
Thursday-15-02-2018_TrafficForML_CICFlowMeter_30s_state.csv,TRAIN,2018-02-15 03:39:30,0,0,0
Thursday-15-02-2018_TrafficForML_CICFlowMeter_30s_state.csv,TRAIN,2018-02-15 03:40:00,0,0,0
Thursday-15-02-2018_TrafficForML_CICFlowMeter_30s_state.csv,TRAIN,2018-02-15 03:40:30,0,0,0
Thursday-15-02-2018_TrafficForML_CICFlowMeter_30s_state.csv,TRAIN,2018-02-15 03:41:00,0,0,0
Thursday-15-02-2018_TrafficForML_CICFlowMeter_30s_state.csv,TRAIN,2018-02-15 03:41:30,0,0,0
Thursday-15-02-2018_TrafficForML_CICFlowMeter_30s_state.csv,TRAIN,2018-02-15 03:42:00,0,0,0
Thursday-15-02-2018_TrafficForML_CICFlowMeter_30s_state.csv,TRAIN,2018-02-15 03:42:30,0,0,0
Thursday-15-02-2018_TrafficForML_CICFlowMeter_30s_state.csv,TRAIN,2018-02-15 03:43:00,0,0,0
Thursday-15-02-2018_TrafficForML_CICFlowMeter_30s_state.csv,TRAIN,2018-02-15 03:43:30,0,0,0
Thursday-15-02-2018_TrafficForML_CICFlowMeter_30s_state.csv,TRAIN,2018-02-15 03:44:00,0,0,0
Thursday-15-02-2018_TrafficForML_CICFlowMeter_30s_state.csv,TRAIN,2018-02-15 03:44:30,0,0,0
Thursday-15-02-2018_TrafficForML_CICFlowMeter_30s_state.csv,TRAIN,2018-02-15 03:45:00,0,0,0
Thursday-15-02-2018_TrafficForML_CICFlowMeter_30s_state.csv,TRAIN,2018-02-15 03:45:30,0,0,0
Thursday-15-02-2018_TrafficForML_CICFlowMeter_30s_state.csv,TRAIN,2018-02-15 03:46:00,0,0,0
Thursday-15-02-2018_TrafficForML_CICFlowMeter_30s_state.csv,TRAIN,2018-02-15 03:46:30,0,0,0
Thursday-15-02-2018_TrafficForML_CICFlowMeter_30s_state.csv,TRAIN,2018-02-15 03:47:00,0,0,0
Thursday-15-02-2018_TrafficForML_CICFlowMeter_30s_state.csv,TRAIN,2018-02-15 03:47:30,0,0,0
Thursday-15-02-2018_TrafficForML_CICFlowMeter_30s_state.csv,TRAIN,2018-02-15 03:48:00,0,0,0
Thursday-15-02-2018_TrafficForML_CICFlowMeter_30s_state.csv,TRAIN,2018-02-15 03:48:30,0,0,0
Thursday-15-02-2018_TrafficForML_CICFlowMeter_30s_state.csv,TRAIN,2018-02-15 03:49:00,0,0,0
Thursday-15-02-2018_TrafficForML_CICFlowMeter_30s_state.csv,TRAIN,2018-02-15 03:49:30,0,0,0
Thursday-15-02-2018_TrafficForML_CICFlowMeter_30s_state.csv,TRAIN,2018-02-15 03:50:00,0,0,0
Thursday-15-02-2018_TrafficForML_CICFlowMeter_30s_state.csv,TRAIN,2018-02-15 03:50:30,0,0,0
Thursday-15-02-2018_TrafficForML_CICFlowMeter_30s_state.csv,TRAIN,2018-02-15 03:51:00,0,0,0
Thursday-15-02-2018_TrafficForML_CICFlowMeter_30s_state.csv,TRAIN,2018-02-15 03:51:30,0,0,0
Thursday-15-02-2018_TrafficForML_CICFlowMeter_30s_state.csv,TRAIN,2018-02-15 03:52:00,0,0,0
Thursday-15-02-2018_TrafficForML_CICFlowMeter_30s_state.csv,TRAIN,2018-02-15 03:52:30,0,0,0
Thursday-15-02-2018_TrafficForML_CICFlowMeter_30s_state.csv,TRAIN,2018-02-15 03:53:00,0,0,0
Thursday-15-02-2018_TrafficForML_CICFlowMeter_30s_state.csv,TRAIN,2018-02-15 03:53:30,0,0,0
Thursday-15-02-2018_TrafficForML_CICFlowMeter_30s_state.csv,TRAIN,2018-02-15 03:54:00,0,0,0
Thursday-15-02-2018_TrafficForML_CICFlowMeter_30s_state.csv,TRAIN,2018-02-15 03:54:30,0,0,0
Thursday-15-02-2018_TrafficForML_CICFlowMeter_30s_state.csv,TRAIN,2018-02-15 03:55:00,0,0,0
Thursday-15-02-2018_TrafficForML_CICFlowMeter_30s_state.csv,TRAIN,2018-02-15 03:55:30,0,0,0
Thursday-15-02-2018_TrafficForML_CICFlowMeter_30s_state.csv,TRAIN,2018-02-15 03:56:00,0,0,0
Thursday-15-02-2018_TrafficForML_CICFlowMeter_30s_state.csv,TRAIN,2018-02-15 03:56:30,0,0,0
Thursday-15-02-2018_TrafficForML_CICFlowMeter_30s_state.csv,TRAIN,2018-02-15 03:57:00,0,0,0
Thursday-15-02-2018_TrafficForML_CICFlowMeter_30s_state.csv,TRAIN,2018-02-15 03:57:30,0,0,0
Thursday-15-02-2018_TrafficForML_CICFlowMeter_30s_state.csv,TRAIN,2018-02-15 03:58:00,0,0,0
Thursday-15-02-2018_TrafficForML_CICFlowMeter_30s_state.csv,TRAIN,2018-02-15 03:58:30,0,0,0
Thursday-15-02-2018_TrafficForML_CICFlowMeter_30s_state.csv,TRAIN,2018-02-15 03:59:00,0,0,0
Thursday-15-02-2018_TrafficForML_CICFlowMeter_30s_state.csv,TRAIN,2018-02-15 03:59:30,0,0,0
Thursday-15-02-2018_TrafficForML_CICFlowMeter_30s_state.csv,TRAIN,2018-02-15 04:00:00,0,0,0
Thursday-15-02-2018_TrafficForML_CICFlowMeter_30s_state.csv,TRAIN,2018-02-15 04:00:30,0,0,0
Thursday-15-02-2018_TrafficForML_CICFlowMeter_30s_state.csv,TRAIN,2018-02-15 04:01:00,0,0,0
Thursday-15-02-2018_TrafficForML_CICFlowMeter_30s_state.csv,TRAIN,2018-02-15 04:01:30,0,0,0
Thursday-15-02-2018_TrafficForML_CICFlowMeter_30s_state.csv,TRAIN,2018-02-15 04:02:00,0,0,0
Thursday-15-02-2018_TrafficForML_CICFlowMeter_30s_state.csv,TRAIN,2018-02-15 04:02:30,0,0,0
Thursday-15-02-2018_TrafficForML_CICFlowMeter_30s_state.csv,TRAIN,2018-02-15 04:03:00,0,0,0
Thursday-15-02-2018_TrafficForML_CICFlowMeter_30s_state.csv,TRAIN,2018-02-15 04:03:30,0,0,0
Thursday-15-02-2018_TrafficForML_CICFlowMeter_30s_state.csv,TRAIN,2018-02-15 04:04:00,0,0,0
Thursday-15-02-2018_TrafficForML_CICFlowMeter_30s_state.csv,TRAIN,2018-02-15 04:04:30,0,0,0
Thursday-15-02-2018_TrafficForML_CICFlowMeter_30s_state.csv,TRAIN,2018-02-15 04:05:00,0,0,0
Thursday-15-02-2018_TrafficForML_CICFlowMeter_30s_state.csv,TRAIN,2018-02-15 04:05:30,0,0,0
Thursday-15-02-2018_TrafficForML_CICFlowMeter_30s_state.csv,TRAIN,2018-02-15 04:06:00,0,0,0
Thursday-15-02-2018_TrafficForML_CICFlowMeter_30s_state.csv,TRAIN,2018-02-15 04:06:30,0,0,0
Thursday-15-02-2018_TrafficForML_CICFlowMeter_30s_state.csv,TRAIN,2018-02-15 04:07:00,0,0,0
Thursday-15-02-2018_TrafficForML_CICFlowMeter_30s_state.csv,TRAIN,2018-02-15 04:07:30,0,0,0
Thursday-15-02-2018_TrafficForML_CICFlowMeter_30s_state.csv,TRAIN,2018-02-15 04:08:00,0,0,0
Thursday-15-02-2018_TrafficForML_CICFlowMeter_30s_state.csv,TRAIN,2018-02-15 04:08:30,0,0,0
Thursday-15-02-2018_TrafficForML_CICFlowMeter_30s_state.csv,TRAIN,2018-02-15 04:09:00,0,0,0
Thursday-15-02-2018_TrafficForML_CICFlowMeter_30s_state.csv,TRAIN,2018-02-15 04:09:30,0,0,0
Thursday-15-02-2018_TrafficForML_CICFlowMeter_30s_state.csv,TRAIN,2018-02-15 04:10:00,0,0,0
Thursday-15-02-2018_TrafficForML_CICFlowMeter_30s_state.csv,TRAIN,2018-02-15 04:10:30,0,0,0
Thursday-15-02-2018_TrafficForML_CICFlowMeter_30s_state.csv,TRAIN,2018-02-15 04:11:00,0,0,0
Thursday-15-02-2018_TrafficForML_CICFlowMeter_30s_state.csv,TRAIN,2018-02-15 04:11:30,0,0,0
Thursday-15-02-2018_TrafficForML_CICFlowMeter_30s_state.csv,TRAIN,2018-02-15 04:12:00,0,0,0
Thursday-15-02-2018_TrafficForML_CICFlowMeter_30s_state.csv,TRAIN,2018-02-15 04:12:30,0,0,0
Thursday-15-02-2018_TrafficForML_CICFlowMeter_30s_state.csv,TRAIN,2018-02-15 04:13:00,0,0,0
Thursday-15-02-2018_TrafficForML_CICFlowMeter_30s_state.csv,TRAIN,2018-02-15 04:13:30,0,0,0
Thursday-15-02-2018_TrafficForML_CICFlowMeter_30s_state.csv,TRAIN,2018-02-15 04:14:00,0,0,0
Thursday-15-02-2018_TrafficForML_CICFlowMeter_30s_state.csv,TRAIN,2018-02-15 04:14:30,0,0,0
Thursday-15-02-2018_TrafficForML_CICFlowMeter_30s_state.csv,TRAIN,2018-02-15 04:15:00,0,0,0
Thursday-15-02-2018_TrafficForML_CICFlowMeter_30s_state.csv,TRAIN,2018-02-15 04:15:30,0,0,0
Thursday-15-02-2018_TrafficForML_CICFlowMeter_30s_state.csv,TRAIN,2018-02-15 04:16:00,0,0,0
Thursday-15-02-2018_TrafficForML_CICFlowMeter_30s_state.csv,TRAIN,2018-02-15 04:16:30,0,0,0
Thursday-15-02-2018_TrafficForML_CICFlowMeter_30s_state.csv,TRAIN,2018-02-15 04:17:00,0,0,0
Thursday-15-02-2018_TrafficForML_CICFlowMeter_30s_state.csv,TRAIN,2018-02-15 04:17:30,0,0,0
Thursday-15-02-2018_TrafficForML_CICFlowMeter_30s_state.csv,TRAIN,2018-02-15 04:18:00,0,0,0
Thursday-15-02-2018_TrafficForML_CICFlowMeter_30s_state.csv,TRAIN,2018-02-15 04:18:30,0,0,0
Thursday-15-02-2018_TrafficForML_CICFlowMeter_30s_state.csv,TRAIN,2018-02-15 04:19:00,0,0,0
Thursday-15-02-2018_TrafficForML_CICFlowMeter_30s_state.csv,TRAIN,2018-02-15 04:19:30,0,0,0
Thursday-15-02-2018_TrafficForML_CICFlowMeter_30s_state.csv,TRAIN,2018-02-15 04:20:00,0,0,0
Thursday-15-02-2018_TrafficForML_CICFlowMeter_30s_state.csv,TRAIN,2018-02-15 04:20:30,0,0,0
Thursday-15-02-2018_TrafficForML_CICFlowMeter_30s_state.csv,TRAIN,2018-02-15 04:21:00,0,0,0
Thursday-15-02-2018_TrafficForML_CICFlowMeter_30s_state.csv,TRAIN,2018-02-15 04:21:30,0,0,0
Thursday-15-02-2018_TrafficForML_CICFlowMeter_30s_state.csv,TRAIN,2018-02-15 04:22:00,0,0,0
Thursday-15-02-2018_TrafficForML_CICFlowMeter_30s_state.csv,TRAIN,2018-02-15 04:22:30,0,0,0
Thursday-15-02-2018_TrafficForML_CICFlowMeter_30s_state.csv,TRAIN,2018-02-15 04:23:00,0,0,0
Thursday-15-02-2018_TrafficForML_CICFlowMeter_30s_state.csv,TRAIN,2018-02-15 04:23:30,0,0,0
Thursday-15-02-2018_TrafficForML_CICFlowMeter_30s_state.csv,TRAIN,2018-02-15 04:24:00,0,0,0
Thursday-15-02-2018_TrafficForML_CICFlowMeter_30s_state.csv,TRAIN,2018-02-15 04:24:30,0,0,0
Thursday-15-02-2018_TrafficForML_CICFlowMeter_30s_state.csv,TRAIN,2018-02-15 04:25:00,0,0,0
Thursday-15-02-2018_TrafficForML_CICFlowMeter_30s_state.csv,TRAIN,2018-02-15 04:25:30,0,0,0
Thursday-15-02-2018_TrafficForML_CICFlowMeter_30s_state.csv,TRAIN,2018-02-15 04:26:00,0,0,0
Thursday-15-02-2018_TrafficForML_CICFlowMeter_30s_state.csv,TRAIN,2018-02-15 04:26:30,0,0,0
Thursday-15-02-2018_TrafficForML_CICFlowMeter_30s_state.csv,TRAIN,2018-02-15 04:27:00,0,0,0
Thursday-15-02-2018_TrafficForML_CICFlowMeter_30s_state.csv,TRAIN,2018-02-15 04:27:30,0,0,0
Thursday-15-02-2018_TrafficForML_CICFlowMeter_30s_state.csv,TRAIN,2018-02-15 04:28:00,0,0,0
Thursday-15-02-2018_TrafficForML_CICFlowMeter_30s_state.csv,TRAIN,2018-02-15 04:28:30,0,0,0
Thursday-15-02-2018_TrafficForML_CICFlowMeter_30s_state.csv,TRAIN,2018-02-15 04:29:00,0,0,0
Thursday-15-02-2018_TrafficForML_CICFlowMeter_30s_state.csv,TRAIN,2018-02-15 04:29:30,0,0,0
Thursday-15-02-2018_TrafficForML_CICFlowMeter_30s_state.csv,TRAIN,2018-02-15 04:30:00,0,0,0
Thursday-15-02-2018_TrafficForML_CICFlowMeter_30s_state.csv,TRAIN,2018-02-15 04:30:30,0,0,0
Thursday-15-02-2018_TrafficForML_CICFlowMeter_30s_state.csv,TRAIN,2018-02-15 04:31:00,0,0,0
Thursday-15-02-2018_TrafficForML_CICFlowMeter_30s_state.csv,TRAIN,2018-02-15 04:31:30,0,0,0
Thursday-15-02-2018_TrafficForML_CICFlowMeter_30s_state.csv,TRAIN,2018-02-15 04:32:00,0,0,0
Thursday-15-02-2018_TrafficForML_CICFlowMeter_30s_state.csv,TRAIN,2018-02-15 04:32:30,0,0,0
Thursday-15-02-2018_TrafficForML_CICFlowMeter_30s_state.csv,TRAIN,2018-02-15 04:33:00,0,0,0
Thursday-15-02-2018_TrafficForML_CICFlowMeter_30s_state.csv,TRAIN,2018-02-15 04:33:30,0,0,0
Thursday-15-02-2018_TrafficForML_CICFlowMeter_30s_state.csv,TRAIN,2018-02-15 04:34:00,0,0,0
Thursday-15-02-2018_TrafficForML_CICFlowMeter_30s_state.csv,TRAIN,2018-02-15 04:34:30,0,0,0
Thursday-15-02-2018_TrafficForML_CICFlowMeter_30s_state.csv,TRAIN,2018-02-15 04:35:00,0,0,0
Thursday-15-02-2018_TrafficForML_CICFlowMeter_30s_state.csv,TRAIN,2018-02-15 04:35:30,0,0,0
Thursday-15-02-2018_TrafficForML_CICFlowMeter_30s_state.csv,TRAIN,2018-02-15 04:36:00,0,0,0
Thursday-15-02-2018_TrafficForML_CICFlowMeter_30s_state.csv,TRAIN,2018-02-15 04:36:30,0,0,0
Thursday-15-02-2018_TrafficForML_CICFlowMeter_30s_state.csv,TRAIN,2018-02-15 04:37:00,0,0,0
Thursday-15-02-2018_TrafficForML_CICFlowMeter_30s_state.csv,TRAIN,2018-02-15 04:37:30,0,0,0
Thursday-15-02-2018_TrafficForML_CICFlowMeter_30s_state.csv,TRAIN,2018-02-15 04:38:00,0,0,0
Thursday-15-02-2018_TrafficForML_CICFlowMeter_30s_state.csv,TRAIN,2018-02-15 04:38:30,0,0,0
Thursday-15-02-2018_TrafficForML_CICFlowMeter_30s_state.csv,TRAIN,2018-02-15 04:39:00,0,0,0
Thursday-15-02-2018_TrafficForML_CICFlowMeter_30s_state.csv,TRAIN,2018-02-15 04:39:30,0,0,0
Thursday-15-02-2018_TrafficForML_CICFlowMeter_30s_state.csv,TRAIN,2018-02-15 04:40:00,0,0,0
Thursday-15-02-2018_TrafficForML_CICFlowMeter_30s_state.csv,TRAIN,2018-02-15 04:40:30,0,0,0
Thursday-15-02-2018_TrafficForML_CICFlowMeter_30s_state.csv,TRAIN,2018-02-15 04:41:00,0,0,0
Thursday-15-02-2018_TrafficForML_CICFlowMeter_30s_state.csv,TRAIN,2018-02-15 04:41:30,0,0,0
Thursday-15-02-2018_TrafficForML_CICFlowMeter_30s_state.csv,TRAIN,2018-02-15 04:42:00,0,0,0
Thursday-15-02-2018_TrafficForML_CICFlowMeter_30s_state.csv,TRAIN,2018-02-15 04:42:30,0,0,0
Thursday-15-02-2018_TrafficForML_CICFlowMeter_30s_state.csv,TRAIN,2018-02-15 04:43:00,0,0,0
Thursday-15-02-2018_TrafficForML_CICFlowMeter_30s_state.csv,TRAIN,2018-02-15 04:43:30,0,0,0
Thursday-15-02-2018_TrafficForML_CICFlowMeter_30s_state.csv,TRAIN,2018-02-15 04:44:00,0,0,0
Thursday-15-02-2018_TrafficForML_CICFlowMeter_30s_state.csv,TRAIN,2018-02-15 04:44:30,0,0,0
Thursday-15-02-2018_TrafficForML_CICFlowMeter_30s_state.csv,TRAIN,2018-02-15 04:45:00,0,0,0
Thursday-15-02-2018_TrafficForML_CICFlowMeter_30s_state.csv,TRAIN,2018-02-15 04:45:30,0,0,0
Thursday-15-02-2018_TrafficForML_CICFlowMeter_30s_state.csv,TRAIN,2018-02-15 04:46:00,0,0,0
Thursday-15-02-2018_TrafficForML_CICFlowMeter_30s_state.csv,TRAIN,2018-02-15 04:46:30,0,0,0
Thursday-15-02-2018_TrafficForML_CICFlowMeter_30s_state.csv,TRAIN,2018-02-15 04:47:00,0,0,0
Thursday-15-02-2018_TrafficForML_CICFlowMeter_30s_state.csv,TRAIN,2018-02-15 04:47:30,0,0,0
Thursday-15-02-2018_TrafficForML_CICFlowMeter_30s_state.csv,TRAIN,2018-02-15 04:48:00,0,0,0
Thursday-15-02-2018_TrafficForML_CICFlowMeter_30s_state.csv,TRAIN,2018-02-15 04:48:30,0,0,0
Thursday-15-02-2018_TrafficForML_CICFlowMeter_30s_state.csv,TRAIN,2018-02-15 04:49:00,0,0,0
Thursday-15-02-2018_TrafficForML_CICFlowMeter_30s_state.csv,TRAIN,2018-02-15 04:49:30,0,0,0
Thursday-15-02-2018_TrafficForML_CICFlowMeter_30s_state.csv,TRAIN,2018-02-15 04:50:00,0,0,0
Thursday-15-02-2018_TrafficForML_CICFlowMeter_30s_state.csv,TRAIN,2018-02-15 04:50:30,0,0,0
Thursday-15-02-2018_TrafficForML_CICFlowMeter_30s_state.csv,TRAIN,2018-02-15 04:51:00,0,0,0
Thursday-15-02-2018_TrafficForML_CICFlowMeter_30s_state.csv,TRAIN,2018-02-15 04:51:30,0,0,0
Thursday-15-02-2018_TrafficForML_CICFlowMeter_30s_state.csv,TRAIN,2018-02-15 04:52:00,0,0,0
Thursday-15-02-2018_TrafficForML_CICFlowMeter_30s_state.csv,TRAIN,2018-02-15 04:52:30,0,0,0
Thursday-15-02-2018_TrafficForML_CICFlowMeter_30s_state.csv,TRAIN,2018-02-15 04:53:00,0,0,0
Thursday-15-02-2018_TrafficForML_CICFlowMeter_30s_state.csv,TRAIN,2018-02-15 04:53:30,0,0,0
Thursday-15-02-2018_TrafficForML_CICFlowMeter_30s_state.csv,TRAIN,2018-02-15 04:54:00,0,0,0
Thursday-15-02-2018_TrafficForML_CICFlowMeter_30s_state.csv,TRAIN,2018-02-15 04:54:30,0,0,0
Thursday-15-02-2018_TrafficForML_CICFlowMeter_30s_state.csv,TRAIN,2018-02-15 04:55:00,0,0,0
Thursday-15-02-2018_TrafficForML_CICFlowMeter_30s_state.csv,TRAIN,2018-02-15 04:55:30,0,0,0
Thursday-15-02-2018_TrafficForML_CICFlowMeter_30s_state.csv,TRAIN,2018-02-15 04:56:00,0,0,0
Thursday-15-02-2018_TrafficForML_CICFlowMeter_30s_state.csv,TRAIN,2018-02-15 04:56:30,0,0,0
Thursday-15-02-2018_TrafficForML_CICFlowMeter_30s_state.csv,TRAIN,2018-02-15 04:57:00,0,0,0
Thursday-15-02-2018_TrafficForML_CICFlowMeter_30s_state.csv,TRAIN,2018-02-15 04:57:30,0,0,0
Thursday-15-02-2018_TrafficForML_CICFlowMeter_30s_state.csv,TRAIN,2018-02-15 04:58:00,0,0,0
Thursday-15-02-2018_TrafficForML_CICFlowMeter_30s_state.csv,TRAIN,2018-02-15 04:58:30,0,0,0
Thursday-15-02-2018_TrafficForML_CICFlowMeter_30s_state.csv,TRAIN,2018-02-15 04:59:00,0,0,0
Thursday-15-02-2018_TrafficForML_CICFlowMeter_30s_state.csv,TRAIN,2018-02-15 04:59:30,0,0,0
Thursday-15-02-2018_TrafficForML_CICFlowMeter_30s_state.csv,TRAIN,2018-02-15 05:00:00,0,0,0
Thursday-15-02-2018_TrafficForML_CICFlowMeter_30s_state.csv,TRAIN,2018-02-15 05:00:30,0,0,0
Thursday-15-02-2018_TrafficForML_CICFlowMeter_30s_state.csv,TRAIN,2018-02-15 05:01:00,0,0,0
Thursday-15-02-2018_TrafficForML_CICFlowMeter_30s_state.csv,TRAIN,2018-02-15 05:01:30,0,0,0
Thursday-15-02-2018_TrafficForML_CICFlowMeter_30s_state.csv,TRAIN,2018-02-15 05:02:00,0,0,0
Thursday-15-02-2018_TrafficForML_CICFlowMeter_30s_state.csv,TRAIN,2018-02-15 05:02:30,0,0,0
Thursday-15-02-2018_TrafficForML_CICFlowMeter_30s_state.csv,TRAIN,2018-02-15 05:03:00,0,0,0
Thursday-15-02-2018_TrafficForML_CICFlowMeter_30s_state.csv,TRAIN,2018-02-15 05:03:30,0,0,0
Thursday-15-02-2018_TrafficForML_CICFlowMeter_30s_state.csv,TRAIN,2018-02-15 05:04:00,0,0,0
Thursday-15-02-2018_TrafficForML_CICFlowMeter_30s_state.csv,TRAIN,2018-02-15 05:04:30,0,0,0
Thursday-15-02-2018_TrafficForML_CICFlowMeter_30s_state.csv,TRAIN,2018-02-15 05:05:00,0,0,0
Thursday-15-02-2018_TrafficForML_CICFlowMeter_30s_state.csv,TRAIN,2018-02-15 05:05:30,0,0,0
Thursday-15-02-2018_TrafficForML_CICFlowMeter_30s_state.csv,TRAIN,2018-02-15 05:06:00,0,0,0
Thursday-15-02-2018_TrafficForML_CICFlowMeter_30s_state.csv,TRAIN,2018-02-15 05:06:30,0,0,0
Thursday-15-02-2018_TrafficForML_CICFlowMeter_30s_state.csv,TRAIN,2018-02-15 05:07:00,0,0,0
Thursday-15-02-2018_TrafficForML_CICFlowMeter_30s_state.csv,TRAIN,2018-02-15 05:07:30,0,0,0
Thursday-15-02-2018_TrafficForML_CICFlowMeter_30s_state.csv,TRAIN,2018-02-15 05:08:00,0,0,0
Thursday-15-02-2018_TrafficForML_CICFlowMeter_30s_state.csv,TRAIN,2018-02-15 05:08:30,0,0,0
Thursday-15-02-2018_TrafficForML_CICFlowMeter_30s_state.csv,TRAIN,2018-02-15 05:09:00,0,0,0
Thursday-15-02-2018_TrafficForML_CICFlowMeter_30s_state.csv,TRAIN,2018-02-15 05:09:30,0,0,0
Thursday-15-02-2018_TrafficForML_CICFlowMeter_30s_state.csv,TRAIN,2018-02-15 05:10:00,0,0,0
Thursday-15-02-2018_TrafficForML_CICFlowMeter_30s_state.csv,TRAIN,2018-02-15 05:10:30,0,0,0
Thursday-15-02-2018_TrafficForML_CICFlowMeter_30s_state.csv,TRAIN,2018-02-15 05:11:00,0,0,0
Thursday-15-02-2018_TrafficForML_CICFlowMeter_30s_state.csv,TRAIN,2018-02-15 05:11:30,0,0,0
Thursday-15-02-2018_TrafficForML_CICFlowMeter_30s_state.csv,TRAIN,2018-02-15 05:12:00,0,0,0
Thursday-15-02-2018_TrafficForML_CICFlowMeter_30s_state.csv,TRAIN,2018-02-15 05:12:30,0,0,0
Thursday-15-02-2018_TrafficForML_CICFlowMeter_30s_state.csv,TRAIN,2018-02-15 05:13:00,0,0,0
Thursday-15-02-2018_TrafficForML_CICFlowMeter_30s_state.csv,TRAIN,2018-02-15 05:13:30,0,0,0
Thursday-15-02-2018_TrafficForML_CICFlowMeter_30s_state.csv,TRAIN,2018-02-15 05:14:00,0,0,0
Thursday-15-02-2018_TrafficForML_CICFlowMeter_30s_state.csv,TRAIN,2018-02-15 05:14:30,0,0,0
Thursday-15-02-2018_TrafficForML_CICFlowMeter_30s_state.csv,TRAIN,2018-02-15 05:15:00,0,0,0
Thursday-15-02-2018_TrafficForML_CICFlowMeter_30s_state.csv,TRAIN,2018-02-15 05:15:30,0,0,0
Thursday-15-02-2018_TrafficForML_CICFlowMeter_30s_state.csv,TRAIN,2018-02-15 05:16:00,0,0,0
Thursday-15-02-2018_TrafficForML_CICFlowMeter_30s_state.csv,TRAIN,2018-02-15 05:16:30,0,0,0
Thursday-15-02-2018_TrafficForML_CICFlowMeter_30s_state.csv,TRAIN,2018-02-15 05:17:00,0,0,0
Thursday-15-02-2018_TrafficForML_CICFlowMeter_30s_state.csv,TRAIN,2018-02-15 05:17:30,0,0,0
Thursday-15-02-2018_TrafficForML_CICFlowMeter_30s_state.csv,TRAIN,2018-02-15 05:18:00,0,0,0
Thursday-15-02-2018_TrafficForML_CICFlowMeter_30s_state.csv,TRAIN,2018-02-15 05:18:30,0,0,0
Thursday-15-02-2018_TrafficForML_CICFlowMeter_30s_state.csv,TRAIN,2018-02-15 05:19:00,0,0,0
Thursday-15-02-2018_TrafficForML_CICFlowMeter_30s_state.csv,TRAIN,2018-02-15 05:19:30,0,0,0
Thursday-15-02-2018_TrafficForML_CICFlowMeter_30s_state.csv,TRAIN,2018-02-15 05:20:00,0,0,0
Thursday-15-02-2018_TrafficForML_CICFlowMeter_30s_state.csv,TRAIN,2018-02-15 05:20:30,0,0,0
Thursday-15-02-2018_TrafficForML_CICFlowMeter_30s_state.csv,TRAIN,2018-02-15 05:21:00,0,0,0
Thursday-15-02-2018_TrafficForML_CICFlowMeter_30s_state.csv,TRAIN,2018-02-15 05:21:30,0,0,0
Thursday-15-02-2018_TrafficForML_CICFlowMeter_30s_state.csv,TRAIN,2018-02-15 05:22:00,0,0,0
Thursday-15-02-2018_TrafficForML_CICFlowMeter_30s_state.csv,TRAIN,2018-02-15 05:22:30,0,0,0
Thursday-15-02-2018_TrafficForML_CICFlowMeter_30s_state.csv,TRAIN,2018-02-15 05:23:00,0,0,0
Thursday-15-02-2018_TrafficForML_CICFlowMeter_30s_state.csv,TRAIN,2018-02-15 05:23:30,0,0,0
Thursday-15-02-2018_TrafficForML_CICFlowMeter_30s_state.csv,TRAIN,2018-02-15 05:24:00,0,0,0
Thursday-15-02-2018_TrafficForML_CICFlowMeter_30s_state.csv,TRAIN,2018-02-15 05:24:30,0,0,0
Thursday-15-02-2018_TrafficForML_CICFlowMeter_30s_state.csv,TRAIN,2018-02-15 05:25:00,0,0,0
Thursday-15-02-2018_TrafficForML_CICFlowMeter_30s_state.csv,TRAIN,2018-02-15 05:25:30,0,0,0
Thursday-15-02-2018_TrafficForML_CICFlowMeter_30s_state.csv,TRAIN,2018-02-15 05:26:00,0,0,0
Thursday-15-02-2018_TrafficForML_CICFlowMeter_30s_state.csv,TRAIN,2018-02-15 05:26:30,0,0,0
Thursday-15-02-2018_TrafficForML_CICFlowMeter_30s_state.csv,TRAIN,2018-02-15 05:27:00,0,0,0
Thursday-15-02-2018_TrafficForML_CICFlowMeter_30s_state.csv,TRAIN,2018-02-15 05:27:30,0,0,0
Thursday-15-02-2018_TrafficForML_CICFlowMeter_30s_state.csv,TRAIN,2018-02-15 05:28:00,0,0,0
Thursday-15-02-2018_TrafficForML_CICFlowMeter_30s_state.csv,TRAIN,2018-02-15 05:28:30,0,0,0
Thursday-15-02-2018_TrafficForML_CICFlowMeter_30s_state.csv,TRAIN,2018-02-15 05:29:00,0,0,0
Thursday-15-02-2018_TrafficForML_CICFlowMeter_30s_state.csv,TRAIN,2018-02-15 05:29:30,0,0,0
Thursday-15-02-2018_TrafficForML_CICFlowMeter_30s_state.csv,TRAIN,2018-02-15 05:30:00,0,0,0
Thursday-15-02-2018_TrafficForML_CICFlowMeter_30s_state.csv,TRAIN,2018-02-15 05:30:30,0,0,0
Thursday-15-02-2018_TrafficForML_CICFlowMeter_30s_state.csv,TRAIN,2018-02-15 05:31:00,0,0,0
Thursday-15-02-2018_TrafficForML_CICFlowMeter_30s_state.csv,TRAIN,2018-02-15 05:31:30,0,0,0
Thursday-15-02-2018_TrafficForML_CICFlowMeter_30s_state.csv,TRAIN,2018-02-15 05:32:00,0,0,0
Thursday-15-02-2018_TrafficForML_CICFlowMeter_30s_state.csv,TRAIN,2018-02-15 05:32:30,0,0,0
Thursday-15-02-2018_TrafficForML_CICFlowMeter_30s_state.csv,TRAIN,2018-02-15 05:33:00,0,0,0
Thursday-15-02-2018_TrafficForML_CICFlowMeter_30s_state.csv,TRAIN,2018-02-15 05:33:30,0,0,0
Thursday-15-02-2018_TrafficForML_CICFlowMeter_30s_state.csv,TRAIN,2018-02-15 05:34:00,0,0,0
Thursday-15-02-2018_TrafficForML_CICFlowMeter_30s_state.csv,TRAIN,2018-02-15 05:34:30,0,0,0
Thursday-15-02-2018_TrafficForML_CICFlowMeter_30s_state.csv,TRAIN,2018-02-15 05:35:00,0,0,0
Thursday-15-02-2018_TrafficForML_CICFlowMeter_30s_state.csv,TRAIN,2018-02-15 05:35:30,0,0,0
Thursday-15-02-2018_TrafficForML_CICFlowMeter_30s_state.csv,TRAIN,2018-02-15 05:36:00,0,0,0
Thursday-15-02-2018_TrafficForML_CICFlowMeter_30s_state.csv,TRAIN,2018-02-15 05:36:30,0,0,0
Thursday-15-02-2018_TrafficForML_CICFlowMeter_30s_state.csv,TRAIN,2018-02-15 05:37:00,0,0,0
Thursday-15-02-2018_TrafficForML_CICFlowMeter_30s_state.csv,TRAIN,2018-02-15 05:37:30,0,0,0
Thursday-15-02-2018_TrafficForML_CICFlowMeter_30s_state.csv,TRAIN,2018-02-15 05:38:00,0,0,0
Thursday-15-02-2018_TrafficForML_CICFlowMeter_30s_state.csv,TRAIN,2018-02-15 05:38:30,0,0,0
Thursday-15-02-2018_TrafficForML_CICFlowMeter_30s_state.csv,TRAIN,2018-02-15 05:39:00,0,0,0
Thursday-15-02-2018_TrafficForML_CICFlowMeter_30s_state.csv,TRAIN,2018-02-15 05:39:30,0,0,0
Thursday-15-02-2018_TrafficForML_CICFlowMeter_30s_state.csv,TRAIN,2018-02-15 05:40:00,0,0,0
Thursday-15-02-2018_TrafficForML_CICFlowMeter_30s_state.csv,TRAIN,2018-02-15 05:40:30,0,0,0
Thursday-15-02-2018_TrafficForML_CICFlowMeter_30s_state.csv,TRAIN,2018-02-15 05:41:00,0,0,0
Thursday-15-02-2018_TrafficForML_CICFlowMeter_30s_state.csv,TRAIN,2018-02-15 05:41:30,0,0,0
Thursday-15-02-2018_TrafficForML_CICFlowMeter_30s_state.csv,TRAIN,2018-02-15 05:42:00,0,0,0
Thursday-15-02-2018_TrafficForML_CICFlowMeter_30s_state.csv,TRAIN,2018-02-15 05:42:30,0,0,0
Thursday-15-02-2018_TrafficForML_CICFlowMeter_30s_state.csv,TRAIN,2018-02-15 05:43:00,0,0,0
Thursday-15-02-2018_TrafficForML_CICFlowMeter_30s_state.csv,TRAIN,2018-02-15 05:43:30,0,0,0
Thursday-15-02-2018_TrafficForML_CICFlowMeter_30s_state.csv,TRAIN,2018-02-15 05:44:00,0,0,0
Thursday-15-02-2018_TrafficForML_CICFlowMeter_30s_state.csv,TRAIN,2018-02-15 05:44:30,0,0,0
Thursday-15-02-2018_TrafficForML_CICFlowMeter_30s_state.csv,TRAIN,2018-02-15 05:45:00,0,0,0
Thursday-15-02-2018_TrafficForML_CICFlowMeter_30s_state.csv,TRAIN,2018-02-15 05:45:30,0,0,0
Thursday-15-02-2018_TrafficForML_CICFlowMeter_30s_state.csv,TRAIN,2018-02-15 05:46:00,0,0,0
Thursday-15-02-2018_TrafficForML_CICFlowMeter_30s_state.csv,TRAIN,2018-02-15 05:46:30,0,0,0
Thursday-15-02-2018_TrafficForML_CICFlowMeter_30s_state.csv,TRAIN,2018-02-15 05:47:00,0,0,0
Thursday-15-02-2018_TrafficForML_CICFlowMeter_30s_state.csv,TRAIN,2018-02-15 05:47:30,0,0,0
Thursday-15-02-2018_TrafficForML_CICFlowMeter_30s_state.csv,TRAIN,2018-02-15 05:48:00,0,0,0
Thursday-15-02-2018_TrafficForML_CICFlowMeter_30s_state.csv,TRAIN,2018-02-15 05:48:30,0,0,0
Thursday-15-02-2018_TrafficForML_CICFlowMeter_30s_state.csv,TRAIN,2018-02-15 05:49:00,0,0,0
Thursday-15-02-2018_TrafficForML_CICFlowMeter_30s_state.csv,TRAIN,2018-02-15 05:49:30,0,0,0
Thursday-15-02-2018_TrafficForML_CICFlowMeter_30s_state.csv,TRAIN,2018-02-15 05:50:00,0,0,0
Thursday-15-02-2018_TrafficForML_CICFlowMeter_30s_state.csv,TRAIN,2018-02-15 05:50:30,0,0,0
Thursday-15-02-2018_TrafficForML_CICFlowMeter_30s_state.csv,TRAIN,2018-02-15 05:51:00,0,0,0
Thursday-15-02-2018_TrafficForML_CICFlowMeter_30s_state.csv,TRAIN,2018-02-15 05:51:30,0,0,0
Thursday-15-02-2018_TrafficForML_CICFlowMeter_30s_state.csv,TRAIN,2018-02-15 05:52:00,0,0,0
Thursday-15-02-2018_TrafficForML_CICFlowMeter_30s_state.csv,TRAIN,2018-02-15 05:52:30,0,0,0
Thursday-15-02-2018_TrafficForML_CICFlowMeter_30s_state.csv,TRAIN,2018-02-15 05:53:00,0,0,0
Thursday-15-02-2018_TrafficForML_CICFlowMeter_30s_state.csv,TRAIN,2018-02-15 05:53:30,0,0,0
Thursday-15-02-2018_TrafficForML_CICFlowMeter_30s_state.csv,TRAIN,2018-02-15 05:54:00,0,0,0
Thursday-15-02-2018_TrafficForML_CICFlowMeter_30s_state.csv,TRAIN,2018-02-15 05:54:30,0,0,0
Thursday-15-02-2018_TrafficForML_CICFlowMeter_30s_state.csv,TRAIN,2018-02-15 08:28:00,0,0,0
Thursday-15-02-2018_TrafficForML_CICFlowMeter_30s_state.csv,TRAIN,2018-02-15 08:28:30,0,0,0
Thursday-15-02-2018_TrafficForML_CICFlowMeter_30s_state.csv,TRAIN,2018-02-15 08:29:00,0,0,0
Thursday-15-02-2018_TrafficForML_CICFlowMeter_30s_state.csv,TRAIN,2018-02-15 08:29:30,0,0,0
Thursday-15-02-2018_TrafficForML_CICFlowMeter_30s_state.csv,TRAIN,2018-02-15 08:30:00,0,0,0
Thursday-15-02-2018_TrafficForML_CICFlowMeter_30s_state.csv,TRAIN,2018-02-15 08:30:30,0,0,0
Thursday-15-02-2018_TrafficForML_CICFlowMeter_30s_state.csv,TRAIN,2018-02-15 08:31:00,0,0,0
Thursday-15-02-2018_TrafficForML_CICFlowMeter_30s_state.csv,TRAIN,2018-02-15 08:31:30,0,0,0
Thursday-15-02-2018_TrafficForML_CICFlowMeter_30s_state.csv,TRAIN,2018-02-15 08:32:00,0,0,0
Thursday-15-02-2018_TrafficForML_CICFlowMeter_30s_state.csv,TRAIN,2018-02-15 08:32:30,0,0,0
Thursday-15-02-2018_TrafficForML_CICFlowMeter_30s_state.csv,TRAIN,2018-02-15 08:33:00,0,0,0
Thursday-15-02-2018_TrafficForML_CICFlowMeter_30s_state.csv,TRAIN,2018-02-15 08:33:30,0,0,0
Thursday-15-02-2018_TrafficForML_CICFlowMeter_30s_state.csv,TRAIN,2018-02-15 08:34:00,0,0,0
Thursday-15-02-2018_TrafficForML_CICFlowMeter_30s_state.csv,TRAIN,2018-02-15 08:34:30,0,0,0
Thursday-15-02-2018_TrafficForML_CICFlowMeter_30s_state.csv,TRAIN,2018-02-15 08:35:00,0,0,0
Thursday-15-02-2018_TrafficForML_CICFlowMeter_30s_state.csv,TRAIN,2018-02-15 08:35:30,0,0,0
Thursday-15-02-2018_TrafficForML_CICFlowMeter_30s_state.csv,TRAIN,2018-02-15 08:36:00,0,0,0
Thursday-15-02-2018_TrafficForML_CICFlowMeter_30s_state.csv,TRAIN,2018-02-15 08:36:30,0,0,0
Thursday-15-02-2018_TrafficForML_CICFlowMeter_30s_state.csv,TRAIN,2018-02-15 08:37:00,0,0,0
Thursday-15-02-2018_TrafficForML_CICFlowMeter_30s_state.csv,TRAIN,2018-02-15 08:37:30,0,0,0
Thursday-15-02-2018_TrafficForML_CICFlowMeter_30s_state.csv,TRAIN,2018-02-15 08:38:00,0,0,0
Thursday-15-02-2018_TrafficForML_CICFlowMeter_30s_state.csv,TRAIN,2018-02-15 08:38:30,0,0,0
Thursday-15-02-2018_TrafficForML_CICFlowMeter_30s_state.csv,TRAIN,2018-02-15 08:39:00,0,0,0
Thursday-15-02-2018_TrafficForML_CICFlowMeter_30s_state.csv,TRAIN,2018-02-15 08:39:30,0,0,0
Thursday-15-02-2018_TrafficForML_CICFlowMeter_30s_state.csv,TRAIN,2018-02-15 08:40:00,0,0,0
Thursday-15-02-2018_TrafficForML_CICFlowMeter_30s_state.csv,TRAIN,2018-02-15 08:40:30,0,0,0
Thursday-15-02-2018_TrafficForML_CICFlowMeter_30s_state.csv,TRAIN,2018-02-15 08:41:00,0,0,0
Thursday-15-02-2018_TrafficForML_CICFlowMeter_30s_state.csv,TRAIN,2018-02-15 08:41:30,0,0,0
Thursday-15-02-2018_TrafficForML_CICFlowMeter_30s_state.csv,TRAIN,2018-02-15 08:42:00,0,0,0
Thursday-15-02-2018_TrafficForML_CICFlowMeter_30s_state.csv,TRAIN,2018-02-15 08:42:30,0,0,0
Thursday-15-02-2018_TrafficForML_CICFlowMeter_30s_state.csv,TRAIN,2018-02-15 08:43:00,0,0,0
Thursday-15-02-2018_TrafficForML_CICFlowMeter_30s_state.csv,TRAIN,2018-02-15 08:43:30,0,0,0
Thursday-15-02-2018_TrafficForML_CICFlowMeter_30s_state.csv,TRAIN,2018-02-15 08:44:00,0,0,0
Thursday-15-02-2018_TrafficForML_CICFlowMeter_30s_state.csv,TRAIN,2018-02-15 08:44:30,0,0,0
Thursday-15-02-2018_TrafficForML_CICFlowMeter_30s_state.csv,TRAIN,2018-02-15 08:45:00,0,0,0
Thursday-15-02-2018_TrafficForML_CICFlowMeter_30s_state.csv,TRAIN,2018-02-15 08:45:30,0,0,0
Thursday-15-02-2018_TrafficForML_CICFlowMeter_30s_state.csv,TRAIN,2018-02-15 08:46:00,0,0,0
Thursday-15-02-2018_TrafficForML_CICFlowMeter_30s_state.csv,TRAIN,2018-02-15 08:46:30,0,0,0
Thursday-15-02-2018_TrafficForML_CICFlowMeter_30s_state.csv,TRAIN,2018-02-15 08:47:00,0,0,0
Thursday-15-02-2018_TrafficForML_CICFlowMeter_30s_state.csv,TRAIN,2018-02-15 08:47:30,0,0,0
Thursday-15-02-2018_TrafficForML_CICFlowMeter_30s_state.csv,TRAIN,2018-02-15 08:48:00,0,0,0
Thursday-15-02-2018_TrafficForML_CICFlowMeter_30s_state.csv,TRAIN,2018-02-15 08:48:30,0,0,0
Thursday-15-02-2018_TrafficForML_CICFlowMeter_30s_state.csv,TRAIN,2018-02-15 08:49:00,0,0,0
Thursday-15-02-2018_TrafficForML_CICFlowMeter_30s_state.csv,TRAIN,2018-02-15 08:49:30,0,0,0
Thursday-15-02-2018_TrafficForML_CICFlowMeter_30s_state.csv,TRAIN,2018-02-15 08:50:00,0,0,0
Thursday-15-02-2018_TrafficForML_CICFlowMeter_30s_state.csv,TRAIN,2018-02-15 08:50:30,0,0,0
Thursday-15-02-2018_TrafficForML_CICFlowMeter_30s_state.csv,TRAIN,2018-02-15 08:51:00,0,0,0
Thursday-15-02-2018_TrafficForML_CICFlowMeter_30s_state.csv,TRAIN,2018-02-15 08:51:30,0,0,0
Thursday-15-02-2018_TrafficForML_CICFlowMeter_30s_state.csv,TRAIN,2018-02-15 08:52:00,0,0,0
Thursday-15-02-2018_TrafficForML_CICFlowMeter_30s_state.csv,TRAIN,2018-02-15 08:52:30,0,0,0
Thursday-15-02-2018_TrafficForML_CICFlowMeter_30s_state.csv,TRAIN,2018-02-15 08:53:00,0,0,0
Thursday-15-02-2018_TrafficForML_CICFlowMeter_30s_state.csv,TRAIN,2018-02-15 08:53:30,0,0,0
Thursday-15-02-2018_TrafficForML_CICFlowMeter_30s_state.csv,TRAIN,2018-02-15 08:54:00,0,0,0
Thursday-15-02-2018_TrafficForML_CICFlowMeter_30s_state.csv,TRAIN,2018-02-15 08:54:30,0,0,0
Thursday-15-02-2018_TrafficForML_CICFlowMeter_30s_state.csv,TRAIN,2018-02-15 08:55:00,0,0,0
Thursday-15-02-2018_TrafficForML_CICFlowMeter_30s_state.csv,TRAIN,2018-02-15 08:55:30,0,0,0
Thursday-15-02-2018_TrafficForML_CICFlowMeter_30s_state.csv,TRAIN,2018-02-15 08:56:00,0,0,0
Thursday-15-02-2018_TrafficForML_CICFlowMeter_30s_state.csv,TRAIN,2018-02-15 08:56:30,0,0,0
Thursday-15-02-2018_TrafficForML_CICFlowMeter_30s_state.csv,TRAIN,2018-02-15 08:57:00,0,0,0
Thursday-15-02-2018_TrafficForML_CICFlowMeter_30s_state.csv,TRAIN,2018-02-15 08:57:30,0,0,0
Thursday-15-02-2018_TrafficForML_CICFlowMeter_30s_state.csv,TRAIN,2018-02-15 08:58:00,0,0,0
Thursday-15-02-2018_TrafficForML_CICFlowMeter_30s_state.csv,TRAIN,2018-02-15 08:58:30,0,0,0
Thursday-15-02-2018_TrafficForML_CICFlowMeter_30s_state.csv,TRAIN,2018-02-15 08:59:00,0,0,0
Thursday-15-02-2018_TrafficForML_CICFlowMeter_30s_state.csv,TRAIN,2018-02-15 08:59:30,0,0,0
Thursday-15-02-2018_TrafficForML_CICFlowMeter_30s_state.csv,TRAIN,2018-02-15 09:00:00,0,0,0
Thursday-15-02-2018_TrafficForML_CICFlowMeter_30s_state.csv,TRAIN,2018-02-15 09:00:30,0,0,0
Thursday-15-02-2018_TrafficForML_CICFlowMeter_30s_state.csv,TRAIN,2018-02-15 09:01:00,0,0,0
Thursday-15-02-2018_TrafficForML_CICFlowMeter_30s_state.csv,TRAIN,2018-02-15 09:01:30,0,0,0
Thursday-15-02-2018_TrafficForML_CICFlowMeter_30s_state.csv,TRAIN,2018-02-15 09:02:00,0,0,0
Thursday-15-02-2018_TrafficForML_CICFlowMeter_30s_state.csv,TRAIN,2018-02-15 09:02:30,0,0,0
Thursday-15-02-2018_TrafficForML_CICFlowMeter_30s_state.csv,TRAIN,2018-02-15 09:03:00,0,0,0
Thursday-15-02-2018_TrafficForML_CICFlowMeter_30s_state.csv,TRAIN,2018-02-15 09:03:30,0,0,0
Thursday-15-02-2018_TrafficForML_CICFlowMeter_30s_state.csv,TRAIN,2018-02-15 09:04:00,0,0,0
Thursday-15-02-2018_TrafficForML_CICFlowMeter_30s_state.csv,TRAIN,2018-02-15 09:04:30,0,0,0
Thursday-15-02-2018_TrafficForML_CICFlowMeter_30s_state.csv,TRAIN,2018-02-15 09:05:00,0,0,0
Thursday-15-02-2018_TrafficForML_CICFlowMeter_30s_state.csv,TRAIN,2018-02-15 09:05:30,0,0,0
Thursday-15-02-2018_TrafficForML_CICFlowMeter_30s_state.csv,TRAIN,2018-02-15 09:06:00,0,0,0
Thursday-15-02-2018_TrafficForML_CICFlowMeter_30s_state.csv,TRAIN,2018-02-15 09:06:30,0,0,0
Thursday-15-02-2018_TrafficForML_CICFlowMeter_30s_state.csv,TRAIN,2018-02-15 09:07:00,0,0,0
Thursday-15-02-2018_TrafficForML_CICFlowMeter_30s_state.csv,TRAIN,2018-02-15 09:07:30,0,0,0
Thursday-15-02-2018_TrafficForML_CICFlowMeter_30s_state.csv,TRAIN,2018-02-15 09:08:00,0,0,0
Thursday-15-02-2018_TrafficForML_CICFlowMeter_30s_state.csv,TRAIN,2018-02-15 09:08:30,0,0,0
Thursday-15-02-2018_TrafficForML_CICFlowMeter_30s_state.csv,TRAIN,2018-02-15 09:09:00,0,0,0
Thursday-15-02-2018_TrafficForML_CICFlowMeter_30s_state.csv,TRAIN,2018-02-15 09:09:30,0,0,0
Thursday-15-02-2018_TrafficForML_CICFlowMeter_30s_state.csv,TRAIN,2018-02-15 09:10:00,0,0,0
Thursday-15-02-2018_TrafficForML_CICFlowMeter_30s_state.csv,TRAIN,2018-02-15 09:10:30,0,0,0
Thursday-15-02-2018_TrafficForML_CICFlowMeter_30s_state.csv,TRAIN,2018-02-15 09:11:00,0,0,0
Thursday-15-02-2018_TrafficForML_CICFlowMeter_30s_state.csv,TRAIN,2018-02-15 09:11:30,0,0,0
Thursday-15-02-2018_TrafficForML_CICFlowMeter_30s_state.csv,TRAIN,2018-02-15 09:12:00,0,0,0
Thursday-15-02-2018_TrafficForML_CICFlowMeter_30s_state.csv,TRAIN,2018-02-15 09:12:30,0,0,0
Thursday-15-02-2018_TrafficForML_CICFlowMeter_30s_state.csv,TRAIN,2018-02-15 09:13:00,0,0,0
Thursday-15-02-2018_TrafficForML_CICFlowMeter_30s_state.csv,TRAIN,2018-02-15 09:13:30,0,0,0
Thursday-15-02-2018_TrafficForML_CICFlowMeter_30s_state.csv,TRAIN,2018-02-15 09:14:00,0,0,0
Thursday-15-02-2018_TrafficForML_CICFlowMeter_30s_state.csv,TRAIN,2018-02-15 09:14:30,0,0,0
Thursday-15-02-2018_TrafficForML_CICFlowMeter_30s_state.csv,TRAIN,2018-02-15 09:15:00,0,0,0
Thursday-15-02-2018_TrafficForML_CICFlowMeter_30s_state.csv,TRAIN,2018-02-15 09:15:30,0,0,0
Thursday-15-02-2018_TrafficForML_CICFlowMeter_30s_state.csv,TRAIN,2018-02-15 09:16:00,0,0,0
Thursday-15-02-2018_TrafficForML_CICFlowMeter_30s_state.csv,TRAIN,2018-02-15 09:16:30,0,0,0
Thursday-15-02-2018_TrafficForML_CICFlowMeter_30s_state.csv,TRAIN,2018-02-15 09:17:00,0,0,0
Thursday-15-02-2018_TrafficForML_CICFlowMeter_30s_state.csv,TRAIN,2018-02-15 09:17:30,0,0,0
Thursday-15-02-2018_TrafficForML_CICFlowMeter_30s_state.csv,TRAIN,2018-02-15 09:18:00,0,0,0
Thursday-15-02-2018_TrafficForML_CICFlowMeter_30s_state.csv,TRAIN,2018-02-15 09:18:30,0,0,0
Thursday-15-02-2018_TrafficForML_CICFlowMeter_30s_state.csv,TRAIN,2018-02-15 09:19:00,0,0,0
Thursday-15-02-2018_TrafficForML_CICFlowMeter_30s_state.csv,TRAIN,2018-02-15 09:19:30,0,0,0
Thursday-15-02-2018_TrafficForML_CICFlowMeter_30s_state.csv,TRAIN,2018-02-15 09:20:00,0,0,0
Thursday-15-02-2018_TrafficForML_CICFlowMeter_30s_state.csv,TRAIN,2018-02-15 09:20:30,0,0,0
Thursday-15-02-2018_TrafficForML_CICFlowMeter_30s_state.csv,TRAIN,2018-02-15 09:21:00,0,0,0
Thursday-15-02-2018_TrafficForML_CICFlowMeter_30s_state.csv,TRAIN,2018-02-15 09:21:30,0,0,0
Thursday-15-02-2018_TrafficForML_CICFlowMeter_30s_state.csv,TRAIN,2018-02-15 09:22:00,0,0,0
Thursday-15-02-2018_TrafficForML_CICFlowMeter_30s_state.csv,TRAIN,2018-02-15 09:22:30,0,0,0
Thursday-15-02-2018_TrafficForML_CICFlowMeter_30s_state.csv,TRAIN,2018-02-15 09:23:00,0,0,0
Thursday-15-02-2018_TrafficForML_CICFlowMeter_30s_state.csv,TRAIN,2018-02-15 09:23:30,0,0,0
Thursday-15-02-2018_TrafficForML_CICFlowMeter_30s_state.csv,TRAIN,2018-02-15 09:24:00,0,0,0
Thursday-15-02-2018_TrafficForML_CICFlowMeter_30s_state.csv,TRAIN,2018-02-15 09:24:30,0,0,0
Thursday-15-02-2018_TrafficForML_CICFlowMeter_30s_state.csv,TRAIN,2018-02-15 09:25:00,0,0,0
Thursday-15-02-2018_TrafficForML_CICFlowMeter_30s_state.csv,TRAIN,2018-02-15 09:25:30,0,0,0
Thursday-15-02-2018_TrafficForML_CICFlowMeter_30s_state.csv,TRAIN,2018-02-15 09:26:00,0,0,0
Thursday-15-02-2018_TrafficForML_CICFlowMeter_30s_state.csv,TRAIN,2018-02-15 09:26:30,0,0,0
Thursday-15-02-2018_TrafficForML_CICFlowMeter_30s_state.csv,TRAIN,2018-02-15 09:27:00,0,0,0
Thursday-15-02-2018_TrafficForML_CICFlowMeter_30s_state.csv,TRAIN,2018-02-15 09:27:30,0,1,0
Thursday-15-02-2018_TrafficForML_CICFlowMeter_30s_state.csv,TRAIN,2018-02-15 09:28:00,1,1,1
Thursday-15-02-2018_TrafficForML_CICFlowMeter_30s_state.csv,TRAIN,2018-02-15 09:28:30,1,1,1
Thursday-15-02-2018_TrafficForML_CICFlowMeter_30s_state.csv,TRAIN,2018-02-15 09:29:00,1,1,1
Thursday-15-02-2018_TrafficForML_CICFlowMeter_30s_state.csv,TRAIN,2018-02-15 09:29:30,1,1,1
Thursday-15-02-2018_TrafficForML_CICFlowMeter_30s_state.csv,TRAIN,2018-02-15 09:30:00,1,1,1
Thursday-15-02-2018_TrafficForML_CICFlowMeter_30s_state.csv,TRAIN,2018-02-15 09:30:30,1,1,1
Thursday-15-02-2018_TrafficForML_CICFlowMeter_30s_state.csv,TRAIN,2018-02-15 09:31:00,1,1,1
Thursday-15-02-2018_TrafficForML_CICFlowMeter_30s_state.csv,TRAIN,2018-02-15 09:31:30,1,0,1
Thursday-15-02-2018_TrafficForML_CICFlowMeter_30s_state.csv,TRAIN,2018-02-15 09:32:00,0,0,0
Thursday-15-02-2018_TrafficForML_CICFlowMeter_30s_state.csv,TRAIN,2018-02-15 09:32:30,0,0,0
Thursday-15-02-2018_TrafficForML_CICFlowMeter_30s_state.csv,TRAIN,2018-02-15 09:33:00,0,0,0
Thursday-15-02-2018_TrafficForML_CICFlowMeter_30s_state.csv,TRAIN,2018-02-15 09:33:30,0,0,0
Thursday-15-02-2018_TrafficForML_CICFlowMeter_30s_state.csv,TRAIN,2018-02-15 09:34:00,0,0,0
Thursday-15-02-2018_TrafficForML_CICFlowMeter_30s_state.csv,TRAIN,2018-02-15 09:34:30,0,0,0
Thursday-15-02-2018_TrafficForML_CICFlowMeter_30s_state.csv,TRAIN,2018-02-15 09:35:00,0,0,0
Thursday-15-02-2018_TrafficForML_CICFlowMeter_30s_state.csv,TRAIN,2018-02-15 09:35:30,0,0,0
Thursday-15-02-2018_TrafficForML_CICFlowMeter_30s_state.csv,TRAIN,2018-02-15 09:36:00,0,0,0
Thursday-15-02-2018_TrafficForML_CICFlowMeter_30s_state.csv,TRAIN,2018-02-15 09:36:30,0,0,0
Thursday-15-02-2018_TrafficForML_CICFlowMeter_30s_state.csv,TRAIN,2018-02-15 09:37:00,0,0,0
Thursday-15-02-2018_TrafficForML_CICFlowMeter_30s_state.csv,TRAIN,2018-02-15 09:37:30,0,1,0
Thursday-15-02-2018_TrafficForML_CICFlowMeter_30s_state.csv,TRAIN,2018-02-15 09:38:00,1,1,1
Thursday-15-02-2018_TrafficForML_CICFlowMeter_30s_state.csv,TRAIN,2018-02-15 09:38:30,1,1,1
Thursday-15-02-2018_TrafficForML_CICFlowMeter_30s_state.csv,TRAIN,2018-02-15 09:39:00,1,1,1
Thursday-15-02-2018_TrafficForML_CICFlowMeter_30s_state.csv,TRAIN,2018-02-15 09:39:30,1,1,1
Thursday-15-02-2018_TrafficForML_CICFlowMeter_30s_state.csv,TRAIN,2018-02-15 09:40:00,1,1,1
Thursday-15-02-2018_TrafficForML_CICFlowMeter_30s_state.csv,TRAIN,2018-02-15 09:40:30,1,1,1
Thursday-15-02-2018_TrafficForML_CICFlowMeter_30s_state.csv,TRAIN,2018-02-15 09:41:00,1,0,1
Thursday-15-02-2018_TrafficForML_CICFlowMeter_30s_state.csv,TRAIN,2018-02-15 09:41:30,0,0,0
Thursday-15-02-2018_TrafficForML_CICFlowMeter_30s_state.csv,TRAIN,2018-02-15 09:42:00,0,0,0
Thursday-15-02-2018_TrafficForML_CICFlowMeter_30s_state.csv,TRAIN,2018-02-15 09:42:30,0,0,0
Thursday-15-02-2018_TrafficForML_CICFlowMeter_30s_state.csv,TRAIN,2018-02-15 09:43:00,0,0,0
Thursday-15-02-2018_TrafficForML_CICFlowMeter_30s_state.csv,TRAIN,2018-02-15 09:43:30,0,0,0
Thursday-15-02-2018_TrafficForML_CICFlowMeter_30s_state.csv,TRAIN,2018-02-15 09:44:00,0,0,0
Thursday-15-02-2018_TrafficForML_CICFlowMeter_30s_state.csv,TRAIN,2018-02-15 09:44:30,0,0,0
Thursday-15-02-2018_TrafficForML_CICFlowMeter_30s_state.csv,TRAIN,2018-02-15 09:45:00,0,0,0
Thursday-15-02-2018_TrafficForML_CICFlowMeter_30s_state.csv,TRAIN,2018-02-15 09:45:30,0,0,0
Thursday-15-02-2018_TrafficForML_CICFlowMeter_30s_state.csv,TRAIN,2018-02-15 09:46:00,0,0,0
Thursday-15-02-2018_TrafficForML_CICFlowMeter_30s_state.csv,TRAIN,2018-02-15 09:46:30,0,0,0
Thursday-15-02-2018_TrafficForML_CICFlowMeter_30s_state.csv,TRAIN,2018-02-15 09:47:00,0,0,0
Thursday-15-02-2018_TrafficForML_CICFlowMeter_30s_state.csv,TRAIN,2018-02-15 09:47:30,0,0,0
Thursday-15-02-2018_TrafficForML_CICFlowMeter_30s_state.csv,TRAIN,2018-02-15 09:48:00,0,0,0
Thursday-15-02-2018_TrafficForML_CICFlowMeter_30s_state.csv,TRAIN,2018-02-15 09:48:30,0,0,0
Thursday-15-02-2018_TrafficForML_CICFlowMeter_30s_state.csv,TRAIN,2018-02-15 09:49:00,0,1,0
Thursday-15-02-2018_TrafficForML_CICFlowMeter_30s_state.csv,TRAIN,2018-02-15 09:49:30,1,1,1
Thursday-15-02-2018_TrafficForML_CICFlowMeter_30s_state.csv,TRAIN,2018-02-15 09:50:00,1,1,1
Thursday-15-02-2018_TrafficForML_CICFlowMeter_30s_state.csv,TRAIN,2018-02-15 09:50:30,1,1,1
Thursday-15-02-2018_TrafficForML_CICFlowMeter_30s_state.csv,TRAIN,2018-02-15 09:51:00,1,1,1
Thursday-15-02-2018_TrafficForML_CICFlowMeter_30s_state.csv,TRAIN,2018-02-15 09:51:30,1,1,1
Thursday-15-02-2018_TrafficForML_CICFlowMeter_30s_state.csv,TRAIN,2018-02-15 09:52:00,1,1,1
Thursday-15-02-2018_TrafficForML_CICFlowMeter_30s_state.csv,TRAIN,2018-02-15 09:52:30,1,1,1
Thursday-15-02-2018_TrafficForML_CICFlowMeter_30s_state.csv,TRAIN,2018-02-15 09:53:00,1,1,1
Thursday-15-02-2018_TrafficForML_CICFlowMeter_30s_state.csv,TRAIN,2018-02-15 09:53:30,1,1,1
Thursday-15-02-2018_TrafficForML_CICFlowMeter_30s_state.csv,TRAIN,2018-02-15 09:54:00,1,1,1
Thursday-15-02-2018_TrafficForML_CICFlowMeter_30s_state.csv,TRAIN,2018-02-15 09:54:30,1,1,1
Thursday-15-02-2018_TrafficForML_CICFlowMeter_30s_state.csv,TRAIN,2018-02-15 09:55:00,1,1,1
Thursday-15-02-2018_TrafficForML_CICFlowMeter_30s_state.csv,TRAIN,2018-02-15 09:55:30,1,1,1
Thursday-15-02-2018_TrafficForML_CICFlowMeter_30s_state.csv,TRAIN,2018-02-15 09:56:00,1,1,1
Thursday-15-02-2018_TrafficForML_CICFlowMeter_30s_state.csv,TRAIN,2018-02-15 09:56:30,1,1,1
Thursday-15-02-2018_TrafficForML_CICFlowMeter_30s_state.csv,TRAIN,2018-02-15 09:57:00,1,1,1
Thursday-15-02-2018_TrafficForML_CICFlowMeter_30s_state.csv,TRAIN,2018-02-15 09:57:30,1,0,1
Thursday-15-02-2018_TrafficForML_CICFlowMeter_30s_state.csv,TRAIN,2018-02-15 09:58:00,0,0,0
Thursday-15-02-2018_TrafficForML_CICFlowMeter_30s_state.csv,TRAIN,2018-02-15 09:58:30,0,0,0
Thursday-15-02-2018_TrafficForML_CICFlowMeter_30s_state.csv,TRAIN,2018-02-15 09:59:00,0,0,0
Thursday-15-02-2018_TrafficForML_CICFlowMeter_30s_state.csv,TRAIN,2018-02-15 09:59:30,0,0,0
Thursday-15-02-2018_TrafficForML_CICFlowMeter_30s_state.csv,TRAIN,2018-02-15 10:00:00,0,0,0
Thursday-15-02-2018_TrafficForML_CICFlowMeter_30s_state.csv,TRAIN,2018-02-15 10:00:30,0,0,0
Thursday-15-02-2018_TrafficForML_CICFlowMeter_30s_state.csv,TRAIN,2018-02-15 10:01:00,0,0,0
Thursday-15-02-2018_TrafficForML_CICFlowMeter_30s_state.csv,TRAIN,2018-02-15 10:01:30,0,0,0
Thursday-15-02-2018_TrafficForML_CICFlowMeter_30s_state.csv,TRAIN,2018-02-15 10:02:00,0,0,0
Thursday-15-02-2018_TrafficForML_CICFlowMeter_30s_state.csv,TRAIN,2018-02-15 10:02:30,0,1,0
Thursday-15-02-2018_TrafficForML_CICFlowMeter_30s_state.csv,TRAIN,2018-02-15 10:03:00,1,0,1
Thursday-15-02-2018_TrafficForML_CICFlowMeter_30s_state.csv,TRAIN,2018-02-15 10:03:30,0,0,0
Thursday-15-02-2018_TrafficForML_CICFlowMeter_30s_state.csv,TRAIN,2018-02-15 10:04:00,0,0,0
Thursday-15-02-2018_TrafficForML_CICFlowMeter_30s_state.csv,TRAIN,2018-02-15 10:04:30,0,0,0
Thursday-15-02-2018_TrafficForML_CICFlowMeter_30s_state.csv,TRAIN,2018-02-15 10:05:00,0,0,0
Thursday-15-02-2018_TrafficForML_CICFlowMeter_30s_state.csv,TRAIN,2018-02-15 10:05:30,0,0,0
Thursday-15-02-2018_TrafficForML_CICFlowMeter_30s_state.csv,TRAIN,2018-02-15 10:06:00,0,0,0
Thursday-15-02-2018_TrafficForML_CICFlowMeter_30s_state.csv,TRAIN,2018-02-15 10:06:30,0,0,0
Thursday-15-02-2018_TrafficForML_CICFlowMeter_30s_state.csv,TRAIN,2018-02-15 10:07:00,0,0,0
Thursday-15-02-2018_TrafficForML_CICFlowMeter_30s_state.csv,TRAIN,2018-02-15 10:07:30,0,0,0
Thursday-15-02-2018_TrafficForML_CICFlowMeter_30s_state.csv,TRAIN,2018-02-15 10:08:00,0,0,0
Thursday-15-02-2018_TrafficForML_CICFlowMeter_30s_state.csv,TRAIN,2018-02-15 10:08:30,0,0,0
Thursday-15-02-2018_TrafficForML_CICFlowMeter_30s_state.csv,TRAIN,2018-02-15 10:09:00,0,0,0
Thursday-15-02-2018_TrafficForML_CICFlowMeter_30s_state.csv,TRAIN,2018-02-15 10:09:30,0,0,0
Thursday-15-02-2018_TrafficForML_CICFlowMeter_30s_state.csv,TRAIN,2018-02-15 10:10:00,0,0,0
Thursday-15-02-2018_TrafficForML_CICFlowMeter_30s_state.csv,TRAIN,2018-02-15 10:10:30,0,0,0
Thursday-15-02-2018_TrafficForML_CICFlowMeter_30s_state.csv,TRAIN,2018-02-15 10:11:00,0,0,0
Thursday-15-02-2018_TrafficForML_CICFlowMeter_30s_state.csv,TRAIN,2018-02-15 10:11:30,0,0,0
Thursday-15-02-2018_TrafficForML_CICFlowMeter_30s_state.csv,TRAIN,2018-02-15 10:12:00,0,0,0
Thursday-15-02-2018_TrafficForML_CICFlowMeter_30s_state.csv,TRAIN,2018-02-15 10:12:30,0,0,0
Thursday-15-02-2018_TrafficForML_CICFlowMeter_30s_state.csv,TRAIN,2018-02-15 10:13:00,0,0,0
Thursday-15-02-2018_TrafficForML_CICFlowMeter_30s_state.csv,TRAIN,2018-02-15 10:13:30,0,0,0
Thursday-15-02-2018_TrafficForML_CICFlowMeter_30s_state.csv,TRAIN,2018-02-15 10:14:00,0,0,0
Thursday-15-02-2018_TrafficForML_CICFlowMeter_30s_state.csv,TRAIN,2018-02-15 10:14:30,0,0,0
Thursday-15-02-2018_TrafficForML_CICFlowMeter_30s_state.csv,TRAIN,2018-02-15 10:15:00,0,0,0
Thursday-15-02-2018_TrafficForML_CICFlowMeter_30s_state.csv,TRAIN,2018-02-15 10:15:30,0,0,0
Thursday-15-02-2018_TrafficForML_CICFlowMeter_30s_state.csv,TRAIN,2018-02-15 10:16:00,0,0,0
Thursday-15-02-2018_TrafficForML_CICFlowMeter_30s_state.csv,TRAIN,2018-02-15 10:16:30,0,0,0
Thursday-15-02-2018_TrafficForML_CICFlowMeter_30s_state.csv,TRAIN,2018-02-15 10:17:00,0,0,0
Thursday-15-02-2018_TrafficForML_CICFlowMeter_30s_state.csv,TRAIN,2018-02-15 10:17:30,0,0,0
Thursday-15-02-2018_TrafficForML_CICFlowMeter_30s_state.csv,TRAIN,2018-02-15 10:18:00,0,0,0
Thursday-15-02-2018_TrafficForML_CICFlowMeter_30s_state.csv,TRAIN,2018-02-15 10:18:30,0,0,0
Thursday-15-02-2018_TrafficForML_CICFlowMeter_30s_state.csv,TRAIN,2018-02-15 10:19:00,0,0,0
Thursday-15-02-2018_TrafficForML_CICFlowMeter_30s_state.csv,TRAIN,2018-02-15 10:19:30,0,0,0
Thursday-15-02-2018_TrafficForML_CICFlowMeter_30s_state.csv,TRAIN,2018-02-15 10:20:00,0,0,0
Thursday-15-02-2018_TrafficForML_CICFlowMeter_30s_state.csv,TRAIN,2018-02-15 10:20:30,0,0,0
Thursday-15-02-2018_TrafficForML_CICFlowMeter_30s_state.csv,TRAIN,2018-02-15 10:21:00,0,0,0
Thursday-15-02-2018_TrafficForML_CICFlowMeter_30s_state.csv,TRAIN,2018-02-15 10:21:30,0,0,0
Thursday-15-02-2018_TrafficForML_CICFlowMeter_30s_state.csv,TRAIN,2018-02-15 10:22:00,0,0,0
Thursday-15-02-2018_TrafficForML_CICFlowMeter_30s_state.csv,TRAIN,2018-02-15 10:22:30,0,0,0
Thursday-15-02-2018_TrafficForML_CICFlowMeter_30s_state.csv,TRAIN,2018-02-15 10:23:00,0,0,0
Thursday-15-02-2018_TrafficForML_CICFlowMeter_30s_state.csv,TRAIN,2018-02-15 10:23:30,0,0,0
Thursday-15-02-2018_TrafficForML_CICFlowMeter_30s_state.csv,TRAIN,2018-02-15 10:24:00,0,0,0
Thursday-15-02-2018_TrafficForML_CICFlowMeter_30s_state.csv,TRAIN,2018-02-15 10:24:30,0,0,0
Thursday-15-02-2018_TrafficForML_CICFlowMeter_30s_state.csv,TRAIN,2018-02-15 10:25:00,0,0,0
Thursday-15-02-2018_TrafficForML_CICFlowMeter_30s_state.csv,TRAIN,2018-02-15 10:25:30,0,0,0
Thursday-15-02-2018_TrafficForML_CICFlowMeter_30s_state.csv,TRAIN,2018-02-15 10:26:00,0,0,0
Thursday-15-02-2018_TrafficForML_CICFlowMeter_30s_state.csv,TRAIN,2018-02-15 10:26:30,0,0,0
Thursday-15-02-2018_TrafficForML_CICFlowMeter_30s_state.csv,TRAIN,2018-02-15 10:27:00,0,0,0
Thursday-15-02-2018_TrafficForML_CICFlowMeter_30s_state.csv,TRAIN,2018-02-15 10:27:30,0,0,0
Thursday-15-02-2018_TrafficForML_CICFlowMeter_30s_state.csv,TRAIN,2018-02-15 10:28:00,0,0,0
Thursday-15-02-2018_TrafficForML_CICFlowMeter_30s_state.csv,TRAIN,2018-02-15 10:28:30,0,0,0
Thursday-15-02-2018_TrafficForML_CICFlowMeter_30s_state.csv,TRAIN,2018-02-15 10:29:00,0,0,0
Thursday-15-02-2018_TrafficForML_CICFlowMeter_30s_state.csv,TRAIN,2018-02-15 10:29:30,0,0,0
Thursday-15-02-2018_TrafficForML_CICFlowMeter_30s_state.csv,TRAIN,2018-02-15 10:30:00,0,0,0
Thursday-15-02-2018_TrafficForML_CICFlowMeter_30s_state.csv,TRAIN,2018-02-15 10:30:30,0,0,0
Thursday-15-02-2018_TrafficForML_CICFlowMeter_30s_state.csv,TRAIN,2018-02-15 10:31:00,0,0,0
Thursday-15-02-2018_TrafficForML_CICFlowMeter_30s_state.csv,TRAIN,2018-02-15 10:31:30,0,0,0
Thursday-15-02-2018_TrafficForML_CICFlowMeter_30s_state.csv,TRAIN,2018-02-15 10:32:00,0,0,0
Thursday-15-02-2018_TrafficForML_CICFlowMeter_30s_state.csv,TRAIN,2018-02-15 10:32:30,0,0,0
Thursday-15-02-2018_TrafficForML_CICFlowMeter_30s_state.csv,TRAIN,2018-02-15 10:33:00,0,0,0
Thursday-15-02-2018_TrafficForML_CICFlowMeter_30s_state.csv,TRAIN,2018-02-15 10:33:30,0,0,0
Thursday-15-02-2018_TrafficForML_CICFlowMeter_30s_state.csv,TRAIN,2018-02-15 10:34:00,0,0,0
Thursday-15-02-2018_TrafficForML_CICFlowMeter_30s_state.csv,TRAIN,2018-02-15 10:34:30,0,0,0
Thursday-15-02-2018_TrafficForML_CICFlowMeter_30s_state.csv,TRAIN,2018-02-15 10:35:00,0,0,0
Thursday-15-02-2018_TrafficForML_CICFlowMeter_30s_state.csv,TRAIN,2018-02-15 10:35:30,0,0,0
Thursday-15-02-2018_TrafficForML_CICFlowMeter_30s_state.csv,TRAIN,2018-02-15 10:36:00,0,0,0
Thursday-15-02-2018_TrafficForML_CICFlowMeter_30s_state.csv,TRAIN,2018-02-15 10:36:30,0,0,0
Thursday-15-02-2018_TrafficForML_CICFlowMeter_30s_state.csv,TRAIN,2018-02-15 10:37:00,0,0,0
Thursday-15-02-2018_TrafficForML_CICFlowMeter_30s_state.csv,TRAIN,2018-02-15 10:37:30,0,0,0
Thursday-15-02-2018_TrafficForML_CICFlowMeter_30s_state.csv,TRAIN,2018-02-15 10:38:00,0,0,0
Thursday-15-02-2018_TrafficForML_CICFlowMeter_30s_state.csv,TRAIN,2018-02-15 10:38:30,0,0,0
Thursday-15-02-2018_TrafficForML_CICFlowMeter_30s_state.csv,TRAIN,2018-02-15 10:39:00,0,0,0
Thursday-15-02-2018_TrafficForML_CICFlowMeter_30s_state.csv,TRAIN,2018-02-15 10:39:30,0,0,0
Thursday-15-02-2018_TrafficForML_CICFlowMeter_30s_state.csv,TRAIN,2018-02-15 10:40:00,0,0,0
Thursday-15-02-2018_TrafficForML_CICFlowMeter_30s_state.csv,TRAIN,2018-02-15 10:40:30,0,0,0
Thursday-15-02-2018_TrafficForML_CICFlowMeter_30s_state.csv,TRAIN,2018-02-15 10:41:00,0,0,0
Thursday-15-02-2018_TrafficForML_CICFlowMeter_30s_state.csv,TRAIN,2018-02-15 10:41:30,0,0,0
Thursday-15-02-2018_TrafficForML_CICFlowMeter_30s_state.csv,TRAIN,2018-02-15 10:42:00,0,0,0
Thursday-15-02-2018_TrafficForML_CICFlowMeter_30s_state.csv,TRAIN,2018-02-15 10:42:30,0,0,0
Thursday-15-02-2018_TrafficForML_CICFlowMeter_30s_state.csv,TRAIN,2018-02-15 10:43:00,0,0,0
Thursday-15-02-2018_TrafficForML_CICFlowMeter_30s_state.csv,TRAIN,2018-02-15 10:43:30,0,0,0
Thursday-15-02-2018_TrafficForML_CICFlowMeter_30s_state.csv,TRAIN,2018-02-15 10:44:00,0,0,0
Thursday-15-02-2018_TrafficForML_CICFlowMeter_30s_state.csv,TRAIN,2018-02-15 10:44:30,0,0,0
Thursday-15-02-2018_TrafficForML_CICFlowMeter_30s_state.csv,TRAIN,2018-02-15 10:45:00,0,0,0
Thursday-15-02-2018_TrafficForML_CICFlowMeter_30s_state.csv,TRAIN,2018-02-15 10:45:30,0,0,0
Thursday-15-02-2018_TrafficForML_CICFlowMeter_30s_state.csv,TRAIN,2018-02-15 10:46:00,0,0,0
Thursday-15-02-2018_TrafficForML_CICFlowMeter_30s_state.csv,TRAIN,2018-02-15 10:46:30,0,0,0
Thursday-15-02-2018_TrafficForML_CICFlowMeter_30s_state.csv,TRAIN,2018-02-15 10:47:00,0,0,0
Thursday-15-02-2018_TrafficForML_CICFlowMeter_30s_state.csv,TRAIN,2018-02-15 10:47:30,0,0,0
Thursday-15-02-2018_TrafficForML_CICFlowMeter_30s_state.csv,TRAIN,2018-02-15 10:48:00,0,0,0
Thursday-15-02-2018_TrafficForML_CICFlowMeter_30s_state.csv,TRAIN,2018-02-15 10:48:30,0,0,0
Thursday-15-02-2018_TrafficForML_CICFlowMeter_30s_state.csv,TRAIN,2018-02-15 10:49:00,0,0,0
Thursday-15-02-2018_TrafficForML_CICFlowMeter_30s_state.csv,TRAIN,2018-02-15 10:49:30,0,0,0
Thursday-15-02-2018_TrafficForML_CICFlowMeter_30s_state.csv,TRAIN,2018-02-15 10:50:00,0,0,0
Thursday-15-02-2018_TrafficForML_CICFlowMeter_30s_state.csv,TRAIN,2018-02-15 10:50:30,0,0,0
Thursday-15-02-2018_TrafficForML_CICFlowMeter_30s_state.csv,TRAIN,2018-02-15 10:51:00,0,0,0
Thursday-15-02-2018_TrafficForML_CICFlowMeter_30s_state.csv,TRAIN,2018-02-15 10:51:30,0,0,0
Thursday-15-02-2018_TrafficForML_CICFlowMeter_30s_state.csv,TRAIN,2018-02-15 10:52:00,0,0,0
Thursday-15-02-2018_TrafficForML_CICFlowMeter_30s_state.csv,TRAIN,2018-02-15 10:52:30,0,0,0
Thursday-15-02-2018_TrafficForML_CICFlowMeter_30s_state.csv,TRAIN,2018-02-15 10:53:00,0,0,0
Thursday-15-02-2018_TrafficForML_CICFlowMeter_30s_state.csv,TRAIN,2018-02-15 10:53:30,0,0,0
Thursday-15-02-2018_TrafficForML_CICFlowMeter_30s_state.csv,TRAIN,2018-02-15 10:54:00,0,0,0
Thursday-15-02-2018_TrafficForML_CICFlowMeter_30s_state.csv,TRAIN,2018-02-15 10:54:30,0,0,0
Thursday-15-02-2018_TrafficForML_CICFlowMeter_30s_state.csv,TRAIN,2018-02-15 10:55:00,0,0,0
Thursday-15-02-2018_TrafficForML_CICFlowMeter_30s_state.csv,TRAIN,2018-02-15 10:55:30,0,0,0
Thursday-15-02-2018_TrafficForML_CICFlowMeter_30s_state.csv,TRAIN,2018-02-15 10:56:00,0,0,0
Thursday-15-02-2018_TrafficForML_CICFlowMeter_30s_state.csv,TRAIN,2018-02-15 10:56:30,0,0,0
Thursday-15-02-2018_TrafficForML_CICFlowMeter_30s_state.csv,TRAIN,2018-02-15 10:57:00,0,0,0
Thursday-15-02-2018_TrafficForML_CICFlowMeter_30s_state.csv,TRAIN,2018-02-15 10:57:30,0,0,0
Thursday-15-02-2018_TrafficForML_CICFlowMeter_30s_state.csv,TRAIN,2018-02-15 10:58:00,0,0,0
Thursday-15-02-2018_TrafficForML_CICFlowMeter_30s_state.csv,TRAIN,2018-02-15 10:58:30,0,0,0
Thursday-15-02-2018_TrafficForML_CICFlowMeter_30s_state.csv,TRAIN,2018-02-15 10:59:00,0,0,0
Thursday-15-02-2018_TrafficForML_CICFlowMeter_30s_state.csv,TRAIN,2018-02-15 10:59:30,0,0,0
Thursday-15-02-2018_TrafficForML_CICFlowMeter_30s_state.csv,TRAIN,2018-02-15 11:00:00,0,1,0
Thursday-15-02-2018_TrafficForML_CICFlowMeter_30s_state.csv,TRAIN,2018-02-15 11:00:30,1,1,1
Thursday-15-02-2018_TrafficForML_CICFlowMeter_30s_state.csv,TRAIN,2018-02-15 11:01:00,1,1,1
Thursday-15-02-2018_TrafficForML_CICFlowMeter_30s_state.csv,TRAIN,2018-02-15 11:01:30,1,1,1
Thursday-15-02-2018_TrafficForML_CICFlowMeter_30s_state.csv,TRAIN,2018-02-15 11:02:00,1,1,1
Thursday-15-02-2018_TrafficForML_CICFlowMeter_30s_state.csv,TRAIN,2018-02-15 11:02:30,1,1,1
Thursday-15-02-2018_TrafficForML_CICFlowMeter_30s_state.csv,TRAIN,2018-02-15 11:03:00,1,1,1
Thursday-15-02-2018_TrafficForML_CICFlowMeter_30s_state.csv,TRAIN,2018-02-15 11:03:30,1,1,1
Thursday-15-02-2018_TrafficForML_CICFlowMeter_30s_state.csv,TRAIN,2018-02-15 11:04:00,1,1,1
Thursday-15-02-2018_TrafficForML_CICFlowMeter_30s_state.csv,TRAIN,2018-02-15 11:04:30,1,1,1
Thursday-15-02-2018_TrafficForML_CICFlowMeter_30s_state.csv,TRAIN,2018-02-15 11:05:00,1,1,1
Thursday-15-02-2018_TrafficForML_CICFlowMeter_30s_state.csv,TRAIN,2018-02-15 11:05:30,1,1,1
Thursday-15-02-2018_TrafficForML_CICFlowMeter_30s_state.csv,TRAIN,2018-02-15 11:06:00,1,1,1
Thursday-15-02-2018_TrafficForML_CICFlowMeter_30s_state.csv,TRAIN,2018-02-15 11:06:30,1,1,1
Thursday-15-02-2018_TrafficForML_CICFlowMeter_30s_state.csv,TRAIN,2018-02-15 11:07:00,1,1,1
Thursday-15-02-2018_TrafficForML_CICFlowMeter_30s_state.csv,TRAIN,2018-02-15 11:07:30,1,1,1
Thursday-15-02-2018_TrafficForML_CICFlowMeter_30s_state.csv,TRAIN,2018-02-15 11:08:00,1,1,1
Thursday-15-02-2018_TrafficForML_CICFlowMeter_30s_state.csv,TRAIN,2018-02-15 11:08:30,1,1,1
Thursday-15-02-2018_TrafficForML_CICFlowMeter_30s_state.csv,TRAIN,2018-02-15 11:09:00,1,1,1
Thursday-15-02-2018_TrafficForML_CICFlowMeter_30s_state.csv,TRAIN,2018-02-15 11:09:30,1,1,1
Thursday-15-02-2018_TrafficForML_CICFlowMeter_30s_state.csv,TRAIN,2018-02-15 11:10:00,1,1,1
Thursday-15-02-2018_TrafficForML_CICFlowMeter_30s_state.csv,TRAIN,2018-02-15 11:10:30,1,1,1
Thursday-15-02-2018_TrafficForML_CICFlowMeter_30s_state.csv,TRAIN,2018-02-15 11:11:00,1,1,1
Thursday-15-02-2018_TrafficForML_CICFlowMeter_30s_state.csv,TRAIN,2018-02-15 11:11:30,1,1,1
Thursday-15-02-2018_TrafficForML_CICFlowMeter_30s_state.csv,TRAIN,2018-02-15 11:12:00,1,1,1
Thursday-15-02-2018_TrafficForML_CICFlowMeter_30s_state.csv,TRAIN,2018-02-15 11:12:30,1,1,1
Thursday-15-02-2018_TrafficForML_CICFlowMeter_30s_state.csv,TRAIN,2018-02-15 11:13:00,1,1,1
Thursday-15-02-2018_TrafficForML_CICFlowMeter_30s_state.csv,TRAIN,2018-02-15 11:13:30,1,1,1
Thursday-15-02-2018_TrafficForML_CICFlowMeter_30s_state.csv,TRAIN,2018-02-15 11:14:00,1,1,1
Thursday-15-02-2018_TrafficForML_CICFlowMeter_30s_state.csv,TRAIN,2018-02-15 11:14:30,1,1,1
Thursday-15-02-2018_TrafficForML_CICFlowMeter_30s_state.csv,TRAIN,2018-02-15 11:15:00,1,1,1
Thursday-15-02-2018_TrafficForML_CICFlowMeter_30s_state.csv,TRAIN,2018-02-15 11:15:30,1,1,1
Thursday-15-02-2018_TrafficForML_CICFlowMeter_30s_state.csv,TRAIN,2018-02-15 11:16:00,1,1,1
Thursday-15-02-2018_TrafficForML_CICFlowMeter_30s_state.csv,TRAIN,2018-02-15 11:16:30,1,1,1
Thursday-15-02-2018_TrafficForML_CICFlowMeter_30s_state.csv,TRAIN,2018-02-15 11:17:00,1,1,1
Thursday-15-02-2018_TrafficForML_CICFlowMeter_30s_state.csv,TRAIN,2018-02-15 11:17:30,1,1,1
Thursday-15-02-2018_TrafficForML_CICFlowMeter_30s_state.csv,TRAIN,2018-02-15 11:18:00,1,1,1
Thursday-15-02-2018_TrafficForML_CICFlowMeter_30s_state.csv,TRAIN,2018-02-15 11:18:30,1,1,1
Thursday-15-02-2018_TrafficForML_CICFlowMeter_30s_state.csv,TRAIN,2018-02-15 11:19:00,1,1,1
Thursday-15-02-2018_TrafficForML_CICFlowMeter_30s_state.csv,TRAIN,2018-02-15 11:19:30,1,1,1
Thursday-15-02-2018_TrafficForML_CICFlowMeter_30s_state.csv,TRAIN,2018-02-15 11:20:00,1,1,1
Thursday-15-02-2018_TrafficForML_CICFlowMeter_30s_state.csv,TRAIN,2018-02-15 11:20:30,1,1,1
Thursday-15-02-2018_TrafficForML_CICFlowMeter_30s_state.csv,TRAIN,2018-02-15 11:21:00,1,1,1
Thursday-15-02-2018_TrafficForML_CICFlowMeter_30s_state.csv,TRAIN,2018-02-15 11:21:30,1,1,1
Thursday-15-02-2018_TrafficForML_CICFlowMeter_30s_state.csv,TRAIN,2018-02-15 11:22:00,1,1,1
Thursday-15-02-2018_TrafficForML_CICFlowMeter_30s_state.csv,TRAIN,2018-02-15 11:22:30,1,1,1
Thursday-15-02-2018_TrafficForML_CICFlowMeter_30s_state.csv,TRAIN,2018-02-15 11:23:00,1,1,1
Thursday-15-02-2018_TrafficForML_CICFlowMeter_30s_state.csv,TRAIN,2018-02-15 11:23:30,1,1,1
Thursday-15-02-2018_TrafficForML_CICFlowMeter_30s_state.csv,TRAIN,2018-02-15 11:24:00,1,1,1
Thursday-15-02-2018_TrafficForML_CICFlowMeter_30s_state.csv,TRAIN,2018-02-15 11:24:30,1,1,1
Thursday-15-02-2018_TrafficForML_CICFlowMeter_30s_state.csv,TRAIN,2018-02-15 11:25:00,1,1,1
Thursday-15-02-2018_TrafficForML_CICFlowMeter_30s_state.csv,TRAIN,2018-02-15 11:25:30,1,1,1
Thursday-15-02-2018_TrafficForML_CICFlowMeter_30s_state.csv,TRAIN,2018-02-15 11:26:00,1,1,1
Thursday-15-02-2018_TrafficForML_CICFlowMeter_30s_state.csv,TRAIN,2018-02-15 11:26:30,1,1,1
Thursday-15-02-2018_TrafficForML_CICFlowMeter_30s_state.csv,TRAIN,2018-02-15 11:27:00,1,1,1
Thursday-15-02-2018_TrafficForML_CICFlowMeter_30s_state.csv,TRAIN,2018-02-15 11:27:30,1,1,1
Thursday-15-02-2018_TrafficForML_CICFlowMeter_30s_state.csv,TRAIN,2018-02-15 11:28:00,1,1,1
Thursday-15-02-2018_TrafficForML_CICFlowMeter_30s_state.csv,TRAIN,2018-02-15 11:28:30,1,1,1
Thursday-15-02-2018_TrafficForML_CICFlowMeter_30s_state.csv,TRAIN,2018-02-15 11:29:00,1,1,1
Thursday-15-02-2018_TrafficForML_CICFlowMeter_30s_state.csv,TRAIN,2018-02-15 11:29:30,1,1,1
Thursday-15-02-2018_TrafficForML_CICFlowMeter_30s_state.csv,TRAIN,2018-02-15 11:30:00,1,1,1
Thursday-15-02-2018_TrafficForML_CICFlowMeter_30s_state.csv,TRAIN,2018-02-15 11:30:30,1,1,1
Thursday-15-02-2018_TrafficForML_CICFlowMeter_30s_state.csv,TRAIN,2018-02-15 11:31:00,1,1,1
Thursday-15-02-2018_TrafficForML_CICFlowMeter_30s_state.csv,TRAIN,2018-02-15 11:31:30,1,1,1
Thursday-15-02-2018_TrafficForML_CICFlowMeter_30s_state.csv,TRAIN,2018-02-15 11:32:00,1,1,1
Thursday-15-02-2018_TrafficForML_CICFlowMeter_30s_state.csv,TRAIN,2018-02-15 11:32:30,1,1,1
Thursday-15-02-2018_TrafficForML_CICFlowMeter_30s_state.csv,TRAIN,2018-02-15 11:33:00,1,1,1
Thursday-15-02-2018_TrafficForML_CICFlowMeter_30s_state.csv,TRAIN,2018-02-15 11:33:30,1,1,1
Thursday-15-02-2018_TrafficForML_CICFlowMeter_30s_state.csv,TRAIN,2018-02-15 11:34:00,1,1,1
Thursday-15-02-2018_TrafficForML_CICFlowMeter_30s_state.csv,TRAIN,2018-02-15 11:34:30,1,1,1
Thursday-15-02-2018_TrafficForML_CICFlowMeter_30s_state.csv,TRAIN,2018-02-15 11:35:00,1,1,1
Thursday-15-02-2018_TrafficForML_CICFlowMeter_30s_state.csv,TRAIN,2018-02-15 11:35:30,1,1,1
Thursday-15-02-2018_TrafficForML_CICFlowMeter_30s_state.csv,TRAIN,2018-02-15 11:36:00,1,1,1
Thursday-15-02-2018_TrafficForML_CICFlowMeter_30s_state.csv,TRAIN,2018-02-15 11:36:30,1,1,1
Thursday-15-02-2018_TrafficForML_CICFlowMeter_30s_state.csv,TRAIN,2018-02-15 11:37:00,1,1,1
Thursday-15-02-2018_TrafficForML_CICFlowMeter_30s_state.csv,TRAIN,2018-02-15 11:37:30,1,1,1
Thursday-15-02-2018_TrafficForML_CICFlowMeter_30s_state.csv,TRAIN,2018-02-15 11:38:00,1,1,1
Thursday-15-02-2018_TrafficForML_CICFlowMeter_30s_state.csv,TRAIN,2018-02-15 11:38:30,1,1,1
Thursday-15-02-2018_TrafficForML_CICFlowMeter_30s_state.csv,TRAIN,2018-02-15 11:39:00,1,1,1
Thursday-15-02-2018_TrafficForML_CICFlowMeter_30s_state.csv,TRAIN,2018-02-15 11:39:30,1,1,1
Thursday-15-02-2018_TrafficForML_CICFlowMeter_30s_state.csv,TRAIN,2018-02-15 11:40:00,1,1,1
Thursday-15-02-2018_TrafficForML_CICFlowMeter_30s_state.csv,TRAIN,2018-02-15 11:40:30,1,1,1
Thursday-15-02-2018_TrafficForML_CICFlowMeter_30s_state.csv,TRAIN,2018-02-15 11:41:00,1,1,1
Thursday-15-02-2018_TrafficForML_CICFlowMeter_30s_state.csv,TRAIN,2018-02-15 11:41:30,1,1,1
Thursday-15-02-2018_TrafficForML_CICFlowMeter_30s_state.csv,TRAIN,2018-02-15 11:42:00,1,1,1
Thursday-15-02-2018_TrafficForML_CICFlowMeter_30s_state.csv,TRAIN,2018-02-15 11:42:30,1,0,1
Thursday-15-02-2018_TrafficForML_CICFlowMeter_30s_state.csv,TRAIN,2018-02-15 11:43:00,0,0,0
Thursday-15-02-2018_TrafficForML_CICFlowMeter_30s_state.csv,TRAIN,2018-02-15 11:43:30,0,0,0
Thursday-15-02-2018_TrafficForML_CICFlowMeter_30s_state.csv,TRAIN,2018-02-15 11:44:00,0,0,0
Thursday-15-02-2018_TrafficForML_CICFlowMeter_30s_state.csv,TRAIN,2018-02-15 11:44:30,0,0,0
Thursday-15-02-2018_TrafficForML_CICFlowMeter_30s_state.csv,TRAIN,2018-02-15 11:45:00,0,0,0
Thursday-15-02-2018_TrafficForML_CICFlowMeter_30s_state.csv,TRAIN,2018-02-15 11:45:30,0,0,0
Thursday-15-02-2018_TrafficForML_CICFlowMeter_30s_state.csv,TRAIN,2018-02-15 11:46:00,0,0,0
Thursday-15-02-2018_TrafficForML_CICFlowMeter_30s_state.csv,TRAIN,2018-02-15 11:46:30,0,0,0
Thursday-15-02-2018_TrafficForML_CICFlowMeter_30s_state.csv,TRAIN,2018-02-15 11:47:00,0,0,0
Thursday-15-02-2018_TrafficForML_CICFlowMeter_30s_state.csv,TRAIN,2018-02-15 11:47:30,0,0,0
Thursday-15-02-2018_TrafficForML_CICFlowMeter_30s_state.csv,TRAIN,2018-02-15 11:48:00,0,0,0
Thursday-15-02-2018_TrafficForML_CICFlowMeter_30s_state.csv,TRAIN,2018-02-15 11:48:30,0,0,0
Thursday-15-02-2018_TrafficForML_CICFlowMeter_30s_state.csv,TRAIN,2018-02-15 11:49:00,0,0,0
Thursday-15-02-2018_TrafficForML_CICFlowMeter_30s_state.csv,TRAIN,2018-02-15 11:49:30,0,0,0
Thursday-15-02-2018_TrafficForML_CICFlowMeter_30s_state.csv,TRAIN,2018-02-15 11:50:00,0,0,0
Thursday-15-02-2018_TrafficForML_CICFlowMeter_30s_state.csv,TRAIN,2018-02-15 11:50:30,0,0,0
Thursday-15-02-2018_TrafficForML_CICFlowMeter_30s_state.csv,TRAIN,2018-02-15 11:51:00,0,0,0
Thursday-15-02-2018_TrafficForML_CICFlowMeter_30s_state.csv,TRAIN,2018-02-15 11:51:30,0,0,0
Thursday-15-02-2018_TrafficForML_CICFlowMeter_30s_state.csv,TRAIN,2018-02-15 11:52:00,0,0,0
Thursday-15-02-2018_TrafficForML_CICFlowMeter_30s_state.csv,TRAIN,2018-02-15 11:52:30,0,0,0
Thursday-15-02-2018_TrafficForML_CICFlowMeter_30s_state.csv,TRAIN,2018-02-15 11:53:00,0,0,0
Thursday-15-02-2018_TrafficForML_CICFlowMeter_30s_state.csv,TRAIN,2018-02-15 11:53:30,0,0,0
Thursday-15-02-2018_TrafficForML_CICFlowMeter_30s_state.csv,TRAIN,2018-02-15 11:54:00,0,0,0
Thursday-15-02-2018_TrafficForML_CICFlowMeter_30s_state.csv,TRAIN,2018-02-15 11:54:30,0,0,0
Thursday-15-02-2018_TrafficForML_CICFlowMeter_30s_state.csv,TRAIN,2018-02-15 11:55:00,0,0,0
Thursday-15-02-2018_TrafficForML_CICFlowMeter_30s_state.csv,TRAIN,2018-02-15 11:55:30,0,0,0
Thursday-15-02-2018_TrafficForML_CICFlowMeter_30s_state.csv,TRAIN,2018-02-15 11:56:00,0,0,0
Thursday-15-02-2018_TrafficForML_CICFlowMeter_30s_state.csv,TRAIN,2018-02-15 11:56:30,0,0,0
Thursday-15-02-2018_TrafficForML_CICFlowMeter_30s_state.csv,TRAIN,2018-02-15 11:57:00,0,0,0
Thursday-15-02-2018_TrafficForML_CICFlowMeter_30s_state.csv,TRAIN,2018-02-15 11:57:30,0,0,0
Thursday-15-02-2018_TrafficForML_CICFlowMeter_30s_state.csv,TRAIN,2018-02-15 11:58:00,0,0,0
Thursday-15-02-2018_TrafficForML_CICFlowMeter_30s_state.csv,TRAIN,2018-02-15 11:58:30,0,0,0
Thursday-15-02-2018_TrafficForML_CICFlowMeter_30s_state.csv,TRAIN,2018-02-15 11:59:00,0,0,0
Thursday-15-02-2018_TrafficForML_CICFlowMeter_30s_state.csv,TRAIN,2018-02-15 11:59:30,0,0,0
Thursday-15-02-2018_TrafficForML_CICFlowMeter_30s_state.csv,TRAIN,2018-02-15 12:00:00,0,0,0
Thursday-15-02-2018_TrafficForML_CICFlowMeter_30s_state.csv,TRAIN,2018-02-15 12:00:30,0,0,0
Thursday-15-02-2018_TrafficForML_CICFlowMeter_30s_state.csv,TRAIN,2018-02-15 12:01:00,0,0,0
Thursday-15-02-2018_TrafficForML_CICFlowMeter_30s_state.csv,TRAIN,2018-02-15 12:01:30,0,0,0
Thursday-15-02-2018_TrafficForML_CICFlowMeter_30s_state.csv,TRAIN,2018-02-15 12:02:00,0,0,0
Thursday-15-02-2018_TrafficForML_CICFlowMeter_30s_state.csv,TRAIN,2018-02-15 12:02:30,0,0,0
Thursday-15-02-2018_TrafficForML_CICFlowMeter_30s_state.csv,TRAIN,2018-02-15 12:03:00,0,0,0
Thursday-15-02-2018_TrafficForML_CICFlowMeter_30s_state.csv,TRAIN,2018-02-15 12:03:30,0,0,0
Thursday-15-02-2018_TrafficForML_CICFlowMeter_30s_state.csv,TRAIN,2018-02-15 12:04:00,0,0,0
Thursday-15-02-2018_TrafficForML_CICFlowMeter_30s_state.csv,TRAIN,2018-02-15 12:04:30,0,0,0
Thursday-15-02-2018_TrafficForML_CICFlowMeter_30s_state.csv,TRAIN,2018-02-15 12:05:00,0,0,0
Thursday-15-02-2018_TrafficForML_CICFlowMeter_30s_state.csv,TRAIN,2018-02-15 12:05:30,0,0,0
Thursday-15-02-2018_TrafficForML_CICFlowMeter_30s_state.csv,TRAIN,2018-02-15 12:06:00,0,0,0
Thursday-15-02-2018_TrafficForML_CICFlowMeter_30s_state.csv,TRAIN,2018-02-15 12:06:30,0,0,0
Thursday-15-02-2018_TrafficForML_CICFlowMeter_30s_state.csv,TRAIN,2018-02-15 12:07:00,0,0,0
Thursday-15-02-2018_TrafficForML_CICFlowMeter_30s_state.csv,TRAIN,2018-02-15 12:07:30,0,0,0
Thursday-15-02-2018_TrafficForML_CICFlowMeter_30s_state.csv,TRAIN,2018-02-15 12:08:00,0,0,0
Thursday-15-02-2018_TrafficForML_CICFlowMeter_30s_state.csv,TRAIN,2018-02-15 12:08:30,0,0,0
Thursday-15-02-2018_TrafficForML_CICFlowMeter_30s_state.csv,TRAIN,2018-02-15 12:09:00,0,0,0
Thursday-15-02-2018_TrafficForML_CICFlowMeter_30s_state.csv,TRAIN,2018-02-15 12:09:30,0,0,0
Thursday-15-02-2018_TrafficForML_CICFlowMeter_30s_state.csv,TRAIN,2018-02-15 12:10:00,0,0,0
Thursday-15-02-2018_TrafficForML_CICFlowMeter_30s_state.csv,TRAIN,2018-02-15 12:10:30,0,0,0
Thursday-15-02-2018_TrafficForML_CICFlowMeter_30s_state.csv,TRAIN,2018-02-15 12:11:00,0,0,0
Thursday-15-02-2018_TrafficForML_CICFlowMeter_30s_state.csv,TRAIN,2018-02-15 12:11:30,0,0,0
Thursday-15-02-2018_TrafficForML_CICFlowMeter_30s_state.csv,TRAIN,2018-02-15 12:12:00,0,0,0
Thursday-15-02-2018_TrafficForML_CICFlowMeter_30s_state.csv,TRAIN,2018-02-15 12:12:30,0,0,0
Thursday-15-02-2018_TrafficForML_CICFlowMeter_30s_state.csv,TRAIN,2018-02-15 12:13:00,0,0,0
Thursday-15-02-2018_TrafficForML_CICFlowMeter_30s_state.csv,TRAIN,2018-02-15 12:13:30,0,0,0
Thursday-15-02-2018_TrafficForML_CICFlowMeter_30s_state.csv,TRAIN,2018-02-15 12:14:00,0,0,0
Thursday-15-02-2018_TrafficForML_CICFlowMeter_30s_state.csv,TRAIN,2018-02-15 12:14:30,0,0,0
Thursday-15-02-2018_TrafficForML_CICFlowMeter_30s_state.csv,TRAIN,2018-02-15 12:15:00,0,0,0
Thursday-15-02-2018_TrafficForML_CICFlowMeter_30s_state.csv,TRAIN,2018-02-15 12:15:30,0,0,0
Thursday-15-02-2018_TrafficForML_CICFlowMeter_30s_state.csv,TRAIN,2018-02-15 12:16:00,0,0,0
Thursday-15-02-2018_TrafficForML_CICFlowMeter_30s_state.csv,TRAIN,2018-02-15 12:16:30,0,0,0
Thursday-15-02-2018_TrafficForML_CICFlowMeter_30s_state.csv,TRAIN,2018-02-15 12:17:00,0,0,0
Thursday-15-02-2018_TrafficForML_CICFlowMeter_30s_state.csv,TRAIN,2018-02-15 12:17:30,0,0,0
Thursday-15-02-2018_TrafficForML_CICFlowMeter_30s_state.csv,TRAIN,2018-02-15 12:18:00,0,0,0
Thursday-15-02-2018_TrafficForML_CICFlowMeter_30s_state.csv,TRAIN,2018-02-15 12:18:30,0,0,0
Thursday-15-02-2018_TrafficForML_CICFlowMeter_30s_state.csv,TRAIN,2018-02-15 12:19:00,0,0,0
Thursday-15-02-2018_TrafficForML_CICFlowMeter_30s_state.csv,TRAIN,2018-02-15 12:19:30,0,0,0
Thursday-15-02-2018_TrafficForML_CICFlowMeter_30s_state.csv,TRAIN,2018-02-15 12:20:00,0,0,0
Thursday-15-02-2018_TrafficForML_CICFlowMeter_30s_state.csv,TRAIN,2018-02-15 12:20:30,0,0,0
Thursday-15-02-2018_TrafficForML_CICFlowMeter_30s_state.csv,TRAIN,2018-02-15 12:21:00,0,0,0
Thursday-15-02-2018_TrafficForML_CICFlowMeter_30s_state.csv,TRAIN,2018-02-15 12:21:30,0,0,0
Thursday-15-02-2018_TrafficForML_CICFlowMeter_30s_state.csv,TRAIN,2018-02-15 12:22:00,0,0,0
Thursday-15-02-2018_TrafficForML_CICFlowMeter_30s_state.csv,TRAIN,2018-02-15 12:22:30,0,0,0
Thursday-15-02-2018_TrafficForML_CICFlowMeter_30s_state.csv,TRAIN,2018-02-15 12:23:00,0,0,0
Thursday-15-02-2018_TrafficForML_CICFlowMeter_30s_state.csv,TRAIN,2018-02-15 12:23:30,0,0,0
Thursday-15-02-2018_TrafficForML_CICFlowMeter_30s_state.csv,TRAIN,2018-02-15 12:24:00,0,0,0
Thursday-15-02-2018_TrafficForML_CICFlowMeter_30s_state.csv,TRAIN,2018-02-15 12:24:30,0,0,0
Thursday-15-02-2018_TrafficForML_CICFlowMeter_30s_state.csv,TRAIN,2018-02-15 12:25:00,0,0,0
Thursday-15-02-2018_TrafficForML_CICFlowMeter_30s_state.csv,TRAIN,2018-02-15 12:25:30,0,0,0
Thursday-15-02-2018_TrafficForML_CICFlowMeter_30s_state.csv,TRAIN,2018-02-15 12:26:00,0,0,0
Thursday-15-02-2018_TrafficForML_CICFlowMeter_30s_state.csv,TRAIN,2018-02-15 12:26:30,0,0,0
Thursday-15-02-2018_TrafficForML_CICFlowMeter_30s_state.csv,TRAIN,2018-02-15 12:27:00,0,0,0
Thursday-15-02-2018_TrafficForML_CICFlowMeter_30s_state.csv,TRAIN,2018-02-15 12:27:30,0,0,0
Thursday-15-02-2018_TrafficForML_CICFlowMeter_30s_state.csv,TRAIN,2018-02-15 12:28:00,0,0,0
Thursday-15-02-2018_TrafficForML_CICFlowMeter_30s_state.csv,TRAIN,2018-02-15 12:28:30,0,0,0
Thursday-15-02-2018_TrafficForML_CICFlowMeter_30s_state.csv,TRAIN,2018-02-15 12:29:00,0,0,0
Thursday-15-02-2018_TrafficForML_CICFlowMeter_30s_state.csv,TRAIN,2018-02-15 12:29:30,0,0,0
Thursday-15-02-2018_TrafficForML_CICFlowMeter_30s_state.csv,TRAIN,2018-02-15 12:30:00,0,0,0
Thursday-15-02-2018_TrafficForML_CICFlowMeter_30s_state.csv,TRAIN,2018-02-15 12:30:30,0,0,0
Thursday-15-02-2018_TrafficForML_CICFlowMeter_30s_state.csv,TRAIN,2018-02-15 12:31:00,0,0,0
Thursday-15-02-2018_TrafficForML_CICFlowMeter_30s_state.csv,TRAIN,2018-02-15 12:31:30,0,0,0
Thursday-15-02-2018_TrafficForML_CICFlowMeter_30s_state.csv,TRAIN,2018-02-15 12:32:00,0,0,0
Thursday-15-02-2018_TrafficForML_CICFlowMeter_30s_state.csv,TRAIN,2018-02-15 12:32:30,0,0,0
Thursday-15-02-2018_TrafficForML_CICFlowMeter_30s_state.csv,TRAIN,2018-02-15 12:33:00,0,0,0
Thursday-15-02-2018_TrafficForML_CICFlowMeter_30s_state.csv,TRAIN,2018-02-15 12:33:30,0,0,0
Thursday-15-02-2018_TrafficForML_CICFlowMeter_30s_state.csv,TRAIN,2018-02-15 12:34:00,0,0,0
Thursday-15-02-2018_TrafficForML_CICFlowMeter_30s_state.csv,TRAIN,2018-02-15 12:34:30,0,0,0
Thursday-15-02-2018_TrafficForML_CICFlowMeter_30s_state.csv,TRAIN,2018-02-15 12:35:00,0,0,0
Thursday-15-02-2018_TrafficForML_CICFlowMeter_30s_state.csv,TRAIN,2018-02-15 12:35:30,0,0,0
Thursday-15-02-2018_TrafficForML_CICFlowMeter_30s_state.csv,TRAIN,2018-02-15 12:36:00,0,0,0
Thursday-15-02-2018_TrafficForML_CICFlowMeter_30s_state.csv,TRAIN,2018-02-15 12:36:30,0,0,0
Thursday-15-02-2018_TrafficForML_CICFlowMeter_30s_state.csv,TRAIN,2018-02-15 12:37:00,0,0,0
Thursday-15-02-2018_TrafficForML_CICFlowMeter_30s_state.csv,TRAIN,2018-02-15 12:37:30,0,0,0
Thursday-15-02-2018_TrafficForML_CICFlowMeter_30s_state.csv,TRAIN,2018-02-15 12:38:00,0,0,0
Thursday-15-02-2018_TrafficForML_CICFlowMeter_30s_state.csv,TRAIN,2018-02-15 12:38:30,0,0,0
Thursday-15-02-2018_TrafficForML_CICFlowMeter_30s_state.csv,TRAIN,2018-02-15 12:39:00,0,0,0
Thursday-15-02-2018_TrafficForML_CICFlowMeter_30s_state.csv,TRAIN,2018-02-15 12:39:30,0,0,0
Thursday-15-02-2018_TrafficForML_CICFlowMeter_30s_state.csv,TRAIN,2018-02-15 12:40:00,0,0,0
Thursday-15-02-2018_TrafficForML_CICFlowMeter_30s_state.csv,TRAIN,2018-02-15 12:40:30,0,0,0
Thursday-15-02-2018_TrafficForML_CICFlowMeter_30s_state.csv,TRAIN,2018-02-15 12:41:00,0,0,0
Thursday-15-02-2018_TrafficForML_CICFlowMeter_30s_state.csv,TRAIN,2018-02-15 12:41:30,0,0,0
Thursday-15-02-2018_TrafficForML_CICFlowMeter_30s_state.csv,TRAIN,2018-02-15 12:42:00,0,0,0
Thursday-15-02-2018_TrafficForML_CICFlowMeter_30s_state.csv,TRAIN,2018-02-15 12:42:30,0,0,0
Thursday-15-02-2018_TrafficForML_CICFlowMeter_30s_state.csv,TRAIN,2018-02-15 12:43:00,0,0,0
Thursday-15-02-2018_TrafficForML_CICFlowMeter_30s_state.csv,TRAIN,2018-02-15 12:43:30,0,0,0
Thursday-15-02-2018_TrafficForML_CICFlowMeter_30s_state.csv,TRAIN,2018-02-15 12:44:00,0,0,0
Thursday-15-02-2018_TrafficForML_CICFlowMeter_30s_state.csv,TRAIN,2018-02-15 12:44:30,0,0,0
Thursday-15-02-2018_TrafficForML_CICFlowMeter_30s_state.csv,TRAIN,2018-02-15 12:45:00,0,0,0
Thursday-15-02-2018_TrafficForML_CICFlowMeter_30s_state.csv,TRAIN,2018-02-15 12:45:30,0,0,0
Thursday-15-02-2018_TrafficForML_CICFlowMeter_30s_state.csv,TRAIN,2018-02-15 12:46:00,0,0,0
Thursday-15-02-2018_TrafficForML_CICFlowMeter_30s_state.csv,TRAIN,2018-02-15 12:46:30,0,0,0
Thursday-15-02-2018_TrafficForML_CICFlowMeter_30s_state.csv,TRAIN,2018-02-15 12:47:00,0,0,0
Thursday-15-02-2018_TrafficForML_CICFlowMeter_30s_state.csv,TRAIN,2018-02-15 12:47:30,0,0,0
Thursday-15-02-2018_TrafficForML_CICFlowMeter_30s_state.csv,TRAIN,2018-02-15 12:48:00,0,0,0
Thursday-15-02-2018_TrafficForML_CICFlowMeter_30s_state.csv,TRAIN,2018-02-15 12:48:30,0,0,0
Thursday-15-02-2018_TrafficForML_CICFlowMeter_30s_state.csv,TRAIN,2018-02-15 12:49:00,0,0,0
Thursday-15-02-2018_TrafficForML_CICFlowMeter_30s_state.csv,TRAIN,2018-02-15 12:49:30,0,0,0
Thursday-15-02-2018_TrafficForML_CICFlowMeter_30s_state.csv,TRAIN,2018-02-15 12:50:00,0,0,0
Thursday-15-02-2018_TrafficForML_CICFlowMeter_30s_state.csv,TRAIN,2018-02-15 12:50:30,0,0,0
Thursday-15-02-2018_TrafficForML_CICFlowMeter_30s_state.csv,TRAIN,2018-02-15 12:51:00,0,0,0
Thursday-15-02-2018_TrafficForML_CICFlowMeter_30s_state.csv,TRAIN,2018-02-15 12:51:30,0,0,0
Thursday-15-02-2018_TrafficForML_CICFlowMeter_30s_state.csv,TRAIN,2018-02-15 12:52:00,0,0,0
Thursday-15-02-2018_TrafficForML_CICFlowMeter_30s_state.csv,TRAIN,2018-02-15 12:52:30,0,0,0
Thursday-15-02-2018_TrafficForML_CICFlowMeter_30s_state.csv,TRAIN,2018-02-15 12:53:00,0,0,0
Thursday-15-02-2018_TrafficForML_CICFlowMeter_30s_state.csv,TRAIN,2018-02-15 12:53:30,0,0,0
Thursday-15-02-2018_TrafficForML_CICFlowMeter_30s_state.csv,TRAIN,2018-02-15 12:54:00,0,0,0
Thursday-15-02-2018_TrafficForML_CICFlowMeter_30s_state.csv,TRAIN,2018-02-15 12:54:30,0,0,0
Thursday-15-02-2018_TrafficForML_CICFlowMeter_30s_state.csv,TRAIN,2018-02-15 12:55:00,0,0,0
Thursday-15-02-2018_TrafficForML_CICFlowMeter_30s_state.csv,TRAIN,2018-02-15 12:55:30,0,0,0
Thursday-15-02-2018_TrafficForML_CICFlowMeter_30s_state.csv,TRAIN,2018-02-15 12:56:00,0,0,0
Thursday-15-02-2018_TrafficForML_CICFlowMeter_30s_state.csv,TRAIN,2018-02-15 12:56:30,0,0,0
Thursday-15-02-2018_TrafficForML_CICFlowMeter_30s_state.csv,TRAIN,2018-02-15 12:57:00,0,0,0
Thursday-15-02-2018_TrafficForML_CICFlowMeter_30s_state.csv,TRAIN,2018-02-15 12:57:30,0,0,0
Thursday-15-02-2018_TrafficForML_CICFlowMeter_30s_state.csv,TRAIN,2018-02-15 12:58:00,0,0,0
Thursday-15-02-2018_TrafficForML_CICFlowMeter_30s_state.csv,TRAIN,2018-02-15 12:58:30,0,0,0
Thursday-15-02-2018_TrafficForML_CICFlowMeter_30s_state.csv,TRAIN,2018-02-15 12:59:00,0,0,0
Thursday-15-02-2018_TrafficForML_CICFlowMeter_30s_state.csv,TRAIN,2018-02-15 12:59:30,0,0,0
Thursday-22-02-2018_TrafficForML_CICFlowMeter_30s_state.csv,TRAIN,2018-02-22 01:05:30,0,0,0
Thursday-22-02-2018_TrafficForML_CICFlowMeter_30s_state.csv,TRAIN,2018-02-22 01:06:00,0,0,0
Thursday-22-02-2018_TrafficForML_CICFlowMeter_30s_state.csv,TRAIN,2018-02-22 01:06:30,0,0,0
Thursday-22-02-2018_TrafficForML_CICFlowMeter_30s_state.csv,TRAIN,2018-02-22 01:07:00,0,0,0
Thursday-22-02-2018_TrafficForML_CICFlowMeter_30s_state.csv,TRAIN,2018-02-22 01:07:30,0,0,0
Thursday-22-02-2018_TrafficForML_CICFlowMeter_30s_state.csv,TRAIN,2018-02-22 01:08:00,0,0,0
Thursday-22-02-2018_TrafficForML_CICFlowMeter_30s_state.csv,TRAIN,2018-02-22 01:08:30,0,0,0
Thursday-22-02-2018_TrafficForML_CICFlowMeter_30s_state.csv,TRAIN,2018-02-22 01:09:00,0,0,0
Thursday-22-02-2018_TrafficForML_CICFlowMeter_30s_state.csv,TRAIN,2018-02-22 01:09:30,0,0,0
Thursday-22-02-2018_TrafficForML_CICFlowMeter_30s_state.csv,TRAIN,2018-02-22 01:10:00,0,0,0
Thursday-22-02-2018_TrafficForML_CICFlowMeter_30s_state.csv,TRAIN,2018-02-22 01:10:30,0,0,0
Thursday-22-02-2018_TrafficForML_CICFlowMeter_30s_state.csv,TRAIN,2018-02-22 01:11:00,0,0,0
Thursday-22-02-2018_TrafficForML_CICFlowMeter_30s_state.csv,TRAIN,2018-02-22 01:11:30,0,0,0
Thursday-22-02-2018_TrafficForML_CICFlowMeter_30s_state.csv,TRAIN,2018-02-22 01:12:00,0,0,0
Thursday-22-02-2018_TrafficForML_CICFlowMeter_30s_state.csv,TRAIN,2018-02-22 01:12:30,0,0,0
Thursday-22-02-2018_TrafficForML_CICFlowMeter_30s_state.csv,TRAIN,2018-02-22 01:13:00,0,0,0
Thursday-22-02-2018_TrafficForML_CICFlowMeter_30s_state.csv,TRAIN,2018-02-22 01:13:30,0,0,0
Thursday-22-02-2018_TrafficForML_CICFlowMeter_30s_state.csv,TRAIN,2018-02-22 01:14:00,0,0,0
Thursday-22-02-2018_TrafficForML_CICFlowMeter_30s_state.csv,TRAIN,2018-02-22 01:14:30,0,0,0
Thursday-22-02-2018_TrafficForML_CICFlowMeter_30s_state.csv,TRAIN,2018-02-22 01:15:00,0,0,0
Thursday-22-02-2018_TrafficForML_CICFlowMeter_30s_state.csv,TRAIN,2018-02-22 01:15:30,0,0,0
Thursday-22-02-2018_TrafficForML_CICFlowMeter_30s_state.csv,TRAIN,2018-02-22 01:16:00,0,0,0
Thursday-22-02-2018_TrafficForML_CICFlowMeter_30s_state.csv,TRAIN,2018-02-22 01:16:30,0,0,0
Thursday-22-02-2018_TrafficForML_CICFlowMeter_30s_state.csv,TRAIN,2018-02-22 01:17:00,0,0,0
Thursday-22-02-2018_TrafficForML_CICFlowMeter_30s_state.csv,TRAIN,2018-02-22 01:17:30,0,0,0
Thursday-22-02-2018_TrafficForML_CICFlowMeter_30s_state.csv,TRAIN,2018-02-22 01:18:00,0,0,0
Thursday-22-02-2018_TrafficForML_CICFlowMeter_30s_state.csv,TRAIN,2018-02-22 01:18:30,0,0,0
Thursday-22-02-2018_TrafficForML_CICFlowMeter_30s_state.csv,TRAIN,2018-02-22 01:19:00,0,0,0
Thursday-22-02-2018_TrafficForML_CICFlowMeter_30s_state.csv,TRAIN,2018-02-22 01:19:30,0,0,0
Thursday-22-02-2018_TrafficForML_CICFlowMeter_30s_state.csv,TRAIN,2018-02-22 01:20:00,0,0,0
Thursday-22-02-2018_TrafficForML_CICFlowMeter_30s_state.csv,TRAIN,2018-02-22 01:20:30,0,0,0
Thursday-22-02-2018_TrafficForML_CICFlowMeter_30s_state.csv,TRAIN,2018-02-22 01:21:00,0,0,0
Thursday-22-02-2018_TrafficForML_CICFlowMeter_30s_state.csv,TRAIN,2018-02-22 01:21:30,0,0,0
Thursday-22-02-2018_TrafficForML_CICFlowMeter_30s_state.csv,TRAIN,2018-02-22 01:22:00,0,0,0
Thursday-22-02-2018_TrafficForML_CICFlowMeter_30s_state.csv,TRAIN,2018-02-22 01:22:30,0,0,0
Thursday-22-02-2018_TrafficForML_CICFlowMeter_30s_state.csv,TRAIN,2018-02-22 01:23:00,0,0,0
Thursday-22-02-2018_TrafficForML_CICFlowMeter_30s_state.csv,TRAIN,2018-02-22 01:23:30,0,0,0
Thursday-22-02-2018_TrafficForML_CICFlowMeter_30s_state.csv,TRAIN,2018-02-22 01:24:00,0,0,0
Thursday-22-02-2018_TrafficForML_CICFlowMeter_30s_state.csv,TRAIN,2018-02-22 01:24:30,0,0,0
Thursday-22-02-2018_TrafficForML_CICFlowMeter_30s_state.csv,TRAIN,2018-02-22 01:25:00,0,0,0
Thursday-22-02-2018_TrafficForML_CICFlowMeter_30s_state.csv,TRAIN,2018-02-22 01:25:30,0,0,0
Thursday-22-02-2018_TrafficForML_CICFlowMeter_30s_state.csv,TRAIN,2018-02-22 01:26:00,0,0,0
Thursday-22-02-2018_TrafficForML_CICFlowMeter_30s_state.csv,TRAIN,2018-02-22 01:26:30,0,0,0
Thursday-22-02-2018_TrafficForML_CICFlowMeter_30s_state.csv,TRAIN,2018-02-22 01:27:00,0,0,0
Thursday-22-02-2018_TrafficForML_CICFlowMeter_30s_state.csv,TRAIN,2018-02-22 01:27:30,0,0,0
Thursday-22-02-2018_TrafficForML_CICFlowMeter_30s_state.csv,TRAIN,2018-02-22 01:28:00,0,0,0
Thursday-22-02-2018_TrafficForML_CICFlowMeter_30s_state.csv,TRAIN,2018-02-22 01:28:30,0,0,0
Thursday-22-02-2018_TrafficForML_CICFlowMeter_30s_state.csv,TRAIN,2018-02-22 01:29:00,0,0,0
Thursday-22-02-2018_TrafficForML_CICFlowMeter_30s_state.csv,TRAIN,2018-02-22 01:29:30,0,0,0
Thursday-22-02-2018_TrafficForML_CICFlowMeter_30s_state.csv,TRAIN,2018-02-22 01:30:00,0,0,0
Thursday-22-02-2018_TrafficForML_CICFlowMeter_30s_state.csv,TRAIN,2018-02-22 01:30:30,0,0,0
Thursday-22-02-2018_TrafficForML_CICFlowMeter_30s_state.csv,TRAIN,2018-02-22 01:31:00,0,0,0
Thursday-22-02-2018_TrafficForML_CICFlowMeter_30s_state.csv,TRAIN,2018-02-22 01:31:30,0,0,0
Thursday-22-02-2018_TrafficForML_CICFlowMeter_30s_state.csv,TRAIN,2018-02-22 01:32:00,0,0,0
Thursday-22-02-2018_TrafficForML_CICFlowMeter_30s_state.csv,TRAIN,2018-02-22 01:32:30,0,0,0
Thursday-22-02-2018_TrafficForML_CICFlowMeter_30s_state.csv,TRAIN,2018-02-22 01:33:00,0,0,0
Thursday-22-02-2018_TrafficForML_CICFlowMeter_30s_state.csv,TRAIN,2018-02-22 01:33:30,0,0,0
Thursday-22-02-2018_TrafficForML_CICFlowMeter_30s_state.csv,TRAIN,2018-02-22 01:34:00,0,0,0
Thursday-22-02-2018_TrafficForML_CICFlowMeter_30s_state.csv,TRAIN,2018-02-22 01:34:30,0,0,0
Thursday-22-02-2018_TrafficForML_CICFlowMeter_30s_state.csv,TRAIN,2018-02-22 01:35:00,0,0,0
Thursday-22-02-2018_TrafficForML_CICFlowMeter_30s_state.csv,TRAIN,2018-02-22 01:35:30,0,0,0
Thursday-22-02-2018_TrafficForML_CICFlowMeter_30s_state.csv,TRAIN,2018-02-22 01:36:00,0,0,0
Thursday-22-02-2018_TrafficForML_CICFlowMeter_30s_state.csv,TRAIN,2018-02-22 01:36:30,0,0,0
Thursday-22-02-2018_TrafficForML_CICFlowMeter_30s_state.csv,TRAIN,2018-02-22 01:37:00,0,0,0
Thursday-22-02-2018_TrafficForML_CICFlowMeter_30s_state.csv,TRAIN,2018-02-22 01:37:30,0,0,0
Thursday-22-02-2018_TrafficForML_CICFlowMeter_30s_state.csv,TRAIN,2018-02-22 01:38:00,0,0,0
Thursday-22-02-2018_TrafficForML_CICFlowMeter_30s_state.csv,TRAIN,2018-02-22 01:38:30,0,0,0
Thursday-22-02-2018_TrafficForML_CICFlowMeter_30s_state.csv,TRAIN,2018-02-22 01:39:00,0,0,0
Thursday-22-02-2018_TrafficForML_CICFlowMeter_30s_state.csv,TRAIN,2018-02-22 01:39:30,0,0,0
Thursday-22-02-2018_TrafficForML_CICFlowMeter_30s_state.csv,TRAIN,2018-02-22 01:40:00,0,0,0
Thursday-22-02-2018_TrafficForML_CICFlowMeter_30s_state.csv,TRAIN,2018-02-22 01:40:30,0,0,0
Thursday-22-02-2018_TrafficForML_CICFlowMeter_30s_state.csv,TRAIN,2018-02-22 01:41:00,0,0,0
Thursday-22-02-2018_TrafficForML_CICFlowMeter_30s_state.csv,TRAIN,2018-02-22 01:41:30,0,0,0
Thursday-22-02-2018_TrafficForML_CICFlowMeter_30s_state.csv,TRAIN,2018-02-22 01:42:00,0,0,0
Thursday-22-02-2018_TrafficForML_CICFlowMeter_30s_state.csv,TRAIN,2018-02-22 01:42:30,0,0,0
Thursday-22-02-2018_TrafficForML_CICFlowMeter_30s_state.csv,TRAIN,2018-02-22 01:43:00,0,0,0
Thursday-22-02-2018_TrafficForML_CICFlowMeter_30s_state.csv,TRAIN,2018-02-22 01:43:30,0,0,0
Thursday-22-02-2018_TrafficForML_CICFlowMeter_30s_state.csv,TRAIN,2018-02-22 01:44:00,0,0,0
Thursday-22-02-2018_TrafficForML_CICFlowMeter_30s_state.csv,TRAIN,2018-02-22 01:44:30,0,0,0
Thursday-22-02-2018_TrafficForML_CICFlowMeter_30s_state.csv,TRAIN,2018-02-22 01:45:00,0,0,0
Thursday-22-02-2018_TrafficForML_CICFlowMeter_30s_state.csv,TRAIN,2018-02-22 01:45:30,0,0,0
Thursday-22-02-2018_TrafficForML_CICFlowMeter_30s_state.csv,TRAIN,2018-02-22 01:46:00,0,0,0
Thursday-22-02-2018_TrafficForML_CICFlowMeter_30s_state.csv,TRAIN,2018-02-22 01:46:30,0,0,0
Thursday-22-02-2018_TrafficForML_CICFlowMeter_30s_state.csv,TRAIN,2018-02-22 01:47:00,0,0,0
Thursday-22-02-2018_TrafficForML_CICFlowMeter_30s_state.csv,TRAIN,2018-02-22 01:47:30,0,0,0
Thursday-22-02-2018_TrafficForML_CICFlowMeter_30s_state.csv,TRAIN,2018-02-22 01:48:00,0,0,0
Thursday-22-02-2018_TrafficForML_CICFlowMeter_30s_state.csv,TRAIN,2018-02-22 01:48:30,0,0,0
Thursday-22-02-2018_TrafficForML_CICFlowMeter_30s_state.csv,TRAIN,2018-02-22 01:49:00,0,0,0
Thursday-22-02-2018_TrafficForML_CICFlowMeter_30s_state.csv,TRAIN,2018-02-22 01:49:30,0,0,0
Thursday-22-02-2018_TrafficForML_CICFlowMeter_30s_state.csv,TRAIN,2018-02-22 01:50:00,0,0,0
Thursday-22-02-2018_TrafficForML_CICFlowMeter_30s_state.csv,TRAIN,2018-02-22 01:50:30,0,0,0
Thursday-22-02-2018_TrafficForML_CICFlowMeter_30s_state.csv,TRAIN,2018-02-22 01:51:00,0,0,0
Thursday-22-02-2018_TrafficForML_CICFlowMeter_30s_state.csv,TRAIN,2018-02-22 01:51:30,0,1,0
Thursday-22-02-2018_TrafficForML_CICFlowMeter_30s_state.csv,TRAIN,2018-02-22 01:52:00,1,0,1
Thursday-22-02-2018_TrafficForML_CICFlowMeter_30s_state.csv,TRAIN,2018-02-22 01:52:30,0,1,0
Thursday-22-02-2018_TrafficForML_CICFlowMeter_30s_state.csv,TRAIN,2018-02-22 01:53:00,1,1,1
Thursday-22-02-2018_TrafficForML_CICFlowMeter_30s_state.csv,TRAIN,2018-02-22 01:53:30,1,1,1
Thursday-22-02-2018_TrafficForML_CICFlowMeter_30s_state.csv,TRAIN,2018-02-22 01:54:00,1,1,1
Thursday-22-02-2018_TrafficForML_CICFlowMeter_30s_state.csv,TRAIN,2018-02-22 01:54:30,1,0,1
Thursday-22-02-2018_TrafficForML_CICFlowMeter_30s_state.csv,TRAIN,2018-02-22 01:55:00,0,1,0
Thursday-22-02-2018_TrafficForML_CICFlowMeter_30s_state.csv,TRAIN,2018-02-22 01:55:30,1,0,1
Thursday-22-02-2018_TrafficForML_CICFlowMeter_30s_state.csv,TRAIN,2018-02-22 01:56:00,0,1,0
Thursday-22-02-2018_TrafficForML_CICFlowMeter_30s_state.csv,TRAIN,2018-02-22 01:56:30,1,0,1
Thursday-22-02-2018_TrafficForML_CICFlowMeter_30s_state.csv,TRAIN,2018-02-22 01:57:00,0,1,0
Thursday-22-02-2018_TrafficForML_CICFlowMeter_30s_state.csv,TRAIN,2018-02-22 01:57:30,1,0,1
Thursday-22-02-2018_TrafficForML_CICFlowMeter_30s_state.csv,TRAIN,2018-02-22 01:58:00,0,1,0
Thursday-22-02-2018_TrafficForML_CICFlowMeter_30s_state.csv,TRAIN,2018-02-22 01:58:30,1,0,1
Thursday-22-02-2018_TrafficForML_CICFlowMeter_30s_state.csv,TRAIN,2018-02-22 01:59:00,0,1,0
Thursday-22-02-2018_TrafficForML_CICFlowMeter_30s_state.csv,TRAIN,2018-02-22 01:59:30,1,0,1
Thursday-22-02-2018_TrafficForML_CICFlowMeter_30s_state.csv,TRAIN,2018-02-22 02:00:00,0,1,0
Thursday-22-02-2018_TrafficForML_CICFlowMeter_30s_state.csv,TRAIN,2018-02-22 02:00:30,1,0,1
Thursday-22-02-2018_TrafficForML_CICFlowMeter_30s_state.csv,TRAIN,2018-02-22 02:01:00,0,1,0
Thursday-22-02-2018_TrafficForML_CICFlowMeter_30s_state.csv,TRAIN,2018-02-22 02:01:30,1,1,1
Thursday-22-02-2018_TrafficForML_CICFlowMeter_30s_state.csv,TRAIN,2018-02-22 02:02:00,1,0,1
Thursday-22-02-2018_TrafficForML_CICFlowMeter_30s_state.csv,TRAIN,2018-02-22 02:02:30,0,1,0
Thursday-22-02-2018_TrafficForML_CICFlowMeter_30s_state.csv,TRAIN,2018-02-22 02:03:00,1,0,1
Thursday-22-02-2018_TrafficForML_CICFlowMeter_30s_state.csv,TRAIN,2018-02-22 02:03:30,0,1,0
Thursday-22-02-2018_TrafficForML_CICFlowMeter_30s_state.csv,TRAIN,2018-02-22 02:04:00,1,0,1
Thursday-22-02-2018_TrafficForML_CICFlowMeter_30s_state.csv,TRAIN,2018-02-22 02:04:30,0,1,0
Thursday-22-02-2018_TrafficForML_CICFlowMeter_30s_state.csv,TRAIN,2018-02-22 02:05:00,1,0,1
Thursday-22-02-2018_TrafficForML_CICFlowMeter_30s_state.csv,TRAIN,2018-02-22 02:05:30,0,1,0
Thursday-22-02-2018_TrafficForML_CICFlowMeter_30s_state.csv,TRAIN,2018-02-22 02:06:00,1,0,1
Thursday-22-02-2018_TrafficForML_CICFlowMeter_30s_state.csv,TRAIN,2018-02-22 02:06:30,0,1,0
Thursday-22-02-2018_TrafficForML_CICFlowMeter_30s_state.csv,TRAIN,2018-02-22 02:07:00,1,0,1
Thursday-22-02-2018_TrafficForML_CICFlowMeter_30s_state.csv,TRAIN,2018-02-22 02:07:30,0,1,0
Thursday-22-02-2018_TrafficForML_CICFlowMeter_30s_state.csv,TRAIN,2018-02-22 02:08:00,1,0,1
Thursday-22-02-2018_TrafficForML_CICFlowMeter_30s_state.csv,TRAIN,2018-02-22 02:08:30,0,1,0
Thursday-22-02-2018_TrafficForML_CICFlowMeter_30s_state.csv,TRAIN,2018-02-22 02:09:00,1,0,1
Thursday-22-02-2018_TrafficForML_CICFlowMeter_30s_state.csv,TRAIN,2018-02-22 02:09:30,0,1,0
Thursday-22-02-2018_TrafficForML_CICFlowMeter_30s_state.csv,TRAIN,2018-02-22 02:10:00,1,0,1
Thursday-22-02-2018_TrafficForML_CICFlowMeter_30s_state.csv,TRAIN,2018-02-22 02:10:30,0,1,0
Thursday-22-02-2018_TrafficForML_CICFlowMeter_30s_state.csv,TRAIN,2018-02-22 02:11:00,1,0,1
Thursday-22-02-2018_TrafficForML_CICFlowMeter_30s_state.csv,TRAIN,2018-02-22 02:11:30,0,1,0
Thursday-22-02-2018_TrafficForML_CICFlowMeter_30s_state.csv,TRAIN,2018-02-22 02:12:00,1,0,1
Thursday-22-02-2018_TrafficForML_CICFlowMeter_30s_state.csv,TRAIN,2018-02-22 02:12:30,0,1,0
Thursday-22-02-2018_TrafficForML_CICFlowMeter_30s_state.csv,TRAIN,2018-02-22 02:13:00,1,0,1
Thursday-22-02-2018_TrafficForML_CICFlowMeter_30s_state.csv,TRAIN,2018-02-22 02:13:30,0,1,0
Thursday-22-02-2018_TrafficForML_CICFlowMeter_30s_state.csv,TRAIN,2018-02-22 02:14:00,1,0,1
Thursday-22-02-2018_TrafficForML_CICFlowMeter_30s_state.csv,TRAIN,2018-02-22 02:14:30,0,1,0
Thursday-22-02-2018_TrafficForML_CICFlowMeter_30s_state.csv,TRAIN,2018-02-22 02:15:00,1,0,1
Thursday-22-02-2018_TrafficForML_CICFlowMeter_30s_state.csv,TRAIN,2018-02-22 02:15:30,0,1,0
Thursday-22-02-2018_TrafficForML_CICFlowMeter_30s_state.csv,TRAIN,2018-02-22 02:16:00,1,0,1
Thursday-22-02-2018_TrafficForML_CICFlowMeter_30s_state.csv,TRAIN,2018-02-22 02:16:30,0,1,0
Thursday-22-02-2018_TrafficForML_CICFlowMeter_30s_state.csv,TRAIN,2018-02-22 02:17:00,1,0,1
Thursday-22-02-2018_TrafficForML_CICFlowMeter_30s_state.csv,TRAIN,2018-02-22 02:17:30,0,1,0
Thursday-22-02-2018_TrafficForML_CICFlowMeter_30s_state.csv,TRAIN,2018-02-22 02:18:00,1,0,1
Thursday-22-02-2018_TrafficForML_CICFlowMeter_30s_state.csv,TRAIN,2018-02-22 02:18:30,0,1,0
Thursday-22-02-2018_TrafficForML_CICFlowMeter_30s_state.csv,TRAIN,2018-02-22 02:19:00,1,0,1
Thursday-22-02-2018_TrafficForML_CICFlowMeter_30s_state.csv,TRAIN,2018-02-22 02:19:30,0,1,0
Thursday-22-02-2018_TrafficForML_CICFlowMeter_30s_state.csv,TRAIN,2018-02-22 02:20:00,1,0,1
Thursday-22-02-2018_TrafficForML_CICFlowMeter_30s_state.csv,TRAIN,2018-02-22 02:20:30,0,1,0
Thursday-22-02-2018_TrafficForML_CICFlowMeter_30s_state.csv,TRAIN,2018-02-22 02:21:00,1,0,1
Thursday-22-02-2018_TrafficForML_CICFlowMeter_30s_state.csv,TRAIN,2018-02-22 02:21:30,0,1,0
Thursday-22-02-2018_TrafficForML_CICFlowMeter_30s_state.csv,TRAIN,2018-02-22 02:22:00,1,0,1
Thursday-22-02-2018_TrafficForML_CICFlowMeter_30s_state.csv,TRAIN,2018-02-22 02:22:30,0,1,0
Thursday-22-02-2018_TrafficForML_CICFlowMeter_30s_state.csv,TRAIN,2018-02-22 02:23:00,1,0,1
Thursday-22-02-2018_TrafficForML_CICFlowMeter_30s_state.csv,TRAIN,2018-02-22 02:23:30,0,1,0
Thursday-22-02-2018_TrafficForML_CICFlowMeter_30s_state.csv,TRAIN,2018-02-22 02:24:00,1,0,1
Thursday-22-02-2018_TrafficForML_CICFlowMeter_30s_state.csv,TRAIN,2018-02-22 02:24:30,0,1,0
Thursday-22-02-2018_TrafficForML_CICFlowMeter_30s_state.csv,TRAIN,2018-02-22 02:25:00,1,0,1
Thursday-22-02-2018_TrafficForML_CICFlowMeter_30s_state.csv,TRAIN,2018-02-22 02:25:30,0,1,0
Thursday-22-02-2018_TrafficForML_CICFlowMeter_30s_state.csv,TRAIN,2018-02-22 02:26:00,1,0,1
Thursday-22-02-2018_TrafficForML_CICFlowMeter_30s_state.csv,TRAIN,2018-02-22 02:26:30,0,1,0
Thursday-22-02-2018_TrafficForML_CICFlowMeter_30s_state.csv,TRAIN,2018-02-22 02:27:00,1,0,1
Thursday-22-02-2018_TrafficForML_CICFlowMeter_30s_state.csv,TRAIN,2018-02-22 02:27:30,0,1,0
Thursday-22-02-2018_TrafficForML_CICFlowMeter_30s_state.csv,TRAIN,2018-02-22 02:28:00,1,0,1
Thursday-22-02-2018_TrafficForML_CICFlowMeter_30s_state.csv,TRAIN,2018-02-22 02:28:30,0,1,0
Thursday-22-02-2018_TrafficForML_CICFlowMeter_30s_state.csv,TRAIN,2018-02-22 02:29:00,1,0,1
Thursday-22-02-2018_TrafficForML_CICFlowMeter_30s_state.csv,TRAIN,2018-02-22 02:29:30,0,0,0
Thursday-22-02-2018_TrafficForML_CICFlowMeter_30s_state.csv,TRAIN,2018-02-22 02:30:00,0,0,0
Thursday-22-02-2018_TrafficForML_CICFlowMeter_30s_state.csv,TRAIN,2018-02-22 02:30:30,0,0,0
Thursday-22-02-2018_TrafficForML_CICFlowMeter_30s_state.csv,TRAIN,2018-02-22 02:31:00,0,0,0
Thursday-22-02-2018_TrafficForML_CICFlowMeter_30s_state.csv,TRAIN,2018-02-22 02:31:30,0,0,0
Thursday-22-02-2018_TrafficForML_CICFlowMeter_30s_state.csv,TRAIN,2018-02-22 02:32:00,0,0,0
Thursday-22-02-2018_TrafficForML_CICFlowMeter_30s_state.csv,TRAIN,2018-02-22 02:32:30,0,0,0
Thursday-22-02-2018_TrafficForML_CICFlowMeter_30s_state.csv,TRAIN,2018-02-22 02:33:00,0,0,0
Thursday-22-02-2018_TrafficForML_CICFlowMeter_30s_state.csv,TRAIN,2018-02-22 02:33:30,0,0,0
Thursday-22-02-2018_TrafficForML_CICFlowMeter_30s_state.csv,TRAIN,2018-02-22 02:34:00,0,0,0
Thursday-22-02-2018_TrafficForML_CICFlowMeter_30s_state.csv,TRAIN,2018-02-22 02:34:30,0,0,0
Thursday-22-02-2018_TrafficForML_CICFlowMeter_30s_state.csv,TRAIN,2018-02-22 02:35:00,0,0,0
Thursday-22-02-2018_TrafficForML_CICFlowMeter_30s_state.csv,TRAIN,2018-02-22 02:35:30,0,0,0
Thursday-22-02-2018_TrafficForML_CICFlowMeter_30s_state.csv,TRAIN,2018-02-22 02:36:00,0,0,0
Thursday-22-02-2018_TrafficForML_CICFlowMeter_30s_state.csv,TRAIN,2018-02-22 02:36:30,0,0,0
Thursday-22-02-2018_TrafficForML_CICFlowMeter_30s_state.csv,TRAIN,2018-02-22 02:37:00,0,0,0
Thursday-22-02-2018_TrafficForML_CICFlowMeter_30s_state.csv,TRAIN,2018-02-22 02:37:30,0,0,0
Thursday-22-02-2018_TrafficForML_CICFlowMeter_30s_state.csv,TRAIN,2018-02-22 02:38:00,0,0,0
Thursday-22-02-2018_TrafficForML_CICFlowMeter_30s_state.csv,TRAIN,2018-02-22 02:38:30,0,0,0
Thursday-22-02-2018_TrafficForML_CICFlowMeter_30s_state.csv,TRAIN,2018-02-22 02:39:00,0,0,0
Thursday-22-02-2018_TrafficForML_CICFlowMeter_30s_state.csv,TRAIN,2018-02-22 02:39:30,0,0,0
Thursday-22-02-2018_TrafficForML_CICFlowMeter_30s_state.csv,TRAIN,2018-02-22 02:40:00,0,0,0
Thursday-22-02-2018_TrafficForML_CICFlowMeter_30s_state.csv,TRAIN,2018-02-22 02:40:30,0,0,0
Thursday-22-02-2018_TrafficForML_CICFlowMeter_30s_state.csv,TRAIN,2018-02-22 02:41:00,0,0,0
Thursday-22-02-2018_TrafficForML_CICFlowMeter_30s_state.csv,TRAIN,2018-02-22 02:41:30,0,0,0
Thursday-22-02-2018_TrafficForML_CICFlowMeter_30s_state.csv,TRAIN,2018-02-22 02:42:00,0,0,0
Thursday-22-02-2018_TrafficForML_CICFlowMeter_30s_state.csv,TRAIN,2018-02-22 02:42:30,0,0,0
Thursday-22-02-2018_TrafficForML_CICFlowMeter_30s_state.csv,TRAIN,2018-02-22 02:43:00,0,0,0
Thursday-22-02-2018_TrafficForML_CICFlowMeter_30s_state.csv,TRAIN,2018-02-22 02:43:30,0,0,0
Thursday-22-02-2018_TrafficForML_CICFlowMeter_30s_state.csv,TRAIN,2018-02-22 02:44:00,0,0,0
Thursday-22-02-2018_TrafficForML_CICFlowMeter_30s_state.csv,TRAIN,2018-02-22 02:44:30,0,0,0
Thursday-22-02-2018_TrafficForML_CICFlowMeter_30s_state.csv,TRAIN,2018-02-22 02:45:00,0,0,0
Thursday-22-02-2018_TrafficForML_CICFlowMeter_30s_state.csv,TRAIN,2018-02-22 02:45:30,0,0,0
Thursday-22-02-2018_TrafficForML_CICFlowMeter_30s_state.csv,TRAIN,2018-02-22 02:46:00,0,0,0
Thursday-22-02-2018_TrafficForML_CICFlowMeter_30s_state.csv,TRAIN,2018-02-22 02:46:30,0,0,0
Thursday-22-02-2018_TrafficForML_CICFlowMeter_30s_state.csv,TRAIN,2018-02-22 02:47:00,0,0,0
Thursday-22-02-2018_TrafficForML_CICFlowMeter_30s_state.csv,TRAIN,2018-02-22 02:47:30,0,0,0
Thursday-22-02-2018_TrafficForML_CICFlowMeter_30s_state.csv,TRAIN,2018-02-22 02:48:00,0,0,0
Thursday-22-02-2018_TrafficForML_CICFlowMeter_30s_state.csv,TRAIN,2018-02-22 02:48:30,0,0,0
Thursday-22-02-2018_TrafficForML_CICFlowMeter_30s_state.csv,TRAIN,2018-02-22 02:49:00,0,0,0
Thursday-22-02-2018_TrafficForML_CICFlowMeter_30s_state.csv,TRAIN,2018-02-22 02:49:30,0,0,0
Thursday-22-02-2018_TrafficForML_CICFlowMeter_30s_state.csv,TRAIN,2018-02-22 02:50:00,0,0,0
Thursday-22-02-2018_TrafficForML_CICFlowMeter_30s_state.csv,TRAIN,2018-02-22 02:50:30,0,0,0
Thursday-22-02-2018_TrafficForML_CICFlowMeter_30s_state.csv,TRAIN,2018-02-22 02:51:00,0,0,0
Thursday-22-02-2018_TrafficForML_CICFlowMeter_30s_state.csv,TRAIN,2018-02-22 02:51:30,0,0,0
Thursday-22-02-2018_TrafficForML_CICFlowMeter_30s_state.csv,TRAIN,2018-02-22 02:52:00,0,0,0
Thursday-22-02-2018_TrafficForML_CICFlowMeter_30s_state.csv,TRAIN,2018-02-22 02:52:30,0,0,0
Thursday-22-02-2018_TrafficForML_CICFlowMeter_30s_state.csv,TRAIN,2018-02-22 02:53:00,0,0,0
Thursday-22-02-2018_TrafficForML_CICFlowMeter_30s_state.csv,TRAIN,2018-02-22 02:53:30,0,0,0
Thursday-22-02-2018_TrafficForML_CICFlowMeter_30s_state.csv,TRAIN,2018-02-22 02:54:00,0,0,0
Thursday-22-02-2018_TrafficForML_CICFlowMeter_30s_state.csv,TRAIN,2018-02-22 02:54:30,0,0,0
Thursday-22-02-2018_TrafficForML_CICFlowMeter_30s_state.csv,TRAIN,2018-02-22 02:55:00,0,0,0
Thursday-22-02-2018_TrafficForML_CICFlowMeter_30s_state.csv,TRAIN,2018-02-22 02:55:30,0,0,0
Thursday-22-02-2018_TrafficForML_CICFlowMeter_30s_state.csv,TRAIN,2018-02-22 02:56:00,0,0,0
Thursday-22-02-2018_TrafficForML_CICFlowMeter_30s_state.csv,TRAIN,2018-02-22 02:56:30,0,0,0
Thursday-22-02-2018_TrafficForML_CICFlowMeter_30s_state.csv,TRAIN,2018-02-22 02:57:00,0,0,0
Thursday-22-02-2018_TrafficForML_CICFlowMeter_30s_state.csv,TRAIN,2018-02-22 02:57:30,0,0,0
Thursday-22-02-2018_TrafficForML_CICFlowMeter_30s_state.csv,TRAIN,2018-02-22 02:58:00,0,0,0
Thursday-22-02-2018_TrafficForML_CICFlowMeter_30s_state.csv,TRAIN,2018-02-22 02:58:30,0,0,0
Thursday-22-02-2018_TrafficForML_CICFlowMeter_30s_state.csv,TRAIN,2018-02-22 02:59:00,0,0,0
Thursday-22-02-2018_TrafficForML_CICFlowMeter_30s_state.csv,TRAIN,2018-02-22 02:59:30,0,0,0
Thursday-22-02-2018_TrafficForML_CICFlowMeter_30s_state.csv,TRAIN,2018-02-22 03:00:00,0,0,0
Thursday-22-02-2018_TrafficForML_CICFlowMeter_30s_state.csv,TRAIN,2018-02-22 03:00:30,0,0,0
Thursday-22-02-2018_TrafficForML_CICFlowMeter_30s_state.csv,TRAIN,2018-02-22 03:01:00,0,0,0
Thursday-22-02-2018_TrafficForML_CICFlowMeter_30s_state.csv,TRAIN,2018-02-22 03:01:30,0,0,0
Thursday-22-02-2018_TrafficForML_CICFlowMeter_30s_state.csv,TRAIN,2018-02-22 03:02:00,0,0,0
Thursday-22-02-2018_TrafficForML_CICFlowMeter_30s_state.csv,TRAIN,2018-02-22 03:02:30,0,0,0
Thursday-22-02-2018_TrafficForML_CICFlowMeter_30s_state.csv,TRAIN,2018-02-22 03:03:00,0,0,0
Thursday-22-02-2018_TrafficForML_CICFlowMeter_30s_state.csv,TRAIN,2018-02-22 03:03:30,0,0,0
Thursday-22-02-2018_TrafficForML_CICFlowMeter_30s_state.csv,TRAIN,2018-02-22 03:04:00,0,0,0
Thursday-22-02-2018_TrafficForML_CICFlowMeter_30s_state.csv,TRAIN,2018-02-22 03:04:30,0,0,0
Thursday-22-02-2018_TrafficForML_CICFlowMeter_30s_state.csv,TRAIN,2018-02-22 03:05:00,0,0,0
Thursday-22-02-2018_TrafficForML_CICFlowMeter_30s_state.csv,TRAIN,2018-02-22 03:05:30,0,0,0
Thursday-22-02-2018_TrafficForML_CICFlowMeter_30s_state.csv,TRAIN,2018-02-22 03:06:00,0,0,0
Thursday-22-02-2018_TrafficForML_CICFlowMeter_30s_state.csv,TRAIN,2018-02-22 03:06:30,0,0,0
Thursday-22-02-2018_TrafficForML_CICFlowMeter_30s_state.csv,TRAIN,2018-02-22 03:07:00,0,0,0
Thursday-22-02-2018_TrafficForML_CICFlowMeter_30s_state.csv,TRAIN,2018-02-22 03:07:30,0,0,0
Thursday-22-02-2018_TrafficForML_CICFlowMeter_30s_state.csv,TRAIN,2018-02-22 03:08:00,0,0,0
Thursday-22-02-2018_TrafficForML_CICFlowMeter_30s_state.csv,TRAIN,2018-02-22 03:08:30,0,0,0
Thursday-22-02-2018_TrafficForML_CICFlowMeter_30s_state.csv,TRAIN,2018-02-22 03:09:00,0,0,0
Thursday-22-02-2018_TrafficForML_CICFlowMeter_30s_state.csv,TRAIN,2018-02-22 03:09:30,0,0,0
Thursday-22-02-2018_TrafficForML_CICFlowMeter_30s_state.csv,TRAIN,2018-02-22 03:10:00,0,0,0
Thursday-22-02-2018_TrafficForML_CICFlowMeter_30s_state.csv,TRAIN,2018-02-22 03:10:30,0,0,0
Thursday-22-02-2018_TrafficForML_CICFlowMeter_30s_state.csv,TRAIN,2018-02-22 03:11:00,0,0,0
Thursday-22-02-2018_TrafficForML_CICFlowMeter_30s_state.csv,TRAIN,2018-02-22 03:11:30,0,0,0
Thursday-22-02-2018_TrafficForML_CICFlowMeter_30s_state.csv,TRAIN,2018-02-22 03:12:00,0,0,0
Thursday-22-02-2018_TrafficForML_CICFlowMeter_30s_state.csv,TRAIN,2018-02-22 03:12:30,0,0,0
Thursday-22-02-2018_TrafficForML_CICFlowMeter_30s_state.csv,TRAIN,2018-02-22 03:13:00,0,0,0
Thursday-22-02-2018_TrafficForML_CICFlowMeter_30s_state.csv,TRAIN,2018-02-22 03:13:30,0,0,0
Thursday-22-02-2018_TrafficForML_CICFlowMeter_30s_state.csv,TRAIN,2018-02-22 03:14:00,0,0,0
Thursday-22-02-2018_TrafficForML_CICFlowMeter_30s_state.csv,TRAIN,2018-02-22 03:14:30,0,0,0
Thursday-22-02-2018_TrafficForML_CICFlowMeter_30s_state.csv,TRAIN,2018-02-22 03:15:00,0,0,0
Thursday-22-02-2018_TrafficForML_CICFlowMeter_30s_state.csv,TRAIN,2018-02-22 03:15:30,0,0,0
Thursday-22-02-2018_TrafficForML_CICFlowMeter_30s_state.csv,TRAIN,2018-02-22 03:16:00,0,0,0
Thursday-22-02-2018_TrafficForML_CICFlowMeter_30s_state.csv,TRAIN,2018-02-22 03:16:30,0,0,0
Thursday-22-02-2018_TrafficForML_CICFlowMeter_30s_state.csv,TRAIN,2018-02-22 03:17:00,0,0,0
Thursday-22-02-2018_TrafficForML_CICFlowMeter_30s_state.csv,TRAIN,2018-02-22 03:17:30,0,0,0
Thursday-22-02-2018_TrafficForML_CICFlowMeter_30s_state.csv,TRAIN,2018-02-22 03:18:00,0,0,0
Thursday-22-02-2018_TrafficForML_CICFlowMeter_30s_state.csv,TRAIN,2018-02-22 03:18:30,0,0,0
Thursday-22-02-2018_TrafficForML_CICFlowMeter_30s_state.csv,TRAIN,2018-02-22 03:19:00,0,0,0
Thursday-22-02-2018_TrafficForML_CICFlowMeter_30s_state.csv,TRAIN,2018-02-22 03:19:30,0,0,0
Thursday-22-02-2018_TrafficForML_CICFlowMeter_30s_state.csv,TRAIN,2018-02-22 03:20:00,0,0,0
Thursday-22-02-2018_TrafficForML_CICFlowMeter_30s_state.csv,TRAIN,2018-02-22 03:20:30,0,0,0
Thursday-22-02-2018_TrafficForML_CICFlowMeter_30s_state.csv,TRAIN,2018-02-22 03:21:00,0,0,0
Thursday-22-02-2018_TrafficForML_CICFlowMeter_30s_state.csv,TRAIN,2018-02-22 03:21:30,0,0,0
Thursday-22-02-2018_TrafficForML_CICFlowMeter_30s_state.csv,TRAIN,2018-02-22 03:22:00,0,0,0
Thursday-22-02-2018_TrafficForML_CICFlowMeter_30s_state.csv,TRAIN,2018-02-22 03:22:30,0,0,0
Thursday-22-02-2018_TrafficForML_CICFlowMeter_30s_state.csv,TRAIN,2018-02-22 03:23:00,0,0,0
Thursday-22-02-2018_TrafficForML_CICFlowMeter_30s_state.csv,TRAIN,2018-02-22 03:23:30,0,0,0
Thursday-22-02-2018_TrafficForML_CICFlowMeter_30s_state.csv,TRAIN,2018-02-22 03:24:00,0,0,0
Thursday-22-02-2018_TrafficForML_CICFlowMeter_30s_state.csv,TRAIN,2018-02-22 03:24:30,0,0,0
Thursday-22-02-2018_TrafficForML_CICFlowMeter_30s_state.csv,TRAIN,2018-02-22 03:25:00,0,0,0
Thursday-22-02-2018_TrafficForML_CICFlowMeter_30s_state.csv,TRAIN,2018-02-22 03:25:30,0,0,0
Thursday-22-02-2018_TrafficForML_CICFlowMeter_30s_state.csv,TRAIN,2018-02-22 03:26:00,0,0,0
Thursday-22-02-2018_TrafficForML_CICFlowMeter_30s_state.csv,TRAIN,2018-02-22 03:26:30,0,0,0
Thursday-22-02-2018_TrafficForML_CICFlowMeter_30s_state.csv,TRAIN,2018-02-22 03:27:00,0,0,0
Thursday-22-02-2018_TrafficForML_CICFlowMeter_30s_state.csv,TRAIN,2018-02-22 03:27:30,0,0,0
Thursday-22-02-2018_TrafficForML_CICFlowMeter_30s_state.csv,TRAIN,2018-02-22 03:28:00,0,0,0
Thursday-22-02-2018_TrafficForML_CICFlowMeter_30s_state.csv,TRAIN,2018-02-22 03:28:30,0,0,0
Thursday-22-02-2018_TrafficForML_CICFlowMeter_30s_state.csv,TRAIN,2018-02-22 03:29:00,0,0,0
Thursday-22-02-2018_TrafficForML_CICFlowMeter_30s_state.csv,TRAIN,2018-02-22 03:29:30,0,0,0
Thursday-22-02-2018_TrafficForML_CICFlowMeter_30s_state.csv,TRAIN,2018-02-22 03:30:00,0,0,0
Thursday-22-02-2018_TrafficForML_CICFlowMeter_30s_state.csv,TRAIN,2018-02-22 03:30:30,0,0,0
Thursday-22-02-2018_TrafficForML_CICFlowMeter_30s_state.csv,TRAIN,2018-02-22 03:31:00,0,0,0
Thursday-22-02-2018_TrafficForML_CICFlowMeter_30s_state.csv,TRAIN,2018-02-22 03:31:30,0,0,0
Thursday-22-02-2018_TrafficForML_CICFlowMeter_30s_state.csv,TRAIN,2018-02-22 03:32:00,0,0,0
Thursday-22-02-2018_TrafficForML_CICFlowMeter_30s_state.csv,TRAIN,2018-02-22 03:32:30,0,0,0
Thursday-22-02-2018_TrafficForML_CICFlowMeter_30s_state.csv,TRAIN,2018-02-22 03:33:00,0,0,0
Thursday-22-02-2018_TrafficForML_CICFlowMeter_30s_state.csv,TRAIN,2018-02-22 03:33:30,0,0,0
Thursday-22-02-2018_TrafficForML_CICFlowMeter_30s_state.csv,TRAIN,2018-02-22 03:34:00,0,0,0
Thursday-22-02-2018_TrafficForML_CICFlowMeter_30s_state.csv,TRAIN,2018-02-22 03:34:30,0,0,0
Thursday-22-02-2018_TrafficForML_CICFlowMeter_30s_state.csv,TRAIN,2018-02-22 03:35:00,0,0,0
Thursday-22-02-2018_TrafficForML_CICFlowMeter_30s_state.csv,TRAIN,2018-02-22 03:35:30,0,0,0
Thursday-22-02-2018_TrafficForML_CICFlowMeter_30s_state.csv,TRAIN,2018-02-22 03:36:00,0,0,0
Thursday-22-02-2018_TrafficForML_CICFlowMeter_30s_state.csv,TRAIN,2018-02-22 03:36:30,0,0,0
Thursday-22-02-2018_TrafficForML_CICFlowMeter_30s_state.csv,TRAIN,2018-02-22 03:37:00,0,0,0
Thursday-22-02-2018_TrafficForML_CICFlowMeter_30s_state.csv,TRAIN,2018-02-22 03:37:30,0,0,0
Thursday-22-02-2018_TrafficForML_CICFlowMeter_30s_state.csv,TRAIN,2018-02-22 03:38:00,0,0,0
Thursday-22-02-2018_TrafficForML_CICFlowMeter_30s_state.csv,TRAIN,2018-02-22 03:38:30,0,0,0
Thursday-22-02-2018_TrafficForML_CICFlowMeter_30s_state.csv,TRAIN,2018-02-22 03:39:00,0,0,0
Thursday-22-02-2018_TrafficForML_CICFlowMeter_30s_state.csv,TRAIN,2018-02-22 03:39:30,0,0,0
Thursday-22-02-2018_TrafficForML_CICFlowMeter_30s_state.csv,TRAIN,2018-02-22 03:40:00,0,0,0
Thursday-22-02-2018_TrafficForML_CICFlowMeter_30s_state.csv,TRAIN,2018-02-22 03:40:30,0,0,0
Thursday-22-02-2018_TrafficForML_CICFlowMeter_30s_state.csv,TRAIN,2018-02-22 03:41:00,0,0,0
Thursday-22-02-2018_TrafficForML_CICFlowMeter_30s_state.csv,TRAIN,2018-02-22 03:41:30,0,0,0
Thursday-22-02-2018_TrafficForML_CICFlowMeter_30s_state.csv,TRAIN,2018-02-22 03:42:00,0,0,0
Thursday-22-02-2018_TrafficForML_CICFlowMeter_30s_state.csv,TRAIN,2018-02-22 03:42:30,0,0,0
Thursday-22-02-2018_TrafficForML_CICFlowMeter_30s_state.csv,TRAIN,2018-02-22 03:43:00,0,0,0
Thursday-22-02-2018_TrafficForML_CICFlowMeter_30s_state.csv,TRAIN,2018-02-22 03:43:30,0,0,0
Thursday-22-02-2018_TrafficForML_CICFlowMeter_30s_state.csv,TRAIN,2018-02-22 03:44:00,0,0,0
Thursday-22-02-2018_TrafficForML_CICFlowMeter_30s_state.csv,TRAIN,2018-02-22 03:44:30,0,0,0
Thursday-22-02-2018_TrafficForML_CICFlowMeter_30s_state.csv,TRAIN,2018-02-22 03:45:00,0,0,0
Thursday-22-02-2018_TrafficForML_CICFlowMeter_30s_state.csv,TRAIN,2018-02-22 03:45:30,0,0,0
Thursday-22-02-2018_TrafficForML_CICFlowMeter_30s_state.csv,TRAIN,2018-02-22 03:46:00,0,0,0
Thursday-22-02-2018_TrafficForML_CICFlowMeter_30s_state.csv,TRAIN,2018-02-22 03:46:30,0,0,0
Thursday-22-02-2018_TrafficForML_CICFlowMeter_30s_state.csv,TRAIN,2018-02-22 03:47:00,0,0,0
Thursday-22-02-2018_TrafficForML_CICFlowMeter_30s_state.csv,TRAIN,2018-02-22 03:47:30,0,0,0
Thursday-22-02-2018_TrafficForML_CICFlowMeter_30s_state.csv,TRAIN,2018-02-22 03:48:00,0,0,0
Thursday-22-02-2018_TrafficForML_CICFlowMeter_30s_state.csv,TRAIN,2018-02-22 03:48:30,0,0,0
Thursday-22-02-2018_TrafficForML_CICFlowMeter_30s_state.csv,TRAIN,2018-02-22 03:49:00,0,0,0
Thursday-22-02-2018_TrafficForML_CICFlowMeter_30s_state.csv,TRAIN,2018-02-22 03:49:30,0,0,0
Thursday-22-02-2018_TrafficForML_CICFlowMeter_30s_state.csv,TRAIN,2018-02-22 03:50:00,0,0,0
Thursday-22-02-2018_TrafficForML_CICFlowMeter_30s_state.csv,TRAIN,2018-02-22 03:50:30,0,0,0
Thursday-22-02-2018_TrafficForML_CICFlowMeter_30s_state.csv,TRAIN,2018-02-22 03:51:00,0,0,0
Thursday-22-02-2018_TrafficForML_CICFlowMeter_30s_state.csv,TRAIN,2018-02-22 03:51:30,0,0,0
Thursday-22-02-2018_TrafficForML_CICFlowMeter_30s_state.csv,TRAIN,2018-02-22 03:52:00,0,0,0
Thursday-22-02-2018_TrafficForML_CICFlowMeter_30s_state.csv,TRAIN,2018-02-22 03:52:30,0,0,0
Thursday-22-02-2018_TrafficForML_CICFlowMeter_30s_state.csv,TRAIN,2018-02-22 03:53:00,0,0,0
Thursday-22-02-2018_TrafficForML_CICFlowMeter_30s_state.csv,TRAIN,2018-02-22 03:53:30,0,0,0
Thursday-22-02-2018_TrafficForML_CICFlowMeter_30s_state.csv,TRAIN,2018-02-22 03:54:00,0,0,0
Thursday-22-02-2018_TrafficForML_CICFlowMeter_30s_state.csv,TRAIN,2018-02-22 03:54:30,0,0,0
Thursday-22-02-2018_TrafficForML_CICFlowMeter_30s_state.csv,TRAIN,2018-02-22 03:55:00,0,0,0
Thursday-22-02-2018_TrafficForML_CICFlowMeter_30s_state.csv,TRAIN,2018-02-22 03:55:30,0,0,0
Thursday-22-02-2018_TrafficForML_CICFlowMeter_30s_state.csv,TRAIN,2018-02-22 03:56:00,0,0,0
Thursday-22-02-2018_TrafficForML_CICFlowMeter_30s_state.csv,TRAIN,2018-02-22 03:56:30,0,0,0
Thursday-22-02-2018_TrafficForML_CICFlowMeter_30s_state.csv,TRAIN,2018-02-22 03:57:00,0,0,0
Thursday-22-02-2018_TrafficForML_CICFlowMeter_30s_state.csv,TRAIN,2018-02-22 03:57:30,0,0,0
Thursday-22-02-2018_TrafficForML_CICFlowMeter_30s_state.csv,TRAIN,2018-02-22 03:58:00,0,0,0
Thursday-22-02-2018_TrafficForML_CICFlowMeter_30s_state.csv,TRAIN,2018-02-22 03:58:30,0,0,0
Thursday-22-02-2018_TrafficForML_CICFlowMeter_30s_state.csv,TRAIN,2018-02-22 03:59:00,0,0,0
Thursday-22-02-2018_TrafficForML_CICFlowMeter_30s_state.csv,TRAIN,2018-02-22 03:59:30,0,0,0
Thursday-22-02-2018_TrafficForML_CICFlowMeter_30s_state.csv,TRAIN,2018-02-22 04:00:00,0,0,0
Thursday-22-02-2018_TrafficForML_CICFlowMeter_30s_state.csv,TRAIN,2018-02-22 04:00:30,0,0,0
Thursday-22-02-2018_TrafficForML_CICFlowMeter_30s_state.csv,TRAIN,2018-02-22 04:01:00,0,0,0
Thursday-22-02-2018_TrafficForML_CICFlowMeter_30s_state.csv,TRAIN,2018-02-22 04:01:30,0,0,0
Thursday-22-02-2018_TrafficForML_CICFlowMeter_30s_state.csv,TRAIN,2018-02-22 04:02:00,0,0,0
Thursday-22-02-2018_TrafficForML_CICFlowMeter_30s_state.csv,TRAIN,2018-02-22 04:02:30,0,0,0
Thursday-22-02-2018_TrafficForML_CICFlowMeter_30s_state.csv,TRAIN,2018-02-22 04:03:00,0,0,0
Thursday-22-02-2018_TrafficForML_CICFlowMeter_30s_state.csv,TRAIN,2018-02-22 04:03:30,0,0,0
Thursday-22-02-2018_TrafficForML_CICFlowMeter_30s_state.csv,TRAIN,2018-02-22 04:04:00,0,0,0
Thursday-22-02-2018_TrafficForML_CICFlowMeter_30s_state.csv,TRAIN,2018-02-22 04:04:30,0,0,0
Thursday-22-02-2018_TrafficForML_CICFlowMeter_30s_state.csv,TRAIN,2018-02-22 04:05:00,0,0,0
Thursday-22-02-2018_TrafficForML_CICFlowMeter_30s_state.csv,TRAIN,2018-02-22 04:05:30,0,0,0
Thursday-22-02-2018_TrafficForML_CICFlowMeter_30s_state.csv,TRAIN,2018-02-22 04:06:00,0,0,0
Thursday-22-02-2018_TrafficForML_CICFlowMeter_30s_state.csv,TRAIN,2018-02-22 04:06:30,0,0,0
Thursday-22-02-2018_TrafficForML_CICFlowMeter_30s_state.csv,TRAIN,2018-02-22 04:07:00,0,0,0
Thursday-22-02-2018_TrafficForML_CICFlowMeter_30s_state.csv,TRAIN,2018-02-22 04:07:30,0,0,0
Thursday-22-02-2018_TrafficForML_CICFlowMeter_30s_state.csv,TRAIN,2018-02-22 04:08:00,0,0,0
Thursday-22-02-2018_TrafficForML_CICFlowMeter_30s_state.csv,TRAIN,2018-02-22 04:08:30,0,0,0
Thursday-22-02-2018_TrafficForML_CICFlowMeter_30s_state.csv,TRAIN,2018-02-22 04:09:00,0,0,0
Thursday-22-02-2018_TrafficForML_CICFlowMeter_30s_state.csv,TRAIN,2018-02-22 04:09:30,0,0,0
Thursday-22-02-2018_TrafficForML_CICFlowMeter_30s_state.csv,TRAIN,2018-02-22 04:10:00,0,0,0
Thursday-22-02-2018_TrafficForML_CICFlowMeter_30s_state.csv,TRAIN,2018-02-22 04:10:30,0,0,0
Thursday-22-02-2018_TrafficForML_CICFlowMeter_30s_state.csv,TRAIN,2018-02-22 04:11:00,0,0,0
Thursday-22-02-2018_TrafficForML_CICFlowMeter_30s_state.csv,TRAIN,2018-02-22 04:11:30,0,0,0
Thursday-22-02-2018_TrafficForML_CICFlowMeter_30s_state.csv,TRAIN,2018-02-22 04:12:00,0,0,0
Thursday-22-02-2018_TrafficForML_CICFlowMeter_30s_state.csv,TRAIN,2018-02-22 04:12:30,0,0,0
Thursday-22-02-2018_TrafficForML_CICFlowMeter_30s_state.csv,TRAIN,2018-02-22 04:13:00,0,0,0
Thursday-22-02-2018_TrafficForML_CICFlowMeter_30s_state.csv,TRAIN,2018-02-22 04:13:30,0,0,0
Thursday-22-02-2018_TrafficForML_CICFlowMeter_30s_state.csv,TRAIN,2018-02-22 04:14:00,0,0,0
Thursday-22-02-2018_TrafficForML_CICFlowMeter_30s_state.csv,TRAIN,2018-02-22 04:14:30,0,1,0
Thursday-22-02-2018_TrafficForML_CICFlowMeter_30s_state.csv,TRAIN,2018-02-22 04:15:00,1,0,1
Thursday-22-02-2018_TrafficForML_CICFlowMeter_30s_state.csv,TRAIN,2018-02-22 04:15:30,0,0,0
Thursday-22-02-2018_TrafficForML_CICFlowMeter_30s_state.csv,TRAIN,2018-02-22 04:16:00,0,0,0
Thursday-22-02-2018_TrafficForML_CICFlowMeter_30s_state.csv,TRAIN,2018-02-22 04:16:30,0,1,0
Thursday-22-02-2018_TrafficForML_CICFlowMeter_30s_state.csv,TRAIN,2018-02-22 04:17:00,1,1,1
Thursday-22-02-2018_TrafficForML_CICFlowMeter_30s_state.csv,TRAIN,2018-02-22 04:17:30,1,1,1
Thursday-22-02-2018_TrafficForML_CICFlowMeter_30s_state.csv,TRAIN,2018-02-22 04:18:00,1,1,1
Thursday-22-02-2018_TrafficForML_CICFlowMeter_30s_state.csv,TRAIN,2018-02-22 04:18:30,1,1,1
Thursday-22-02-2018_TrafficForML_CICFlowMeter_30s_state.csv,TRAIN,2018-02-22 04:19:00,1,1,1
Thursday-22-02-2018_TrafficForML_CICFlowMeter_30s_state.csv,TRAIN,2018-02-22 04:19:30,1,1,1
Thursday-22-02-2018_TrafficForML_CICFlowMeter_30s_state.csv,TRAIN,2018-02-22 04:20:00,1,1,1
Thursday-22-02-2018_TrafficForML_CICFlowMeter_30s_state.csv,TRAIN,2018-02-22 04:20:30,1,1,1
Thursday-22-02-2018_TrafficForML_CICFlowMeter_30s_state.csv,TRAIN,2018-02-22 04:21:00,1,0,1
Thursday-22-02-2018_TrafficForML_CICFlowMeter_30s_state.csv,TRAIN,2018-02-22 04:21:30,0,0,0
Thursday-22-02-2018_TrafficForML_CICFlowMeter_30s_state.csv,TRAIN,2018-02-22 04:22:00,0,1,0
Thursday-22-02-2018_TrafficForML_CICFlowMeter_30s_state.csv,TRAIN,2018-02-22 04:22:30,1,0,1
Thursday-22-02-2018_TrafficForML_CICFlowMeter_30s_state.csv,TRAIN,2018-02-22 04:23:00,0,0,0
Thursday-22-02-2018_TrafficForML_CICFlowMeter_30s_state.csv,TRAIN,2018-02-22 04:23:30,0,0,0
Thursday-22-02-2018_TrafficForML_CICFlowMeter_30s_state.csv,TRAIN,2018-02-22 04:24:00,0,0,0
Thursday-22-02-2018_TrafficForML_CICFlowMeter_30s_state.csv,TRAIN,2018-02-22 04:24:30,0,1,0
Thursday-22-02-2018_TrafficForML_CICFlowMeter_30s_state.csv,TRAIN,2018-02-22 04:25:00,1,0,1
Thursday-22-02-2018_TrafficForML_CICFlowMeter_30s_state.csv,TRAIN,2018-02-22 04:25:30,0,0,0
Thursday-22-02-2018_TrafficForML_CICFlowMeter_30s_state.csv,TRAIN,2018-02-22 04:26:00,0,0,0
Thursday-22-02-2018_TrafficForML_CICFlowMeter_30s_state.csv,TRAIN,2018-02-22 04:26:30,0,0,0
Thursday-22-02-2018_TrafficForML_CICFlowMeter_30s_state.csv,TRAIN,2018-02-22 04:27:00,0,0,0
Thursday-22-02-2018_TrafficForML_CICFlowMeter_30s_state.csv,TRAIN,2018-02-22 04:27:30,0,1,0
Thursday-22-02-2018_TrafficForML_CICFlowMeter_30s_state.csv,TRAIN,2018-02-22 04:28:00,1,0,1
Thursday-22-02-2018_TrafficForML_CICFlowMeter_30s_state.csv,TRAIN,2018-02-22 04:28:30,0,0,0
Thursday-22-02-2018_TrafficForML_CICFlowMeter_30s_state.csv,TRAIN,2018-02-22 04:29:00,0,0,0
Thursday-22-02-2018_TrafficForML_CICFlowMeter_30s_state.csv,TRAIN,2018-02-22 04:29:30,0,0,0
Thursday-22-02-2018_TrafficForML_CICFlowMeter_30s_state.csv,TRAIN,2018-02-22 04:30:00,0,0,0
Thursday-22-02-2018_TrafficForML_CICFlowMeter_30s_state.csv,TRAIN,2018-02-22 04:30:30,0,0,0
Thursday-22-02-2018_TrafficForML_CICFlowMeter_30s_state.csv,TRAIN,2018-02-22 04:31:00,0,0,0
Thursday-22-02-2018_TrafficForML_CICFlowMeter_30s_state.csv,TRAIN,2018-02-22 04:31:30,0,0,0
Thursday-22-02-2018_TrafficForML_CICFlowMeter_30s_state.csv,TRAIN,2018-02-22 04:32:00,0,0,0
Thursday-22-02-2018_TrafficForML_CICFlowMeter_30s_state.csv,TRAIN,2018-02-22 04:32:30,0,0,0
Thursday-22-02-2018_TrafficForML_CICFlowMeter_30s_state.csv,TRAIN,2018-02-22 04:33:00,0,0,0
Thursday-22-02-2018_TrafficForML_CICFlowMeter_30s_state.csv,TRAIN,2018-02-22 04:33:30,0,0,0
Thursday-22-02-2018_TrafficForML_CICFlowMeter_30s_state.csv,TRAIN,2018-02-22 04:34:00,0,0,0
Thursday-22-02-2018_TrafficForML_CICFlowMeter_30s_state.csv,TRAIN,2018-02-22 04:34:30,0,0,0
Thursday-22-02-2018_TrafficForML_CICFlowMeter_30s_state.csv,TRAIN,2018-02-22 04:35:00,0,0,0
Thursday-22-02-2018_TrafficForML_CICFlowMeter_30s_state.csv,TRAIN,2018-02-22 04:35:30,0,0,0
Thursday-22-02-2018_TrafficForML_CICFlowMeter_30s_state.csv,TRAIN,2018-02-22 04:36:00,0,0,0
Thursday-22-02-2018_TrafficForML_CICFlowMeter_30s_state.csv,TRAIN,2018-02-22 04:36:30,0,0,0
Thursday-22-02-2018_TrafficForML_CICFlowMeter_30s_state.csv,TRAIN,2018-02-22 04:37:00,0,0,0
Thursday-22-02-2018_TrafficForML_CICFlowMeter_30s_state.csv,TRAIN,2018-02-22 04:37:30,0,0,0
Thursday-22-02-2018_TrafficForML_CICFlowMeter_30s_state.csv,TRAIN,2018-02-22 04:38:00,0,0,0
Thursday-22-02-2018_TrafficForML_CICFlowMeter_30s_state.csv,TRAIN,2018-02-22 04:38:30,0,0,0
Thursday-22-02-2018_TrafficForML_CICFlowMeter_30s_state.csv,TRAIN,2018-02-22 04:39:00,0,0,0
Thursday-22-02-2018_TrafficForML_CICFlowMeter_30s_state.csv,TRAIN,2018-02-22 04:39:30,0,0,0
Thursday-22-02-2018_TrafficForML_CICFlowMeter_30s_state.csv,TRAIN,2018-02-22 04:40:00,0,0,0
Thursday-22-02-2018_TrafficForML_CICFlowMeter_30s_state.csv,TRAIN,2018-02-22 04:40:30,0,0,0
Thursday-22-02-2018_TrafficForML_CICFlowMeter_30s_state.csv,TRAIN,2018-02-22 04:41:00,0,0,0
Thursday-22-02-2018_TrafficForML_CICFlowMeter_30s_state.csv,TRAIN,2018-02-22 04:41:30,0,0,0
Thursday-22-02-2018_TrafficForML_CICFlowMeter_30s_state.csv,TRAIN,2018-02-22 04:42:00,0,0,0
Thursday-22-02-2018_TrafficForML_CICFlowMeter_30s_state.csv,TRAIN,2018-02-22 04:42:30,0,0,0
Thursday-22-02-2018_TrafficForML_CICFlowMeter_30s_state.csv,TRAIN,2018-02-22 04:43:00,0,0,0
Thursday-22-02-2018_TrafficForML_CICFlowMeter_30s_state.csv,TRAIN,2018-02-22 04:43:30,0,0,0
Thursday-22-02-2018_TrafficForML_CICFlowMeter_30s_state.csv,TRAIN,2018-02-22 04:44:00,0,0,0
Thursday-22-02-2018_TrafficForML_CICFlowMeter_30s_state.csv,TRAIN,2018-02-22 04:44:30,0,0,0
Thursday-22-02-2018_TrafficForML_CICFlowMeter_30s_state.csv,TRAIN,2018-02-22 04:45:00,0,0,0
Thursday-22-02-2018_TrafficForML_CICFlowMeter_30s_state.csv,TRAIN,2018-02-22 04:45:30,0,0,0
Thursday-22-02-2018_TrafficForML_CICFlowMeter_30s_state.csv,TRAIN,2018-02-22 04:46:00,0,0,0
Thursday-22-02-2018_TrafficForML_CICFlowMeter_30s_state.csv,TRAIN,2018-02-22 04:46:30,0,0,0
Thursday-22-02-2018_TrafficForML_CICFlowMeter_30s_state.csv,TRAIN,2018-02-22 04:47:00,0,0,0
Thursday-22-02-2018_TrafficForML_CICFlowMeter_30s_state.csv,TRAIN,2018-02-22 04:47:30,0,0,0
Thursday-22-02-2018_TrafficForML_CICFlowMeter_30s_state.csv,TRAIN,2018-02-22 04:48:00,0,0,0
Thursday-22-02-2018_TrafficForML_CICFlowMeter_30s_state.csv,TRAIN,2018-02-22 04:48:30,0,0,0
Thursday-22-02-2018_TrafficForML_CICFlowMeter_30s_state.csv,TRAIN,2018-02-22 04:49:00,0,0,0
Thursday-22-02-2018_TrafficForML_CICFlowMeter_30s_state.csv,TRAIN,2018-02-22 04:49:30,0,0,0
Thursday-22-02-2018_TrafficForML_CICFlowMeter_30s_state.csv,TRAIN,2018-02-22 04:50:00,0,0,0
Thursday-22-02-2018_TrafficForML_CICFlowMeter_30s_state.csv,TRAIN,2018-02-22 04:50:30,0,0,0
Thursday-22-02-2018_TrafficForML_CICFlowMeter_30s_state.csv,TRAIN,2018-02-22 04:51:00,0,0,0
Thursday-22-02-2018_TrafficForML_CICFlowMeter_30s_state.csv,TRAIN,2018-02-22 04:51:30,0,0,0
Thursday-22-02-2018_TrafficForML_CICFlowMeter_30s_state.csv,TRAIN,2018-02-22 04:52:00,0,0,0
Thursday-22-02-2018_TrafficForML_CICFlowMeter_30s_state.csv,TRAIN,2018-02-22 04:52:30,0,0,0
Thursday-22-02-2018_TrafficForML_CICFlowMeter_30s_state.csv,TRAIN,2018-02-22 04:53:00,0,0,0
Thursday-22-02-2018_TrafficForML_CICFlowMeter_30s_state.csv,TRAIN,2018-02-22 04:53:30,0,0,0
Thursday-22-02-2018_TrafficForML_CICFlowMeter_30s_state.csv,TRAIN,2018-02-22 04:54:00,0,0,0
Thursday-22-02-2018_TrafficForML_CICFlowMeter_30s_state.csv,TRAIN,2018-02-22 04:54:30,0,0,0
Thursday-22-02-2018_TrafficForML_CICFlowMeter_30s_state.csv,TRAIN,2018-02-22 04:55:00,0,0,0
Thursday-22-02-2018_TrafficForML_CICFlowMeter_30s_state.csv,TRAIN,2018-02-22 04:55:30,0,0,0
Thursday-22-02-2018_TrafficForML_CICFlowMeter_30s_state.csv,TRAIN,2018-02-22 04:56:00,0,0,0
Thursday-22-02-2018_TrafficForML_CICFlowMeter_30s_state.csv,TRAIN,2018-02-22 04:56:30,0,0,0
Thursday-22-02-2018_TrafficForML_CICFlowMeter_30s_state.csv,TRAIN,2018-02-22 04:57:00,0,0,0
Thursday-22-02-2018_TrafficForML_CICFlowMeter_30s_state.csv,TRAIN,2018-02-22 04:57:30,0,0,0
Thursday-22-02-2018_TrafficForML_CICFlowMeter_30s_state.csv,TRAIN,2018-02-22 04:58:00,0,0,0
Thursday-22-02-2018_TrafficForML_CICFlowMeter_30s_state.csv,TRAIN,2018-02-22 04:58:30,0,0,0
Thursday-22-02-2018_TrafficForML_CICFlowMeter_30s_state.csv,TRAIN,2018-02-22 04:59:00,0,0,0
Thursday-22-02-2018_TrafficForML_CICFlowMeter_30s_state.csv,TRAIN,2018-02-22 04:59:30,0,0,0
Thursday-22-02-2018_TrafficForML_CICFlowMeter_30s_state.csv,TRAIN,2018-02-22 05:00:00,0,0,0
Thursday-22-02-2018_TrafficForML_CICFlowMeter_30s_state.csv,TRAIN,2018-02-22 05:00:30,0,0,0
Thursday-22-02-2018_TrafficForML_CICFlowMeter_30s_state.csv,TRAIN,2018-02-22 05:01:00,0,0,0
Thursday-22-02-2018_TrafficForML_CICFlowMeter_30s_state.csv,TRAIN,2018-02-22 05:01:30,0,0,0
Thursday-22-02-2018_TrafficForML_CICFlowMeter_30s_state.csv,TRAIN,2018-02-22 05:02:00,0,0,0
Thursday-22-02-2018_TrafficForML_CICFlowMeter_30s_state.csv,TRAIN,2018-02-22 05:02:30,0,0,0
Thursday-22-02-2018_TrafficForML_CICFlowMeter_30s_state.csv,TRAIN,2018-02-22 05:03:00,0,0,0
Thursday-22-02-2018_TrafficForML_CICFlowMeter_30s_state.csv,TRAIN,2018-02-22 05:03:30,0,0,0
Thursday-22-02-2018_TrafficForML_CICFlowMeter_30s_state.csv,TRAIN,2018-02-22 05:04:00,0,0,0
Thursday-22-02-2018_TrafficForML_CICFlowMeter_30s_state.csv,TRAIN,2018-02-22 05:04:30,0,0,0
Thursday-22-02-2018_TrafficForML_CICFlowMeter_30s_state.csv,TRAIN,2018-02-22 05:05:00,0,0,0
Thursday-22-02-2018_TrafficForML_CICFlowMeter_30s_state.csv,TRAIN,2018-02-22 05:05:30,0,0,0
Thursday-22-02-2018_TrafficForML_CICFlowMeter_30s_state.csv,TRAIN,2018-02-22 05:06:00,0,0,0
Thursday-22-02-2018_TrafficForML_CICFlowMeter_30s_state.csv,TRAIN,2018-02-22 05:06:30,0,0,0
Thursday-22-02-2018_TrafficForML_CICFlowMeter_30s_state.csv,TRAIN,2018-02-22 05:07:00,0,0,0
Thursday-22-02-2018_TrafficForML_CICFlowMeter_30s_state.csv,TRAIN,2018-02-22 05:07:30,0,0,0
Thursday-22-02-2018_TrafficForML_CICFlowMeter_30s_state.csv,TRAIN,2018-02-22 05:08:00,0,0,0
Thursday-22-02-2018_TrafficForML_CICFlowMeter_30s_state.csv,TRAIN,2018-02-22 05:08:30,0,0,0
Thursday-22-02-2018_TrafficForML_CICFlowMeter_30s_state.csv,TRAIN,2018-02-22 05:09:00,0,0,0
Thursday-22-02-2018_TrafficForML_CICFlowMeter_30s_state.csv,TRAIN,2018-02-22 05:09:30,0,0,0
Thursday-22-02-2018_TrafficForML_CICFlowMeter_30s_state.csv,TRAIN,2018-02-22 05:10:00,0,0,0
Thursday-22-02-2018_TrafficForML_CICFlowMeter_30s_state.csv,TRAIN,2018-02-22 05:10:30,0,0,0
Thursday-22-02-2018_TrafficForML_CICFlowMeter_30s_state.csv,TRAIN,2018-02-22 05:11:00,0,0,0
Thursday-22-02-2018_TrafficForML_CICFlowMeter_30s_state.csv,TRAIN,2018-02-22 05:11:30,0,0,0
Thursday-22-02-2018_TrafficForML_CICFlowMeter_30s_state.csv,TRAIN,2018-02-22 05:12:00,0,0,0
Thursday-22-02-2018_TrafficForML_CICFlowMeter_30s_state.csv,TRAIN,2018-02-22 05:12:30,0,0,0
Thursday-22-02-2018_TrafficForML_CICFlowMeter_30s_state.csv,TRAIN,2018-02-22 05:13:00,0,0,0
Thursday-22-02-2018_TrafficForML_CICFlowMeter_30s_state.csv,TRAIN,2018-02-22 05:13:30,0,0,0
Thursday-22-02-2018_TrafficForML_CICFlowMeter_30s_state.csv,TRAIN,2018-02-22 05:14:00,0,0,0
Thursday-22-02-2018_TrafficForML_CICFlowMeter_30s_state.csv,TRAIN,2018-02-22 05:14:30,0,0,0
Thursday-22-02-2018_TrafficForML_CICFlowMeter_30s_state.csv,TRAIN,2018-02-22 05:15:00,0,0,0
Thursday-22-02-2018_TrafficForML_CICFlowMeter_30s_state.csv,TRAIN,2018-02-22 05:15:30,0,0,0
Thursday-22-02-2018_TrafficForML_CICFlowMeter_30s_state.csv,TRAIN,2018-02-22 05:16:00,0,0,0
Thursday-22-02-2018_TrafficForML_CICFlowMeter_30s_state.csv,TRAIN,2018-02-22 05:16:30,0,0,0
Thursday-22-02-2018_TrafficForML_CICFlowMeter_30s_state.csv,TRAIN,2018-02-22 05:17:00,0,0,0
Thursday-22-02-2018_TrafficForML_CICFlowMeter_30s_state.csv,TRAIN,2018-02-22 05:17:30,0,0,0
Thursday-22-02-2018_TrafficForML_CICFlowMeter_30s_state.csv,TRAIN,2018-02-22 05:18:00,0,0,0
Thursday-22-02-2018_TrafficForML_CICFlowMeter_30s_state.csv,TRAIN,2018-02-22 05:18:30,0,0,0
Thursday-22-02-2018_TrafficForML_CICFlowMeter_30s_state.csv,TRAIN,2018-02-22 05:19:00,0,0,0
Thursday-22-02-2018_TrafficForML_CICFlowMeter_30s_state.csv,TRAIN,2018-02-22 05:19:30,0,0,0
Thursday-22-02-2018_TrafficForML_CICFlowMeter_30s_state.csv,TRAIN,2018-02-22 05:20:00,0,0,0
Thursday-22-02-2018_TrafficForML_CICFlowMeter_30s_state.csv,TRAIN,2018-02-22 05:20:30,0,0,0
Thursday-22-02-2018_TrafficForML_CICFlowMeter_30s_state.csv,TRAIN,2018-02-22 05:21:00,0,0,0
Thursday-22-02-2018_TrafficForML_CICFlowMeter_30s_state.csv,TRAIN,2018-02-22 05:21:30,0,0,0
Thursday-22-02-2018_TrafficForML_CICFlowMeter_30s_state.csv,TRAIN,2018-02-22 05:22:00,0,0,0
Thursday-22-02-2018_TrafficForML_CICFlowMeter_30s_state.csv,TRAIN,2018-02-22 05:22:30,0,0,0
Thursday-22-02-2018_TrafficForML_CICFlowMeter_30s_state.csv,TRAIN,2018-02-22 05:23:00,0,0,0
Thursday-22-02-2018_TrafficForML_CICFlowMeter_30s_state.csv,TRAIN,2018-02-22 05:23:30,0,0,0
Thursday-22-02-2018_TrafficForML_CICFlowMeter_30s_state.csv,TRAIN,2018-02-22 05:24:00,0,0,0
Thursday-22-02-2018_TrafficForML_CICFlowMeter_30s_state.csv,TRAIN,2018-02-22 05:24:30,0,0,0
Thursday-22-02-2018_TrafficForML_CICFlowMeter_30s_state.csv,TRAIN,2018-02-22 05:25:00,0,0,0
Thursday-22-02-2018_TrafficForML_CICFlowMeter_30s_state.csv,TRAIN,2018-02-22 05:25:30,0,0,0
Thursday-22-02-2018_TrafficForML_CICFlowMeter_30s_state.csv,TRAIN,2018-02-22 05:26:00,0,0,0
Thursday-22-02-2018_TrafficForML_CICFlowMeter_30s_state.csv,TRAIN,2018-02-22 05:26:30,0,0,0
Thursday-22-02-2018_TrafficForML_CICFlowMeter_30s_state.csv,TRAIN,2018-02-22 05:27:00,0,0,0
Thursday-22-02-2018_TrafficForML_CICFlowMeter_30s_state.csv,TRAIN,2018-02-22 05:27:30,0,0,0
Thursday-22-02-2018_TrafficForML_CICFlowMeter_30s_state.csv,TRAIN,2018-02-22 05:28:00,0,0,0
Thursday-22-02-2018_TrafficForML_CICFlowMeter_30s_state.csv,TRAIN,2018-02-22 05:28:30,0,0,0
Thursday-22-02-2018_TrafficForML_CICFlowMeter_30s_state.csv,TRAIN,2018-02-22 05:29:00,0,0,0
Thursday-22-02-2018_TrafficForML_CICFlowMeter_30s_state.csv,TRAIN,2018-02-22 05:29:30,0,0,0
Thursday-22-02-2018_TrafficForML_CICFlowMeter_30s_state.csv,TRAIN,2018-02-22 05:30:00,0,0,0
Thursday-22-02-2018_TrafficForML_CICFlowMeter_30s_state.csv,TRAIN,2018-02-22 08:27:00,0,0,0
Thursday-22-02-2018_TrafficForML_CICFlowMeter_30s_state.csv,TRAIN,2018-02-22 08:27:30,0,0,0
Thursday-22-02-2018_TrafficForML_CICFlowMeter_30s_state.csv,TRAIN,2018-02-22 08:28:00,0,0,0
Thursday-22-02-2018_TrafficForML_CICFlowMeter_30s_state.csv,TRAIN,2018-02-22 08:28:30,0,0,0
Thursday-22-02-2018_TrafficForML_CICFlowMeter_30s_state.csv,TRAIN,2018-02-22 08:29:00,0,0,0
Thursday-22-02-2018_TrafficForML_CICFlowMeter_30s_state.csv,TRAIN,2018-02-22 08:29:30,0,0,0
Thursday-22-02-2018_TrafficForML_CICFlowMeter_30s_state.csv,TRAIN,2018-02-22 08:30:00,0,0,0
Thursday-22-02-2018_TrafficForML_CICFlowMeter_30s_state.csv,TRAIN,2018-02-22 08:30:30,0,0,0
Thursday-22-02-2018_TrafficForML_CICFlowMeter_30s_state.csv,TRAIN,2018-02-22 08:31:00,0,0,0
Thursday-22-02-2018_TrafficForML_CICFlowMeter_30s_state.csv,TRAIN,2018-02-22 08:31:30,0,0,0
Thursday-22-02-2018_TrafficForML_CICFlowMeter_30s_state.csv,TRAIN,2018-02-22 08:32:00,0,0,0
Thursday-22-02-2018_TrafficForML_CICFlowMeter_30s_state.csv,TRAIN,2018-02-22 08:32:30,0,0,0
Thursday-22-02-2018_TrafficForML_CICFlowMeter_30s_state.csv,TRAIN,2018-02-22 08:33:00,0,0,0
Thursday-22-02-2018_TrafficForML_CICFlowMeter_30s_state.csv,TRAIN,2018-02-22 08:33:30,0,0,0
Thursday-22-02-2018_TrafficForML_CICFlowMeter_30s_state.csv,TRAIN,2018-02-22 08:34:00,0,0,0
Thursday-22-02-2018_TrafficForML_CICFlowMeter_30s_state.csv,TRAIN,2018-02-22 08:34:30,0,0,0
Thursday-22-02-2018_TrafficForML_CICFlowMeter_30s_state.csv,TRAIN,2018-02-22 08:35:00,0,0,0
Thursday-22-02-2018_TrafficForML_CICFlowMeter_30s_state.csv,TRAIN,2018-02-22 08:35:30,0,0,0
Thursday-22-02-2018_TrafficForML_CICFlowMeter_30s_state.csv,TRAIN,2018-02-22 08:36:00,0,0,0
Thursday-22-02-2018_TrafficForML_CICFlowMeter_30s_state.csv,TRAIN,2018-02-22 08:36:30,0,0,0
Thursday-22-02-2018_TrafficForML_CICFlowMeter_30s_state.csv,TRAIN,2018-02-22 08:37:00,0,0,0
Thursday-22-02-2018_TrafficForML_CICFlowMeter_30s_state.csv,TRAIN,2018-02-22 08:37:30,0,0,0
Thursday-22-02-2018_TrafficForML_CICFlowMeter_30s_state.csv,TRAIN,2018-02-22 08:38:00,0,0,0
Thursday-22-02-2018_TrafficForML_CICFlowMeter_30s_state.csv,TRAIN,2018-02-22 08:38:30,0,0,0
Thursday-22-02-2018_TrafficForML_CICFlowMeter_30s_state.csv,TRAIN,2018-02-22 08:39:00,0,0,0
Thursday-22-02-2018_TrafficForML_CICFlowMeter_30s_state.csv,TRAIN,2018-02-22 08:39:30,0,0,0
Thursday-22-02-2018_TrafficForML_CICFlowMeter_30s_state.csv,TRAIN,2018-02-22 08:40:00,0,0,0
Thursday-22-02-2018_TrafficForML_CICFlowMeter_30s_state.csv,TRAIN,2018-02-22 08:40:30,0,0,0
Thursday-22-02-2018_TrafficForML_CICFlowMeter_30s_state.csv,TRAIN,2018-02-22 08:41:00,0,0,0
Thursday-22-02-2018_TrafficForML_CICFlowMeter_30s_state.csv,TRAIN,2018-02-22 08:41:30,0,0,0
Thursday-22-02-2018_TrafficForML_CICFlowMeter_30s_state.csv,TRAIN,2018-02-22 08:42:00,0,0,0
Thursday-22-02-2018_TrafficForML_CICFlowMeter_30s_state.csv,TRAIN,2018-02-22 08:42:30,0,0,0
Thursday-22-02-2018_TrafficForML_CICFlowMeter_30s_state.csv,TRAIN,2018-02-22 08:43:00,0,0,0
Thursday-22-02-2018_TrafficForML_CICFlowMeter_30s_state.csv,TRAIN,2018-02-22 08:43:30,0,0,0
Thursday-22-02-2018_TrafficForML_CICFlowMeter_30s_state.csv,TRAIN,2018-02-22 08:44:00,0,0,0
Thursday-22-02-2018_TrafficForML_CICFlowMeter_30s_state.csv,TRAIN,2018-02-22 08:44:30,0,0,0
Thursday-22-02-2018_TrafficForML_CICFlowMeter_30s_state.csv,TRAIN,2018-02-22 08:45:00,0,0,0
Thursday-22-02-2018_TrafficForML_CICFlowMeter_30s_state.csv,TRAIN,2018-02-22 08:45:30,0,0,0
Thursday-22-02-2018_TrafficForML_CICFlowMeter_30s_state.csv,TRAIN,2018-02-22 08:46:00,0,0,0
Thursday-22-02-2018_TrafficForML_CICFlowMeter_30s_state.csv,TRAIN,2018-02-22 08:46:30,0,0,0
Thursday-22-02-2018_TrafficForML_CICFlowMeter_30s_state.csv,TRAIN,2018-02-22 08:47:00,0,0,0
Thursday-22-02-2018_TrafficForML_CICFlowMeter_30s_state.csv,TRAIN,2018-02-22 08:47:30,0,0,0
Thursday-22-02-2018_TrafficForML_CICFlowMeter_30s_state.csv,TRAIN,2018-02-22 08:48:00,0,0,0
Thursday-22-02-2018_TrafficForML_CICFlowMeter_30s_state.csv,TRAIN,2018-02-22 08:48:30,0,0,0
Thursday-22-02-2018_TrafficForML_CICFlowMeter_30s_state.csv,TRAIN,2018-02-22 08:49:00,0,0,0
Thursday-22-02-2018_TrafficForML_CICFlowMeter_30s_state.csv,TRAIN,2018-02-22 08:49:30,0,0,0
Thursday-22-02-2018_TrafficForML_CICFlowMeter_30s_state.csv,TRAIN,2018-02-22 08:50:00,0,0,0
Thursday-22-02-2018_TrafficForML_CICFlowMeter_30s_state.csv,TRAIN,2018-02-22 08:50:30,0,0,0
Thursday-22-02-2018_TrafficForML_CICFlowMeter_30s_state.csv,TRAIN,2018-02-22 08:51:00,0,0,0
Thursday-22-02-2018_TrafficForML_CICFlowMeter_30s_state.csv,TRAIN,2018-02-22 08:51:30,0,0,0
Thursday-22-02-2018_TrafficForML_CICFlowMeter_30s_state.csv,TRAIN,2018-02-22 08:52:00,0,0,0
Thursday-22-02-2018_TrafficForML_CICFlowMeter_30s_state.csv,TRAIN,2018-02-22 08:52:30,0,0,0
Thursday-22-02-2018_TrafficForML_CICFlowMeter_30s_state.csv,TRAIN,2018-02-22 08:53:00,0,0,0
Thursday-22-02-2018_TrafficForML_CICFlowMeter_30s_state.csv,TRAIN,2018-02-22 08:53:30,0,0,0
Thursday-22-02-2018_TrafficForML_CICFlowMeter_30s_state.csv,TRAIN,2018-02-22 08:54:00,0,0,0
Thursday-22-02-2018_TrafficForML_CICFlowMeter_30s_state.csv,TRAIN,2018-02-22 08:54:30,0,0,0
Thursday-22-02-2018_TrafficForML_CICFlowMeter_30s_state.csv,TRAIN,2018-02-22 08:55:00,0,0,0
Thursday-22-02-2018_TrafficForML_CICFlowMeter_30s_state.csv,TRAIN,2018-02-22 08:55:30,0,0,0
Thursday-22-02-2018_TrafficForML_CICFlowMeter_30s_state.csv,TRAIN,2018-02-22 08:56:00,0,0,0
Thursday-22-02-2018_TrafficForML_CICFlowMeter_30s_state.csv,TRAIN,2018-02-22 08:56:30,0,0,0
Thursday-22-02-2018_TrafficForML_CICFlowMeter_30s_state.csv,TRAIN,2018-02-22 08:57:00,0,0,0
Thursday-22-02-2018_TrafficForML_CICFlowMeter_30s_state.csv,TRAIN,2018-02-22 08:57:30,0,0,0
Thursday-22-02-2018_TrafficForML_CICFlowMeter_30s_state.csv,TRAIN,2018-02-22 08:58:00,0,0,0
Thursday-22-02-2018_TrafficForML_CICFlowMeter_30s_state.csv,TRAIN,2018-02-22 08:58:30,0,0,0
Thursday-22-02-2018_TrafficForML_CICFlowMeter_30s_state.csv,TRAIN,2018-02-22 08:59:00,0,0,0
Thursday-22-02-2018_TrafficForML_CICFlowMeter_30s_state.csv,TRAIN,2018-02-22 08:59:30,0,0,0
Thursday-22-02-2018_TrafficForML_CICFlowMeter_30s_state.csv,TRAIN,2018-02-22 09:00:00,0,0,0
Thursday-22-02-2018_TrafficForML_CICFlowMeter_30s_state.csv,TRAIN,2018-02-22 09:00:30,0,0,0
Thursday-22-02-2018_TrafficForML_CICFlowMeter_30s_state.csv,TRAIN,2018-02-22 09:01:00,0,0,0
Thursday-22-02-2018_TrafficForML_CICFlowMeter_30s_state.csv,TRAIN,2018-02-22 09:01:30,0,0,0
Thursday-22-02-2018_TrafficForML_CICFlowMeter_30s_state.csv,TRAIN,2018-02-22 09:02:00,0,0,0
Thursday-22-02-2018_TrafficForML_CICFlowMeter_30s_state.csv,TRAIN,2018-02-22 09:02:30,0,0,0
Thursday-22-02-2018_TrafficForML_CICFlowMeter_30s_state.csv,TRAIN,2018-02-22 09:03:00,0,0,0
Thursday-22-02-2018_TrafficForML_CICFlowMeter_30s_state.csv,TRAIN,2018-02-22 09:03:30,0,0,0
Thursday-22-02-2018_TrafficForML_CICFlowMeter_30s_state.csv,TRAIN,2018-02-22 09:04:00,0,0,0
Thursday-22-02-2018_TrafficForML_CICFlowMeter_30s_state.csv,TRAIN,2018-02-22 09:04:30,0,0,0
Thursday-22-02-2018_TrafficForML_CICFlowMeter_30s_state.csv,TRAIN,2018-02-22 09:05:00,0,0,0
Thursday-22-02-2018_TrafficForML_CICFlowMeter_30s_state.csv,TRAIN,2018-02-22 09:05:30,0,0,0
Thursday-22-02-2018_TrafficForML_CICFlowMeter_30s_state.csv,TRAIN,2018-02-22 09:06:00,0,0,0
Thursday-22-02-2018_TrafficForML_CICFlowMeter_30s_state.csv,TRAIN,2018-02-22 09:06:30,0,0,0
Thursday-22-02-2018_TrafficForML_CICFlowMeter_30s_state.csv,TRAIN,2018-02-22 09:07:00,0,0,0
Thursday-22-02-2018_TrafficForML_CICFlowMeter_30s_state.csv,TRAIN,2018-02-22 09:07:30,0,0,0
Thursday-22-02-2018_TrafficForML_CICFlowMeter_30s_state.csv,TRAIN,2018-02-22 09:08:00,0,0,0
Thursday-22-02-2018_TrafficForML_CICFlowMeter_30s_state.csv,TRAIN,2018-02-22 09:08:30,0,0,0
Thursday-22-02-2018_TrafficForML_CICFlowMeter_30s_state.csv,TRAIN,2018-02-22 09:09:00,0,0,0
Thursday-22-02-2018_TrafficForML_CICFlowMeter_30s_state.csv,TRAIN,2018-02-22 09:09:30,0,0,0
Thursday-22-02-2018_TrafficForML_CICFlowMeter_30s_state.csv,TRAIN,2018-02-22 09:10:00,0,0,0
Thursday-22-02-2018_TrafficForML_CICFlowMeter_30s_state.csv,TRAIN,2018-02-22 09:10:30,0,0,0
Thursday-22-02-2018_TrafficForML_CICFlowMeter_30s_state.csv,TRAIN,2018-02-22 09:11:00,0,0,0
Thursday-22-02-2018_TrafficForML_CICFlowMeter_30s_state.csv,TRAIN,2018-02-22 09:11:30,0,0,0
Thursday-22-02-2018_TrafficForML_CICFlowMeter_30s_state.csv,TRAIN,2018-02-22 09:12:00,0,0,0
Thursday-22-02-2018_TrafficForML_CICFlowMeter_30s_state.csv,TRAIN,2018-02-22 09:12:30,0,0,0
Thursday-22-02-2018_TrafficForML_CICFlowMeter_30s_state.csv,TRAIN,2018-02-22 09:13:00,0,0,0
Thursday-22-02-2018_TrafficForML_CICFlowMeter_30s_state.csv,TRAIN,2018-02-22 09:13:30,0,0,0
Thursday-22-02-2018_TrafficForML_CICFlowMeter_30s_state.csv,TRAIN,2018-02-22 09:14:00,0,0,0
Thursday-22-02-2018_TrafficForML_CICFlowMeter_30s_state.csv,TRAIN,2018-02-22 09:14:30,0,0,0
Thursday-22-02-2018_TrafficForML_CICFlowMeter_30s_state.csv,TRAIN,2018-02-22 09:15:00,0,0,0
Thursday-22-02-2018_TrafficForML_CICFlowMeter_30s_state.csv,TRAIN,2018-02-22 09:15:30,0,0,0
Thursday-22-02-2018_TrafficForML_CICFlowMeter_30s_state.csv,TRAIN,2018-02-22 09:16:00,0,0,0
Thursday-22-02-2018_TrafficForML_CICFlowMeter_30s_state.csv,TRAIN,2018-02-22 09:16:30,0,0,0
Thursday-22-02-2018_TrafficForML_CICFlowMeter_30s_state.csv,TRAIN,2018-02-22 09:17:00,0,0,0
Thursday-22-02-2018_TrafficForML_CICFlowMeter_30s_state.csv,TRAIN,2018-02-22 09:17:30,0,0,0
Thursday-22-02-2018_TrafficForML_CICFlowMeter_30s_state.csv,TRAIN,2018-02-22 09:18:00,0,0,0
Thursday-22-02-2018_TrafficForML_CICFlowMeter_30s_state.csv,TRAIN,2018-02-22 09:18:30,0,0,0
Thursday-22-02-2018_TrafficForML_CICFlowMeter_30s_state.csv,TRAIN,2018-02-22 09:19:00,0,0,0
Thursday-22-02-2018_TrafficForML_CICFlowMeter_30s_state.csv,TRAIN,2018-02-22 09:19:30,0,0,0
Thursday-22-02-2018_TrafficForML_CICFlowMeter_30s_state.csv,TRAIN,2018-02-22 09:20:00,0,0,0
Thursday-22-02-2018_TrafficForML_CICFlowMeter_30s_state.csv,TRAIN,2018-02-22 09:20:30,0,0,0
Thursday-22-02-2018_TrafficForML_CICFlowMeter_30s_state.csv,TRAIN,2018-02-22 09:21:00,0,0,0
Thursday-22-02-2018_TrafficForML_CICFlowMeter_30s_state.csv,TRAIN,2018-02-22 09:21:30,0,0,0
Thursday-22-02-2018_TrafficForML_CICFlowMeter_30s_state.csv,TRAIN,2018-02-22 09:22:00,0,0,0
Thursday-22-02-2018_TrafficForML_CICFlowMeter_30s_state.csv,TRAIN,2018-02-22 09:22:30,0,0,0
Thursday-22-02-2018_TrafficForML_CICFlowMeter_30s_state.csv,TRAIN,2018-02-22 09:23:00,0,0,0
Thursday-22-02-2018_TrafficForML_CICFlowMeter_30s_state.csv,TRAIN,2018-02-22 09:23:30,0,0,0
Thursday-22-02-2018_TrafficForML_CICFlowMeter_30s_state.csv,TRAIN,2018-02-22 09:24:00,0,0,0
Thursday-22-02-2018_TrafficForML_CICFlowMeter_30s_state.csv,TRAIN,2018-02-22 09:24:30,0,0,0
Thursday-22-02-2018_TrafficForML_CICFlowMeter_30s_state.csv,TRAIN,2018-02-22 09:25:00,0,0,0
Thursday-22-02-2018_TrafficForML_CICFlowMeter_30s_state.csv,TRAIN,2018-02-22 09:25:30,0,0,0
Thursday-22-02-2018_TrafficForML_CICFlowMeter_30s_state.csv,TRAIN,2018-02-22 09:26:00,0,0,0
Thursday-22-02-2018_TrafficForML_CICFlowMeter_30s_state.csv,TRAIN,2018-02-22 09:26:30,0,0,0
Thursday-22-02-2018_TrafficForML_CICFlowMeter_30s_state.csv,TRAIN,2018-02-22 09:27:00,0,0,0
Thursday-22-02-2018_TrafficForML_CICFlowMeter_30s_state.csv,TRAIN,2018-02-22 09:27:30,0,0,0
Thursday-22-02-2018_TrafficForML_CICFlowMeter_30s_state.csv,TRAIN,2018-02-22 09:28:00,0,0,0
Thursday-22-02-2018_TrafficForML_CICFlowMeter_30s_state.csv,TRAIN,2018-02-22 09:28:30,0,0,0
Thursday-22-02-2018_TrafficForML_CICFlowMeter_30s_state.csv,TRAIN,2018-02-22 09:29:00,0,0,0
Thursday-22-02-2018_TrafficForML_CICFlowMeter_30s_state.csv,TRAIN,2018-02-22 09:29:30,0,0,0
Thursday-22-02-2018_TrafficForML_CICFlowMeter_30s_state.csv,TRAIN,2018-02-22 09:30:00,0,0,0
Thursday-22-02-2018_TrafficForML_CICFlowMeter_30s_state.csv,TRAIN,2018-02-22 09:30:30,0,0,0
Thursday-22-02-2018_TrafficForML_CICFlowMeter_30s_state.csv,TRAIN,2018-02-22 09:31:00,0,0,0
Thursday-22-02-2018_TrafficForML_CICFlowMeter_30s_state.csv,TRAIN,2018-02-22 09:31:30,0,0,0
Thursday-22-02-2018_TrafficForML_CICFlowMeter_30s_state.csv,TRAIN,2018-02-22 09:32:00,0,0,0
Thursday-22-02-2018_TrafficForML_CICFlowMeter_30s_state.csv,TRAIN,2018-02-22 09:32:30,0,0,0
Thursday-22-02-2018_TrafficForML_CICFlowMeter_30s_state.csv,TRAIN,2018-02-22 09:33:00,0,0,0
Thursday-22-02-2018_TrafficForML_CICFlowMeter_30s_state.csv,TRAIN,2018-02-22 09:33:30,0,0,0
Thursday-22-02-2018_TrafficForML_CICFlowMeter_30s_state.csv,TRAIN,2018-02-22 09:34:00,0,0,0
Thursday-22-02-2018_TrafficForML_CICFlowMeter_30s_state.csv,TRAIN,2018-02-22 09:34:30,0,0,0
Thursday-22-02-2018_TrafficForML_CICFlowMeter_30s_state.csv,TRAIN,2018-02-22 09:35:00,0,0,0
Thursday-22-02-2018_TrafficForML_CICFlowMeter_30s_state.csv,TRAIN,2018-02-22 09:35:30,0,0,0
Thursday-22-02-2018_TrafficForML_CICFlowMeter_30s_state.csv,TRAIN,2018-02-22 09:36:00,0,0,0
Thursday-22-02-2018_TrafficForML_CICFlowMeter_30s_state.csv,TRAIN,2018-02-22 09:36:30,0,0,0
Thursday-22-02-2018_TrafficForML_CICFlowMeter_30s_state.csv,TRAIN,2018-02-22 09:37:00,0,0,0
Thursday-22-02-2018_TrafficForML_CICFlowMeter_30s_state.csv,TRAIN,2018-02-22 09:37:30,0,0,0
Thursday-22-02-2018_TrafficForML_CICFlowMeter_30s_state.csv,TRAIN,2018-02-22 09:38:00,0,0,0
Thursday-22-02-2018_TrafficForML_CICFlowMeter_30s_state.csv,TRAIN,2018-02-22 09:38:30,0,0,0
Thursday-22-02-2018_TrafficForML_CICFlowMeter_30s_state.csv,TRAIN,2018-02-22 09:39:00,0,0,0
Thursday-22-02-2018_TrafficForML_CICFlowMeter_30s_state.csv,TRAIN,2018-02-22 09:39:30,0,0,0
Thursday-22-02-2018_TrafficForML_CICFlowMeter_30s_state.csv,TRAIN,2018-02-22 09:40:00,0,0,0
Thursday-22-02-2018_TrafficForML_CICFlowMeter_30s_state.csv,TRAIN,2018-02-22 09:40:30,0,0,0
Thursday-22-02-2018_TrafficForML_CICFlowMeter_30s_state.csv,TRAIN,2018-02-22 09:41:00,0,0,0
Thursday-22-02-2018_TrafficForML_CICFlowMeter_30s_state.csv,TRAIN,2018-02-22 09:41:30,0,0,0
Thursday-22-02-2018_TrafficForML_CICFlowMeter_30s_state.csv,TRAIN,2018-02-22 09:42:00,0,0,0
Thursday-22-02-2018_TrafficForML_CICFlowMeter_30s_state.csv,TRAIN,2018-02-22 09:42:30,0,0,0
Thursday-22-02-2018_TrafficForML_CICFlowMeter_30s_state.csv,TRAIN,2018-02-22 09:43:00,0,0,0
Thursday-22-02-2018_TrafficForML_CICFlowMeter_30s_state.csv,TRAIN,2018-02-22 09:43:30,0,0,0
Thursday-22-02-2018_TrafficForML_CICFlowMeter_30s_state.csv,TRAIN,2018-02-22 09:44:00,0,0,0
Thursday-22-02-2018_TrafficForML_CICFlowMeter_30s_state.csv,TRAIN,2018-02-22 09:44:30,0,0,0
Thursday-22-02-2018_TrafficForML_CICFlowMeter_30s_state.csv,TRAIN,2018-02-22 09:45:00,0,0,0
Thursday-22-02-2018_TrafficForML_CICFlowMeter_30s_state.csv,TRAIN,2018-02-22 09:45:30,0,0,0
Thursday-22-02-2018_TrafficForML_CICFlowMeter_30s_state.csv,TRAIN,2018-02-22 09:46:00,0,0,0
Thursday-22-02-2018_TrafficForML_CICFlowMeter_30s_state.csv,TRAIN,2018-02-22 09:46:30,0,0,0
Thursday-22-02-2018_TrafficForML_CICFlowMeter_30s_state.csv,TRAIN,2018-02-22 09:47:00,0,0,0
Thursday-22-02-2018_TrafficForML_CICFlowMeter_30s_state.csv,TRAIN,2018-02-22 09:47:30,0,0,0
Thursday-22-02-2018_TrafficForML_CICFlowMeter_30s_state.csv,TRAIN,2018-02-22 09:48:00,0,0,0
Thursday-22-02-2018_TrafficForML_CICFlowMeter_30s_state.csv,TRAIN,2018-02-22 09:48:30,0,0,0
Thursday-22-02-2018_TrafficForML_CICFlowMeter_30s_state.csv,TRAIN,2018-02-22 09:49:00,0,0,0
Thursday-22-02-2018_TrafficForML_CICFlowMeter_30s_state.csv,TRAIN,2018-02-22 09:49:30,0,0,0
Thursday-22-02-2018_TrafficForML_CICFlowMeter_30s_state.csv,TRAIN,2018-02-22 09:50:00,0,0,0
Thursday-22-02-2018_TrafficForML_CICFlowMeter_30s_state.csv,TRAIN,2018-02-22 09:50:30,0,0,0
Thursday-22-02-2018_TrafficForML_CICFlowMeter_30s_state.csv,TRAIN,2018-02-22 09:51:00,0,0,0
Thursday-22-02-2018_TrafficForML_CICFlowMeter_30s_state.csv,TRAIN,2018-02-22 09:51:30,0,0,0
Thursday-22-02-2018_TrafficForML_CICFlowMeter_30s_state.csv,TRAIN,2018-02-22 09:52:00,0,0,0
Thursday-22-02-2018_TrafficForML_CICFlowMeter_30s_state.csv,TRAIN,2018-02-22 09:52:30,0,0,0
Thursday-22-02-2018_TrafficForML_CICFlowMeter_30s_state.csv,TRAIN,2018-02-22 09:53:00,0,0,0
Thursday-22-02-2018_TrafficForML_CICFlowMeter_30s_state.csv,TRAIN,2018-02-22 09:53:30,0,0,0
Thursday-22-02-2018_TrafficForML_CICFlowMeter_30s_state.csv,TRAIN,2018-02-22 09:54:00,0,0,0
Thursday-22-02-2018_TrafficForML_CICFlowMeter_30s_state.csv,TRAIN,2018-02-22 09:54:30,0,0,0
Thursday-22-02-2018_TrafficForML_CICFlowMeter_30s_state.csv,TRAIN,2018-02-22 09:55:00,0,0,0
Thursday-22-02-2018_TrafficForML_CICFlowMeter_30s_state.csv,TRAIN,2018-02-22 09:55:30,0,0,0
Thursday-22-02-2018_TrafficForML_CICFlowMeter_30s_state.csv,TRAIN,2018-02-22 09:56:00,0,0,0
Thursday-22-02-2018_TrafficForML_CICFlowMeter_30s_state.csv,TRAIN,2018-02-22 09:56:30,0,0,0
Thursday-22-02-2018_TrafficForML_CICFlowMeter_30s_state.csv,TRAIN,2018-02-22 09:57:00,0,0,0
Thursday-22-02-2018_TrafficForML_CICFlowMeter_30s_state.csv,TRAIN,2018-02-22 09:57:30,0,0,0
Thursday-22-02-2018_TrafficForML_CICFlowMeter_30s_state.csv,TRAIN,2018-02-22 09:58:00,0,0,0
Thursday-22-02-2018_TrafficForML_CICFlowMeter_30s_state.csv,TRAIN,2018-02-22 09:58:30,0,0,0
Thursday-22-02-2018_TrafficForML_CICFlowMeter_30s_state.csv,TRAIN,2018-02-22 09:59:00,0,0,0
Thursday-22-02-2018_TrafficForML_CICFlowMeter_30s_state.csv,TRAIN,2018-02-22 09:59:30,0,0,0
Thursday-22-02-2018_TrafficForML_CICFlowMeter_30s_state.csv,TRAIN,2018-02-22 10:00:00,0,0,0
Thursday-22-02-2018_TrafficForML_CICFlowMeter_30s_state.csv,TRAIN,2018-02-22 10:00:30,0,0,0
Thursday-22-02-2018_TrafficForML_CICFlowMeter_30s_state.csv,TRAIN,2018-02-22 10:01:00,0,0,0
Thursday-22-02-2018_TrafficForML_CICFlowMeter_30s_state.csv,TRAIN,2018-02-22 10:01:30,0,0,0
Thursday-22-02-2018_TrafficForML_CICFlowMeter_30s_state.csv,TRAIN,2018-02-22 10:02:00,0,0,0
Thursday-22-02-2018_TrafficForML_CICFlowMeter_30s_state.csv,TRAIN,2018-02-22 10:02:30,0,0,0
Thursday-22-02-2018_TrafficForML_CICFlowMeter_30s_state.csv,TRAIN,2018-02-22 10:03:00,0,0,0
Thursday-22-02-2018_TrafficForML_CICFlowMeter_30s_state.csv,TRAIN,2018-02-22 10:03:30,0,0,0
Thursday-22-02-2018_TrafficForML_CICFlowMeter_30s_state.csv,TRAIN,2018-02-22 10:04:00,0,0,0
Thursday-22-02-2018_TrafficForML_CICFlowMeter_30s_state.csv,TRAIN,2018-02-22 10:04:30,0,0,0
Thursday-22-02-2018_TrafficForML_CICFlowMeter_30s_state.csv,TRAIN,2018-02-22 10:05:00,0,0,0
Thursday-22-02-2018_TrafficForML_CICFlowMeter_30s_state.csv,TRAIN,2018-02-22 10:05:30,0,0,0
Thursday-22-02-2018_TrafficForML_CICFlowMeter_30s_state.csv,TRAIN,2018-02-22 10:06:00,0,0,0
Thursday-22-02-2018_TrafficForML_CICFlowMeter_30s_state.csv,TRAIN,2018-02-22 10:06:30,0,0,0
Thursday-22-02-2018_TrafficForML_CICFlowMeter_30s_state.csv,TRAIN,2018-02-22 10:07:00,0,0,0
Thursday-22-02-2018_TrafficForML_CICFlowMeter_30s_state.csv,TRAIN,2018-02-22 10:07:30,0,0,0
Thursday-22-02-2018_TrafficForML_CICFlowMeter_30s_state.csv,TRAIN,2018-02-22 10:08:00,0,0,0
Thursday-22-02-2018_TrafficForML_CICFlowMeter_30s_state.csv,TRAIN,2018-02-22 10:08:30,0,0,0
Thursday-22-02-2018_TrafficForML_CICFlowMeter_30s_state.csv,TRAIN,2018-02-22 10:09:00,0,0,0
Thursday-22-02-2018_TrafficForML_CICFlowMeter_30s_state.csv,TRAIN,2018-02-22 10:09:30,0,0,0
Thursday-22-02-2018_TrafficForML_CICFlowMeter_30s_state.csv,TRAIN,2018-02-22 10:10:00,0,0,0
Thursday-22-02-2018_TrafficForML_CICFlowMeter_30s_state.csv,TRAIN,2018-02-22 10:10:30,0,0,0
Thursday-22-02-2018_TrafficForML_CICFlowMeter_30s_state.csv,TRAIN,2018-02-22 10:11:00,0,0,0
Thursday-22-02-2018_TrafficForML_CICFlowMeter_30s_state.csv,TRAIN,2018-02-22 10:11:30,0,0,0
Thursday-22-02-2018_TrafficForML_CICFlowMeter_30s_state.csv,TRAIN,2018-02-22 10:12:00,0,0,0
Thursday-22-02-2018_TrafficForML_CICFlowMeter_30s_state.csv,TRAIN,2018-02-22 10:12:30,0,0,0
Thursday-22-02-2018_TrafficForML_CICFlowMeter_30s_state.csv,TRAIN,2018-02-22 10:13:00,0,0,0
Thursday-22-02-2018_TrafficForML_CICFlowMeter_30s_state.csv,TRAIN,2018-02-22 10:13:30,0,1,0
Thursday-22-02-2018_TrafficForML_CICFlowMeter_30s_state.csv,TRAIN,2018-02-22 10:14:00,1,1,1
Thursday-22-02-2018_TrafficForML_CICFlowMeter_30s_state.csv,TRAIN,2018-02-22 10:14:30,1,0,1
Thursday-22-02-2018_TrafficForML_CICFlowMeter_30s_state.csv,TRAIN,2018-02-22 10:15:00,0,0,0
Thursday-22-02-2018_TrafficForML_CICFlowMeter_30s_state.csv,TRAIN,2018-02-22 10:15:30,0,1,0
Thursday-22-02-2018_TrafficForML_CICFlowMeter_30s_state.csv,TRAIN,2018-02-22 10:16:00,1,0,1
Thursday-22-02-2018_TrafficForML_CICFlowMeter_30s_state.csv,TRAIN,2018-02-22 10:16:30,0,0,0
Thursday-22-02-2018_TrafficForML_CICFlowMeter_30s_state.csv,TRAIN,2018-02-22 10:17:00,0,0,0
Thursday-22-02-2018_TrafficForML_CICFlowMeter_30s_state.csv,TRAIN,2018-02-22 10:17:30,0,1,0
Thursday-22-02-2018_TrafficForML_CICFlowMeter_30s_state.csv,TRAIN,2018-02-22 10:18:00,1,1,1
Thursday-22-02-2018_TrafficForML_CICFlowMeter_30s_state.csv,TRAIN,2018-02-22 10:18:30,1,0,1
Thursday-22-02-2018_TrafficForML_CICFlowMeter_30s_state.csv,TRAIN,2018-02-22 10:19:00,0,1,0
Thursday-22-02-2018_TrafficForML_CICFlowMeter_30s_state.csv,TRAIN,2018-02-22 10:19:30,1,0,1
Thursday-22-02-2018_TrafficForML_CICFlowMeter_30s_state.csv,TRAIN,2018-02-22 10:20:00,0,1,0
Thursday-22-02-2018_TrafficForML_CICFlowMeter_30s_state.csv,TRAIN,2018-02-22 10:20:30,1,0,1
Thursday-22-02-2018_TrafficForML_CICFlowMeter_30s_state.csv,TRAIN,2018-02-22 10:21:00,0,1,0
Thursday-22-02-2018_TrafficForML_CICFlowMeter_30s_state.csv,TRAIN,2018-02-22 10:21:30,1,0,1
Thursday-22-02-2018_TrafficForML_CICFlowMeter_30s_state.csv,TRAIN,2018-02-22 10:22:00,0,1,0
Thursday-22-02-2018_TrafficForML_CICFlowMeter_30s_state.csv,TRAIN,2018-02-22 10:22:30,1,0,1
Thursday-22-02-2018_TrafficForML_CICFlowMeter_30s_state.csv,TRAIN,2018-02-22 10:23:00,0,1,0
Thursday-22-02-2018_TrafficForML_CICFlowMeter_30s_state.csv,TRAIN,2018-02-22 10:23:30,1,0,1
Thursday-22-02-2018_TrafficForML_CICFlowMeter_30s_state.csv,TRAIN,2018-02-22 10:24:00,0,1,0
Thursday-22-02-2018_TrafficForML_CICFlowMeter_30s_state.csv,TRAIN,2018-02-22 10:24:30,1,0,1
Thursday-22-02-2018_TrafficForML_CICFlowMeter_30s_state.csv,TRAIN,2018-02-22 10:25:00,0,1,0
Thursday-22-02-2018_TrafficForML_CICFlowMeter_30s_state.csv,TRAIN,2018-02-22 10:25:30,1,0,1
Thursday-22-02-2018_TrafficForML_CICFlowMeter_30s_state.csv,TRAIN,2018-02-22 10:26:00,0,1,0
Thursday-22-02-2018_TrafficForML_CICFlowMeter_30s_state.csv,TRAIN,2018-02-22 10:26:30,1,0,1
Thursday-22-02-2018_TrafficForML_CICFlowMeter_30s_state.csv,TRAIN,2018-02-22 10:27:00,0,1,0
Thursday-22-02-2018_TrafficForML_CICFlowMeter_30s_state.csv,TRAIN,2018-02-22 10:27:30,1,0,1
Thursday-22-02-2018_TrafficForML_CICFlowMeter_30s_state.csv,TRAIN,2018-02-22 10:28:00,0,1,0
Thursday-22-02-2018_TrafficForML_CICFlowMeter_30s_state.csv,TRAIN,2018-02-22 10:28:30,1,0,1
Thursday-22-02-2018_TrafficForML_CICFlowMeter_30s_state.csv,TRAIN,2018-02-22 10:29:00,0,1,0
Thursday-22-02-2018_TrafficForML_CICFlowMeter_30s_state.csv,TRAIN,2018-02-22 10:29:30,1,1,1
Thursday-22-02-2018_TrafficForML_CICFlowMeter_30s_state.csv,TRAIN,2018-02-22 10:30:00,1,1,1
Thursday-22-02-2018_TrafficForML_CICFlowMeter_30s_state.csv,TRAIN,2018-02-22 10:30:30,1,1,1
Thursday-22-02-2018_TrafficForML_CICFlowMeter_30s_state.csv,TRAIN,2018-02-22 10:31:00,1,0,1
Thursday-22-02-2018_TrafficForML_CICFlowMeter_30s_state.csv,TRAIN,2018-02-22 10:31:30,0,1,0
Thursday-22-02-2018_TrafficForML_CICFlowMeter_30s_state.csv,TRAIN,2018-02-22 10:32:00,1,0,1
Thursday-22-02-2018_TrafficForML_CICFlowMeter_30s_state.csv,TRAIN,2018-02-22 10:32:30,0,1,0
Thursday-22-02-2018_TrafficForML_CICFlowMeter_30s_state.csv,TRAIN,2018-02-22 10:33:00,1,0,1
Thursday-22-02-2018_TrafficForML_CICFlowMeter_30s_state.csv,TRAIN,2018-02-22 10:33:30,0,1,0
Thursday-22-02-2018_TrafficForML_CICFlowMeter_30s_state.csv,TRAIN,2018-02-22 10:34:00,1,0,1
Thursday-22-02-2018_TrafficForML_CICFlowMeter_30s_state.csv,TRAIN,2018-02-22 10:34:30,0,1,0
Thursday-22-02-2018_TrafficForML_CICFlowMeter_30s_state.csv,TRAIN,2018-02-22 10:35:00,1,0,1
Thursday-22-02-2018_TrafficForML_CICFlowMeter_30s_state.csv,TRAIN,2018-02-22 10:35:30,0,1,0
Thursday-22-02-2018_TrafficForML_CICFlowMeter_30s_state.csv,TRAIN,2018-02-22 10:36:00,1,0,1
Thursday-22-02-2018_TrafficForML_CICFlowMeter_30s_state.csv,TRAIN,2018-02-22 10:36:30,0,1,0
Thursday-22-02-2018_TrafficForML_CICFlowMeter_30s_state.csv,TRAIN,2018-02-22 10:37:00,1,0,1
Thursday-22-02-2018_TrafficForML_CICFlowMeter_30s_state.csv,TRAIN,2018-02-22 10:37:30,0,1,0
Thursday-22-02-2018_TrafficForML_CICFlowMeter_30s_state.csv,TRAIN,2018-02-22 10:38:00,1,0,1
Thursday-22-02-2018_TrafficForML_CICFlowMeter_30s_state.csv,TRAIN,2018-02-22 10:38:30,0,1,0
Thursday-22-02-2018_TrafficForML_CICFlowMeter_30s_state.csv,TRAIN,2018-02-22 10:39:00,1,0,1
Thursday-22-02-2018_TrafficForML_CICFlowMeter_30s_state.csv,TRAIN,2018-02-22 10:39:30,0,1,0
Thursday-22-02-2018_TrafficForML_CICFlowMeter_30s_state.csv,TRAIN,2018-02-22 10:40:00,1,0,1
Thursday-22-02-2018_TrafficForML_CICFlowMeter_30s_state.csv,TRAIN,2018-02-22 10:40:30,0,1,0
Thursday-22-02-2018_TrafficForML_CICFlowMeter_30s_state.csv,TRAIN,2018-02-22 10:41:00,1,0,1
Thursday-22-02-2018_TrafficForML_CICFlowMeter_30s_state.csv,TRAIN,2018-02-22 10:41:30,0,1,0
Thursday-22-02-2018_TrafficForML_CICFlowMeter_30s_state.csv,TRAIN,2018-02-22 10:42:00,1,1,1
Thursday-22-02-2018_TrafficForML_CICFlowMeter_30s_state.csv,TRAIN,2018-02-22 10:42:30,1,1,1
Thursday-22-02-2018_TrafficForML_CICFlowMeter_30s_state.csv,TRAIN,2018-02-22 10:43:00,1,1,1
Thursday-22-02-2018_TrafficForML_CICFlowMeter_30s_state.csv,TRAIN,2018-02-22 10:43:30,1,0,1
Thursday-22-02-2018_TrafficForML_CICFlowMeter_30s_state.csv,TRAIN,2018-02-22 10:44:00,0,1,0
Thursday-22-02-2018_TrafficForML_CICFlowMeter_30s_state.csv,TRAIN,2018-02-22 10:44:30,1,0,1
Thursday-22-02-2018_TrafficForML_CICFlowMeter_30s_state.csv,TRAIN,2018-02-22 10:45:00,0,1,0
Thursday-22-02-2018_TrafficForML_CICFlowMeter_30s_state.csv,TRAIN,2018-02-22 10:45:30,1,0,1
Thursday-22-02-2018_TrafficForML_CICFlowMeter_30s_state.csv,TRAIN,2018-02-22 10:46:00,0,1,0
Thursday-22-02-2018_TrafficForML_CICFlowMeter_30s_state.csv,TRAIN,2018-02-22 10:46:30,1,0,1
Thursday-22-02-2018_TrafficForML_CICFlowMeter_30s_state.csv,TRAIN,2018-02-22 10:47:00,0,1,0
Thursday-22-02-2018_TrafficForML_CICFlowMeter_30s_state.csv,TRAIN,2018-02-22 10:47:30,1,0,1
Thursday-22-02-2018_TrafficForML_CICFlowMeter_30s_state.csv,TRAIN,2018-02-22 10:48:00,0,1,0
Thursday-22-02-2018_TrafficForML_CICFlowMeter_30s_state.csv,TRAIN,2018-02-22 10:48:30,1,0,1
Thursday-22-02-2018_TrafficForML_CICFlowMeter_30s_state.csv,TRAIN,2018-02-22 10:49:00,0,1,0
Thursday-22-02-2018_TrafficForML_CICFlowMeter_30s_state.csv,TRAIN,2018-02-22 10:49:30,1,0,1
Thursday-22-02-2018_TrafficForML_CICFlowMeter_30s_state.csv,TRAIN,2018-02-22 10:50:00,0,1,0
Thursday-22-02-2018_TrafficForML_CICFlowMeter_30s_state.csv,TRAIN,2018-02-22 10:50:30,1,0,1
Thursday-22-02-2018_TrafficForML_CICFlowMeter_30s_state.csv,TRAIN,2018-02-22 10:51:00,0,1,0
Thursday-22-02-2018_TrafficForML_CICFlowMeter_30s_state.csv,TRAIN,2018-02-22 10:51:30,1,0,1
Thursday-22-02-2018_TrafficForML_CICFlowMeter_30s_state.csv,TRAIN,2018-02-22 10:52:00,0,1,0
Thursday-22-02-2018_TrafficForML_CICFlowMeter_30s_state.csv,TRAIN,2018-02-22 10:52:30,1,0,1
Thursday-22-02-2018_TrafficForML_CICFlowMeter_30s_state.csv,TRAIN,2018-02-22 10:53:00,0,1,0
Thursday-22-02-2018_TrafficForML_CICFlowMeter_30s_state.csv,TRAIN,2018-02-22 10:53:30,1,0,1
Thursday-22-02-2018_TrafficForML_CICFlowMeter_30s_state.csv,TRAIN,2018-02-22 10:54:00,0,1,0
Thursday-22-02-2018_TrafficForML_CICFlowMeter_30s_state.csv,TRAIN,2018-02-22 10:54:30,1,0,1
Thursday-22-02-2018_TrafficForML_CICFlowMeter_30s_state.csv,TRAIN,2018-02-22 10:55:00,0,1,0
Thursday-22-02-2018_TrafficForML_CICFlowMeter_30s_state.csv,TRAIN,2018-02-22 10:55:30,1,0,1
Thursday-22-02-2018_TrafficForML_CICFlowMeter_30s_state.csv,TRAIN,2018-02-22 10:56:00,0,1,0
Thursday-22-02-2018_TrafficForML_CICFlowMeter_30s_state.csv,TRAIN,2018-02-22 10:56:30,1,0,1
Thursday-22-02-2018_TrafficForML_CICFlowMeter_30s_state.csv,TRAIN,2018-02-22 10:57:00,0,1,0
Thursday-22-02-2018_TrafficForML_CICFlowMeter_30s_state.csv,TRAIN,2018-02-22 10:57:30,1,0,1
Thursday-22-02-2018_TrafficForML_CICFlowMeter_30s_state.csv,TRAIN,2018-02-22 10:58:00,0,1,0
Thursday-22-02-2018_TrafficForML_CICFlowMeter_30s_state.csv,TRAIN,2018-02-22 10:58:30,1,0,1
Thursday-22-02-2018_TrafficForML_CICFlowMeter_30s_state.csv,TRAIN,2018-02-22 10:59:00,0,1,0
Thursday-22-02-2018_TrafficForML_CICFlowMeter_30s_state.csv,TRAIN,2018-02-22 10:59:30,1,0,1
Thursday-22-02-2018_TrafficForML_CICFlowMeter_30s_state.csv,TRAIN,2018-02-22 11:00:00,0,1,0
Thursday-22-02-2018_TrafficForML_CICFlowMeter_30s_state.csv,TRAIN,2018-02-22 11:00:30,1,0,1
Thursday-22-02-2018_TrafficForML_CICFlowMeter_30s_state.csv,TRAIN,2018-02-22 11:01:00,0,1,0
Thursday-22-02-2018_TrafficForML_CICFlowMeter_30s_state.csv,TRAIN,2018-02-22 11:01:30,1,0,1
Thursday-22-02-2018_TrafficForML_CICFlowMeter_30s_state.csv,TRAIN,2018-02-22 11:02:00,0,1,0
Thursday-22-02-2018_TrafficForML_CICFlowMeter_30s_state.csv,TRAIN,2018-02-22 11:02:30,1,1,1
Thursday-22-02-2018_TrafficForML_CICFlowMeter_30s_state.csv,TRAIN,2018-02-22 11:03:00,1,0,1
Thursday-22-02-2018_TrafficForML_CICFlowMeter_30s_state.csv,TRAIN,2018-02-22 11:03:30,0,1,0
Thursday-22-02-2018_TrafficForML_CICFlowMeter_30s_state.csv,TRAIN,2018-02-22 11:04:00,1,0,1
Thursday-22-02-2018_TrafficForML_CICFlowMeter_30s_state.csv,TRAIN,2018-02-22 11:04:30,0,1,0
Thursday-22-02-2018_TrafficForML_CICFlowMeter_30s_state.csv,TRAIN,2018-02-22 11:05:00,1,0,1
Thursday-22-02-2018_TrafficForML_CICFlowMeter_30s_state.csv,TRAIN,2018-02-22 11:05:30,0,1,0
Thursday-22-02-2018_TrafficForML_CICFlowMeter_30s_state.csv,TRAIN,2018-02-22 11:06:00,1,0,1
Thursday-22-02-2018_TrafficForML_CICFlowMeter_30s_state.csv,TRAIN,2018-02-22 11:06:30,0,1,0
Thursday-22-02-2018_TrafficForML_CICFlowMeter_30s_state.csv,TRAIN,2018-02-22 11:07:00,1,0,1
Thursday-22-02-2018_TrafficForML_CICFlowMeter_30s_state.csv,TRAIN,2018-02-22 11:07:30,0,1,0
Thursday-22-02-2018_TrafficForML_CICFlowMeter_30s_state.csv,TRAIN,2018-02-22 11:08:00,1,0,1
Thursday-22-02-2018_TrafficForML_CICFlowMeter_30s_state.csv,TRAIN,2018-02-22 11:08:30,0,1,0
Thursday-22-02-2018_TrafficForML_CICFlowMeter_30s_state.csv,TRAIN,2018-02-22 11:09:00,1,0,1
Thursday-22-02-2018_TrafficForML_CICFlowMeter_30s_state.csv,TRAIN,2018-02-22 11:09:30,0,1,0
Thursday-22-02-2018_TrafficForML_CICFlowMeter_30s_state.csv,TRAIN,2018-02-22 11:10:00,1,0,1
Thursday-22-02-2018_TrafficForML_CICFlowMeter_30s_state.csv,TRAIN,2018-02-22 11:10:30,0,1,0
Thursday-22-02-2018_TrafficForML_CICFlowMeter_30s_state.csv,TRAIN,2018-02-22 11:11:00,1,0,1
Thursday-22-02-2018_TrafficForML_CICFlowMeter_30s_state.csv,TRAIN,2018-02-22 11:11:30,0,1,0
Thursday-22-02-2018_TrafficForML_CICFlowMeter_30s_state.csv,TRAIN,2018-02-22 11:12:00,1,0,1
Thursday-22-02-2018_TrafficForML_CICFlowMeter_30s_state.csv,TRAIN,2018-02-22 11:12:30,0,1,0
Thursday-22-02-2018_TrafficForML_CICFlowMeter_30s_state.csv,TRAIN,2018-02-22 11:13:00,1,0,1
Thursday-22-02-2018_TrafficForML_CICFlowMeter_30s_state.csv,TRAIN,2018-02-22 11:13:30,0,1,0
Thursday-22-02-2018_TrafficForML_CICFlowMeter_30s_state.csv,TRAIN,2018-02-22 11:14:00,1,1,1
Thursday-22-02-2018_TrafficForML_CICFlowMeter_30s_state.csv,TRAIN,2018-02-22 11:14:30,1,1,1
Thursday-22-02-2018_TrafficForML_CICFlowMeter_30s_state.csv,TRAIN,2018-02-22 11:15:00,1,1,1
Thursday-22-02-2018_TrafficForML_CICFlowMeter_30s_state.csv,TRAIN,2018-02-22 11:15:30,1,1,1
Thursday-22-02-2018_TrafficForML_CICFlowMeter_30s_state.csv,TRAIN,2018-02-22 11:16:00,1,1,1
Thursday-22-02-2018_TrafficForML_CICFlowMeter_30s_state.csv,TRAIN,2018-02-22 11:16:30,1,0,1
Thursday-22-02-2018_TrafficForML_CICFlowMeter_30s_state.csv,TRAIN,2018-02-22 11:17:00,0,1,0
Thursday-22-02-2018_TrafficForML_CICFlowMeter_30s_state.csv,TRAIN,2018-02-22 11:17:30,1,0,1
Thursday-22-02-2018_TrafficForML_CICFlowMeter_30s_state.csv,TRAIN,2018-02-22 11:18:00,0,1,0
Thursday-22-02-2018_TrafficForML_CICFlowMeter_30s_state.csv,TRAIN,2018-02-22 11:18:30,1,0,1
Thursday-22-02-2018_TrafficForML_CICFlowMeter_30s_state.csv,TRAIN,2018-02-22 11:19:00,0,1,0
Thursday-22-02-2018_TrafficForML_CICFlowMeter_30s_state.csv,TRAIN,2018-02-22 11:19:30,1,0,1
Thursday-22-02-2018_TrafficForML_CICFlowMeter_30s_state.csv,TRAIN,2018-02-22 11:20:00,0,1,0
Thursday-22-02-2018_TrafficForML_CICFlowMeter_30s_state.csv,TRAIN,2018-02-22 11:20:30,1,0,1
Thursday-22-02-2018_TrafficForML_CICFlowMeter_30s_state.csv,TRAIN,2018-02-22 11:21:00,0,1,0
Thursday-22-02-2018_TrafficForML_CICFlowMeter_30s_state.csv,TRAIN,2018-02-22 11:21:30,1,0,1
Thursday-22-02-2018_TrafficForML_CICFlowMeter_30s_state.csv,TRAIN,2018-02-22 11:22:00,0,1,0
Thursday-22-02-2018_TrafficForML_CICFlowMeter_30s_state.csv,TRAIN,2018-02-22 11:22:30,1,0,1
Thursday-22-02-2018_TrafficForML_CICFlowMeter_30s_state.csv,TRAIN,2018-02-22 11:23:00,0,1,0
Thursday-22-02-2018_TrafficForML_CICFlowMeter_30s_state.csv,TRAIN,2018-02-22 11:23:30,1,0,1
Thursday-22-02-2018_TrafficForML_CICFlowMeter_30s_state.csv,TRAIN,2018-02-22 11:24:00,0,0,0
Thursday-22-02-2018_TrafficForML_CICFlowMeter_30s_state.csv,TRAIN,2018-02-22 11:24:30,0,0,0
Thursday-22-02-2018_TrafficForML_CICFlowMeter_30s_state.csv,TRAIN,2018-02-22 11:25:00,0,0,0
Thursday-22-02-2018_TrafficForML_CICFlowMeter_30s_state.csv,TRAIN,2018-02-22 11:25:30,0,0,0
Thursday-22-02-2018_TrafficForML_CICFlowMeter_30s_state.csv,TRAIN,2018-02-22 11:26:00,0,0,0
Thursday-22-02-2018_TrafficForML_CICFlowMeter_30s_state.csv,TRAIN,2018-02-22 11:26:30,0,0,0
Thursday-22-02-2018_TrafficForML_CICFlowMeter_30s_state.csv,TRAIN,2018-02-22 11:27:00,0,0,0
Thursday-22-02-2018_TrafficForML_CICFlowMeter_30s_state.csv,TRAIN,2018-02-22 11:27:30,0,0,0
Thursday-22-02-2018_TrafficForML_CICFlowMeter_30s_state.csv,TRAIN,2018-02-22 11:28:00,0,0,0
Thursday-22-02-2018_TrafficForML_CICFlowMeter_30s_state.csv,TRAIN,2018-02-22 11:28:30,0,0,0
Thursday-22-02-2018_TrafficForML_CICFlowMeter_30s_state.csv,TRAIN,2018-02-22 11:29:00,0,0,0
Thursday-22-02-2018_TrafficForML_CICFlowMeter_30s_state.csv,TRAIN,2018-02-22 11:29:30,0,0,0
Thursday-22-02-2018_TrafficForML_CICFlowMeter_30s_state.csv,TRAIN,2018-02-22 11:30:00,0,0,0
Thursday-22-02-2018_TrafficForML_CICFlowMeter_30s_state.csv,TRAIN,2018-02-22 11:30:30,0,0,0
Thursday-22-02-2018_TrafficForML_CICFlowMeter_30s_state.csv,TRAIN,2018-02-22 11:31:00,0,0,0
Thursday-22-02-2018_TrafficForML_CICFlowMeter_30s_state.csv,TRAIN,2018-02-22 11:31:30,0,0,0
Thursday-22-02-2018_TrafficForML_CICFlowMeter_30s_state.csv,TRAIN,2018-02-22 11:32:00,0,0,0
Thursday-22-02-2018_TrafficForML_CICFlowMeter_30s_state.csv,TRAIN,2018-02-22 11:32:30,0,0,0
Thursday-22-02-2018_TrafficForML_CICFlowMeter_30s_state.csv,TRAIN,2018-02-22 11:33:00,0,0,0
Thursday-22-02-2018_TrafficForML_CICFlowMeter_30s_state.csv,TRAIN,2018-02-22 11:33:30,0,0,0
Thursday-22-02-2018_TrafficForML_CICFlowMeter_30s_state.csv,TRAIN,2018-02-22 11:34:00,0,0,0
Thursday-22-02-2018_TrafficForML_CICFlowMeter_30s_state.csv,TRAIN,2018-02-22 11:34:30,0,0,0
Thursday-22-02-2018_TrafficForML_CICFlowMeter_30s_state.csv,TRAIN,2018-02-22 11:35:00,0,0,0
Thursday-22-02-2018_TrafficForML_CICFlowMeter_30s_state.csv,TRAIN,2018-02-22 11:35:30,0,0,0
Thursday-22-02-2018_TrafficForML_CICFlowMeter_30s_state.csv,TRAIN,2018-02-22 11:36:00,0,0,0
Thursday-22-02-2018_TrafficForML_CICFlowMeter_30s_state.csv,TRAIN,2018-02-22 11:36:30,0,0,0
Thursday-22-02-2018_TrafficForML_CICFlowMeter_30s_state.csv,TRAIN,2018-02-22 11:37:00,0,0,0
Thursday-22-02-2018_TrafficForML_CICFlowMeter_30s_state.csv,TRAIN,2018-02-22 11:37:30,0,0,0
Thursday-22-02-2018_TrafficForML_CICFlowMeter_30s_state.csv,TRAIN,2018-02-22 11:38:00,0,0,0
Thursday-22-02-2018_TrafficForML_CICFlowMeter_30s_state.csv,TRAIN,2018-02-22 11:38:30,0,0,0
Thursday-22-02-2018_TrafficForML_CICFlowMeter_30s_state.csv,TRAIN,2018-02-22 11:39:00,0,0,0
Thursday-22-02-2018_TrafficForML_CICFlowMeter_30s_state.csv,TRAIN,2018-02-22 11:39:30,0,0,0
Thursday-22-02-2018_TrafficForML_CICFlowMeter_30s_state.csv,TRAIN,2018-02-22 11:40:00,0,0,0
Thursday-22-02-2018_TrafficForML_CICFlowMeter_30s_state.csv,TRAIN,2018-02-22 11:40:30,0,0,0
Thursday-22-02-2018_TrafficForML_CICFlowMeter_30s_state.csv,TRAIN,2018-02-22 11:41:00,0,0,0
Thursday-22-02-2018_TrafficForML_CICFlowMeter_30s_state.csv,TRAIN,2018-02-22 11:41:30,0,0,0
Thursday-22-02-2018_TrafficForML_CICFlowMeter_30s_state.csv,TRAIN,2018-02-22 11:42:00,0,0,0
Thursday-22-02-2018_TrafficForML_CICFlowMeter_30s_state.csv,TRAIN,2018-02-22 11:42:30,0,0,0
Thursday-22-02-2018_TrafficForML_CICFlowMeter_30s_state.csv,TRAIN,2018-02-22 11:43:00,0,0,0
Thursday-22-02-2018_TrafficForML_CICFlowMeter_30s_state.csv,TRAIN,2018-02-22 11:43:30,0,0,0
Thursday-22-02-2018_TrafficForML_CICFlowMeter_30s_state.csv,TRAIN,2018-02-22 11:44:00,0,0,0
Thursday-22-02-2018_TrafficForML_CICFlowMeter_30s_state.csv,TRAIN,2018-02-22 11:44:30,0,0,0
Thursday-22-02-2018_TrafficForML_CICFlowMeter_30s_state.csv,TRAIN,2018-02-22 11:45:00,0,0,0
Thursday-22-02-2018_TrafficForML_CICFlowMeter_30s_state.csv,TRAIN,2018-02-22 11:45:30,0,0,0
Thursday-22-02-2018_TrafficForML_CICFlowMeter_30s_state.csv,TRAIN,2018-02-22 11:46:00,0,0,0
Thursday-22-02-2018_TrafficForML_CICFlowMeter_30s_state.csv,TRAIN,2018-02-22 11:46:30,0,0,0
Thursday-22-02-2018_TrafficForML_CICFlowMeter_30s_state.csv,TRAIN,2018-02-22 11:47:00,0,0,0
Thursday-22-02-2018_TrafficForML_CICFlowMeter_30s_state.csv,TRAIN,2018-02-22 11:47:30,0,0,0
Thursday-22-02-2018_TrafficForML_CICFlowMeter_30s_state.csv,TRAIN,2018-02-22 11:48:00,0,0,0
Thursday-22-02-2018_TrafficForML_CICFlowMeter_30s_state.csv,TRAIN,2018-02-22 11:48:30,0,0,0
Thursday-22-02-2018_TrafficForML_CICFlowMeter_30s_state.csv,TRAIN,2018-02-22 11:49:00,0,0,0
Thursday-22-02-2018_TrafficForML_CICFlowMeter_30s_state.csv,TRAIN,2018-02-22 11:49:30,0,0,0
Thursday-22-02-2018_TrafficForML_CICFlowMeter_30s_state.csv,TRAIN,2018-02-22 11:50:00,0,0,0
Thursday-22-02-2018_TrafficForML_CICFlowMeter_30s_state.csv,TRAIN,2018-02-22 11:50:30,0,0,0
Thursday-22-02-2018_TrafficForML_CICFlowMeter_30s_state.csv,TRAIN,2018-02-22 11:51:00,0,0,0
Thursday-22-02-2018_TrafficForML_CICFlowMeter_30s_state.csv,TRAIN,2018-02-22 11:51:30,0,0,0
Thursday-22-02-2018_TrafficForML_CICFlowMeter_30s_state.csv,TRAIN,2018-02-22 11:52:00,0,0,0
Thursday-22-02-2018_TrafficForML_CICFlowMeter_30s_state.csv,TRAIN,2018-02-22 11:52:30,0,0,0
Thursday-22-02-2018_TrafficForML_CICFlowMeter_30s_state.csv,TRAIN,2018-02-22 11:53:00,0,0,0
Thursday-22-02-2018_TrafficForML_CICFlowMeter_30s_state.csv,TRAIN,2018-02-22 11:53:30,0,0,0
Thursday-22-02-2018_TrafficForML_CICFlowMeter_30s_state.csv,TRAIN,2018-02-22 11:54:00,0,0,0
Thursday-22-02-2018_TrafficForML_CICFlowMeter_30s_state.csv,TRAIN,2018-02-22 11:54:30,0,0,0
Thursday-22-02-2018_TrafficForML_CICFlowMeter_30s_state.csv,TRAIN,2018-02-22 11:55:00,0,0,0
Thursday-22-02-2018_TrafficForML_CICFlowMeter_30s_state.csv,TRAIN,2018-02-22 11:55:30,0,0,0
Thursday-22-02-2018_TrafficForML_CICFlowMeter_30s_state.csv,TRAIN,2018-02-22 11:56:00,0,0,0
Thursday-22-02-2018_TrafficForML_CICFlowMeter_30s_state.csv,TRAIN,2018-02-22 11:56:30,0,0,0
Thursday-22-02-2018_TrafficForML_CICFlowMeter_30s_state.csv,TRAIN,2018-02-22 11:57:00,0,0,0
Thursday-22-02-2018_TrafficForML_CICFlowMeter_30s_state.csv,TRAIN,2018-02-22 11:57:30,0,0,0
Thursday-22-02-2018_TrafficForML_CICFlowMeter_30s_state.csv,TRAIN,2018-02-22 11:58:00,0,0,0
Thursday-22-02-2018_TrafficForML_CICFlowMeter_30s_state.csv,TRAIN,2018-02-22 11:58:30,0,0,0
Thursday-22-02-2018_TrafficForML_CICFlowMeter_30s_state.csv,TRAIN,2018-02-22 11:59:00,0,0,0
Thursday-22-02-2018_TrafficForML_CICFlowMeter_30s_state.csv,TRAIN,2018-02-22 11:59:30,0,0,0
Thursday-22-02-2018_TrafficForML_CICFlowMeter_30s_state.csv,TRAIN,2018-02-22 12:00:00,0,0,0
Thursday-22-02-2018_TrafficForML_CICFlowMeter_30s_state.csv,TRAIN,2018-02-22 12:00:30,0,0,0
Thursday-22-02-2018_TrafficForML_CICFlowMeter_30s_state.csv,TRAIN,2018-02-22 12:01:00,0,0,0
Thursday-22-02-2018_TrafficForML_CICFlowMeter_30s_state.csv,TRAIN,2018-02-22 12:01:30,0,0,0
Thursday-22-02-2018_TrafficForML_CICFlowMeter_30s_state.csv,TRAIN,2018-02-22 12:02:00,0,0,0
Thursday-22-02-2018_TrafficForML_CICFlowMeter_30s_state.csv,TRAIN,2018-02-22 12:02:30,0,0,0
Thursday-22-02-2018_TrafficForML_CICFlowMeter_30s_state.csv,TRAIN,2018-02-22 12:03:00,0,0,0
Thursday-22-02-2018_TrafficForML_CICFlowMeter_30s_state.csv,TRAIN,2018-02-22 12:03:30,0,0,0
Thursday-22-02-2018_TrafficForML_CICFlowMeter_30s_state.csv,TRAIN,2018-02-22 12:04:00,0,0,0
Thursday-22-02-2018_TrafficForML_CICFlowMeter_30s_state.csv,TRAIN,2018-02-22 12:04:30,0,0,0
Thursday-22-02-2018_TrafficForML_CICFlowMeter_30s_state.csv,TRAIN,2018-02-22 12:05:00,0,0,0
Thursday-22-02-2018_TrafficForML_CICFlowMeter_30s_state.csv,TRAIN,2018-02-22 12:05:30,0,0,0
Thursday-22-02-2018_TrafficForML_CICFlowMeter_30s_state.csv,TRAIN,2018-02-22 12:06:00,0,0,0
Thursday-22-02-2018_TrafficForML_CICFlowMeter_30s_state.csv,TRAIN,2018-02-22 12:06:30,0,0,0
Thursday-22-02-2018_TrafficForML_CICFlowMeter_30s_state.csv,TRAIN,2018-02-22 12:07:00,0,0,0
Thursday-22-02-2018_TrafficForML_CICFlowMeter_30s_state.csv,TRAIN,2018-02-22 12:07:30,0,0,0
Thursday-22-02-2018_TrafficForML_CICFlowMeter_30s_state.csv,TRAIN,2018-02-22 12:08:00,0,0,0
Thursday-22-02-2018_TrafficForML_CICFlowMeter_30s_state.csv,TRAIN,2018-02-22 12:08:30,0,0,0
Thursday-22-02-2018_TrafficForML_CICFlowMeter_30s_state.csv,TRAIN,2018-02-22 12:09:00,0,0,0
Thursday-22-02-2018_TrafficForML_CICFlowMeter_30s_state.csv,TRAIN,2018-02-22 12:09:30,0,0,0
Thursday-22-02-2018_TrafficForML_CICFlowMeter_30s_state.csv,TRAIN,2018-02-22 12:10:00,0,0,0
Thursday-22-02-2018_TrafficForML_CICFlowMeter_30s_state.csv,TRAIN,2018-02-22 12:10:30,0,0,0
Thursday-22-02-2018_TrafficForML_CICFlowMeter_30s_state.csv,TRAIN,2018-02-22 12:11:00,0,0,0
Thursday-22-02-2018_TrafficForML_CICFlowMeter_30s_state.csv,TRAIN,2018-02-22 12:11:30,0,0,0
Thursday-22-02-2018_TrafficForML_CICFlowMeter_30s_state.csv,TRAIN,2018-02-22 12:12:00,0,0,0
Thursday-22-02-2018_TrafficForML_CICFlowMeter_30s_state.csv,TRAIN,2018-02-22 12:12:30,0,0,0
Thursday-22-02-2018_TrafficForML_CICFlowMeter_30s_state.csv,TRAIN,2018-02-22 12:13:00,0,0,0
Thursday-22-02-2018_TrafficForML_CICFlowMeter_30s_state.csv,TRAIN,2018-02-22 12:13:30,0,0,0
Thursday-22-02-2018_TrafficForML_CICFlowMeter_30s_state.csv,TRAIN,2018-02-22 12:14:00,0,0,0
Thursday-22-02-2018_TrafficForML_CICFlowMeter_30s_state.csv,TRAIN,2018-02-22 12:14:30,0,0,0
Thursday-22-02-2018_TrafficForML_CICFlowMeter_30s_state.csv,TRAIN,2018-02-22 12:15:00,0,0,0
Thursday-22-02-2018_TrafficForML_CICFlowMeter_30s_state.csv,TRAIN,2018-02-22 12:15:30,0,0,0
Thursday-22-02-2018_TrafficForML_CICFlowMeter_30s_state.csv,TRAIN,2018-02-22 12:16:00,0,0,0
Thursday-22-02-2018_TrafficForML_CICFlowMeter_30s_state.csv,TRAIN,2018-02-22 12:16:30,0,0,0
Thursday-22-02-2018_TrafficForML_CICFlowMeter_30s_state.csv,TRAIN,2018-02-22 12:17:00,0,0,0
Thursday-22-02-2018_TrafficForML_CICFlowMeter_30s_state.csv,TRAIN,2018-02-22 12:17:30,0,0,0
Thursday-22-02-2018_TrafficForML_CICFlowMeter_30s_state.csv,TRAIN,2018-02-22 12:18:00,0,0,0
Thursday-22-02-2018_TrafficForML_CICFlowMeter_30s_state.csv,TRAIN,2018-02-22 12:18:30,0,0,0
Thursday-22-02-2018_TrafficForML_CICFlowMeter_30s_state.csv,TRAIN,2018-02-22 12:19:00,0,0,0
Thursday-22-02-2018_TrafficForML_CICFlowMeter_30s_state.csv,TRAIN,2018-02-22 12:19:30,0,0,0
Thursday-22-02-2018_TrafficForML_CICFlowMeter_30s_state.csv,TRAIN,2018-02-22 12:20:00,0,0,0
Thursday-22-02-2018_TrafficForML_CICFlowMeter_30s_state.csv,TRAIN,2018-02-22 12:20:30,0,0,0
Thursday-22-02-2018_TrafficForML_CICFlowMeter_30s_state.csv,TRAIN,2018-02-22 12:21:00,0,0,0
Thursday-22-02-2018_TrafficForML_CICFlowMeter_30s_state.csv,TRAIN,2018-02-22 12:21:30,0,0,0
Thursday-22-02-2018_TrafficForML_CICFlowMeter_30s_state.csv,TRAIN,2018-02-22 12:22:00,0,0,0
Thursday-22-02-2018_TrafficForML_CICFlowMeter_30s_state.csv,TRAIN,2018-02-22 12:22:30,0,0,0
Thursday-22-02-2018_TrafficForML_CICFlowMeter_30s_state.csv,TRAIN,2018-02-22 12:23:00,0,0,0
Thursday-22-02-2018_TrafficForML_CICFlowMeter_30s_state.csv,TRAIN,2018-02-22 12:23:30,0,0,0
Thursday-22-02-2018_TrafficForML_CICFlowMeter_30s_state.csv,TRAIN,2018-02-22 12:24:00,0,0,0
Thursday-22-02-2018_TrafficForML_CICFlowMeter_30s_state.csv,TRAIN,2018-02-22 12:24:30,0,0,0
Thursday-22-02-2018_TrafficForML_CICFlowMeter_30s_state.csv,TRAIN,2018-02-22 12:25:00,0,0,0
Thursday-22-02-2018_TrafficForML_CICFlowMeter_30s_state.csv,TRAIN,2018-02-22 12:25:30,0,0,0
Thursday-22-02-2018_TrafficForML_CICFlowMeter_30s_state.csv,TRAIN,2018-02-22 12:26:00,0,0,0
Thursday-22-02-2018_TrafficForML_CICFlowMeter_30s_state.csv,TRAIN,2018-02-22 12:26:30,0,0,0
Thursday-22-02-2018_TrafficForML_CICFlowMeter_30s_state.csv,TRAIN,2018-02-22 12:27:00,0,0,0
Thursday-22-02-2018_TrafficForML_CICFlowMeter_30s_state.csv,TRAIN,2018-02-22 12:27:30,0,0,0
Thursday-22-02-2018_TrafficForML_CICFlowMeter_30s_state.csv,TRAIN,2018-02-22 12:28:00,0,0,0
Thursday-22-02-2018_TrafficForML_CICFlowMeter_30s_state.csv,TRAIN,2018-02-22 12:28:30,0,0,0
Thursday-22-02-2018_TrafficForML_CICFlowMeter_30s_state.csv,TRAIN,2018-02-22 12:29:00,0,0,0
Thursday-22-02-2018_TrafficForML_CICFlowMeter_30s_state.csv,TRAIN,2018-02-22 12:29:30,0,0,0
Thursday-22-02-2018_TrafficForML_CICFlowMeter_30s_state.csv,TRAIN,2018-02-22 12:30:00,0,0,0
Thursday-22-02-2018_TrafficForML_CICFlowMeter_30s_state.csv,TRAIN,2018-02-22 12:30:30,0,0,0
Thursday-22-02-2018_TrafficForML_CICFlowMeter_30s_state.csv,TRAIN,2018-02-22 12:31:00,0,0,0
Thursday-22-02-2018_TrafficForML_CICFlowMeter_30s_state.csv,TRAIN,2018-02-22 12:31:30,0,0,0
Thursday-22-02-2018_TrafficForML_CICFlowMeter_30s_state.csv,TRAIN,2018-02-22 12:32:00,0,0,0
Thursday-22-02-2018_TrafficForML_CICFlowMeter_30s_state.csv,TRAIN,2018-02-22 12:32:30,0,0,0
Thursday-22-02-2018_TrafficForML_CICFlowMeter_30s_state.csv,TRAIN,2018-02-22 12:33:00,0,0,0
Thursday-22-02-2018_TrafficForML_CICFlowMeter_30s_state.csv,TRAIN,2018-02-22 12:33:30,0,0,0
Thursday-22-02-2018_TrafficForML_CICFlowMeter_30s_state.csv,TRAIN,2018-02-22 12:34:00,0,0,0
Thursday-22-02-2018_TrafficForML_CICFlowMeter_30s_state.csv,TRAIN,2018-02-22 12:34:30,0,0,0
Thursday-22-02-2018_TrafficForML_CICFlowMeter_30s_state.csv,TRAIN,2018-02-22 12:35:00,0,0,0
Thursday-22-02-2018_TrafficForML_CICFlowMeter_30s_state.csv,TRAIN,2018-02-22 12:35:30,0,0,0
Thursday-22-02-2018_TrafficForML_CICFlowMeter_30s_state.csv,TRAIN,2018-02-22 12:36:00,0,0,0
Thursday-22-02-2018_TrafficForML_CICFlowMeter_30s_state.csv,TRAIN,2018-02-22 12:36:30,0,0,0
Thursday-22-02-2018_TrafficForML_CICFlowMeter_30s_state.csv,TRAIN,2018-02-22 12:37:00,0,0,0
Thursday-22-02-2018_TrafficForML_CICFlowMeter_30s_state.csv,TRAIN,2018-02-22 12:37:30,0,0,0
Thursday-22-02-2018_TrafficForML_CICFlowMeter_30s_state.csv,TRAIN,2018-02-22 12:38:00,0,0,0
Thursday-22-02-2018_TrafficForML_CICFlowMeter_30s_state.csv,TRAIN,2018-02-22 12:38:30,0,0,0
Thursday-22-02-2018_TrafficForML_CICFlowMeter_30s_state.csv,TRAIN,2018-02-22 12:39:00,0,0,0
Thursday-22-02-2018_TrafficForML_CICFlowMeter_30s_state.csv,TRAIN,2018-02-22 12:39:30,0,0,0
Thursday-22-02-2018_TrafficForML_CICFlowMeter_30s_state.csv,TRAIN,2018-02-22 12:40:00,0,0,0
Thursday-22-02-2018_TrafficForML_CICFlowMeter_30s_state.csv,TRAIN,2018-02-22 12:40:30,0,0,0
Thursday-22-02-2018_TrafficForML_CICFlowMeter_30s_state.csv,TRAIN,2018-02-22 12:41:00,0,0,0
Thursday-22-02-2018_TrafficForML_CICFlowMeter_30s_state.csv,TRAIN,2018-02-22 12:41:30,0,0,0
Thursday-22-02-2018_TrafficForML_CICFlowMeter_30s_state.csv,TRAIN,2018-02-22 12:42:00,0,0,0
Thursday-22-02-2018_TrafficForML_CICFlowMeter_30s_state.csv,TRAIN,2018-02-22 12:42:30,0,0,0
Thursday-22-02-2018_TrafficForML_CICFlowMeter_30s_state.csv,TRAIN,2018-02-22 12:43:00,0,0,0
Thursday-22-02-2018_TrafficForML_CICFlowMeter_30s_state.csv,TRAIN,2018-02-22 12:43:30,0,0,0
Thursday-22-02-2018_TrafficForML_CICFlowMeter_30s_state.csv,TRAIN,2018-02-22 12:44:00,0,0,0
Thursday-22-02-2018_TrafficForML_CICFlowMeter_30s_state.csv,TRAIN,2018-02-22 12:44:30,0,0,0
Thursday-22-02-2018_TrafficForML_CICFlowMeter_30s_state.csv,TRAIN,2018-02-22 12:45:00,0,0,0
Thursday-22-02-2018_TrafficForML_CICFlowMeter_30s_state.csv,TRAIN,2018-02-22 12:45:30,0,0,0
Thursday-22-02-2018_TrafficForML_CICFlowMeter_30s_state.csv,TRAIN,2018-02-22 12:46:00,0,0,0
Thursday-22-02-2018_TrafficForML_CICFlowMeter_30s_state.csv,TRAIN,2018-02-22 12:46:30,0,0,0
Thursday-22-02-2018_TrafficForML_CICFlowMeter_30s_state.csv,TRAIN,2018-02-22 12:47:00,0,0,0
Thursday-22-02-2018_TrafficForML_CICFlowMeter_30s_state.csv,TRAIN,2018-02-22 12:47:30,0,0,0
Thursday-22-02-2018_TrafficForML_CICFlowMeter_30s_state.csv,TRAIN,2018-02-22 12:48:00,0,0,0
Thursday-22-02-2018_TrafficForML_CICFlowMeter_30s_state.csv,TRAIN,2018-02-22 12:48:30,0,0,0
Thursday-22-02-2018_TrafficForML_CICFlowMeter_30s_state.csv,TRAIN,2018-02-22 12:49:00,0,0,0
Thursday-22-02-2018_TrafficForML_CICFlowMeter_30s_state.csv,TRAIN,2018-02-22 12:49:30,0,0,0
Thursday-22-02-2018_TrafficForML_CICFlowMeter_30s_state.csv,TRAIN,2018-02-22 12:50:00,0,0,0
Thursday-22-02-2018_TrafficForML_CICFlowMeter_30s_state.csv,TRAIN,2018-02-22 12:50:30,0,0,0
Thursday-22-02-2018_TrafficForML_CICFlowMeter_30s_state.csv,TRAIN,2018-02-22 12:51:00,0,0,0
Thursday-22-02-2018_TrafficForML_CICFlowMeter_30s_state.csv,TRAIN,2018-02-22 12:51:30,0,0,0
Thursday-22-02-2018_TrafficForML_CICFlowMeter_30s_state.csv,TRAIN,2018-02-22 12:52:00,0,0,0
Thursday-22-02-2018_TrafficForML_CICFlowMeter_30s_state.csv,TRAIN,2018-02-22 12:52:30,0,0,0
Thursday-22-02-2018_TrafficForML_CICFlowMeter_30s_state.csv,TRAIN,2018-02-22 12:53:00,0,0,0
Thursday-22-02-2018_TrafficForML_CICFlowMeter_30s_state.csv,TRAIN,2018-02-22 12:53:30,0,0,0
Thursday-22-02-2018_TrafficForML_CICFlowMeter_30s_state.csv,TRAIN,2018-02-22 12:54:00,0,0,0
Thursday-22-02-2018_TrafficForML_CICFlowMeter_30s_state.csv,TRAIN,2018-02-22 12:54:30,0,0,0
Thursday-22-02-2018_TrafficForML_CICFlowMeter_30s_state.csv,TRAIN,2018-02-22 12:55:00,0,0,0
Thursday-22-02-2018_TrafficForML_CICFlowMeter_30s_state.csv,TRAIN,2018-02-22 12:55:30,0,0,0
Thursday-22-02-2018_TrafficForML_CICFlowMeter_30s_state.csv,TRAIN,2018-02-22 12:56:00,0,0,0
Thursday-22-02-2018_TrafficForML_CICFlowMeter_30s_state.csv,TRAIN,2018-02-22 12:56:30,0,0,0
Thursday-22-02-2018_TrafficForML_CICFlowMeter_30s_state.csv,TRAIN,2018-02-22 12:57:00,0,0,0
Thursday-22-02-2018_TrafficForML_CICFlowMeter_30s_state.csv,TRAIN,2018-02-22 12:57:30,0,0,0
Thursday-22-02-2018_TrafficForML_CICFlowMeter_30s_state.csv,TRAIN,2018-02-22 12:58:00,0,0,0
Thursday-22-02-2018_TrafficForML_CICFlowMeter_30s_state.csv,TRAIN,2018-02-22 12:58:30,0,0,0
Thursday-22-02-2018_TrafficForML_CICFlowMeter_30s_state.csv,TRAIN,2018-02-22 12:59:00,0,0,0
Thursday-22-02-2018_TrafficForML_CICFlowMeter_30s_state.csv,TRAIN,2018-02-22 12:59:30,0,0,0
Wednesday-14-02-2018_TrafficForML_CICFlowMeter_30s_state.csv,TRAIN,2018-02-14 01:05:30,0,0,0
Wednesday-14-02-2018_TrafficForML_CICFlowMeter_30s_state.csv,TRAIN,2018-02-14 01:06:00,0,0,0
Wednesday-14-02-2018_TrafficForML_CICFlowMeter_30s_state.csv,TRAIN,2018-02-14 01:06:30,0,0,0
Wednesday-14-02-2018_TrafficForML_CICFlowMeter_30s_state.csv,TRAIN,2018-02-14 01:07:00,0,0,0
Wednesday-14-02-2018_TrafficForML_CICFlowMeter_30s_state.csv,TRAIN,2018-02-14 01:07:30,0,0,0
Wednesday-14-02-2018_TrafficForML_CICFlowMeter_30s_state.csv,TRAIN,2018-02-14 01:08:00,0,0,0
Wednesday-14-02-2018_TrafficForML_CICFlowMeter_30s_state.csv,TRAIN,2018-02-14 01:08:30,0,0,0
Wednesday-14-02-2018_TrafficForML_CICFlowMeter_30s_state.csv,TRAIN,2018-02-14 01:09:00,0,0,0
Wednesday-14-02-2018_TrafficForML_CICFlowMeter_30s_state.csv,TRAIN,2018-02-14 01:09:30,0,0,0
Wednesday-14-02-2018_TrafficForML_CICFlowMeter_30s_state.csv,TRAIN,2018-02-14 01:10:00,0,0,0
Wednesday-14-02-2018_TrafficForML_CICFlowMeter_30s_state.csv,TRAIN,2018-02-14 01:10:30,0,0,0
Wednesday-14-02-2018_TrafficForML_CICFlowMeter_30s_state.csv,TRAIN,2018-02-14 01:11:00,0,0,0
Wednesday-14-02-2018_TrafficForML_CICFlowMeter_30s_state.csv,TRAIN,2018-02-14 01:11:30,0,0,0
Wednesday-14-02-2018_TrafficForML_CICFlowMeter_30s_state.csv,TRAIN,2018-02-14 01:12:00,0,0,0
Wednesday-14-02-2018_TrafficForML_CICFlowMeter_30s_state.csv,TRAIN,2018-02-14 01:12:30,0,0,0
Wednesday-14-02-2018_TrafficForML_CICFlowMeter_30s_state.csv,TRAIN,2018-02-14 01:13:00,0,0,0
Wednesday-14-02-2018_TrafficForML_CICFlowMeter_30s_state.csv,TRAIN,2018-02-14 01:13:30,0,0,0
Wednesday-14-02-2018_TrafficForML_CICFlowMeter_30s_state.csv,TRAIN,2018-02-14 01:14:00,0,0,0
Wednesday-14-02-2018_TrafficForML_CICFlowMeter_30s_state.csv,TRAIN,2018-02-14 01:14:30,0,0,0
Wednesday-14-02-2018_TrafficForML_CICFlowMeter_30s_state.csv,TRAIN,2018-02-14 01:15:00,0,0,0
Wednesday-14-02-2018_TrafficForML_CICFlowMeter_30s_state.csv,TRAIN,2018-02-14 01:15:30,0,0,0
Wednesday-14-02-2018_TrafficForML_CICFlowMeter_30s_state.csv,TRAIN,2018-02-14 01:16:00,0,0,0
Wednesday-14-02-2018_TrafficForML_CICFlowMeter_30s_state.csv,TRAIN,2018-02-14 01:16:30,0,0,0
Wednesday-14-02-2018_TrafficForML_CICFlowMeter_30s_state.csv,TRAIN,2018-02-14 01:17:00,0,0,0
Wednesday-14-02-2018_TrafficForML_CICFlowMeter_30s_state.csv,TRAIN,2018-02-14 01:17:30,0,0,0
Wednesday-14-02-2018_TrafficForML_CICFlowMeter_30s_state.csv,TRAIN,2018-02-14 01:18:00,0,0,0
Wednesday-14-02-2018_TrafficForML_CICFlowMeter_30s_state.csv,TRAIN,2018-02-14 01:18:30,0,0,0
Wednesday-14-02-2018_TrafficForML_CICFlowMeter_30s_state.csv,TRAIN,2018-02-14 01:19:00,0,0,0
Wednesday-14-02-2018_TrafficForML_CICFlowMeter_30s_state.csv,TRAIN,2018-02-14 01:19:30,0,0,0
Wednesday-14-02-2018_TrafficForML_CICFlowMeter_30s_state.csv,TRAIN,2018-02-14 01:20:00,0,0,0
Wednesday-14-02-2018_TrafficForML_CICFlowMeter_30s_state.csv,TRAIN,2018-02-14 01:20:30,0,0,0
Wednesday-14-02-2018_TrafficForML_CICFlowMeter_30s_state.csv,TRAIN,2018-02-14 01:21:00,0,0,0
Wednesday-14-02-2018_TrafficForML_CICFlowMeter_30s_state.csv,TRAIN,2018-02-14 01:21:30,0,0,0
Wednesday-14-02-2018_TrafficForML_CICFlowMeter_30s_state.csv,TRAIN,2018-02-14 01:22:00,0,0,0
Wednesday-14-02-2018_TrafficForML_CICFlowMeter_30s_state.csv,TRAIN,2018-02-14 01:22:30,0,0,0
Wednesday-14-02-2018_TrafficForML_CICFlowMeter_30s_state.csv,TRAIN,2018-02-14 01:23:00,0,0,0
Wednesday-14-02-2018_TrafficForML_CICFlowMeter_30s_state.csv,TRAIN,2018-02-14 01:23:30,0,0,0
Wednesday-14-02-2018_TrafficForML_CICFlowMeter_30s_state.csv,TRAIN,2018-02-14 01:24:00,0,0,0
Wednesday-14-02-2018_TrafficForML_CICFlowMeter_30s_state.csv,TRAIN,2018-02-14 01:24:30,0,0,0
Wednesday-14-02-2018_TrafficForML_CICFlowMeter_30s_state.csv,TRAIN,2018-02-14 01:25:00,0,0,0
Wednesday-14-02-2018_TrafficForML_CICFlowMeter_30s_state.csv,TRAIN,2018-02-14 01:25:30,0,0,0
Wednesday-14-02-2018_TrafficForML_CICFlowMeter_30s_state.csv,TRAIN,2018-02-14 01:26:00,0,0,0
Wednesday-14-02-2018_TrafficForML_CICFlowMeter_30s_state.csv,TRAIN,2018-02-14 01:26:30,0,0,0
Wednesday-14-02-2018_TrafficForML_CICFlowMeter_30s_state.csv,TRAIN,2018-02-14 01:27:00,0,0,0
Wednesday-14-02-2018_TrafficForML_CICFlowMeter_30s_state.csv,TRAIN,2018-02-14 01:27:30,0,0,0
Wednesday-14-02-2018_TrafficForML_CICFlowMeter_30s_state.csv,TRAIN,2018-02-14 01:28:00,0,0,0
Wednesday-14-02-2018_TrafficForML_CICFlowMeter_30s_state.csv,TRAIN,2018-02-14 01:28:30,0,0,0
Wednesday-14-02-2018_TrafficForML_CICFlowMeter_30s_state.csv,TRAIN,2018-02-14 01:29:00,0,0,0
Wednesday-14-02-2018_TrafficForML_CICFlowMeter_30s_state.csv,TRAIN,2018-02-14 01:29:30,0,0,0
Wednesday-14-02-2018_TrafficForML_CICFlowMeter_30s_state.csv,TRAIN,2018-02-14 01:30:00,0,0,0
Wednesday-14-02-2018_TrafficForML_CICFlowMeter_30s_state.csv,TRAIN,2018-02-14 01:30:30,0,0,0
Wednesday-14-02-2018_TrafficForML_CICFlowMeter_30s_state.csv,TRAIN,2018-02-14 01:31:00,0,0,0
Wednesday-14-02-2018_TrafficForML_CICFlowMeter_30s_state.csv,TRAIN,2018-02-14 01:31:30,0,0,0
Wednesday-14-02-2018_TrafficForML_CICFlowMeter_30s_state.csv,TRAIN,2018-02-14 01:32:00,0,0,0
Wednesday-14-02-2018_TrafficForML_CICFlowMeter_30s_state.csv,TRAIN,2018-02-14 01:32:30,0,0,0
Wednesday-14-02-2018_TrafficForML_CICFlowMeter_30s_state.csv,TRAIN,2018-02-14 01:33:00,0,0,0
Wednesday-14-02-2018_TrafficForML_CICFlowMeter_30s_state.csv,TRAIN,2018-02-14 01:33:30,0,0,0
Wednesday-14-02-2018_TrafficForML_CICFlowMeter_30s_state.csv,TRAIN,2018-02-14 01:34:00,0,0,0
Wednesday-14-02-2018_TrafficForML_CICFlowMeter_30s_state.csv,TRAIN,2018-02-14 01:34:30,0,0,0
Wednesday-14-02-2018_TrafficForML_CICFlowMeter_30s_state.csv,TRAIN,2018-02-14 01:35:00,0,0,0
Wednesday-14-02-2018_TrafficForML_CICFlowMeter_30s_state.csv,TRAIN,2018-02-14 01:35:30,0,0,0
Wednesday-14-02-2018_TrafficForML_CICFlowMeter_30s_state.csv,TRAIN,2018-02-14 01:36:00,0,0,0
Wednesday-14-02-2018_TrafficForML_CICFlowMeter_30s_state.csv,TRAIN,2018-02-14 01:36:30,0,0,0
Wednesday-14-02-2018_TrafficForML_CICFlowMeter_30s_state.csv,TRAIN,2018-02-14 01:37:00,0,0,0
Wednesday-14-02-2018_TrafficForML_CICFlowMeter_30s_state.csv,TRAIN,2018-02-14 01:37:30,0,0,0
Wednesday-14-02-2018_TrafficForML_CICFlowMeter_30s_state.csv,TRAIN,2018-02-14 01:38:00,0,0,0
Wednesday-14-02-2018_TrafficForML_CICFlowMeter_30s_state.csv,TRAIN,2018-02-14 01:38:30,0,0,0
Wednesday-14-02-2018_TrafficForML_CICFlowMeter_30s_state.csv,TRAIN,2018-02-14 01:39:00,0,0,0
Wednesday-14-02-2018_TrafficForML_CICFlowMeter_30s_state.csv,TRAIN,2018-02-14 01:39:30,0,0,0
Wednesday-14-02-2018_TrafficForML_CICFlowMeter_30s_state.csv,TRAIN,2018-02-14 01:40:00,0,0,0
Wednesday-14-02-2018_TrafficForML_CICFlowMeter_30s_state.csv,TRAIN,2018-02-14 01:40:30,0,0,0
Wednesday-14-02-2018_TrafficForML_CICFlowMeter_30s_state.csv,TRAIN,2018-02-14 01:41:00,0,0,0
Wednesday-14-02-2018_TrafficForML_CICFlowMeter_30s_state.csv,TRAIN,2018-02-14 01:41:30,0,0,0
Wednesday-14-02-2018_TrafficForML_CICFlowMeter_30s_state.csv,TRAIN,2018-02-14 01:42:00,0,0,0
Wednesday-14-02-2018_TrafficForML_CICFlowMeter_30s_state.csv,TRAIN,2018-02-14 01:42:30,0,0,0
Wednesday-14-02-2018_TrafficForML_CICFlowMeter_30s_state.csv,TRAIN,2018-02-14 01:43:00,0,0,0
Wednesday-14-02-2018_TrafficForML_CICFlowMeter_30s_state.csv,TRAIN,2018-02-14 01:43:30,0,0,0
Wednesday-14-02-2018_TrafficForML_CICFlowMeter_30s_state.csv,TRAIN,2018-02-14 01:44:00,0,0,0
Wednesday-14-02-2018_TrafficForML_CICFlowMeter_30s_state.csv,TRAIN,2018-02-14 01:44:30,0,0,0
Wednesday-14-02-2018_TrafficForML_CICFlowMeter_30s_state.csv,TRAIN,2018-02-14 01:45:00,0,0,0
Wednesday-14-02-2018_TrafficForML_CICFlowMeter_30s_state.csv,TRAIN,2018-02-14 01:45:30,0,0,0
Wednesday-14-02-2018_TrafficForML_CICFlowMeter_30s_state.csv,TRAIN,2018-02-14 01:46:00,0,0,0
Wednesday-14-02-2018_TrafficForML_CICFlowMeter_30s_state.csv,TRAIN,2018-02-14 01:46:30,0,0,0
Wednesday-14-02-2018_TrafficForML_CICFlowMeter_30s_state.csv,TRAIN,2018-02-14 01:47:00,0,0,0
Wednesday-14-02-2018_TrafficForML_CICFlowMeter_30s_state.csv,TRAIN,2018-02-14 01:47:30,0,0,0
Wednesday-14-02-2018_TrafficForML_CICFlowMeter_30s_state.csv,TRAIN,2018-02-14 01:48:00,0,0,0
Wednesday-14-02-2018_TrafficForML_CICFlowMeter_30s_state.csv,TRAIN,2018-02-14 01:48:30,0,0,0
Wednesday-14-02-2018_TrafficForML_CICFlowMeter_30s_state.csv,TRAIN,2018-02-14 01:49:00,0,0,0
Wednesday-14-02-2018_TrafficForML_CICFlowMeter_30s_state.csv,TRAIN,2018-02-14 01:49:30,0,0,0
Wednesday-14-02-2018_TrafficForML_CICFlowMeter_30s_state.csv,TRAIN,2018-02-14 01:50:00,0,0,0
Wednesday-14-02-2018_TrafficForML_CICFlowMeter_30s_state.csv,TRAIN,2018-02-14 01:50:30,0,0,0
Wednesday-14-02-2018_TrafficForML_CICFlowMeter_30s_state.csv,TRAIN,2018-02-14 01:51:00,0,0,0
Wednesday-14-02-2018_TrafficForML_CICFlowMeter_30s_state.csv,TRAIN,2018-02-14 01:51:30,0,0,0
Wednesday-14-02-2018_TrafficForML_CICFlowMeter_30s_state.csv,TRAIN,2018-02-14 01:52:00,0,0,0
Wednesday-14-02-2018_TrafficForML_CICFlowMeter_30s_state.csv,TRAIN,2018-02-14 01:52:30,0,0,0
Wednesday-14-02-2018_TrafficForML_CICFlowMeter_30s_state.csv,TRAIN,2018-02-14 01:53:00,0,0,0
Wednesday-14-02-2018_TrafficForML_CICFlowMeter_30s_state.csv,TRAIN,2018-02-14 01:53:30,0,0,0
Wednesday-14-02-2018_TrafficForML_CICFlowMeter_30s_state.csv,TRAIN,2018-02-14 01:54:00,0,0,0
Wednesday-14-02-2018_TrafficForML_CICFlowMeter_30s_state.csv,TRAIN,2018-02-14 01:54:30,0,0,0
Wednesday-14-02-2018_TrafficForML_CICFlowMeter_30s_state.csv,TRAIN,2018-02-14 01:55:00,0,0,0
Wednesday-14-02-2018_TrafficForML_CICFlowMeter_30s_state.csv,TRAIN,2018-02-14 01:55:30,0,0,0
Wednesday-14-02-2018_TrafficForML_CICFlowMeter_30s_state.csv,TRAIN,2018-02-14 01:56:00,0,0,0
Wednesday-14-02-2018_TrafficForML_CICFlowMeter_30s_state.csv,TRAIN,2018-02-14 01:56:30,0,0,0
Wednesday-14-02-2018_TrafficForML_CICFlowMeter_30s_state.csv,TRAIN,2018-02-14 01:57:00,0,0,0
Wednesday-14-02-2018_TrafficForML_CICFlowMeter_30s_state.csv,TRAIN,2018-02-14 01:57:30,0,0,0
Wednesday-14-02-2018_TrafficForML_CICFlowMeter_30s_state.csv,TRAIN,2018-02-14 01:58:00,0,0,0
Wednesday-14-02-2018_TrafficForML_CICFlowMeter_30s_state.csv,TRAIN,2018-02-14 01:58:30,0,0,0
Wednesday-14-02-2018_TrafficForML_CICFlowMeter_30s_state.csv,TRAIN,2018-02-14 01:59:00,0,0,0
Wednesday-14-02-2018_TrafficForML_CICFlowMeter_30s_state.csv,TRAIN,2018-02-14 01:59:30,0,0,0
Wednesday-14-02-2018_TrafficForML_CICFlowMeter_30s_state.csv,TRAIN,2018-02-14 02:00:00,0,0,0
Wednesday-14-02-2018_TrafficForML_CICFlowMeter_30s_state.csv,TRAIN,2018-02-14 02:00:30,0,0,0
Wednesday-14-02-2018_TrafficForML_CICFlowMeter_30s_state.csv,TRAIN,2018-02-14 02:01:00,0,1,0
Wednesday-14-02-2018_TrafficForML_CICFlowMeter_30s_state.csv,TRAIN,2018-02-14 02:01:30,1,1,1
Wednesday-14-02-2018_TrafficForML_CICFlowMeter_30s_state.csv,TRAIN,2018-02-14 02:02:00,1,1,1
Wednesday-14-02-2018_TrafficForML_CICFlowMeter_30s_state.csv,TRAIN,2018-02-14 02:02:30,1,1,1
Wednesday-14-02-2018_TrafficForML_CICFlowMeter_30s_state.csv,TRAIN,2018-02-14 02:03:00,1,1,1
Wednesday-14-02-2018_TrafficForML_CICFlowMeter_30s_state.csv,TRAIN,2018-02-14 02:03:30,1,1,1
Wednesday-14-02-2018_TrafficForML_CICFlowMeter_30s_state.csv,TRAIN,2018-02-14 02:04:00,1,1,1
Wednesday-14-02-2018_TrafficForML_CICFlowMeter_30s_state.csv,TRAIN,2018-02-14 02:04:30,1,1,1
Wednesday-14-02-2018_TrafficForML_CICFlowMeter_30s_state.csv,TRAIN,2018-02-14 02:05:00,1,1,1
Wednesday-14-02-2018_TrafficForML_CICFlowMeter_30s_state.csv,TRAIN,2018-02-14 02:05:30,1,1,1
Wednesday-14-02-2018_TrafficForML_CICFlowMeter_30s_state.csv,TRAIN,2018-02-14 02:06:00,1,1,1
Wednesday-14-02-2018_TrafficForML_CICFlowMeter_30s_state.csv,TRAIN,2018-02-14 02:06:30,1,1,1
Wednesday-14-02-2018_TrafficForML_CICFlowMeter_30s_state.csv,TRAIN,2018-02-14 02:07:00,1,1,1
Wednesday-14-02-2018_TrafficForML_CICFlowMeter_30s_state.csv,TRAIN,2018-02-14 02:07:30,1,1,1
Wednesday-14-02-2018_TrafficForML_CICFlowMeter_30s_state.csv,TRAIN,2018-02-14 02:08:00,1,1,1
Wednesday-14-02-2018_TrafficForML_CICFlowMeter_30s_state.csv,TRAIN,2018-02-14 02:08:30,1,1,1
Wednesday-14-02-2018_TrafficForML_CICFlowMeter_30s_state.csv,TRAIN,2018-02-14 02:09:00,1,1,1
Wednesday-14-02-2018_TrafficForML_CICFlowMeter_30s_state.csv,TRAIN,2018-02-14 02:09:30,1,1,1
Wednesday-14-02-2018_TrafficForML_CICFlowMeter_30s_state.csv,TRAIN,2018-02-14 02:10:00,1,1,1
Wednesday-14-02-2018_TrafficForML_CICFlowMeter_30s_state.csv,TRAIN,2018-02-14 02:10:30,1,1,1
Wednesday-14-02-2018_TrafficForML_CICFlowMeter_30s_state.csv,TRAIN,2018-02-14 02:11:00,1,1,1
Wednesday-14-02-2018_TrafficForML_CICFlowMeter_30s_state.csv,TRAIN,2018-02-14 02:11:30,1,1,1
Wednesday-14-02-2018_TrafficForML_CICFlowMeter_30s_state.csv,TRAIN,2018-02-14 02:12:00,1,1,1
Wednesday-14-02-2018_TrafficForML_CICFlowMeter_30s_state.csv,TRAIN,2018-02-14 02:12:30,1,1,1
Wednesday-14-02-2018_TrafficForML_CICFlowMeter_30s_state.csv,TRAIN,2018-02-14 02:13:00,1,1,1
Wednesday-14-02-2018_TrafficForML_CICFlowMeter_30s_state.csv,TRAIN,2018-02-14 02:13:30,1,1,1
Wednesday-14-02-2018_TrafficForML_CICFlowMeter_30s_state.csv,TRAIN,2018-02-14 02:14:00,1,1,1
Wednesday-14-02-2018_TrafficForML_CICFlowMeter_30s_state.csv,TRAIN,2018-02-14 02:14:30,1,1,1
Wednesday-14-02-2018_TrafficForML_CICFlowMeter_30s_state.csv,TRAIN,2018-02-14 02:15:00,1,1,1
Wednesday-14-02-2018_TrafficForML_CICFlowMeter_30s_state.csv,TRAIN,2018-02-14 02:15:30,1,1,1
Wednesday-14-02-2018_TrafficForML_CICFlowMeter_30s_state.csv,TRAIN,2018-02-14 02:16:00,1,1,1
Wednesday-14-02-2018_TrafficForML_CICFlowMeter_30s_state.csv,TRAIN,2018-02-14 02:16:30,1,1,1
Wednesday-14-02-2018_TrafficForML_CICFlowMeter_30s_state.csv,TRAIN,2018-02-14 02:17:00,1,1,1
Wednesday-14-02-2018_TrafficForML_CICFlowMeter_30s_state.csv,TRAIN,2018-02-14 02:17:30,1,1,1
Wednesday-14-02-2018_TrafficForML_CICFlowMeter_30s_state.csv,TRAIN,2018-02-14 02:18:00,1,1,1
Wednesday-14-02-2018_TrafficForML_CICFlowMeter_30s_state.csv,TRAIN,2018-02-14 02:18:30,1,1,1
Wednesday-14-02-2018_TrafficForML_CICFlowMeter_30s_state.csv,TRAIN,2018-02-14 02:19:00,1,1,1
Wednesday-14-02-2018_TrafficForML_CICFlowMeter_30s_state.csv,TRAIN,2018-02-14 02:19:30,1,1,1
Wednesday-14-02-2018_TrafficForML_CICFlowMeter_30s_state.csv,TRAIN,2018-02-14 02:20:00,1,1,1
Wednesday-14-02-2018_TrafficForML_CICFlowMeter_30s_state.csv,TRAIN,2018-02-14 02:20:30,1,1,1
Wednesday-14-02-2018_TrafficForML_CICFlowMeter_30s_state.csv,TRAIN,2018-02-14 02:21:00,1,1,1
Wednesday-14-02-2018_TrafficForML_CICFlowMeter_30s_state.csv,TRAIN,2018-02-14 02:21:30,1,1,1
Wednesday-14-02-2018_TrafficForML_CICFlowMeter_30s_state.csv,TRAIN,2018-02-14 02:22:00,1,1,1
Wednesday-14-02-2018_TrafficForML_CICFlowMeter_30s_state.csv,TRAIN,2018-02-14 02:22:30,1,1,1
Wednesday-14-02-2018_TrafficForML_CICFlowMeter_30s_state.csv,TRAIN,2018-02-14 02:23:00,1,1,1
Wednesday-14-02-2018_TrafficForML_CICFlowMeter_30s_state.csv,TRAIN,2018-02-14 02:23:30,1,1,1
Wednesday-14-02-2018_TrafficForML_CICFlowMeter_30s_state.csv,TRAIN,2018-02-14 02:24:00,1,1,1
Wednesday-14-02-2018_TrafficForML_CICFlowMeter_30s_state.csv,TRAIN,2018-02-14 02:24:30,1,1,1
Wednesday-14-02-2018_TrafficForML_CICFlowMeter_30s_state.csv,TRAIN,2018-02-14 02:25:00,1,1,1
Wednesday-14-02-2018_TrafficForML_CICFlowMeter_30s_state.csv,TRAIN,2018-02-14 02:25:30,1,1,1
Wednesday-14-02-2018_TrafficForML_CICFlowMeter_30s_state.csv,TRAIN,2018-02-14 02:26:00,1,1,1
Wednesday-14-02-2018_TrafficForML_CICFlowMeter_30s_state.csv,TRAIN,2018-02-14 02:26:30,1,1,1
Wednesday-14-02-2018_TrafficForML_CICFlowMeter_30s_state.csv,TRAIN,2018-02-14 02:27:00,1,1,1
Wednesday-14-02-2018_TrafficForML_CICFlowMeter_30s_state.csv,TRAIN,2018-02-14 02:27:30,1,1,1
Wednesday-14-02-2018_TrafficForML_CICFlowMeter_30s_state.csv,TRAIN,2018-02-14 02:28:00,1,1,1
Wednesday-14-02-2018_TrafficForML_CICFlowMeter_30s_state.csv,TRAIN,2018-02-14 02:28:30,1,1,1
Wednesday-14-02-2018_TrafficForML_CICFlowMeter_30s_state.csv,TRAIN,2018-02-14 02:29:00,1,1,1
Wednesday-14-02-2018_TrafficForML_CICFlowMeter_30s_state.csv,TRAIN,2018-02-14 02:29:30,1,1,1
Wednesday-14-02-2018_TrafficForML_CICFlowMeter_30s_state.csv,TRAIN,2018-02-14 02:30:00,1,1,1
Wednesday-14-02-2018_TrafficForML_CICFlowMeter_30s_state.csv,TRAIN,2018-02-14 02:30:30,1,1,1
Wednesday-14-02-2018_TrafficForML_CICFlowMeter_30s_state.csv,TRAIN,2018-02-14 02:31:00,1,1,1
Wednesday-14-02-2018_TrafficForML_CICFlowMeter_30s_state.csv,TRAIN,2018-02-14 02:31:30,1,1,1
Wednesday-14-02-2018_TrafficForML_CICFlowMeter_30s_state.csv,TRAIN,2018-02-14 02:32:00,1,1,1
Wednesday-14-02-2018_TrafficForML_CICFlowMeter_30s_state.csv,TRAIN,2018-02-14 02:32:30,1,1,1
Wednesday-14-02-2018_TrafficForML_CICFlowMeter_30s_state.csv,TRAIN,2018-02-14 02:33:00,1,1,1
Wednesday-14-02-2018_TrafficForML_CICFlowMeter_30s_state.csv,TRAIN,2018-02-14 02:33:30,1,1,1
Wednesday-14-02-2018_TrafficForML_CICFlowMeter_30s_state.csv,TRAIN,2018-02-14 02:34:00,1,1,1
Wednesday-14-02-2018_TrafficForML_CICFlowMeter_30s_state.csv,TRAIN,2018-02-14 02:34:30,1,1,1
Wednesday-14-02-2018_TrafficForML_CICFlowMeter_30s_state.csv,TRAIN,2018-02-14 02:35:00,1,1,1
Wednesday-14-02-2018_TrafficForML_CICFlowMeter_30s_state.csv,TRAIN,2018-02-14 02:35:30,1,1,1
Wednesday-14-02-2018_TrafficForML_CICFlowMeter_30s_state.csv,TRAIN,2018-02-14 02:36:00,1,1,1
Wednesday-14-02-2018_TrafficForML_CICFlowMeter_30s_state.csv,TRAIN,2018-02-14 02:36:30,1,1,1
Wednesday-14-02-2018_TrafficForML_CICFlowMeter_30s_state.csv,TRAIN,2018-02-14 02:37:00,1,1,1
Wednesday-14-02-2018_TrafficForML_CICFlowMeter_30s_state.csv,TRAIN,2018-02-14 02:37:30,1,1,1
Wednesday-14-02-2018_TrafficForML_CICFlowMeter_30s_state.csv,TRAIN,2018-02-14 02:38:00,1,1,1
Wednesday-14-02-2018_TrafficForML_CICFlowMeter_30s_state.csv,TRAIN,2018-02-14 02:38:30,1,1,1
Wednesday-14-02-2018_TrafficForML_CICFlowMeter_30s_state.csv,TRAIN,2018-02-14 02:39:00,1,1,1
Wednesday-14-02-2018_TrafficForML_CICFlowMeter_30s_state.csv,TRAIN,2018-02-14 02:39:30,1,1,1
Wednesday-14-02-2018_TrafficForML_CICFlowMeter_30s_state.csv,TRAIN,2018-02-14 02:40:00,1,1,1
Wednesday-14-02-2018_TrafficForML_CICFlowMeter_30s_state.csv,TRAIN,2018-02-14 02:40:30,1,1,1
Wednesday-14-02-2018_TrafficForML_CICFlowMeter_30s_state.csv,TRAIN,2018-02-14 02:41:00,1,1,1
Wednesday-14-02-2018_TrafficForML_CICFlowMeter_30s_state.csv,TRAIN,2018-02-14 02:41:30,1,1,1
Wednesday-14-02-2018_TrafficForML_CICFlowMeter_30s_state.csv,TRAIN,2018-02-14 02:42:00,1,1,1
Wednesday-14-02-2018_TrafficForML_CICFlowMeter_30s_state.csv,TRAIN,2018-02-14 02:42:30,1,1,1
Wednesday-14-02-2018_TrafficForML_CICFlowMeter_30s_state.csv,TRAIN,2018-02-14 02:43:00,1,1,1
Wednesday-14-02-2018_TrafficForML_CICFlowMeter_30s_state.csv,TRAIN,2018-02-14 02:43:30,1,1,1
Wednesday-14-02-2018_TrafficForML_CICFlowMeter_30s_state.csv,TRAIN,2018-02-14 02:44:00,1,1,1
Wednesday-14-02-2018_TrafficForML_CICFlowMeter_30s_state.csv,TRAIN,2018-02-14 02:44:30,1,1,1
Wednesday-14-02-2018_TrafficForML_CICFlowMeter_30s_state.csv,TRAIN,2018-02-14 02:45:00,1,1,1
Wednesday-14-02-2018_TrafficForML_CICFlowMeter_30s_state.csv,TRAIN,2018-02-14 02:45:30,1,1,1
Wednesday-14-02-2018_TrafficForML_CICFlowMeter_30s_state.csv,TRAIN,2018-02-14 02:46:00,1,1,1
Wednesday-14-02-2018_TrafficForML_CICFlowMeter_30s_state.csv,TRAIN,2018-02-14 02:46:30,1,1,1
Wednesday-14-02-2018_TrafficForML_CICFlowMeter_30s_state.csv,TRAIN,2018-02-14 02:47:00,1,1,1
Wednesday-14-02-2018_TrafficForML_CICFlowMeter_30s_state.csv,TRAIN,2018-02-14 02:47:30,1,1,1
Wednesday-14-02-2018_TrafficForML_CICFlowMeter_30s_state.csv,TRAIN,2018-02-14 02:48:00,1,1,1
Wednesday-14-02-2018_TrafficForML_CICFlowMeter_30s_state.csv,TRAIN,2018-02-14 02:48:30,1,1,1
Wednesday-14-02-2018_TrafficForML_CICFlowMeter_30s_state.csv,TRAIN,2018-02-14 02:49:00,1,1,1
Wednesday-14-02-2018_TrafficForML_CICFlowMeter_30s_state.csv,TRAIN,2018-02-14 02:49:30,1,1,1
Wednesday-14-02-2018_TrafficForML_CICFlowMeter_30s_state.csv,TRAIN,2018-02-14 02:50:00,1,1,1
Wednesday-14-02-2018_TrafficForML_CICFlowMeter_30s_state.csv,TRAIN,2018-02-14 02:50:30,1,1,1
Wednesday-14-02-2018_TrafficForML_CICFlowMeter_30s_state.csv,TRAIN,2018-02-14 02:51:00,1,1,1
Wednesday-14-02-2018_TrafficForML_CICFlowMeter_30s_state.csv,TRAIN,2018-02-14 02:51:30,1,1,1
Wednesday-14-02-2018_TrafficForML_CICFlowMeter_30s_state.csv,TRAIN,2018-02-14 02:52:00,1,1,1
Wednesday-14-02-2018_TrafficForML_CICFlowMeter_30s_state.csv,TRAIN,2018-02-14 02:52:30,1,1,1
Wednesday-14-02-2018_TrafficForML_CICFlowMeter_30s_state.csv,TRAIN,2018-02-14 02:53:00,1,1,1
Wednesday-14-02-2018_TrafficForML_CICFlowMeter_30s_state.csv,TRAIN,2018-02-14 02:53:30,1,1,1
Wednesday-14-02-2018_TrafficForML_CICFlowMeter_30s_state.csv,TRAIN,2018-02-14 02:54:00,1,1,1
Wednesday-14-02-2018_TrafficForML_CICFlowMeter_30s_state.csv,TRAIN,2018-02-14 02:54:30,1,1,1
Wednesday-14-02-2018_TrafficForML_CICFlowMeter_30s_state.csv,TRAIN,2018-02-14 02:55:00,1,1,1
Wednesday-14-02-2018_TrafficForML_CICFlowMeter_30s_state.csv,TRAIN,2018-02-14 02:55:30,1,1,1
Wednesday-14-02-2018_TrafficForML_CICFlowMeter_30s_state.csv,TRAIN,2018-02-14 02:56:00,1,1,1
Wednesday-14-02-2018_TrafficForML_CICFlowMeter_30s_state.csv,TRAIN,2018-02-14 02:56:30,1,1,1
Wednesday-14-02-2018_TrafficForML_CICFlowMeter_30s_state.csv,TRAIN,2018-02-14 02:57:00,1,1,1
Wednesday-14-02-2018_TrafficForML_CICFlowMeter_30s_state.csv,TRAIN,2018-02-14 02:57:30,1,1,1
Wednesday-14-02-2018_TrafficForML_CICFlowMeter_30s_state.csv,TRAIN,2018-02-14 02:58:00,1,1,1
Wednesday-14-02-2018_TrafficForML_CICFlowMeter_30s_state.csv,TRAIN,2018-02-14 02:58:30,1,1,1
Wednesday-14-02-2018_TrafficForML_CICFlowMeter_30s_state.csv,TRAIN,2018-02-14 02:59:00,1,1,1
Wednesday-14-02-2018_TrafficForML_CICFlowMeter_30s_state.csv,TRAIN,2018-02-14 02:59:30,1,1,1
Wednesday-14-02-2018_TrafficForML_CICFlowMeter_30s_state.csv,TRAIN,2018-02-14 03:00:00,1,1,1
Wednesday-14-02-2018_TrafficForML_CICFlowMeter_30s_state.csv,TRAIN,2018-02-14 03:00:30,1,1,1
Wednesday-14-02-2018_TrafficForML_CICFlowMeter_30s_state.csv,TRAIN,2018-02-14 03:01:00,1,1,1
Wednesday-14-02-2018_TrafficForML_CICFlowMeter_30s_state.csv,TRAIN,2018-02-14 03:01:30,1,1,1
Wednesday-14-02-2018_TrafficForML_CICFlowMeter_30s_state.csv,TRAIN,2018-02-14 03:02:00,1,1,1
Wednesday-14-02-2018_TrafficForML_CICFlowMeter_30s_state.csv,TRAIN,2018-02-14 03:02:30,1,1,1
Wednesday-14-02-2018_TrafficForML_CICFlowMeter_30s_state.csv,TRAIN,2018-02-14 03:03:00,1,1,1
Wednesday-14-02-2018_TrafficForML_CICFlowMeter_30s_state.csv,TRAIN,2018-02-14 03:03:30,1,1,1
Wednesday-14-02-2018_TrafficForML_CICFlowMeter_30s_state.csv,TRAIN,2018-02-14 03:04:00,1,1,1
Wednesday-14-02-2018_TrafficForML_CICFlowMeter_30s_state.csv,TRAIN,2018-02-14 03:04:30,1,1,1
Wednesday-14-02-2018_TrafficForML_CICFlowMeter_30s_state.csv,TRAIN,2018-02-14 03:05:00,1,1,1
Wednesday-14-02-2018_TrafficForML_CICFlowMeter_30s_state.csv,TRAIN,2018-02-14 03:05:30,1,1,1
Wednesday-14-02-2018_TrafficForML_CICFlowMeter_30s_state.csv,TRAIN,2018-02-14 03:06:00,1,1,1
Wednesday-14-02-2018_TrafficForML_CICFlowMeter_30s_state.csv,TRAIN,2018-02-14 03:06:30,1,1,1
Wednesday-14-02-2018_TrafficForML_CICFlowMeter_30s_state.csv,TRAIN,2018-02-14 03:07:00,1,1,1
Wednesday-14-02-2018_TrafficForML_CICFlowMeter_30s_state.csv,TRAIN,2018-02-14 03:07:30,1,1,1
Wednesday-14-02-2018_TrafficForML_CICFlowMeter_30s_state.csv,TRAIN,2018-02-14 03:08:00,1,1,1
Wednesday-14-02-2018_TrafficForML_CICFlowMeter_30s_state.csv,TRAIN,2018-02-14 03:08:30,1,1,1
Wednesday-14-02-2018_TrafficForML_CICFlowMeter_30s_state.csv,TRAIN,2018-02-14 03:09:00,1,1,1
Wednesday-14-02-2018_TrafficForML_CICFlowMeter_30s_state.csv,TRAIN,2018-02-14 03:09:30,1,1,1
Wednesday-14-02-2018_TrafficForML_CICFlowMeter_30s_state.csv,TRAIN,2018-02-14 03:10:00,1,1,1
Wednesday-14-02-2018_TrafficForML_CICFlowMeter_30s_state.csv,TRAIN,2018-02-14 03:10:30,1,1,1
Wednesday-14-02-2018_TrafficForML_CICFlowMeter_30s_state.csv,TRAIN,2018-02-14 03:11:00,1,1,1
Wednesday-14-02-2018_TrafficForML_CICFlowMeter_30s_state.csv,TRAIN,2018-02-14 03:11:30,1,1,1
Wednesday-14-02-2018_TrafficForML_CICFlowMeter_30s_state.csv,TRAIN,2018-02-14 03:12:00,1,1,1
Wednesday-14-02-2018_TrafficForML_CICFlowMeter_30s_state.csv,TRAIN,2018-02-14 03:12:30,1,1,1
Wednesday-14-02-2018_TrafficForML_CICFlowMeter_30s_state.csv,TRAIN,2018-02-14 03:13:00,1,1,1
Wednesday-14-02-2018_TrafficForML_CICFlowMeter_30s_state.csv,TRAIN,2018-02-14 03:13:30,1,1,1
Wednesday-14-02-2018_TrafficForML_CICFlowMeter_30s_state.csv,TRAIN,2018-02-14 03:14:00,1,1,1
Wednesday-14-02-2018_TrafficForML_CICFlowMeter_30s_state.csv,TRAIN,2018-02-14 03:14:30,1,1,1
Wednesday-14-02-2018_TrafficForML_CICFlowMeter_30s_state.csv,TRAIN,2018-02-14 03:15:00,1,1,1
Wednesday-14-02-2018_TrafficForML_CICFlowMeter_30s_state.csv,TRAIN,2018-02-14 03:15:30,1,1,1
Wednesday-14-02-2018_TrafficForML_CICFlowMeter_30s_state.csv,TRAIN,2018-02-14 03:16:00,1,1,1
Wednesday-14-02-2018_TrafficForML_CICFlowMeter_30s_state.csv,TRAIN,2018-02-14 03:16:30,1,1,1
Wednesday-14-02-2018_TrafficForML_CICFlowMeter_30s_state.csv,TRAIN,2018-02-14 03:17:00,1,1,1
Wednesday-14-02-2018_TrafficForML_CICFlowMeter_30s_state.csv,TRAIN,2018-02-14 03:17:30,1,1,1
Wednesday-14-02-2018_TrafficForML_CICFlowMeter_30s_state.csv,TRAIN,2018-02-14 03:18:00,1,1,1
Wednesday-14-02-2018_TrafficForML_CICFlowMeter_30s_state.csv,TRAIN,2018-02-14 03:18:30,1,1,1
Wednesday-14-02-2018_TrafficForML_CICFlowMeter_30s_state.csv,TRAIN,2018-02-14 03:19:00,1,1,1
Wednesday-14-02-2018_TrafficForML_CICFlowMeter_30s_state.csv,TRAIN,2018-02-14 03:19:30,1,1,1
Wednesday-14-02-2018_TrafficForML_CICFlowMeter_30s_state.csv,TRAIN,2018-02-14 03:20:00,1,1,1
Wednesday-14-02-2018_TrafficForML_CICFlowMeter_30s_state.csv,TRAIN,2018-02-14 03:20:30,1,1,1
Wednesday-14-02-2018_TrafficForML_CICFlowMeter_30s_state.csv,TRAIN,2018-02-14 03:21:00,1,1,1
Wednesday-14-02-2018_TrafficForML_CICFlowMeter_30s_state.csv,TRAIN,2018-02-14 03:21:30,1,1,1
Wednesday-14-02-2018_TrafficForML_CICFlowMeter_30s_state.csv,TRAIN,2018-02-14 03:22:00,1,1,1
Wednesday-14-02-2018_TrafficForML_CICFlowMeter_30s_state.csv,TRAIN,2018-02-14 03:22:30,1,1,1
Wednesday-14-02-2018_TrafficForML_CICFlowMeter_30s_state.csv,TRAIN,2018-02-14 03:23:00,1,1,1
Wednesday-14-02-2018_TrafficForML_CICFlowMeter_30s_state.csv,TRAIN,2018-02-14 03:23:30,1,1,1
Wednesday-14-02-2018_TrafficForML_CICFlowMeter_30s_state.csv,TRAIN,2018-02-14 03:24:00,1,1,1
Wednesday-14-02-2018_TrafficForML_CICFlowMeter_30s_state.csv,TRAIN,2018-02-14 03:24:30,1,1,1
Wednesday-14-02-2018_TrafficForML_CICFlowMeter_30s_state.csv,TRAIN,2018-02-14 03:25:00,1,1,1
Wednesday-14-02-2018_TrafficForML_CICFlowMeter_30s_state.csv,TRAIN,2018-02-14 03:25:30,1,1,1
Wednesday-14-02-2018_TrafficForML_CICFlowMeter_30s_state.csv,TRAIN,2018-02-14 03:26:00,1,1,1
Wednesday-14-02-2018_TrafficForML_CICFlowMeter_30s_state.csv,TRAIN,2018-02-14 03:26:30,1,1,1
Wednesday-14-02-2018_TrafficForML_CICFlowMeter_30s_state.csv,TRAIN,2018-02-14 03:27:00,1,1,1
Wednesday-14-02-2018_TrafficForML_CICFlowMeter_30s_state.csv,TRAIN,2018-02-14 03:27:30,1,1,1
Wednesday-14-02-2018_TrafficForML_CICFlowMeter_30s_state.csv,TRAIN,2018-02-14 03:28:00,1,1,1
Wednesday-14-02-2018_TrafficForML_CICFlowMeter_30s_state.csv,TRAIN,2018-02-14 03:28:30,1,1,1
Wednesday-14-02-2018_TrafficForML_CICFlowMeter_30s_state.csv,TRAIN,2018-02-14 03:29:00,1,1,1
Wednesday-14-02-2018_TrafficForML_CICFlowMeter_30s_state.csv,TRAIN,2018-02-14 03:29:30,1,1,1
Wednesday-14-02-2018_TrafficForML_CICFlowMeter_30s_state.csv,TRAIN,2018-02-14 03:30:00,1,1,1
Wednesday-14-02-2018_TrafficForML_CICFlowMeter_30s_state.csv,TRAIN,2018-02-14 03:30:30,1,1,1
Wednesday-14-02-2018_TrafficForML_CICFlowMeter_30s_state.csv,TRAIN,2018-02-14 03:31:00,1,1,1
Wednesday-14-02-2018_TrafficForML_CICFlowMeter_30s_state.csv,TRAIN,2018-02-14 03:31:30,1,1,1
Wednesday-14-02-2018_TrafficForML_CICFlowMeter_30s_state.csv,TRAIN,2018-02-14 03:32:00,1,1,1
Wednesday-14-02-2018_TrafficForML_CICFlowMeter_30s_state.csv,TRAIN,2018-02-14 03:32:30,1,1,1
Wednesday-14-02-2018_TrafficForML_CICFlowMeter_30s_state.csv,TRAIN,2018-02-14 03:33:00,1,0,1
Wednesday-14-02-2018_TrafficForML_CICFlowMeter_30s_state.csv,TRAIN,2018-02-14 03:33:30,0,0,0
Wednesday-14-02-2018_TrafficForML_CICFlowMeter_30s_state.csv,TRAIN,2018-02-14 03:34:00,0,0,0
Wednesday-14-02-2018_TrafficForML_CICFlowMeter_30s_state.csv,TRAIN,2018-02-14 03:34:30,0,0,0
Wednesday-14-02-2018_TrafficForML_CICFlowMeter_30s_state.csv,TRAIN,2018-02-14 03:35:00,0,0,0
Wednesday-14-02-2018_TrafficForML_CICFlowMeter_30s_state.csv,TRAIN,2018-02-14 03:35:30,0,0,0
Wednesday-14-02-2018_TrafficForML_CICFlowMeter_30s_state.csv,TRAIN,2018-02-14 03:36:00,0,0,0
Wednesday-14-02-2018_TrafficForML_CICFlowMeter_30s_state.csv,TRAIN,2018-02-14 03:36:30,0,0,0
Wednesday-14-02-2018_TrafficForML_CICFlowMeter_30s_state.csv,TRAIN,2018-02-14 03:37:00,0,0,0
Wednesday-14-02-2018_TrafficForML_CICFlowMeter_30s_state.csv,TRAIN,2018-02-14 03:37:30,0,0,0
Wednesday-14-02-2018_TrafficForML_CICFlowMeter_30s_state.csv,TRAIN,2018-02-14 03:38:00,0,0,0
Wednesday-14-02-2018_TrafficForML_CICFlowMeter_30s_state.csv,TRAIN,2018-02-14 03:38:30,0,0,0
Wednesday-14-02-2018_TrafficForML_CICFlowMeter_30s_state.csv,TRAIN,2018-02-14 03:39:00,0,0,0
Wednesday-14-02-2018_TrafficForML_CICFlowMeter_30s_state.csv,TRAIN,2018-02-14 03:39:30,0,0,0
Wednesday-14-02-2018_TrafficForML_CICFlowMeter_30s_state.csv,TRAIN,2018-02-14 03:40:00,0,0,0
Wednesday-14-02-2018_TrafficForML_CICFlowMeter_30s_state.csv,TRAIN,2018-02-14 03:40:30,0,0,0
Wednesday-14-02-2018_TrafficForML_CICFlowMeter_30s_state.csv,TRAIN,2018-02-14 03:41:00,0,0,0
Wednesday-14-02-2018_TrafficForML_CICFlowMeter_30s_state.csv,TRAIN,2018-02-14 03:41:30,0,0,0
Wednesday-14-02-2018_TrafficForML_CICFlowMeter_30s_state.csv,TRAIN,2018-02-14 03:42:00,0,0,0
Wednesday-14-02-2018_TrafficForML_CICFlowMeter_30s_state.csv,TRAIN,2018-02-14 03:42:30,0,0,0
Wednesday-14-02-2018_TrafficForML_CICFlowMeter_30s_state.csv,TRAIN,2018-02-14 03:43:00,0,0,0
Wednesday-14-02-2018_TrafficForML_CICFlowMeter_30s_state.csv,TRAIN,2018-02-14 03:43:30,0,0,0
Wednesday-14-02-2018_TrafficForML_CICFlowMeter_30s_state.csv,TRAIN,2018-02-14 03:44:00,0,0,0
Wednesday-14-02-2018_TrafficForML_CICFlowMeter_30s_state.csv,TRAIN,2018-02-14 03:44:30,0,0,0
Wednesday-14-02-2018_TrafficForML_CICFlowMeter_30s_state.csv,TRAIN,2018-02-14 03:45:00,0,0,0
Wednesday-14-02-2018_TrafficForML_CICFlowMeter_30s_state.csv,TRAIN,2018-02-14 03:45:30,0,0,0
Wednesday-14-02-2018_TrafficForML_CICFlowMeter_30s_state.csv,TRAIN,2018-02-14 03:46:00,0,0,0
Wednesday-14-02-2018_TrafficForML_CICFlowMeter_30s_state.csv,TRAIN,2018-02-14 03:46:30,0,0,0
Wednesday-14-02-2018_TrafficForML_CICFlowMeter_30s_state.csv,TRAIN,2018-02-14 03:47:00,0,0,0
Wednesday-14-02-2018_TrafficForML_CICFlowMeter_30s_state.csv,TRAIN,2018-02-14 03:47:30,0,0,0
Wednesday-14-02-2018_TrafficForML_CICFlowMeter_30s_state.csv,TRAIN,2018-02-14 03:48:00,0,0,0
Wednesday-14-02-2018_TrafficForML_CICFlowMeter_30s_state.csv,TRAIN,2018-02-14 03:48:30,0,0,0
Wednesday-14-02-2018_TrafficForML_CICFlowMeter_30s_state.csv,TRAIN,2018-02-14 03:49:00,0,0,0
Wednesday-14-02-2018_TrafficForML_CICFlowMeter_30s_state.csv,TRAIN,2018-02-14 03:49:30,0,0,0
Wednesday-14-02-2018_TrafficForML_CICFlowMeter_30s_state.csv,TRAIN,2018-02-14 03:50:00,0,0,0
Wednesday-14-02-2018_TrafficForML_CICFlowMeter_30s_state.csv,TRAIN,2018-02-14 03:50:30,0,0,0
Wednesday-14-02-2018_TrafficForML_CICFlowMeter_30s_state.csv,TRAIN,2018-02-14 03:51:00,0,0,0
Wednesday-14-02-2018_TrafficForML_CICFlowMeter_30s_state.csv,TRAIN,2018-02-14 03:51:30,0,0,0
Wednesday-14-02-2018_TrafficForML_CICFlowMeter_30s_state.csv,TRAIN,2018-02-14 03:52:00,0,0,0
Wednesday-14-02-2018_TrafficForML_CICFlowMeter_30s_state.csv,TRAIN,2018-02-14 03:52:30,0,0,0
Wednesday-14-02-2018_TrafficForML_CICFlowMeter_30s_state.csv,TRAIN,2018-02-14 03:53:00,0,0,0
Wednesday-14-02-2018_TrafficForML_CICFlowMeter_30s_state.csv,TRAIN,2018-02-14 03:53:30,0,0,0
Wednesday-14-02-2018_TrafficForML_CICFlowMeter_30s_state.csv,TRAIN,2018-02-14 03:54:00,0,0,0
Wednesday-14-02-2018_TrafficForML_CICFlowMeter_30s_state.csv,TRAIN,2018-02-14 03:54:30,0,0,0
Wednesday-14-02-2018_TrafficForML_CICFlowMeter_30s_state.csv,TRAIN,2018-02-14 03:55:00,0,0,0
Wednesday-14-02-2018_TrafficForML_CICFlowMeter_30s_state.csv,TRAIN,2018-02-14 03:55:30,0,0,0
Wednesday-14-02-2018_TrafficForML_CICFlowMeter_30s_state.csv,TRAIN,2018-02-14 03:56:00,0,0,0
Wednesday-14-02-2018_TrafficForML_CICFlowMeter_30s_state.csv,TRAIN,2018-02-14 03:56:30,0,0,0
Wednesday-14-02-2018_TrafficForML_CICFlowMeter_30s_state.csv,TRAIN,2018-02-14 03:57:00,0,0,0
Wednesday-14-02-2018_TrafficForML_CICFlowMeter_30s_state.csv,TRAIN,2018-02-14 03:57:30,0,0,0
Wednesday-14-02-2018_TrafficForML_CICFlowMeter_30s_state.csv,TRAIN,2018-02-14 03:58:00,0,0,0
Wednesday-14-02-2018_TrafficForML_CICFlowMeter_30s_state.csv,TRAIN,2018-02-14 03:58:30,0,0,0
Wednesday-14-02-2018_TrafficForML_CICFlowMeter_30s_state.csv,TRAIN,2018-02-14 03:59:00,0,0,0
Wednesday-14-02-2018_TrafficForML_CICFlowMeter_30s_state.csv,TRAIN,2018-02-14 03:59:30,0,0,0
Wednesday-14-02-2018_TrafficForML_CICFlowMeter_30s_state.csv,TRAIN,2018-02-14 04:00:00,0,0,0
Wednesday-14-02-2018_TrafficForML_CICFlowMeter_30s_state.csv,TRAIN,2018-02-14 04:00:30,0,0,0
Wednesday-14-02-2018_TrafficForML_CICFlowMeter_30s_state.csv,TRAIN,2018-02-14 04:01:00,0,0,0
Wednesday-14-02-2018_TrafficForML_CICFlowMeter_30s_state.csv,TRAIN,2018-02-14 04:01:30,0,0,0
Wednesday-14-02-2018_TrafficForML_CICFlowMeter_30s_state.csv,TRAIN,2018-02-14 04:02:00,0,0,0
Wednesday-14-02-2018_TrafficForML_CICFlowMeter_30s_state.csv,TRAIN,2018-02-14 04:02:30,0,0,0
Wednesday-14-02-2018_TrafficForML_CICFlowMeter_30s_state.csv,TRAIN,2018-02-14 04:03:00,0,0,0
Wednesday-14-02-2018_TrafficForML_CICFlowMeter_30s_state.csv,TRAIN,2018-02-14 04:03:30,0,0,0
Wednesday-14-02-2018_TrafficForML_CICFlowMeter_30s_state.csv,TRAIN,2018-02-14 04:04:00,0,0,0
Wednesday-14-02-2018_TrafficForML_CICFlowMeter_30s_state.csv,TRAIN,2018-02-14 04:04:30,0,0,0
Wednesday-14-02-2018_TrafficForML_CICFlowMeter_30s_state.csv,TRAIN,2018-02-14 04:05:00,0,0,0
Wednesday-14-02-2018_TrafficForML_CICFlowMeter_30s_state.csv,TRAIN,2018-02-14 04:05:30,0,0,0
Wednesday-14-02-2018_TrafficForML_CICFlowMeter_30s_state.csv,TRAIN,2018-02-14 04:06:00,0,0,0
Wednesday-14-02-2018_TrafficForML_CICFlowMeter_30s_state.csv,TRAIN,2018-02-14 04:06:30,0,0,0
Wednesday-14-02-2018_TrafficForML_CICFlowMeter_30s_state.csv,TRAIN,2018-02-14 04:07:00,0,0,0
Wednesday-14-02-2018_TrafficForML_CICFlowMeter_30s_state.csv,TRAIN,2018-02-14 04:07:30,0,0,0
Wednesday-14-02-2018_TrafficForML_CICFlowMeter_30s_state.csv,TRAIN,2018-02-14 04:08:00,0,0,0
Wednesday-14-02-2018_TrafficForML_CICFlowMeter_30s_state.csv,TRAIN,2018-02-14 04:08:30,0,0,0
Wednesday-14-02-2018_TrafficForML_CICFlowMeter_30s_state.csv,TRAIN,2018-02-14 04:09:00,0,0,0
Wednesday-14-02-2018_TrafficForML_CICFlowMeter_30s_state.csv,TRAIN,2018-02-14 04:09:30,0,0,0
Wednesday-14-02-2018_TrafficForML_CICFlowMeter_30s_state.csv,TRAIN,2018-02-14 04:10:00,0,0,0
Wednesday-14-02-2018_TrafficForML_CICFlowMeter_30s_state.csv,TRAIN,2018-02-14 04:10:30,0,0,0
Wednesday-14-02-2018_TrafficForML_CICFlowMeter_30s_state.csv,TRAIN,2018-02-14 04:11:00,0,0,0
Wednesday-14-02-2018_TrafficForML_CICFlowMeter_30s_state.csv,TRAIN,2018-02-14 04:11:30,0,0,0
Wednesday-14-02-2018_TrafficForML_CICFlowMeter_30s_state.csv,TRAIN,2018-02-14 04:12:00,0,0,0
Wednesday-14-02-2018_TrafficForML_CICFlowMeter_30s_state.csv,TRAIN,2018-02-14 04:12:30,0,0,0
Wednesday-14-02-2018_TrafficForML_CICFlowMeter_30s_state.csv,TRAIN,2018-02-14 04:13:00,0,0,0
Wednesday-14-02-2018_TrafficForML_CICFlowMeter_30s_state.csv,TRAIN,2018-02-14 04:13:30,0,0,0
Wednesday-14-02-2018_TrafficForML_CICFlowMeter_30s_state.csv,TRAIN,2018-02-14 04:14:00,0,0,0
Wednesday-14-02-2018_TrafficForML_CICFlowMeter_30s_state.csv,TRAIN,2018-02-14 04:14:30,0,0,0
Wednesday-14-02-2018_TrafficForML_CICFlowMeter_30s_state.csv,TRAIN,2018-02-14 04:15:00,0,0,0
Wednesday-14-02-2018_TrafficForML_CICFlowMeter_30s_state.csv,TRAIN,2018-02-14 04:15:30,0,0,0
Wednesday-14-02-2018_TrafficForML_CICFlowMeter_30s_state.csv,TRAIN,2018-02-14 04:16:00,0,0,0
Wednesday-14-02-2018_TrafficForML_CICFlowMeter_30s_state.csv,TRAIN,2018-02-14 04:16:30,0,0,0
Wednesday-14-02-2018_TrafficForML_CICFlowMeter_30s_state.csv,TRAIN,2018-02-14 04:17:00,0,0,0
Wednesday-14-02-2018_TrafficForML_CICFlowMeter_30s_state.csv,TRAIN,2018-02-14 04:17:30,0,0,0
Wednesday-14-02-2018_TrafficForML_CICFlowMeter_30s_state.csv,TRAIN,2018-02-14 04:18:00,0,0,0
Wednesday-14-02-2018_TrafficForML_CICFlowMeter_30s_state.csv,TRAIN,2018-02-14 04:18:30,0,0,0
Wednesday-14-02-2018_TrafficForML_CICFlowMeter_30s_state.csv,TRAIN,2018-02-14 04:19:00,0,0,0
Wednesday-14-02-2018_TrafficForML_CICFlowMeter_30s_state.csv,TRAIN,2018-02-14 04:19:30,0,0,0
Wednesday-14-02-2018_TrafficForML_CICFlowMeter_30s_state.csv,TRAIN,2018-02-14 04:20:00,0,0,0
Wednesday-14-02-2018_TrafficForML_CICFlowMeter_30s_state.csv,TRAIN,2018-02-14 04:20:30,0,0,0
Wednesday-14-02-2018_TrafficForML_CICFlowMeter_30s_state.csv,TRAIN,2018-02-14 04:21:00,0,0,0
Wednesday-14-02-2018_TrafficForML_CICFlowMeter_30s_state.csv,TRAIN,2018-02-14 04:21:30,0,0,0
Wednesday-14-02-2018_TrafficForML_CICFlowMeter_30s_state.csv,TRAIN,2018-02-14 04:22:00,0,0,0
Wednesday-14-02-2018_TrafficForML_CICFlowMeter_30s_state.csv,TRAIN,2018-02-14 04:22:30,0,0,0
Wednesday-14-02-2018_TrafficForML_CICFlowMeter_30s_state.csv,TRAIN,2018-02-14 04:23:00,0,0,0
Wednesday-14-02-2018_TrafficForML_CICFlowMeter_30s_state.csv,TRAIN,2018-02-14 04:23:30,0,0,0
Wednesday-14-02-2018_TrafficForML_CICFlowMeter_30s_state.csv,TRAIN,2018-02-14 04:24:00,0,0,0
Wednesday-14-02-2018_TrafficForML_CICFlowMeter_30s_state.csv,TRAIN,2018-02-14 04:24:30,0,0,0
Wednesday-14-02-2018_TrafficForML_CICFlowMeter_30s_state.csv,TRAIN,2018-02-14 04:25:00,0,0,0
Wednesday-14-02-2018_TrafficForML_CICFlowMeter_30s_state.csv,TRAIN,2018-02-14 04:25:30,0,0,0
Wednesday-14-02-2018_TrafficForML_CICFlowMeter_30s_state.csv,TRAIN,2018-02-14 04:26:00,0,0,0
Wednesday-14-02-2018_TrafficForML_CICFlowMeter_30s_state.csv,TRAIN,2018-02-14 04:26:30,0,0,0
Wednesday-14-02-2018_TrafficForML_CICFlowMeter_30s_state.csv,TRAIN,2018-02-14 04:27:00,0,0,0
Wednesday-14-02-2018_TrafficForML_CICFlowMeter_30s_state.csv,TRAIN,2018-02-14 04:27:30,0,0,0
Wednesday-14-02-2018_TrafficForML_CICFlowMeter_30s_state.csv,TRAIN,2018-02-14 04:28:00,0,0,0
Wednesday-14-02-2018_TrafficForML_CICFlowMeter_30s_state.csv,TRAIN,2018-02-14 04:28:30,0,0,0
Wednesday-14-02-2018_TrafficForML_CICFlowMeter_30s_state.csv,TRAIN,2018-02-14 04:29:00,0,0,0
Wednesday-14-02-2018_TrafficForML_CICFlowMeter_30s_state.csv,TRAIN,2018-02-14 04:29:30,0,0,0
Wednesday-14-02-2018_TrafficForML_CICFlowMeter_30s_state.csv,TRAIN,2018-02-14 04:30:00,0,0,0
Wednesday-14-02-2018_TrafficForML_CICFlowMeter_30s_state.csv,TRAIN,2018-02-14 04:30:30,0,0,0
Wednesday-14-02-2018_TrafficForML_CICFlowMeter_30s_state.csv,TRAIN,2018-02-14 04:31:00,0,0,0
Wednesday-14-02-2018_TrafficForML_CICFlowMeter_30s_state.csv,TRAIN,2018-02-14 04:31:30,0,0,0
Wednesday-14-02-2018_TrafficForML_CICFlowMeter_30s_state.csv,TRAIN,2018-02-14 04:32:00,0,0,0
Wednesday-14-02-2018_TrafficForML_CICFlowMeter_30s_state.csv,TRAIN,2018-02-14 04:32:30,0,0,0
Wednesday-14-02-2018_TrafficForML_CICFlowMeter_30s_state.csv,TRAIN,2018-02-14 04:33:00,0,0,0
Wednesday-14-02-2018_TrafficForML_CICFlowMeter_30s_state.csv,TRAIN,2018-02-14 04:33:30,0,0,0
Wednesday-14-02-2018_TrafficForML_CICFlowMeter_30s_state.csv,TRAIN,2018-02-14 04:34:00,0,0,0
Wednesday-14-02-2018_TrafficForML_CICFlowMeter_30s_state.csv,TRAIN,2018-02-14 04:34:30,0,0,0
Wednesday-14-02-2018_TrafficForML_CICFlowMeter_30s_state.csv,TRAIN,2018-02-14 04:35:00,0,0,0
Wednesday-14-02-2018_TrafficForML_CICFlowMeter_30s_state.csv,TRAIN,2018-02-14 04:35:30,0,0,0
Wednesday-14-02-2018_TrafficForML_CICFlowMeter_30s_state.csv,TRAIN,2018-02-14 04:36:00,0,0,0
Wednesday-14-02-2018_TrafficForML_CICFlowMeter_30s_state.csv,TRAIN,2018-02-14 04:36:30,0,0,0
Wednesday-14-02-2018_TrafficForML_CICFlowMeter_30s_state.csv,TRAIN,2018-02-14 04:37:00,0,0,0
Wednesday-14-02-2018_TrafficForML_CICFlowMeter_30s_state.csv,TRAIN,2018-02-14 04:37:30,0,0,0
Wednesday-14-02-2018_TrafficForML_CICFlowMeter_30s_state.csv,TRAIN,2018-02-14 04:38:00,0,0,0
Wednesday-14-02-2018_TrafficForML_CICFlowMeter_30s_state.csv,TRAIN,2018-02-14 04:38:30,0,0,0
Wednesday-14-02-2018_TrafficForML_CICFlowMeter_30s_state.csv,TRAIN,2018-02-14 04:39:00,0,0,0
Wednesday-14-02-2018_TrafficForML_CICFlowMeter_30s_state.csv,TRAIN,2018-02-14 04:39:30,0,0,0
Wednesday-14-02-2018_TrafficForML_CICFlowMeter_30s_state.csv,TRAIN,2018-02-14 04:40:00,0,0,0
Wednesday-14-02-2018_TrafficForML_CICFlowMeter_30s_state.csv,TRAIN,2018-02-14 04:40:30,0,0,0
Wednesday-14-02-2018_TrafficForML_CICFlowMeter_30s_state.csv,TRAIN,2018-02-14 04:41:00,0,0,0
Wednesday-14-02-2018_TrafficForML_CICFlowMeter_30s_state.csv,TRAIN,2018-02-14 04:41:30,0,0,0
Wednesday-14-02-2018_TrafficForML_CICFlowMeter_30s_state.csv,TRAIN,2018-02-14 04:42:00,0,0,0
Wednesday-14-02-2018_TrafficForML_CICFlowMeter_30s_state.csv,TRAIN,2018-02-14 04:42:30,0,0,0
Wednesday-14-02-2018_TrafficForML_CICFlowMeter_30s_state.csv,TRAIN,2018-02-14 04:43:00,0,0,0
Wednesday-14-02-2018_TrafficForML_CICFlowMeter_30s_state.csv,TRAIN,2018-02-14 04:43:30,0,0,0
Wednesday-14-02-2018_TrafficForML_CICFlowMeter_30s_state.csv,TRAIN,2018-02-14 04:44:00,0,0,0
Wednesday-14-02-2018_TrafficForML_CICFlowMeter_30s_state.csv,TRAIN,2018-02-14 04:44:30,0,0,0
Wednesday-14-02-2018_TrafficForML_CICFlowMeter_30s_state.csv,TRAIN,2018-02-14 04:45:00,0,0,0
Wednesday-14-02-2018_TrafficForML_CICFlowMeter_30s_state.csv,TRAIN,2018-02-14 04:45:30,0,0,0
Wednesday-14-02-2018_TrafficForML_CICFlowMeter_30s_state.csv,TRAIN,2018-02-14 04:46:00,0,0,0
Wednesday-14-02-2018_TrafficForML_CICFlowMeter_30s_state.csv,TRAIN,2018-02-14 04:46:30,0,0,0
Wednesday-14-02-2018_TrafficForML_CICFlowMeter_30s_state.csv,TRAIN,2018-02-14 04:47:00,0,0,0
Wednesday-14-02-2018_TrafficForML_CICFlowMeter_30s_state.csv,TRAIN,2018-02-14 04:47:30,0,0,0
Wednesday-14-02-2018_TrafficForML_CICFlowMeter_30s_state.csv,TRAIN,2018-02-14 04:48:00,0,0,0
Wednesday-14-02-2018_TrafficForML_CICFlowMeter_30s_state.csv,TRAIN,2018-02-14 04:48:30,0,0,0
Wednesday-14-02-2018_TrafficForML_CICFlowMeter_30s_state.csv,TRAIN,2018-02-14 04:49:00,0,0,0
Wednesday-14-02-2018_TrafficForML_CICFlowMeter_30s_state.csv,TRAIN,2018-02-14 04:49:30,0,0,0
Wednesday-14-02-2018_TrafficForML_CICFlowMeter_30s_state.csv,TRAIN,2018-02-14 04:50:00,0,0,0
Wednesday-14-02-2018_TrafficForML_CICFlowMeter_30s_state.csv,TRAIN,2018-02-14 04:50:30,0,0,0
Wednesday-14-02-2018_TrafficForML_CICFlowMeter_30s_state.csv,TRAIN,2018-02-14 04:51:00,0,0,0
Wednesday-14-02-2018_TrafficForML_CICFlowMeter_30s_state.csv,TRAIN,2018-02-14 04:51:30,0,0,0
Wednesday-14-02-2018_TrafficForML_CICFlowMeter_30s_state.csv,TRAIN,2018-02-14 04:52:00,0,0,0
Wednesday-14-02-2018_TrafficForML_CICFlowMeter_30s_state.csv,TRAIN,2018-02-14 04:52:30,0,0,0
Wednesday-14-02-2018_TrafficForML_CICFlowMeter_30s_state.csv,TRAIN,2018-02-14 04:53:00,0,0,0
Wednesday-14-02-2018_TrafficForML_CICFlowMeter_30s_state.csv,TRAIN,2018-02-14 04:53:30,0,0,0
Wednesday-14-02-2018_TrafficForML_CICFlowMeter_30s_state.csv,TRAIN,2018-02-14 04:54:00,0,0,0
Wednesday-14-02-2018_TrafficForML_CICFlowMeter_30s_state.csv,TRAIN,2018-02-14 04:54:30,0,0,0
Wednesday-14-02-2018_TrafficForML_CICFlowMeter_30s_state.csv,TRAIN,2018-02-14 04:55:00,0,0,0
Wednesday-14-02-2018_TrafficForML_CICFlowMeter_30s_state.csv,TRAIN,2018-02-14 04:55:30,0,0,0
Wednesday-14-02-2018_TrafficForML_CICFlowMeter_30s_state.csv,TRAIN,2018-02-14 04:56:00,0,0,0
Wednesday-14-02-2018_TrafficForML_CICFlowMeter_30s_state.csv,TRAIN,2018-02-14 04:56:30,0,0,0
Wednesday-14-02-2018_TrafficForML_CICFlowMeter_30s_state.csv,TRAIN,2018-02-14 04:57:00,0,0,0
Wednesday-14-02-2018_TrafficForML_CICFlowMeter_30s_state.csv,TRAIN,2018-02-14 04:57:30,0,0,0
Wednesday-14-02-2018_TrafficForML_CICFlowMeter_30s_state.csv,TRAIN,2018-02-14 04:58:00,0,0,0
Wednesday-14-02-2018_TrafficForML_CICFlowMeter_30s_state.csv,TRAIN,2018-02-14 04:58:30,0,0,0
Wednesday-14-02-2018_TrafficForML_CICFlowMeter_30s_state.csv,TRAIN,2018-02-14 04:59:00,0,0,0
Wednesday-14-02-2018_TrafficForML_CICFlowMeter_30s_state.csv,TRAIN,2018-02-14 04:59:30,0,0,0
Wednesday-14-02-2018_TrafficForML_CICFlowMeter_30s_state.csv,TRAIN,2018-02-14 05:00:00,0,0,0
Wednesday-14-02-2018_TrafficForML_CICFlowMeter_30s_state.csv,TRAIN,2018-02-14 05:00:30,0,0,0
Wednesday-14-02-2018_TrafficForML_CICFlowMeter_30s_state.csv,TRAIN,2018-02-14 05:01:00,0,0,0
Wednesday-14-02-2018_TrafficForML_CICFlowMeter_30s_state.csv,TRAIN,2018-02-14 05:01:30,0,0,0
Wednesday-14-02-2018_TrafficForML_CICFlowMeter_30s_state.csv,TRAIN,2018-02-14 05:02:00,0,0,0
Wednesday-14-02-2018_TrafficForML_CICFlowMeter_30s_state.csv,TRAIN,2018-02-14 05:02:30,0,0,0
Wednesday-14-02-2018_TrafficForML_CICFlowMeter_30s_state.csv,TRAIN,2018-02-14 05:03:00,0,0,0
Wednesday-14-02-2018_TrafficForML_CICFlowMeter_30s_state.csv,TRAIN,2018-02-14 05:03:30,0,0,0
Wednesday-14-02-2018_TrafficForML_CICFlowMeter_30s_state.csv,TRAIN,2018-02-14 05:04:00,0,0,0
Wednesday-14-02-2018_TrafficForML_CICFlowMeter_30s_state.csv,TRAIN,2018-02-14 05:04:30,0,0,0
Wednesday-14-02-2018_TrafficForML_CICFlowMeter_30s_state.csv,TRAIN,2018-02-14 05:05:00,0,0,0
Wednesday-14-02-2018_TrafficForML_CICFlowMeter_30s_state.csv,TRAIN,2018-02-14 05:05:30,0,0,0
Wednesday-14-02-2018_TrafficForML_CICFlowMeter_30s_state.csv,TRAIN,2018-02-14 05:06:00,0,0,0
Wednesday-14-02-2018_TrafficForML_CICFlowMeter_30s_state.csv,TRAIN,2018-02-14 05:06:30,0,0,0
Wednesday-14-02-2018_TrafficForML_CICFlowMeter_30s_state.csv,TRAIN,2018-02-14 05:07:00,0,0,0
Wednesday-14-02-2018_TrafficForML_CICFlowMeter_30s_state.csv,TRAIN,2018-02-14 05:07:30,0,0,0
Wednesday-14-02-2018_TrafficForML_CICFlowMeter_30s_state.csv,TRAIN,2018-02-14 05:08:00,0,0,0
Wednesday-14-02-2018_TrafficForML_CICFlowMeter_30s_state.csv,TRAIN,2018-02-14 05:08:30,0,0,0
Wednesday-14-02-2018_TrafficForML_CICFlowMeter_30s_state.csv,TRAIN,2018-02-14 05:09:00,0,0,0
Wednesday-14-02-2018_TrafficForML_CICFlowMeter_30s_state.csv,TRAIN,2018-02-14 05:09:30,0,0,0
Wednesday-14-02-2018_TrafficForML_CICFlowMeter_30s_state.csv,TRAIN,2018-02-14 05:10:00,0,0,0
Wednesday-14-02-2018_TrafficForML_CICFlowMeter_30s_state.csv,TRAIN,2018-02-14 05:10:30,0,0,0
Wednesday-14-02-2018_TrafficForML_CICFlowMeter_30s_state.csv,TRAIN,2018-02-14 05:11:00,0,0,0
Wednesday-14-02-2018_TrafficForML_CICFlowMeter_30s_state.csv,TRAIN,2018-02-14 05:11:30,0,0,0
Wednesday-14-02-2018_TrafficForML_CICFlowMeter_30s_state.csv,TRAIN,2018-02-14 05:12:00,0,0,0
Wednesday-14-02-2018_TrafficForML_CICFlowMeter_30s_state.csv,TRAIN,2018-02-14 05:12:30,0,0,0
Wednesday-14-02-2018_TrafficForML_CICFlowMeter_30s_state.csv,TRAIN,2018-02-14 05:13:00,0,0,0
Wednesday-14-02-2018_TrafficForML_CICFlowMeter_30s_state.csv,TRAIN,2018-02-14 05:13:30,0,0,0
Wednesday-14-02-2018_TrafficForML_CICFlowMeter_30s_state.csv,TRAIN,2018-02-14 05:14:00,0,0,0
Wednesday-14-02-2018_TrafficForML_CICFlowMeter_30s_state.csv,TRAIN,2018-02-14 05:14:30,0,0,0
Wednesday-14-02-2018_TrafficForML_CICFlowMeter_30s_state.csv,TRAIN,2018-02-14 05:15:00,0,0,0
Wednesday-14-02-2018_TrafficForML_CICFlowMeter_30s_state.csv,TRAIN,2018-02-14 05:15:30,0,0,0
Wednesday-14-02-2018_TrafficForML_CICFlowMeter_30s_state.csv,TRAIN,2018-02-14 05:16:00,0,0,0
Wednesday-14-02-2018_TrafficForML_CICFlowMeter_30s_state.csv,TRAIN,2018-02-14 05:16:30,0,0,0
Wednesday-14-02-2018_TrafficForML_CICFlowMeter_30s_state.csv,TRAIN,2018-02-14 05:17:00,0,0,0
Wednesday-14-02-2018_TrafficForML_CICFlowMeter_30s_state.csv,TRAIN,2018-02-14 05:17:30,0,0,0
Wednesday-14-02-2018_TrafficForML_CICFlowMeter_30s_state.csv,TRAIN,2018-02-14 05:18:00,0,0,0
Wednesday-14-02-2018_TrafficForML_CICFlowMeter_30s_state.csv,TRAIN,2018-02-14 05:18:30,0,0,0
Wednesday-14-02-2018_TrafficForML_CICFlowMeter_30s_state.csv,TRAIN,2018-02-14 05:19:00,0,0,0
Wednesday-14-02-2018_TrafficForML_CICFlowMeter_30s_state.csv,TRAIN,2018-02-14 05:19:30,0,0,0
Wednesday-14-02-2018_TrafficForML_CICFlowMeter_30s_state.csv,TRAIN,2018-02-14 05:20:00,0,0,0
Wednesday-14-02-2018_TrafficForML_CICFlowMeter_30s_state.csv,TRAIN,2018-02-14 05:20:30,0,0,0
Wednesday-14-02-2018_TrafficForML_CICFlowMeter_30s_state.csv,TRAIN,2018-02-14 05:21:00,0,0,0
Wednesday-14-02-2018_TrafficForML_CICFlowMeter_30s_state.csv,TRAIN,2018-02-14 05:21:30,0,0,0
Wednesday-14-02-2018_TrafficForML_CICFlowMeter_30s_state.csv,TRAIN,2018-02-14 05:22:00,0,0,0
Wednesday-14-02-2018_TrafficForML_CICFlowMeter_30s_state.csv,TRAIN,2018-02-14 05:22:30,0,0,0
Wednesday-14-02-2018_TrafficForML_CICFlowMeter_30s_state.csv,TRAIN,2018-02-14 05:23:00,0,0,0
Wednesday-14-02-2018_TrafficForML_CICFlowMeter_30s_state.csv,TRAIN,2018-02-14 05:23:30,0,0,0
Wednesday-14-02-2018_TrafficForML_CICFlowMeter_30s_state.csv,TRAIN,2018-02-14 05:24:00,0,0,0
Wednesday-14-02-2018_TrafficForML_CICFlowMeter_30s_state.csv,TRAIN,2018-02-14 05:24:30,0,0,0
Wednesday-14-02-2018_TrafficForML_CICFlowMeter_30s_state.csv,TRAIN,2018-02-14 05:25:00,0,0,0
Wednesday-14-02-2018_TrafficForML_CICFlowMeter_30s_state.csv,TRAIN,2018-02-14 05:25:30,0,0,0
Wednesday-14-02-2018_TrafficForML_CICFlowMeter_30s_state.csv,TRAIN,2018-02-14 05:26:00,0,0,0
Wednesday-14-02-2018_TrafficForML_CICFlowMeter_30s_state.csv,TRAIN,2018-02-14 05:26:30,0,0,0
Wednesday-14-02-2018_TrafficForML_CICFlowMeter_30s_state.csv,TRAIN,2018-02-14 05:27:00,0,0,0
Wednesday-14-02-2018_TrafficForML_CICFlowMeter_30s_state.csv,TRAIN,2018-02-14 05:27:30,0,0,0
Wednesday-14-02-2018_TrafficForML_CICFlowMeter_30s_state.csv,TRAIN,2018-02-14 05:28:00,0,0,0
Wednesday-14-02-2018_TrafficForML_CICFlowMeter_30s_state.csv,TRAIN,2018-02-14 05:28:30,0,0,0
Wednesday-14-02-2018_TrafficForML_CICFlowMeter_30s_state.csv,TRAIN,2018-02-14 05:29:00,0,0,0
Wednesday-14-02-2018_TrafficForML_CICFlowMeter_30s_state.csv,TRAIN,2018-02-14 05:29:30,0,0,0
Wednesday-14-02-2018_TrafficForML_CICFlowMeter_30s_state.csv,TRAIN,2018-02-14 05:30:00,0,0,0
Wednesday-14-02-2018_TrafficForML_CICFlowMeter_30s_state.csv,TRAIN,2018-02-14 05:30:30,0,0,0
Wednesday-14-02-2018_TrafficForML_CICFlowMeter_30s_state.csv,TRAIN,2018-02-14 08:33:00,0,0,0
Wednesday-14-02-2018_TrafficForML_CICFlowMeter_30s_state.csv,TRAIN,2018-02-14 08:33:30,0,0,0
Wednesday-14-02-2018_TrafficForML_CICFlowMeter_30s_state.csv,TRAIN,2018-02-14 08:34:00,0,0,0
Wednesday-14-02-2018_TrafficForML_CICFlowMeter_30s_state.csv,TRAIN,2018-02-14 08:34:30,0,0,0
Wednesday-14-02-2018_TrafficForML_CICFlowMeter_30s_state.csv,TRAIN,2018-02-14 08:35:00,0,0,0
Wednesday-14-02-2018_TrafficForML_CICFlowMeter_30s_state.csv,TRAIN,2018-02-14 08:35:30,0,0,0
Wednesday-14-02-2018_TrafficForML_CICFlowMeter_30s_state.csv,TRAIN,2018-02-14 08:36:00,0,0,0
Wednesday-14-02-2018_TrafficForML_CICFlowMeter_30s_state.csv,TRAIN,2018-02-14 08:36:30,0,0,0
Wednesday-14-02-2018_TrafficForML_CICFlowMeter_30s_state.csv,TRAIN,2018-02-14 08:37:00,0,0,0
Wednesday-14-02-2018_TrafficForML_CICFlowMeter_30s_state.csv,TRAIN,2018-02-14 08:37:30,0,0,0
Wednesday-14-02-2018_TrafficForML_CICFlowMeter_30s_state.csv,TRAIN,2018-02-14 08:38:00,0,0,0
Wednesday-14-02-2018_TrafficForML_CICFlowMeter_30s_state.csv,TRAIN,2018-02-14 08:38:30,0,0,0
Wednesday-14-02-2018_TrafficForML_CICFlowMeter_30s_state.csv,TRAIN,2018-02-14 08:39:00,0,0,0
Wednesday-14-02-2018_TrafficForML_CICFlowMeter_30s_state.csv,TRAIN,2018-02-14 08:39:30,0,0,0
Wednesday-14-02-2018_TrafficForML_CICFlowMeter_30s_state.csv,TRAIN,2018-02-14 08:40:00,0,0,0
Wednesday-14-02-2018_TrafficForML_CICFlowMeter_30s_state.csv,TRAIN,2018-02-14 08:40:30,0,0,0
Wednesday-14-02-2018_TrafficForML_CICFlowMeter_30s_state.csv,TRAIN,2018-02-14 08:41:00,0,0,0
Wednesday-14-02-2018_TrafficForML_CICFlowMeter_30s_state.csv,TRAIN,2018-02-14 08:41:30,0,0,0
Wednesday-14-02-2018_TrafficForML_CICFlowMeter_30s_state.csv,TRAIN,2018-02-14 08:42:00,0,0,0
Wednesday-14-02-2018_TrafficForML_CICFlowMeter_30s_state.csv,TRAIN,2018-02-14 08:42:30,0,0,0
Wednesday-14-02-2018_TrafficForML_CICFlowMeter_30s_state.csv,TRAIN,2018-02-14 08:43:00,0,0,0
Wednesday-14-02-2018_TrafficForML_CICFlowMeter_30s_state.csv,TRAIN,2018-02-14 08:43:30,0,0,0
Wednesday-14-02-2018_TrafficForML_CICFlowMeter_30s_state.csv,TRAIN,2018-02-14 08:44:00,0,0,0
Wednesday-14-02-2018_TrafficForML_CICFlowMeter_30s_state.csv,TRAIN,2018-02-14 08:44:30,0,0,0
Wednesday-14-02-2018_TrafficForML_CICFlowMeter_30s_state.csv,TRAIN,2018-02-14 08:45:00,0,0,0
Wednesday-14-02-2018_TrafficForML_CICFlowMeter_30s_state.csv,TRAIN,2018-02-14 08:45:30,0,0,0
Wednesday-14-02-2018_TrafficForML_CICFlowMeter_30s_state.csv,TRAIN,2018-02-14 08:46:00,0,0,0
Wednesday-14-02-2018_TrafficForML_CICFlowMeter_30s_state.csv,TRAIN,2018-02-14 08:46:30,0,0,0
Wednesday-14-02-2018_TrafficForML_CICFlowMeter_30s_state.csv,TRAIN,2018-02-14 08:47:00,0,0,0
Wednesday-14-02-2018_TrafficForML_CICFlowMeter_30s_state.csv,TRAIN,2018-02-14 08:47:30,0,0,0
Wednesday-14-02-2018_TrafficForML_CICFlowMeter_30s_state.csv,TRAIN,2018-02-14 08:48:00,0,0,0
Wednesday-14-02-2018_TrafficForML_CICFlowMeter_30s_state.csv,TRAIN,2018-02-14 08:48:30,0,0,0
Wednesday-14-02-2018_TrafficForML_CICFlowMeter_30s_state.csv,TRAIN,2018-02-14 08:49:00,0,0,0
Wednesday-14-02-2018_TrafficForML_CICFlowMeter_30s_state.csv,TRAIN,2018-02-14 08:49:30,0,0,0
Wednesday-14-02-2018_TrafficForML_CICFlowMeter_30s_state.csv,TRAIN,2018-02-14 08:50:00,0,0,0
Wednesday-14-02-2018_TrafficForML_CICFlowMeter_30s_state.csv,TRAIN,2018-02-14 08:50:30,0,0,0
Wednesday-14-02-2018_TrafficForML_CICFlowMeter_30s_state.csv,TRAIN,2018-02-14 08:51:00,0,0,0
Wednesday-14-02-2018_TrafficForML_CICFlowMeter_30s_state.csv,TRAIN,2018-02-14 08:51:30,0,0,0
Wednesday-14-02-2018_TrafficForML_CICFlowMeter_30s_state.csv,TRAIN,2018-02-14 08:52:00,0,0,0
Wednesday-14-02-2018_TrafficForML_CICFlowMeter_30s_state.csv,TRAIN,2018-02-14 08:52:30,0,0,0
Wednesday-14-02-2018_TrafficForML_CICFlowMeter_30s_state.csv,TRAIN,2018-02-14 08:53:00,0,0,0
Wednesday-14-02-2018_TrafficForML_CICFlowMeter_30s_state.csv,TRAIN,2018-02-14 08:53:30,0,0,0
Wednesday-14-02-2018_TrafficForML_CICFlowMeter_30s_state.csv,TRAIN,2018-02-14 08:54:00,0,0,0
Wednesday-14-02-2018_TrafficForML_CICFlowMeter_30s_state.csv,TRAIN,2018-02-14 08:54:30,0,0,0
Wednesday-14-02-2018_TrafficForML_CICFlowMeter_30s_state.csv,TRAIN,2018-02-14 08:55:00,0,0,0
Wednesday-14-02-2018_TrafficForML_CICFlowMeter_30s_state.csv,TRAIN,2018-02-14 08:55:30,0,0,0
Wednesday-14-02-2018_TrafficForML_CICFlowMeter_30s_state.csv,TRAIN,2018-02-14 08:56:00,0,0,0
Wednesday-14-02-2018_TrafficForML_CICFlowMeter_30s_state.csv,TRAIN,2018-02-14 08:56:30,0,0,0
Wednesday-14-02-2018_TrafficForML_CICFlowMeter_30s_state.csv,TRAIN,2018-02-14 08:57:00,0,0,0
Wednesday-14-02-2018_TrafficForML_CICFlowMeter_30s_state.csv,TRAIN,2018-02-14 08:57:30,0,0,0
Wednesday-14-02-2018_TrafficForML_CICFlowMeter_30s_state.csv,TRAIN,2018-02-14 08:58:00,0,0,0
Wednesday-14-02-2018_TrafficForML_CICFlowMeter_30s_state.csv,TRAIN,2018-02-14 08:58:30,0,0,0
Wednesday-14-02-2018_TrafficForML_CICFlowMeter_30s_state.csv,TRAIN,2018-02-14 08:59:00,0,0,0
Wednesday-14-02-2018_TrafficForML_CICFlowMeter_30s_state.csv,TRAIN,2018-02-14 08:59:30,0,0,0
Wednesday-14-02-2018_TrafficForML_CICFlowMeter_30s_state.csv,TRAIN,2018-02-14 09:00:00,0,0,0
Wednesday-14-02-2018_TrafficForML_CICFlowMeter_30s_state.csv,TRAIN,2018-02-14 09:00:30,0,0,0
Wednesday-14-02-2018_TrafficForML_CICFlowMeter_30s_state.csv,TRAIN,2018-02-14 09:01:00,0,0,0
Wednesday-14-02-2018_TrafficForML_CICFlowMeter_30s_state.csv,TRAIN,2018-02-14 09:01:30,0,0,0
Wednesday-14-02-2018_TrafficForML_CICFlowMeter_30s_state.csv,TRAIN,2018-02-14 09:02:00,0,0,0
Wednesday-14-02-2018_TrafficForML_CICFlowMeter_30s_state.csv,TRAIN,2018-02-14 09:02:30,0,0,0
Wednesday-14-02-2018_TrafficForML_CICFlowMeter_30s_state.csv,TRAIN,2018-02-14 09:03:00,0,0,0
Wednesday-14-02-2018_TrafficForML_CICFlowMeter_30s_state.csv,TRAIN,2018-02-14 09:03:30,0,0,0
Wednesday-14-02-2018_TrafficForML_CICFlowMeter_30s_state.csv,TRAIN,2018-02-14 09:04:00,0,0,0
Wednesday-14-02-2018_TrafficForML_CICFlowMeter_30s_state.csv,TRAIN,2018-02-14 09:04:30,0,0,0
Wednesday-14-02-2018_TrafficForML_CICFlowMeter_30s_state.csv,TRAIN,2018-02-14 09:05:00,0,0,0
Wednesday-14-02-2018_TrafficForML_CICFlowMeter_30s_state.csv,TRAIN,2018-02-14 09:05:30,0,0,0
Wednesday-14-02-2018_TrafficForML_CICFlowMeter_30s_state.csv,TRAIN,2018-02-14 09:06:00,0,0,0
Wednesday-14-02-2018_TrafficForML_CICFlowMeter_30s_state.csv,TRAIN,2018-02-14 09:06:30,0,0,0
Wednesday-14-02-2018_TrafficForML_CICFlowMeter_30s_state.csv,TRAIN,2018-02-14 09:07:00,0,0,0
Wednesday-14-02-2018_TrafficForML_CICFlowMeter_30s_state.csv,TRAIN,2018-02-14 09:07:30,0,0,0
Wednesday-14-02-2018_TrafficForML_CICFlowMeter_30s_state.csv,TRAIN,2018-02-14 09:08:00,0,0,0
Wednesday-14-02-2018_TrafficForML_CICFlowMeter_30s_state.csv,TRAIN,2018-02-14 09:08:30,0,0,0
Wednesday-14-02-2018_TrafficForML_CICFlowMeter_30s_state.csv,TRAIN,2018-02-14 09:09:00,0,0,0
Wednesday-14-02-2018_TrafficForML_CICFlowMeter_30s_state.csv,TRAIN,2018-02-14 09:09:30,0,0,0
Wednesday-14-02-2018_TrafficForML_CICFlowMeter_30s_state.csv,TRAIN,2018-02-14 09:10:00,0,0,0
Wednesday-14-02-2018_TrafficForML_CICFlowMeter_30s_state.csv,TRAIN,2018-02-14 09:10:30,0,0,0
Wednesday-14-02-2018_TrafficForML_CICFlowMeter_30s_state.csv,TRAIN,2018-02-14 09:11:00,0,0,0
Wednesday-14-02-2018_TrafficForML_CICFlowMeter_30s_state.csv,TRAIN,2018-02-14 09:11:30,0,0,0
Wednesday-14-02-2018_TrafficForML_CICFlowMeter_30s_state.csv,TRAIN,2018-02-14 09:12:00,0,0,0
Wednesday-14-02-2018_TrafficForML_CICFlowMeter_30s_state.csv,TRAIN,2018-02-14 09:12:30,0,0,0
Wednesday-14-02-2018_TrafficForML_CICFlowMeter_30s_state.csv,TRAIN,2018-02-14 09:13:00,0,0,0
Wednesday-14-02-2018_TrafficForML_CICFlowMeter_30s_state.csv,TRAIN,2018-02-14 09:13:30,0,0,0
Wednesday-14-02-2018_TrafficForML_CICFlowMeter_30s_state.csv,TRAIN,2018-02-14 09:14:00,0,0,0
Wednesday-14-02-2018_TrafficForML_CICFlowMeter_30s_state.csv,TRAIN,2018-02-14 09:14:30,0,0,0
Wednesday-14-02-2018_TrafficForML_CICFlowMeter_30s_state.csv,TRAIN,2018-02-14 09:15:00,0,0,0
Wednesday-14-02-2018_TrafficForML_CICFlowMeter_30s_state.csv,TRAIN,2018-02-14 09:15:30,0,0,0
Wednesday-14-02-2018_TrafficForML_CICFlowMeter_30s_state.csv,TRAIN,2018-02-14 09:16:00,0,0,0
Wednesday-14-02-2018_TrafficForML_CICFlowMeter_30s_state.csv,TRAIN,2018-02-14 09:16:30,0,0,0
Wednesday-14-02-2018_TrafficForML_CICFlowMeter_30s_state.csv,TRAIN,2018-02-14 09:17:00,0,0,0
Wednesday-14-02-2018_TrafficForML_CICFlowMeter_30s_state.csv,TRAIN,2018-02-14 09:17:30,0,0,0
Wednesday-14-02-2018_TrafficForML_CICFlowMeter_30s_state.csv,TRAIN,2018-02-14 09:18:00,0,0,0
Wednesday-14-02-2018_TrafficForML_CICFlowMeter_30s_state.csv,TRAIN,2018-02-14 09:18:30,0,0,0
Wednesday-14-02-2018_TrafficForML_CICFlowMeter_30s_state.csv,TRAIN,2018-02-14 09:19:00,0,0,0
Wednesday-14-02-2018_TrafficForML_CICFlowMeter_30s_state.csv,TRAIN,2018-02-14 09:19:30,0,0,0
Wednesday-14-02-2018_TrafficForML_CICFlowMeter_30s_state.csv,TRAIN,2018-02-14 09:20:00,0,0,0
Wednesday-14-02-2018_TrafficForML_CICFlowMeter_30s_state.csv,TRAIN,2018-02-14 09:20:30,0,0,0
Wednesday-14-02-2018_TrafficForML_CICFlowMeter_30s_state.csv,TRAIN,2018-02-14 09:21:00,0,0,0
Wednesday-14-02-2018_TrafficForML_CICFlowMeter_30s_state.csv,TRAIN,2018-02-14 09:21:30,0,0,0
Wednesday-14-02-2018_TrafficForML_CICFlowMeter_30s_state.csv,TRAIN,2018-02-14 09:22:00,0,0,0
Wednesday-14-02-2018_TrafficForML_CICFlowMeter_30s_state.csv,TRAIN,2018-02-14 09:22:30,0,0,0
Wednesday-14-02-2018_TrafficForML_CICFlowMeter_30s_state.csv,TRAIN,2018-02-14 09:23:00,0,0,0
Wednesday-14-02-2018_TrafficForML_CICFlowMeter_30s_state.csv,TRAIN,2018-02-14 09:23:30,0,0,0
Wednesday-14-02-2018_TrafficForML_CICFlowMeter_30s_state.csv,TRAIN,2018-02-14 09:24:00,0,0,0
Wednesday-14-02-2018_TrafficForML_CICFlowMeter_30s_state.csv,TRAIN,2018-02-14 09:24:30,0,0,0
Wednesday-14-02-2018_TrafficForML_CICFlowMeter_30s_state.csv,TRAIN,2018-02-14 09:25:00,0,0,0
Wednesday-14-02-2018_TrafficForML_CICFlowMeter_30s_state.csv,TRAIN,2018-02-14 09:25:30,0,0,0
Wednesday-14-02-2018_TrafficForML_CICFlowMeter_30s_state.csv,TRAIN,2018-02-14 09:26:00,0,0,0
Wednesday-14-02-2018_TrafficForML_CICFlowMeter_30s_state.csv,TRAIN,2018-02-14 09:26:30,0,0,0
Wednesday-14-02-2018_TrafficForML_CICFlowMeter_30s_state.csv,TRAIN,2018-02-14 09:27:00,0,0,0
Wednesday-14-02-2018_TrafficForML_CICFlowMeter_30s_state.csv,TRAIN,2018-02-14 09:27:30,0,0,0
Wednesday-14-02-2018_TrafficForML_CICFlowMeter_30s_state.csv,TRAIN,2018-02-14 09:28:00,0,0,0
Wednesday-14-02-2018_TrafficForML_CICFlowMeter_30s_state.csv,TRAIN,2018-02-14 09:28:30,0,0,0
Wednesday-14-02-2018_TrafficForML_CICFlowMeter_30s_state.csv,TRAIN,2018-02-14 09:29:00,0,0,0
Wednesday-14-02-2018_TrafficForML_CICFlowMeter_30s_state.csv,TRAIN,2018-02-14 09:29:30,0,0,0
Wednesday-14-02-2018_TrafficForML_CICFlowMeter_30s_state.csv,TRAIN,2018-02-14 09:30:00,0,0,0
Wednesday-14-02-2018_TrafficForML_CICFlowMeter_30s_state.csv,TRAIN,2018-02-14 09:30:30,0,0,0
Wednesday-14-02-2018_TrafficForML_CICFlowMeter_30s_state.csv,TRAIN,2018-02-14 09:31:00,0,0,0
Wednesday-14-02-2018_TrafficForML_CICFlowMeter_30s_state.csv,TRAIN,2018-02-14 09:31:30,0,0,0
Wednesday-14-02-2018_TrafficForML_CICFlowMeter_30s_state.csv,TRAIN,2018-02-14 09:32:00,0,0,0
Wednesday-14-02-2018_TrafficForML_CICFlowMeter_30s_state.csv,TRAIN,2018-02-14 09:32:30,0,0,0
Wednesday-14-02-2018_TrafficForML_CICFlowMeter_30s_state.csv,TRAIN,2018-02-14 09:33:00,0,0,0
Wednesday-14-02-2018_TrafficForML_CICFlowMeter_30s_state.csv,TRAIN,2018-02-14 09:33:30,0,0,0
Wednesday-14-02-2018_TrafficForML_CICFlowMeter_30s_state.csv,TRAIN,2018-02-14 09:34:00,0,0,0
Wednesday-14-02-2018_TrafficForML_CICFlowMeter_30s_state.csv,TRAIN,2018-02-14 09:34:30,0,0,0
Wednesday-14-02-2018_TrafficForML_CICFlowMeter_30s_state.csv,TRAIN,2018-02-14 09:35:00,0,0,0
Wednesday-14-02-2018_TrafficForML_CICFlowMeter_30s_state.csv,TRAIN,2018-02-14 09:35:30,0,0,0
Wednesday-14-02-2018_TrafficForML_CICFlowMeter_30s_state.csv,TRAIN,2018-02-14 09:36:00,0,0,0
Wednesday-14-02-2018_TrafficForML_CICFlowMeter_30s_state.csv,TRAIN,2018-02-14 09:36:30,0,0,0
Wednesday-14-02-2018_TrafficForML_CICFlowMeter_30s_state.csv,TRAIN,2018-02-14 09:37:00,0,0,0
Wednesday-14-02-2018_TrafficForML_CICFlowMeter_30s_state.csv,TRAIN,2018-02-14 09:37:30,0,0,0
Wednesday-14-02-2018_TrafficForML_CICFlowMeter_30s_state.csv,TRAIN,2018-02-14 09:38:00,0,0,0
Wednesday-14-02-2018_TrafficForML_CICFlowMeter_30s_state.csv,TRAIN,2018-02-14 09:38:30,0,0,0
Wednesday-14-02-2018_TrafficForML_CICFlowMeter_30s_state.csv,TRAIN,2018-02-14 09:39:00,0,0,0
Wednesday-14-02-2018_TrafficForML_CICFlowMeter_30s_state.csv,TRAIN,2018-02-14 09:39:30,0,0,0
Wednesday-14-02-2018_TrafficForML_CICFlowMeter_30s_state.csv,TRAIN,2018-02-14 09:40:00,0,0,0
Wednesday-14-02-2018_TrafficForML_CICFlowMeter_30s_state.csv,TRAIN,2018-02-14 09:40:30,0,0,0
Wednesday-14-02-2018_TrafficForML_CICFlowMeter_30s_state.csv,TRAIN,2018-02-14 09:41:00,0,0,0
Wednesday-14-02-2018_TrafficForML_CICFlowMeter_30s_state.csv,TRAIN,2018-02-14 09:41:30,0,0,0
Wednesday-14-02-2018_TrafficForML_CICFlowMeter_30s_state.csv,TRAIN,2018-02-14 09:42:00,0,0,0
Wednesday-14-02-2018_TrafficForML_CICFlowMeter_30s_state.csv,TRAIN,2018-02-14 09:42:30,0,0,0
Wednesday-14-02-2018_TrafficForML_CICFlowMeter_30s_state.csv,TRAIN,2018-02-14 09:43:00,0,0,0
Wednesday-14-02-2018_TrafficForML_CICFlowMeter_30s_state.csv,TRAIN,2018-02-14 09:43:30,0,0,0
Wednesday-14-02-2018_TrafficForML_CICFlowMeter_30s_state.csv,TRAIN,2018-02-14 09:44:00,0,0,0
Wednesday-14-02-2018_TrafficForML_CICFlowMeter_30s_state.csv,TRAIN,2018-02-14 09:44:30,0,0,0
Wednesday-14-02-2018_TrafficForML_CICFlowMeter_30s_state.csv,TRAIN,2018-02-14 09:45:00,0,0,0
Wednesday-14-02-2018_TrafficForML_CICFlowMeter_30s_state.csv,TRAIN,2018-02-14 09:45:30,0,0,0
Wednesday-14-02-2018_TrafficForML_CICFlowMeter_30s_state.csv,TRAIN,2018-02-14 09:46:00,0,0,0
Wednesday-14-02-2018_TrafficForML_CICFlowMeter_30s_state.csv,TRAIN,2018-02-14 09:46:30,0,0,0
Wednesday-14-02-2018_TrafficForML_CICFlowMeter_30s_state.csv,TRAIN,2018-02-14 09:47:00,0,0,0
Wednesday-14-02-2018_TrafficForML_CICFlowMeter_30s_state.csv,TRAIN,2018-02-14 09:47:30,0,0,0
Wednesday-14-02-2018_TrafficForML_CICFlowMeter_30s_state.csv,TRAIN,2018-02-14 09:48:00,0,0,0
Wednesday-14-02-2018_TrafficForML_CICFlowMeter_30s_state.csv,TRAIN,2018-02-14 09:48:30,0,0,0
Wednesday-14-02-2018_TrafficForML_CICFlowMeter_30s_state.csv,TRAIN,2018-02-14 09:49:00,0,0,0
Wednesday-14-02-2018_TrafficForML_CICFlowMeter_30s_state.csv,TRAIN,2018-02-14 09:49:30,0,0,0
Wednesday-14-02-2018_TrafficForML_CICFlowMeter_30s_state.csv,TRAIN,2018-02-14 09:50:00,0,0,0
Wednesday-14-02-2018_TrafficForML_CICFlowMeter_30s_state.csv,TRAIN,2018-02-14 09:50:30,0,0,0
Wednesday-14-02-2018_TrafficForML_CICFlowMeter_30s_state.csv,TRAIN,2018-02-14 09:51:00,0,0,0
Wednesday-14-02-2018_TrafficForML_CICFlowMeter_30s_state.csv,TRAIN,2018-02-14 09:51:30,0,0,0
Wednesday-14-02-2018_TrafficForML_CICFlowMeter_30s_state.csv,TRAIN,2018-02-14 09:52:00,0,0,0
Wednesday-14-02-2018_TrafficForML_CICFlowMeter_30s_state.csv,TRAIN,2018-02-14 09:52:30,0,0,0
Wednesday-14-02-2018_TrafficForML_CICFlowMeter_30s_state.csv,TRAIN,2018-02-14 09:53:00,0,0,0
Wednesday-14-02-2018_TrafficForML_CICFlowMeter_30s_state.csv,TRAIN,2018-02-14 09:53:30,0,0,0
Wednesday-14-02-2018_TrafficForML_CICFlowMeter_30s_state.csv,TRAIN,2018-02-14 09:54:00,0,0,0
Wednesday-14-02-2018_TrafficForML_CICFlowMeter_30s_state.csv,TRAIN,2018-02-14 09:54:30,0,0,0
Wednesday-14-02-2018_TrafficForML_CICFlowMeter_30s_state.csv,TRAIN,2018-02-14 09:55:00,0,0,0
Wednesday-14-02-2018_TrafficForML_CICFlowMeter_30s_state.csv,TRAIN,2018-02-14 09:55:30,0,0,0
Wednesday-14-02-2018_TrafficForML_CICFlowMeter_30s_state.csv,TRAIN,2018-02-14 09:56:00,0,0,0
Wednesday-14-02-2018_TrafficForML_CICFlowMeter_30s_state.csv,TRAIN,2018-02-14 09:56:30,0,0,0
Wednesday-14-02-2018_TrafficForML_CICFlowMeter_30s_state.csv,TRAIN,2018-02-14 09:57:00,0,0,0
Wednesday-14-02-2018_TrafficForML_CICFlowMeter_30s_state.csv,TRAIN,2018-02-14 09:57:30,0,0,0
Wednesday-14-02-2018_TrafficForML_CICFlowMeter_30s_state.csv,TRAIN,2018-02-14 09:58:00,0,0,0
Wednesday-14-02-2018_TrafficForML_CICFlowMeter_30s_state.csv,TRAIN,2018-02-14 09:58:30,0,0,0
Wednesday-14-02-2018_TrafficForML_CICFlowMeter_30s_state.csv,TRAIN,2018-02-14 09:59:00,0,0,0
Wednesday-14-02-2018_TrafficForML_CICFlowMeter_30s_state.csv,TRAIN,2018-02-14 09:59:30,0,0,0
Wednesday-14-02-2018_TrafficForML_CICFlowMeter_30s_state.csv,TRAIN,2018-02-14 10:00:00,0,0,0
Wednesday-14-02-2018_TrafficForML_CICFlowMeter_30s_state.csv,TRAIN,2018-02-14 10:00:30,0,0,0
Wednesday-14-02-2018_TrafficForML_CICFlowMeter_30s_state.csv,TRAIN,2018-02-14 10:01:00,0,0,0
Wednesday-14-02-2018_TrafficForML_CICFlowMeter_30s_state.csv,TRAIN,2018-02-14 10:01:30,0,0,0
Wednesday-14-02-2018_TrafficForML_CICFlowMeter_30s_state.csv,TRAIN,2018-02-14 10:02:00,0,0,0
Wednesday-14-02-2018_TrafficForML_CICFlowMeter_30s_state.csv,TRAIN,2018-02-14 10:02:30,0,0,0
Wednesday-14-02-2018_TrafficForML_CICFlowMeter_30s_state.csv,TRAIN,2018-02-14 10:03:00,0,0,0
Wednesday-14-02-2018_TrafficForML_CICFlowMeter_30s_state.csv,TRAIN,2018-02-14 10:03:30,0,0,0
Wednesday-14-02-2018_TrafficForML_CICFlowMeter_30s_state.csv,TRAIN,2018-02-14 10:04:00,0,0,0
Wednesday-14-02-2018_TrafficForML_CICFlowMeter_30s_state.csv,TRAIN,2018-02-14 10:04:30,0,0,0
Wednesday-14-02-2018_TrafficForML_CICFlowMeter_30s_state.csv,TRAIN,2018-02-14 10:05:00,0,0,0
Wednesday-14-02-2018_TrafficForML_CICFlowMeter_30s_state.csv,TRAIN,2018-02-14 10:05:30,0,0,0
Wednesday-14-02-2018_TrafficForML_CICFlowMeter_30s_state.csv,TRAIN,2018-02-14 10:06:00,0,0,0
Wednesday-14-02-2018_TrafficForML_CICFlowMeter_30s_state.csv,TRAIN,2018-02-14 10:06:30,0,0,0
Wednesday-14-02-2018_TrafficForML_CICFlowMeter_30s_state.csv,TRAIN,2018-02-14 10:07:00,0,0,0
Wednesday-14-02-2018_TrafficForML_CICFlowMeter_30s_state.csv,TRAIN,2018-02-14 10:07:30,0,0,0
Wednesday-14-02-2018_TrafficForML_CICFlowMeter_30s_state.csv,TRAIN,2018-02-14 10:08:00,0,0,0
Wednesday-14-02-2018_TrafficForML_CICFlowMeter_30s_state.csv,TRAIN,2018-02-14 10:08:30,0,0,0
Wednesday-14-02-2018_TrafficForML_CICFlowMeter_30s_state.csv,TRAIN,2018-02-14 10:09:00,0,0,0
Wednesday-14-02-2018_TrafficForML_CICFlowMeter_30s_state.csv,TRAIN,2018-02-14 10:09:30,0,0,0
Wednesday-14-02-2018_TrafficForML_CICFlowMeter_30s_state.csv,TRAIN,2018-02-14 10:10:00,0,0,0
Wednesday-14-02-2018_TrafficForML_CICFlowMeter_30s_state.csv,TRAIN,2018-02-14 10:10:30,0,0,0
Wednesday-14-02-2018_TrafficForML_CICFlowMeter_30s_state.csv,TRAIN,2018-02-14 10:11:00,0,0,0
Wednesday-14-02-2018_TrafficForML_CICFlowMeter_30s_state.csv,TRAIN,2018-02-14 10:11:30,0,0,0
Wednesday-14-02-2018_TrafficForML_CICFlowMeter_30s_state.csv,TRAIN,2018-02-14 10:12:00,0,0,0
Wednesday-14-02-2018_TrafficForML_CICFlowMeter_30s_state.csv,TRAIN,2018-02-14 10:12:30,0,0,0
Wednesday-14-02-2018_TrafficForML_CICFlowMeter_30s_state.csv,TRAIN,2018-02-14 10:13:00,0,0,0
Wednesday-14-02-2018_TrafficForML_CICFlowMeter_30s_state.csv,TRAIN,2018-02-14 10:13:30,0,0,0
Wednesday-14-02-2018_TrafficForML_CICFlowMeter_30s_state.csv,TRAIN,2018-02-14 10:14:00,0,0,0
Wednesday-14-02-2018_TrafficForML_CICFlowMeter_30s_state.csv,TRAIN,2018-02-14 10:14:30,0,0,0
Wednesday-14-02-2018_TrafficForML_CICFlowMeter_30s_state.csv,TRAIN,2018-02-14 10:15:00,0,0,0
Wednesday-14-02-2018_TrafficForML_CICFlowMeter_30s_state.csv,TRAIN,2018-02-14 10:15:30,0,0,0
Wednesday-14-02-2018_TrafficForML_CICFlowMeter_30s_state.csv,TRAIN,2018-02-14 10:16:00,0,0,0
Wednesday-14-02-2018_TrafficForML_CICFlowMeter_30s_state.csv,TRAIN,2018-02-14 10:16:30,0,0,0
Wednesday-14-02-2018_TrafficForML_CICFlowMeter_30s_state.csv,TRAIN,2018-02-14 10:17:00,0,0,0
Wednesday-14-02-2018_TrafficForML_CICFlowMeter_30s_state.csv,TRAIN,2018-02-14 10:17:30,0,0,0
Wednesday-14-02-2018_TrafficForML_CICFlowMeter_30s_state.csv,TRAIN,2018-02-14 10:18:00,0,0,0
Wednesday-14-02-2018_TrafficForML_CICFlowMeter_30s_state.csv,TRAIN,2018-02-14 10:18:30,0,0,0
Wednesday-14-02-2018_TrafficForML_CICFlowMeter_30s_state.csv,TRAIN,2018-02-14 10:19:00,0,0,0
Wednesday-14-02-2018_TrafficForML_CICFlowMeter_30s_state.csv,TRAIN,2018-02-14 10:19:30,0,0,0
Wednesday-14-02-2018_TrafficForML_CICFlowMeter_30s_state.csv,TRAIN,2018-02-14 10:20:00,0,0,0
Wednesday-14-02-2018_TrafficForML_CICFlowMeter_30s_state.csv,TRAIN,2018-02-14 10:20:30,0,0,0
Wednesday-14-02-2018_TrafficForML_CICFlowMeter_30s_state.csv,TRAIN,2018-02-14 10:21:00,0,0,0
Wednesday-14-02-2018_TrafficForML_CICFlowMeter_30s_state.csv,TRAIN,2018-02-14 10:21:30,0,0,0
Wednesday-14-02-2018_TrafficForML_CICFlowMeter_30s_state.csv,TRAIN,2018-02-14 10:22:00,0,0,0
Wednesday-14-02-2018_TrafficForML_CICFlowMeter_30s_state.csv,TRAIN,2018-02-14 10:22:30,0,0,0
Wednesday-14-02-2018_TrafficForML_CICFlowMeter_30s_state.csv,TRAIN,2018-02-14 10:23:00,0,0,0
Wednesday-14-02-2018_TrafficForML_CICFlowMeter_30s_state.csv,TRAIN,2018-02-14 10:23:30,0,0,0
Wednesday-14-02-2018_TrafficForML_CICFlowMeter_30s_state.csv,TRAIN,2018-02-14 10:24:00,0,0,0
Wednesday-14-02-2018_TrafficForML_CICFlowMeter_30s_state.csv,TRAIN,2018-02-14 10:24:30,0,0,0
Wednesday-14-02-2018_TrafficForML_CICFlowMeter_30s_state.csv,TRAIN,2018-02-14 10:25:00,0,0,0
Wednesday-14-02-2018_TrafficForML_CICFlowMeter_30s_state.csv,TRAIN,2018-02-14 10:25:30,0,0,0
Wednesday-14-02-2018_TrafficForML_CICFlowMeter_30s_state.csv,TRAIN,2018-02-14 10:26:00,0,0,0
Wednesday-14-02-2018_TrafficForML_CICFlowMeter_30s_state.csv,TRAIN,2018-02-14 10:26:30,0,0,0
Wednesday-14-02-2018_TrafficForML_CICFlowMeter_30s_state.csv,TRAIN,2018-02-14 10:27:00,0,0,0
Wednesday-14-02-2018_TrafficForML_CICFlowMeter_30s_state.csv,TRAIN,2018-02-14 10:27:30,0,0,0
Wednesday-14-02-2018_TrafficForML_CICFlowMeter_30s_state.csv,TRAIN,2018-02-14 10:28:00,0,0,0
Wednesday-14-02-2018_TrafficForML_CICFlowMeter_30s_state.csv,TRAIN,2018-02-14 10:28:30,0,0,0
Wednesday-14-02-2018_TrafficForML_CICFlowMeter_30s_state.csv,TRAIN,2018-02-14 10:29:00,0,0,0
Wednesday-14-02-2018_TrafficForML_CICFlowMeter_30s_state.csv,TRAIN,2018-02-14 10:29:30,0,0,0
Wednesday-14-02-2018_TrafficForML_CICFlowMeter_30s_state.csv,TRAIN,2018-02-14 10:30:00,0,0,0
Wednesday-14-02-2018_TrafficForML_CICFlowMeter_30s_state.csv,TRAIN,2018-02-14 10:30:30,0,0,0
Wednesday-14-02-2018_TrafficForML_CICFlowMeter_30s_state.csv,TRAIN,2018-02-14 10:31:00,0,0,0
Wednesday-14-02-2018_TrafficForML_CICFlowMeter_30s_state.csv,TRAIN,2018-02-14 10:31:30,0,0,0
Wednesday-14-02-2018_TrafficForML_CICFlowMeter_30s_state.csv,TRAIN,2018-02-14 10:32:00,0,0,0
Wednesday-14-02-2018_TrafficForML_CICFlowMeter_30s_state.csv,TRAIN,2018-02-14 10:32:30,0,0,0
Wednesday-14-02-2018_TrafficForML_CICFlowMeter_30s_state.csv,TRAIN,2018-02-14 10:33:00,0,1,0
Wednesday-14-02-2018_TrafficForML_CICFlowMeter_30s_state.csv,TRAIN,2018-02-14 10:33:30,1,1,1
Wednesday-14-02-2018_TrafficForML_CICFlowMeter_30s_state.csv,TRAIN,2018-02-14 10:34:00,1,1,1
Wednesday-14-02-2018_TrafficForML_CICFlowMeter_30s_state.csv,TRAIN,2018-02-14 10:34:30,1,1,1
Wednesday-14-02-2018_TrafficForML_CICFlowMeter_30s_state.csv,TRAIN,2018-02-14 10:35:00,1,1,1
Wednesday-14-02-2018_TrafficForML_CICFlowMeter_30s_state.csv,TRAIN,2018-02-14 10:35:30,1,1,1
Wednesday-14-02-2018_TrafficForML_CICFlowMeter_30s_state.csv,TRAIN,2018-02-14 10:36:00,1,1,1
Wednesday-14-02-2018_TrafficForML_CICFlowMeter_30s_state.csv,TRAIN,2018-02-14 10:36:30,1,1,1
Wednesday-14-02-2018_TrafficForML_CICFlowMeter_30s_state.csv,TRAIN,2018-02-14 10:37:00,1,1,1
Wednesday-14-02-2018_TrafficForML_CICFlowMeter_30s_state.csv,TRAIN,2018-02-14 10:37:30,1,1,1
Wednesday-14-02-2018_TrafficForML_CICFlowMeter_30s_state.csv,TRAIN,2018-02-14 10:38:00,1,1,1
Wednesday-14-02-2018_TrafficForML_CICFlowMeter_30s_state.csv,TRAIN,2018-02-14 10:38:30,1,1,1
Wednesday-14-02-2018_TrafficForML_CICFlowMeter_30s_state.csv,TRAIN,2018-02-14 10:39:00,1,1,1
Wednesday-14-02-2018_TrafficForML_CICFlowMeter_30s_state.csv,TRAIN,2018-02-14 10:39:30,1,1,1
Wednesday-14-02-2018_TrafficForML_CICFlowMeter_30s_state.csv,TRAIN,2018-02-14 10:40:00,1,1,1
Wednesday-14-02-2018_TrafficForML_CICFlowMeter_30s_state.csv,TRAIN,2018-02-14 10:40:30,1,1,1
Wednesday-14-02-2018_TrafficForML_CICFlowMeter_30s_state.csv,TRAIN,2018-02-14 10:41:00,1,1,1
Wednesday-14-02-2018_TrafficForML_CICFlowMeter_30s_state.csv,TRAIN,2018-02-14 10:41:30,1,1,1
Wednesday-14-02-2018_TrafficForML_CICFlowMeter_30s_state.csv,TRAIN,2018-02-14 10:42:00,1,1,1
Wednesday-14-02-2018_TrafficForML_CICFlowMeter_30s_state.csv,TRAIN,2018-02-14 10:42:30,1,1,1
Wednesday-14-02-2018_TrafficForML_CICFlowMeter_30s_state.csv,TRAIN,2018-02-14 10:43:00,1,1,1
Wednesday-14-02-2018_TrafficForML_CICFlowMeter_30s_state.csv,TRAIN,2018-02-14 10:43:30,1,1,1
Wednesday-14-02-2018_TrafficForML_CICFlowMeter_30s_state.csv,TRAIN,2018-02-14 10:44:00,1,1,1
Wednesday-14-02-2018_TrafficForML_CICFlowMeter_30s_state.csv,TRAIN,2018-02-14 10:44:30,1,1,1
Wednesday-14-02-2018_TrafficForML_CICFlowMeter_30s_state.csv,TRAIN,2018-02-14 10:45:00,1,1,1
Wednesday-14-02-2018_TrafficForML_CICFlowMeter_30s_state.csv,TRAIN,2018-02-14 10:45:30,1,1,1
Wednesday-14-02-2018_TrafficForML_CICFlowMeter_30s_state.csv,TRAIN,2018-02-14 10:46:00,1,1,1
Wednesday-14-02-2018_TrafficForML_CICFlowMeter_30s_state.csv,TRAIN,2018-02-14 10:46:30,1,1,1
Wednesday-14-02-2018_TrafficForML_CICFlowMeter_30s_state.csv,TRAIN,2018-02-14 10:47:00,1,1,1
Wednesday-14-02-2018_TrafficForML_CICFlowMeter_30s_state.csv,TRAIN,2018-02-14 10:47:30,1,1,1
Wednesday-14-02-2018_TrafficForML_CICFlowMeter_30s_state.csv,TRAIN,2018-02-14 10:48:00,1,1,1
Wednesday-14-02-2018_TrafficForML_CICFlowMeter_30s_state.csv,TRAIN,2018-02-14 10:48:30,1,1,1
Wednesday-14-02-2018_TrafficForML_CICFlowMeter_30s_state.csv,TRAIN,2018-02-14 10:49:00,1,1,1
Wednesday-14-02-2018_TrafficForML_CICFlowMeter_30s_state.csv,TRAIN,2018-02-14 10:49:30,1,1,1
Wednesday-14-02-2018_TrafficForML_CICFlowMeter_30s_state.csv,TRAIN,2018-02-14 10:50:00,1,1,1
Wednesday-14-02-2018_TrafficForML_CICFlowMeter_30s_state.csv,TRAIN,2018-02-14 10:50:30,1,1,1
Wednesday-14-02-2018_TrafficForML_CICFlowMeter_30s_state.csv,TRAIN,2018-02-14 10:51:00,1,1,1
Wednesday-14-02-2018_TrafficForML_CICFlowMeter_30s_state.csv,TRAIN,2018-02-14 10:51:30,1,1,1
Wednesday-14-02-2018_TrafficForML_CICFlowMeter_30s_state.csv,TRAIN,2018-02-14 10:52:00,1,1,1
Wednesday-14-02-2018_TrafficForML_CICFlowMeter_30s_state.csv,TRAIN,2018-02-14 10:52:30,1,1,1
Wednesday-14-02-2018_TrafficForML_CICFlowMeter_30s_state.csv,TRAIN,2018-02-14 10:53:00,1,1,1
Wednesday-14-02-2018_TrafficForML_CICFlowMeter_30s_state.csv,TRAIN,2018-02-14 10:53:30,1,1,1
Wednesday-14-02-2018_TrafficForML_CICFlowMeter_30s_state.csv,TRAIN,2018-02-14 10:54:00,1,1,1
Wednesday-14-02-2018_TrafficForML_CICFlowMeter_30s_state.csv,TRAIN,2018-02-14 10:54:30,1,1,1
Wednesday-14-02-2018_TrafficForML_CICFlowMeter_30s_state.csv,TRAIN,2018-02-14 10:55:00,1,1,1
Wednesday-14-02-2018_TrafficForML_CICFlowMeter_30s_state.csv,TRAIN,2018-02-14 10:55:30,1,1,1
Wednesday-14-02-2018_TrafficForML_CICFlowMeter_30s_state.csv,TRAIN,2018-02-14 10:56:00,1,1,1
Wednesday-14-02-2018_TrafficForML_CICFlowMeter_30s_state.csv,TRAIN,2018-02-14 10:56:30,1,1,1
Wednesday-14-02-2018_TrafficForML_CICFlowMeter_30s_state.csv,TRAIN,2018-02-14 10:57:00,1,1,1
Wednesday-14-02-2018_TrafficForML_CICFlowMeter_30s_state.csv,TRAIN,2018-02-14 10:57:30,1,1,1
Wednesday-14-02-2018_TrafficForML_CICFlowMeter_30s_state.csv,TRAIN,2018-02-14 10:58:00,1,1,1
Wednesday-14-02-2018_TrafficForML_CICFlowMeter_30s_state.csv,TRAIN,2018-02-14 10:58:30,1,1,1
Wednesday-14-02-2018_TrafficForML_CICFlowMeter_30s_state.csv,TRAIN,2018-02-14 10:59:00,1,1,1
Wednesday-14-02-2018_TrafficForML_CICFlowMeter_30s_state.csv,TRAIN,2018-02-14 10:59:30,1,1,1
Wednesday-14-02-2018_TrafficForML_CICFlowMeter_30s_state.csv,TRAIN,2018-02-14 11:00:00,1,1,1
Wednesday-14-02-2018_TrafficForML_CICFlowMeter_30s_state.csv,TRAIN,2018-02-14 11:00:30,1,1,1
Wednesday-14-02-2018_TrafficForML_CICFlowMeter_30s_state.csv,TRAIN,2018-02-14 11:01:00,1,1,1
Wednesday-14-02-2018_TrafficForML_CICFlowMeter_30s_state.csv,TRAIN,2018-02-14 11:01:30,1,1,1
Wednesday-14-02-2018_TrafficForML_CICFlowMeter_30s_state.csv,TRAIN,2018-02-14 11:02:00,1,1,1
Wednesday-14-02-2018_TrafficForML_CICFlowMeter_30s_state.csv,TRAIN,2018-02-14 11:02:30,1,1,1
Wednesday-14-02-2018_TrafficForML_CICFlowMeter_30s_state.csv,TRAIN,2018-02-14 11:03:00,1,1,1
Wednesday-14-02-2018_TrafficForML_CICFlowMeter_30s_state.csv,TRAIN,2018-02-14 11:03:30,1,1,1
Wednesday-14-02-2018_TrafficForML_CICFlowMeter_30s_state.csv,TRAIN,2018-02-14 11:04:00,1,1,1
Wednesday-14-02-2018_TrafficForML_CICFlowMeter_30s_state.csv,TRAIN,2018-02-14 11:04:30,1,1,1
Wednesday-14-02-2018_TrafficForML_CICFlowMeter_30s_state.csv,TRAIN,2018-02-14 11:05:00,1,1,1
Wednesday-14-02-2018_TrafficForML_CICFlowMeter_30s_state.csv,TRAIN,2018-02-14 11:05:30,1,1,1
Wednesday-14-02-2018_TrafficForML_CICFlowMeter_30s_state.csv,TRAIN,2018-02-14 11:06:00,1,1,1
Wednesday-14-02-2018_TrafficForML_CICFlowMeter_30s_state.csv,TRAIN,2018-02-14 11:06:30,1,1,1
Wednesday-14-02-2018_TrafficForML_CICFlowMeter_30s_state.csv,TRAIN,2018-02-14 11:07:00,1,1,1
Wednesday-14-02-2018_TrafficForML_CICFlowMeter_30s_state.csv,TRAIN,2018-02-14 11:07:30,1,1,1
Wednesday-14-02-2018_TrafficForML_CICFlowMeter_30s_state.csv,TRAIN,2018-02-14 11:08:00,1,1,1
Wednesday-14-02-2018_TrafficForML_CICFlowMeter_30s_state.csv,TRAIN,2018-02-14 11:08:30,1,1,1
Wednesday-14-02-2018_TrafficForML_CICFlowMeter_30s_state.csv,TRAIN,2018-02-14 11:09:00,1,1,1
Wednesday-14-02-2018_TrafficForML_CICFlowMeter_30s_state.csv,TRAIN,2018-02-14 11:09:30,1,1,1
Wednesday-14-02-2018_TrafficForML_CICFlowMeter_30s_state.csv,TRAIN,2018-02-14 11:10:00,1,1,1
Wednesday-14-02-2018_TrafficForML_CICFlowMeter_30s_state.csv,TRAIN,2018-02-14 11:10:30,1,1,1
Wednesday-14-02-2018_TrafficForML_CICFlowMeter_30s_state.csv,TRAIN,2018-02-14 11:11:00,1,1,1
Wednesday-14-02-2018_TrafficForML_CICFlowMeter_30s_state.csv,TRAIN,2018-02-14 11:11:30,1,1,1
Wednesday-14-02-2018_TrafficForML_CICFlowMeter_30s_state.csv,TRAIN,2018-02-14 11:12:00,1,1,1
Wednesday-14-02-2018_TrafficForML_CICFlowMeter_30s_state.csv,TRAIN,2018-02-14 11:12:30,1,1,1
Wednesday-14-02-2018_TrafficForML_CICFlowMeter_30s_state.csv,TRAIN,2018-02-14 11:13:00,1,1,1
Wednesday-14-02-2018_TrafficForML_CICFlowMeter_30s_state.csv,TRAIN,2018-02-14 11:13:30,1,1,1
Wednesday-14-02-2018_TrafficForML_CICFlowMeter_30s_state.csv,TRAIN,2018-02-14 11:14:00,1,1,1
Wednesday-14-02-2018_TrafficForML_CICFlowMeter_30s_state.csv,TRAIN,2018-02-14 11:14:30,1,1,1
Wednesday-14-02-2018_TrafficForML_CICFlowMeter_30s_state.csv,TRAIN,2018-02-14 11:15:00,1,1,1
Wednesday-14-02-2018_TrafficForML_CICFlowMeter_30s_state.csv,TRAIN,2018-02-14 11:15:30,1,1,1
Wednesday-14-02-2018_TrafficForML_CICFlowMeter_30s_state.csv,TRAIN,2018-02-14 11:16:00,1,1,1
Wednesday-14-02-2018_TrafficForML_CICFlowMeter_30s_state.csv,TRAIN,2018-02-14 11:16:30,1,1,1
Wednesday-14-02-2018_TrafficForML_CICFlowMeter_30s_state.csv,TRAIN,2018-02-14 11:17:00,1,1,1
Wednesday-14-02-2018_TrafficForML_CICFlowMeter_30s_state.csv,TRAIN,2018-02-14 11:17:30,1,1,1
Wednesday-14-02-2018_TrafficForML_CICFlowMeter_30s_state.csv,TRAIN,2018-02-14 11:18:00,1,1,1
Wednesday-14-02-2018_TrafficForML_CICFlowMeter_30s_state.csv,TRAIN,2018-02-14 11:18:30,1,1,1
Wednesday-14-02-2018_TrafficForML_CICFlowMeter_30s_state.csv,TRAIN,2018-02-14 11:19:00,1,1,1
Wednesday-14-02-2018_TrafficForML_CICFlowMeter_30s_state.csv,TRAIN,2018-02-14 11:19:30,1,1,1
Wednesday-14-02-2018_TrafficForML_CICFlowMeter_30s_state.csv,TRAIN,2018-02-14 11:20:00,1,1,1
Wednesday-14-02-2018_TrafficForML_CICFlowMeter_30s_state.csv,TRAIN,2018-02-14 11:20:30,1,1,1
Wednesday-14-02-2018_TrafficForML_CICFlowMeter_30s_state.csv,TRAIN,2018-02-14 11:21:00,1,1,1
Wednesday-14-02-2018_TrafficForML_CICFlowMeter_30s_state.csv,TRAIN,2018-02-14 11:21:30,1,1,1
Wednesday-14-02-2018_TrafficForML_CICFlowMeter_30s_state.csv,TRAIN,2018-02-14 11:22:00,1,1,1
Wednesday-14-02-2018_TrafficForML_CICFlowMeter_30s_state.csv,TRAIN,2018-02-14 11:22:30,1,1,1
Wednesday-14-02-2018_TrafficForML_CICFlowMeter_30s_state.csv,TRAIN,2018-02-14 11:23:00,1,1,1
Wednesday-14-02-2018_TrafficForML_CICFlowMeter_30s_state.csv,TRAIN,2018-02-14 11:23:30,1,1,1
Wednesday-14-02-2018_TrafficForML_CICFlowMeter_30s_state.csv,TRAIN,2018-02-14 11:24:00,1,1,1
Wednesday-14-02-2018_TrafficForML_CICFlowMeter_30s_state.csv,TRAIN,2018-02-14 11:24:30,1,1,1
Wednesday-14-02-2018_TrafficForML_CICFlowMeter_30s_state.csv,TRAIN,2018-02-14 11:25:00,1,1,1
Wednesday-14-02-2018_TrafficForML_CICFlowMeter_30s_state.csv,TRAIN,2018-02-14 11:25:30,1,1,1
Wednesday-14-02-2018_TrafficForML_CICFlowMeter_30s_state.csv,TRAIN,2018-02-14 11:26:00,1,1,1
Wednesday-14-02-2018_TrafficForML_CICFlowMeter_30s_state.csv,TRAIN,2018-02-14 11:26:30,1,1,1
Wednesday-14-02-2018_TrafficForML_CICFlowMeter_30s_state.csv,TRAIN,2018-02-14 11:27:00,1,1,1
Wednesday-14-02-2018_TrafficForML_CICFlowMeter_30s_state.csv,TRAIN,2018-02-14 11:27:30,1,1,1
Wednesday-14-02-2018_TrafficForML_CICFlowMeter_30s_state.csv,TRAIN,2018-02-14 11:28:00,1,1,1
Wednesday-14-02-2018_TrafficForML_CICFlowMeter_30s_state.csv,TRAIN,2018-02-14 11:28:30,1,1,1
Wednesday-14-02-2018_TrafficForML_CICFlowMeter_30s_state.csv,TRAIN,2018-02-14 11:29:00,1,1,1
Wednesday-14-02-2018_TrafficForML_CICFlowMeter_30s_state.csv,TRAIN,2018-02-14 11:29:30,1,1,1
Wednesday-14-02-2018_TrafficForML_CICFlowMeter_30s_state.csv,TRAIN,2018-02-14 11:30:00,1,1,1
Wednesday-14-02-2018_TrafficForML_CICFlowMeter_30s_state.csv,TRAIN,2018-02-14 11:30:30,1,1,1
Wednesday-14-02-2018_TrafficForML_CICFlowMeter_30s_state.csv,TRAIN,2018-02-14 11:31:00,1,1,1
Wednesday-14-02-2018_TrafficForML_CICFlowMeter_30s_state.csv,TRAIN,2018-02-14 11:31:30,1,1,1
Wednesday-14-02-2018_TrafficForML_CICFlowMeter_30s_state.csv,TRAIN,2018-02-14 11:32:00,1,1,1
Wednesday-14-02-2018_TrafficForML_CICFlowMeter_30s_state.csv,TRAIN,2018-02-14 11:32:30,1,1,1
Wednesday-14-02-2018_TrafficForML_CICFlowMeter_30s_state.csv,TRAIN,2018-02-14 11:33:00,1,1,1
Wednesday-14-02-2018_TrafficForML_CICFlowMeter_30s_state.csv,TRAIN,2018-02-14 11:33:30,1,1,1
Wednesday-14-02-2018_TrafficForML_CICFlowMeter_30s_state.csv,TRAIN,2018-02-14 11:34:00,1,1,1
Wednesday-14-02-2018_TrafficForML_CICFlowMeter_30s_state.csv,TRAIN,2018-02-14 11:34:30,1,1,1
Wednesday-14-02-2018_TrafficForML_CICFlowMeter_30s_state.csv,TRAIN,2018-02-14 11:35:00,1,1,1
Wednesday-14-02-2018_TrafficForML_CICFlowMeter_30s_state.csv,TRAIN,2018-02-14 11:35:30,1,1,1
Wednesday-14-02-2018_TrafficForML_CICFlowMeter_30s_state.csv,TRAIN,2018-02-14 11:36:00,1,1,1
Wednesday-14-02-2018_TrafficForML_CICFlowMeter_30s_state.csv,TRAIN,2018-02-14 11:36:30,1,1,1
Wednesday-14-02-2018_TrafficForML_CICFlowMeter_30s_state.csv,TRAIN,2018-02-14 11:37:00,1,1,1
Wednesday-14-02-2018_TrafficForML_CICFlowMeter_30s_state.csv,TRAIN,2018-02-14 11:37:30,1,1,1
Wednesday-14-02-2018_TrafficForML_CICFlowMeter_30s_state.csv,TRAIN,2018-02-14 11:38:00,1,1,1
Wednesday-14-02-2018_TrafficForML_CICFlowMeter_30s_state.csv,TRAIN,2018-02-14 11:38:30,1,1,1
Wednesday-14-02-2018_TrafficForML_CICFlowMeter_30s_state.csv,TRAIN,2018-02-14 11:39:00,1,1,1
Wednesday-14-02-2018_TrafficForML_CICFlowMeter_30s_state.csv,TRAIN,2018-02-14 11:39:30,1,1,1
Wednesday-14-02-2018_TrafficForML_CICFlowMeter_30s_state.csv,TRAIN,2018-02-14 11:40:00,1,1,1
Wednesday-14-02-2018_TrafficForML_CICFlowMeter_30s_state.csv,TRAIN,2018-02-14 11:40:30,1,1,1
Wednesday-14-02-2018_TrafficForML_CICFlowMeter_30s_state.csv,TRAIN,2018-02-14 11:41:00,1,1,1
Wednesday-14-02-2018_TrafficForML_CICFlowMeter_30s_state.csv,TRAIN,2018-02-14 11:41:30,1,1,1
Wednesday-14-02-2018_TrafficForML_CICFlowMeter_30s_state.csv,TRAIN,2018-02-14 11:42:00,1,1,1
Wednesday-14-02-2018_TrafficForML_CICFlowMeter_30s_state.csv,TRAIN,2018-02-14 11:42:30,1,1,1
Wednesday-14-02-2018_TrafficForML_CICFlowMeter_30s_state.csv,TRAIN,2018-02-14 11:43:00,1,1,1
Wednesday-14-02-2018_TrafficForML_CICFlowMeter_30s_state.csv,TRAIN,2018-02-14 11:43:30,1,1,1
Wednesday-14-02-2018_TrafficForML_CICFlowMeter_30s_state.csv,TRAIN,2018-02-14 11:44:00,1,1,1
Wednesday-14-02-2018_TrafficForML_CICFlowMeter_30s_state.csv,TRAIN,2018-02-14 11:44:30,1,1,1
Wednesday-14-02-2018_TrafficForML_CICFlowMeter_30s_state.csv,TRAIN,2018-02-14 11:45:00,1,1,1
Wednesday-14-02-2018_TrafficForML_CICFlowMeter_30s_state.csv,TRAIN,2018-02-14 11:45:30,1,1,1
Wednesday-14-02-2018_TrafficForML_CICFlowMeter_30s_state.csv,TRAIN,2018-02-14 11:46:00,1,1,1
Wednesday-14-02-2018_TrafficForML_CICFlowMeter_30s_state.csv,TRAIN,2018-02-14 11:46:30,1,1,1
Wednesday-14-02-2018_TrafficForML_CICFlowMeter_30s_state.csv,TRAIN,2018-02-14 11:47:00,1,1,1
Wednesday-14-02-2018_TrafficForML_CICFlowMeter_30s_state.csv,TRAIN,2018-02-14 11:47:30,1,1,1
Wednesday-14-02-2018_TrafficForML_CICFlowMeter_30s_state.csv,TRAIN,2018-02-14 11:48:00,1,1,1
Wednesday-14-02-2018_TrafficForML_CICFlowMeter_30s_state.csv,TRAIN,2018-02-14 11:48:30,1,1,1
Wednesday-14-02-2018_TrafficForML_CICFlowMeter_30s_state.csv,TRAIN,2018-02-14 11:49:00,1,1,1
Wednesday-14-02-2018_TrafficForML_CICFlowMeter_30s_state.csv,TRAIN,2018-02-14 11:49:30,1,1,1
Wednesday-14-02-2018_TrafficForML_CICFlowMeter_30s_state.csv,TRAIN,2018-02-14 11:50:00,1,1,1
Wednesday-14-02-2018_TrafficForML_CICFlowMeter_30s_state.csv,TRAIN,2018-02-14 11:50:30,1,1,1
Wednesday-14-02-2018_TrafficForML_CICFlowMeter_30s_state.csv,TRAIN,2018-02-14 11:51:00,1,1,1
Wednesday-14-02-2018_TrafficForML_CICFlowMeter_30s_state.csv,TRAIN,2018-02-14 11:51:30,1,1,1
Wednesday-14-02-2018_TrafficForML_CICFlowMeter_30s_state.csv,TRAIN,2018-02-14 11:52:00,1,1,1
Wednesday-14-02-2018_TrafficForML_CICFlowMeter_30s_state.csv,TRAIN,2018-02-14 11:52:30,1,1,1
Wednesday-14-02-2018_TrafficForML_CICFlowMeter_30s_state.csv,TRAIN,2018-02-14 11:53:00,1,1,1
Wednesday-14-02-2018_TrafficForML_CICFlowMeter_30s_state.csv,TRAIN,2018-02-14 11:53:30,1,1,1
Wednesday-14-02-2018_TrafficForML_CICFlowMeter_30s_state.csv,TRAIN,2018-02-14 11:54:00,1,1,1
Wednesday-14-02-2018_TrafficForML_CICFlowMeter_30s_state.csv,TRAIN,2018-02-14 11:54:30,1,1,1
Wednesday-14-02-2018_TrafficForML_CICFlowMeter_30s_state.csv,TRAIN,2018-02-14 11:55:00,1,1,1
Wednesday-14-02-2018_TrafficForML_CICFlowMeter_30s_state.csv,TRAIN,2018-02-14 11:55:30,1,1,1
Wednesday-14-02-2018_TrafficForML_CICFlowMeter_30s_state.csv,TRAIN,2018-02-14 11:56:00,1,1,1
Wednesday-14-02-2018_TrafficForML_CICFlowMeter_30s_state.csv,TRAIN,2018-02-14 11:56:30,1,1,1
Wednesday-14-02-2018_TrafficForML_CICFlowMeter_30s_state.csv,TRAIN,2018-02-14 11:57:00,1,1,1
Wednesday-14-02-2018_TrafficForML_CICFlowMeter_30s_state.csv,TRAIN,2018-02-14 11:57:30,1,1,1
Wednesday-14-02-2018_TrafficForML_CICFlowMeter_30s_state.csv,TRAIN,2018-02-14 11:58:00,1,1,1
Wednesday-14-02-2018_TrafficForML_CICFlowMeter_30s_state.csv,TRAIN,2018-02-14 11:58:30,1,1,1
Wednesday-14-02-2018_TrafficForML_CICFlowMeter_30s_state.csv,TRAIN,2018-02-14 11:59:00,1,1,1
Wednesday-14-02-2018_TrafficForML_CICFlowMeter_30s_state.csv,TRAIN,2018-02-14 11:59:30,1,1,1
Wednesday-14-02-2018_TrafficForML_CICFlowMeter_30s_state.csv,TRAIN,2018-02-14 12:00:00,1,1,1
Wednesday-14-02-2018_TrafficForML_CICFlowMeter_30s_state.csv,TRAIN,2018-02-14 12:00:30,1,1,1
Wednesday-14-02-2018_TrafficForML_CICFlowMeter_30s_state.csv,TRAIN,2018-02-14 12:01:00,1,1,1
Wednesday-14-02-2018_TrafficForML_CICFlowMeter_30s_state.csv,TRAIN,2018-02-14 12:01:30,1,1,1
Wednesday-14-02-2018_TrafficForML_CICFlowMeter_30s_state.csv,TRAIN,2018-02-14 12:02:00,1,1,1
Wednesday-14-02-2018_TrafficForML_CICFlowMeter_30s_state.csv,TRAIN,2018-02-14 12:02:30,1,1,1
Wednesday-14-02-2018_TrafficForML_CICFlowMeter_30s_state.csv,TRAIN,2018-02-14 12:03:00,1,1,1
Wednesday-14-02-2018_TrafficForML_CICFlowMeter_30s_state.csv,TRAIN,2018-02-14 12:03:30,1,1,1
Wednesday-14-02-2018_TrafficForML_CICFlowMeter_30s_state.csv,TRAIN,2018-02-14 12:04:00,1,1,1
Wednesday-14-02-2018_TrafficForML_CICFlowMeter_30s_state.csv,TRAIN,2018-02-14 12:04:30,1,1,1
Wednesday-14-02-2018_TrafficForML_CICFlowMeter_30s_state.csv,TRAIN,2018-02-14 12:05:00,1,1,1
Wednesday-14-02-2018_TrafficForML_CICFlowMeter_30s_state.csv,TRAIN,2018-02-14 12:05:30,1,1,1
Wednesday-14-02-2018_TrafficForML_CICFlowMeter_30s_state.csv,TRAIN,2018-02-14 12:06:00,1,1,1
Wednesday-14-02-2018_TrafficForML_CICFlowMeter_30s_state.csv,TRAIN,2018-02-14 12:06:30,1,1,1
Wednesday-14-02-2018_TrafficForML_CICFlowMeter_30s_state.csv,TRAIN,2018-02-14 12:07:00,1,1,1
Wednesday-14-02-2018_TrafficForML_CICFlowMeter_30s_state.csv,TRAIN,2018-02-14 12:07:30,1,1,1
Wednesday-14-02-2018_TrafficForML_CICFlowMeter_30s_state.csv,TRAIN,2018-02-14 12:08:00,1,1,1
Wednesday-14-02-2018_TrafficForML_CICFlowMeter_30s_state.csv,TRAIN,2018-02-14 12:08:30,1,1,1
Wednesday-14-02-2018_TrafficForML_CICFlowMeter_30s_state.csv,TRAIN,2018-02-14 12:09:00,1,1,1
Wednesday-14-02-2018_TrafficForML_CICFlowMeter_30s_state.csv,TRAIN,2018-02-14 12:09:30,1,1,1
Wednesday-14-02-2018_TrafficForML_CICFlowMeter_30s_state.csv,TRAIN,2018-02-14 12:10:00,1,1,1
Wednesday-14-02-2018_TrafficForML_CICFlowMeter_30s_state.csv,TRAIN,2018-02-14 12:10:30,1,1,1
Wednesday-14-02-2018_TrafficForML_CICFlowMeter_30s_state.csv,TRAIN,2018-02-14 12:11:00,1,0,1
Wednesday-14-02-2018_TrafficForML_CICFlowMeter_30s_state.csv,TRAIN,2018-02-14 12:11:30,0,0,0
Wednesday-14-02-2018_TrafficForML_CICFlowMeter_30s_state.csv,TRAIN,2018-02-14 12:12:00,0,0,0
Wednesday-14-02-2018_TrafficForML_CICFlowMeter_30s_state.csv,TRAIN,2018-02-14 12:12:30,0,0,0
Wednesday-14-02-2018_TrafficForML_CICFlowMeter_30s_state.csv,TRAIN,2018-02-14 12:13:00,0,0,0
Wednesday-14-02-2018_TrafficForML_CICFlowMeter_30s_state.csv,TRAIN,2018-02-14 12:13:30,0,0,0
Wednesday-14-02-2018_TrafficForML_CICFlowMeter_30s_state.csv,TRAIN,2018-02-14 12:14:00,0,0,0
Wednesday-14-02-2018_TrafficForML_CICFlowMeter_30s_state.csv,TRAIN,2018-02-14 12:14:30,0,0,0
Wednesday-14-02-2018_TrafficForML_CICFlowMeter_30s_state.csv,TRAIN,2018-02-14 12:15:00,0,0,0
Wednesday-14-02-2018_TrafficForML_CICFlowMeter_30s_state.csv,TRAIN,2018-02-14 12:15:30,0,0,0
Wednesday-14-02-2018_TrafficForML_CICFlowMeter_30s_state.csv,TRAIN,2018-02-14 12:16:00,0,0,0
Wednesday-14-02-2018_TrafficForML_CICFlowMeter_30s_state.csv,TRAIN,2018-02-14 12:16:30,0,0,0
Wednesday-14-02-2018_TrafficForML_CICFlowMeter_30s_state.csv,TRAIN,2018-02-14 12:17:00,0,0,0
Wednesday-14-02-2018_TrafficForML_CICFlowMeter_30s_state.csv,TRAIN,2018-02-14 12:17:30,0,0,0
Wednesday-14-02-2018_TrafficForML_CICFlowMeter_30s_state.csv,TRAIN,2018-02-14 12:18:00,0,0,0
Wednesday-14-02-2018_TrafficForML_CICFlowMeter_30s_state.csv,TRAIN,2018-02-14 12:18:30,0,0,0
Wednesday-14-02-2018_TrafficForML_CICFlowMeter_30s_state.csv,TRAIN,2018-02-14 12:19:00,0,0,0
Wednesday-14-02-2018_TrafficForML_CICFlowMeter_30s_state.csv,TRAIN,2018-02-14 12:19:30,0,0,0
Wednesday-14-02-2018_TrafficForML_CICFlowMeter_30s_state.csv,TRAIN,2018-02-14 12:20:00,0,0,0
Wednesday-14-02-2018_TrafficForML_CICFlowMeter_30s_state.csv,TRAIN,2018-02-14 12:20:30,0,0,0
Wednesday-14-02-2018_TrafficForML_CICFlowMeter_30s_state.csv,TRAIN,2018-02-14 12:21:00,0,0,0
Wednesday-14-02-2018_TrafficForML_CICFlowMeter_30s_state.csv,TRAIN,2018-02-14 12:21:30,0,0,0
Wednesday-14-02-2018_TrafficForML_CICFlowMeter_30s_state.csv,TRAIN,2018-02-14 12:22:00,0,0,0
Wednesday-14-02-2018_TrafficForML_CICFlowMeter_30s_state.csv,TRAIN,2018-02-14 12:22:30,0,0,0
Wednesday-14-02-2018_TrafficForML_CICFlowMeter_30s_state.csv,TRAIN,2018-02-14 12:23:00,0,0,0
Wednesday-14-02-2018_TrafficForML_CICFlowMeter_30s_state.csv,TRAIN,2018-02-14 12:23:30,0,0,0
Wednesday-14-02-2018_TrafficForML_CICFlowMeter_30s_state.csv,TRAIN,2018-02-14 12:24:00,0,0,0
Wednesday-14-02-2018_TrafficForML_CICFlowMeter_30s_state.csv,TRAIN,2018-02-14 12:24:30,0,0,0
Wednesday-14-02-2018_TrafficForML_CICFlowMeter_30s_state.csv,TRAIN,2018-02-14 12:25:00,0,0,0
Wednesday-14-02-2018_TrafficForML_CICFlowMeter_30s_state.csv,TRAIN,2018-02-14 12:25:30,0,0,0
Wednesday-14-02-2018_TrafficForML_CICFlowMeter_30s_state.csv,TRAIN,2018-02-14 12:26:00,0,0,0
Wednesday-14-02-2018_TrafficForML_CICFlowMeter_30s_state.csv,TRAIN,2018-02-14 12:26:30,0,0,0
Wednesday-14-02-2018_TrafficForML_CICFlowMeter_30s_state.csv,TRAIN,2018-02-14 12:27:00,0,0,0
Wednesday-14-02-2018_TrafficForML_CICFlowMeter_30s_state.csv,TRAIN,2018-02-14 12:27:30,0,0,0
Wednesday-14-02-2018_TrafficForML_CICFlowMeter_30s_state.csv,TRAIN,2018-02-14 12:28:00,0,0,0
Wednesday-14-02-2018_TrafficForML_CICFlowMeter_30s_state.csv,TRAIN,2018-02-14 12:28:30,0,0,0
Wednesday-14-02-2018_TrafficForML_CICFlowMeter_30s_state.csv,TRAIN,2018-02-14 12:29:00,0,0,0
Wednesday-14-02-2018_TrafficForML_CICFlowMeter_30s_state.csv,TRAIN,2018-02-14 12:29:30,0,0,0
Wednesday-14-02-2018_TrafficForML_CICFlowMeter_30s_state.csv,TRAIN,2018-02-14 12:30:00,0,0,0
Wednesday-14-02-2018_TrafficForML_CICFlowMeter_30s_state.csv,TRAIN,2018-02-14 12:30:30,0,0,0
Wednesday-14-02-2018_TrafficForML_CICFlowMeter_30s_state.csv,TRAIN,2018-02-14 12:31:00,0,0,0
Wednesday-14-02-2018_TrafficForML_CICFlowMeter_30s_state.csv,TRAIN,2018-02-14 12:31:30,0,0,0
Wednesday-14-02-2018_TrafficForML_CICFlowMeter_30s_state.csv,TRAIN,2018-02-14 12:32:00,0,0,0
Wednesday-14-02-2018_TrafficForML_CICFlowMeter_30s_state.csv,TRAIN,2018-02-14 12:32:30,0,0,0
Wednesday-14-02-2018_TrafficForML_CICFlowMeter_30s_state.csv,TRAIN,2018-02-14 12:33:00,0,0,0
Wednesday-14-02-2018_TrafficForML_CICFlowMeter_30s_state.csv,TRAIN,2018-02-14 12:33:30,0,0,0
Wednesday-14-02-2018_TrafficForML_CICFlowMeter_30s_state.csv,TRAIN,2018-02-14 12:34:00,0,0,0
Wednesday-14-02-2018_TrafficForML_CICFlowMeter_30s_state.csv,TRAIN,2018-02-14 12:34:30,0,0,0
Wednesday-14-02-2018_TrafficForML_CICFlowMeter_30s_state.csv,TRAIN,2018-02-14 12:35:00,0,0,0
Wednesday-14-02-2018_TrafficForML_CICFlowMeter_30s_state.csv,TRAIN,2018-02-14 12:35:30,0,0,0
Wednesday-14-02-2018_TrafficForML_CICFlowMeter_30s_state.csv,TRAIN,2018-02-14 12:36:00,0,0,0
Wednesday-14-02-2018_TrafficForML_CICFlowMeter_30s_state.csv,TRAIN,2018-02-14 12:36:30,0,0,0
Wednesday-14-02-2018_TrafficForML_CICFlowMeter_30s_state.csv,TRAIN,2018-02-14 12:37:00,0,0,0
Wednesday-14-02-2018_TrafficForML_CICFlowMeter_30s_state.csv,TRAIN,2018-02-14 12:37:30,0,0,0
Wednesday-14-02-2018_TrafficForML_CICFlowMeter_30s_state.csv,TRAIN,2018-02-14 12:38:00,0,0,0
Wednesday-14-02-2018_TrafficForML_CICFlowMeter_30s_state.csv,TRAIN,2018-02-14 12:38:30,0,0,0
Wednesday-14-02-2018_TrafficForML_CICFlowMeter_30s_state.csv,TRAIN,2018-02-14 12:39:00,0,0,0
Wednesday-14-02-2018_TrafficForML_CICFlowMeter_30s_state.csv,TRAIN,2018-02-14 12:39:30,0,0,0
Wednesday-14-02-2018_TrafficForML_CICFlowMeter_30s_state.csv,TRAIN,2018-02-14 12:40:00,0,0,0
Wednesday-14-02-2018_TrafficForML_CICFlowMeter_30s_state.csv,TRAIN,2018-02-14 12:40:30,0,0,0
Wednesday-14-02-2018_TrafficForML_CICFlowMeter_30s_state.csv,TRAIN,2018-02-14 12:41:00,0,0,0
Wednesday-14-02-2018_TrafficForML_CICFlowMeter_30s_state.csv,TRAIN,2018-02-14 12:41:30,0,0,0
Wednesday-14-02-2018_TrafficForML_CICFlowMeter_30s_state.csv,TRAIN,2018-02-14 12:42:00,0,0,0
Wednesday-14-02-2018_TrafficForML_CICFlowMeter_30s_state.csv,TRAIN,2018-02-14 12:42:30,0,0,0
Wednesday-14-02-2018_TrafficForML_CICFlowMeter_30s_state.csv,TRAIN,2018-02-14 12:43:00,0,0,0
Wednesday-14-02-2018_TrafficForML_CICFlowMeter_30s_state.csv,TRAIN,2018-02-14 12:43:30,0,0,0
Wednesday-14-02-2018_TrafficForML_CICFlowMeter_30s_state.csv,TRAIN,2018-02-14 12:44:00,0,0,0
Wednesday-14-02-2018_TrafficForML_CICFlowMeter_30s_state.csv,TRAIN,2018-02-14 12:44:30,0,0,0
Wednesday-14-02-2018_TrafficForML_CICFlowMeter_30s_state.csv,TRAIN,2018-02-14 12:45:00,0,0,0
Wednesday-14-02-2018_TrafficForML_CICFlowMeter_30s_state.csv,TRAIN,2018-02-14 12:45:30,0,0,0
Wednesday-14-02-2018_TrafficForML_CICFlowMeter_30s_state.csv,TRAIN,2018-02-14 12:46:00,0,0,0
Wednesday-14-02-2018_TrafficForML_CICFlowMeter_30s_state.csv,TRAIN,2018-02-14 12:46:30,0,0,0
Wednesday-14-02-2018_TrafficForML_CICFlowMeter_30s_state.csv,TRAIN,2018-02-14 12:47:00,0,0,0
Wednesday-14-02-2018_TrafficForML_CICFlowMeter_30s_state.csv,TRAIN,2018-02-14 12:47:30,0,0,0
Wednesday-14-02-2018_TrafficForML_CICFlowMeter_30s_state.csv,TRAIN,2018-02-14 12:48:00,0,0,0
Wednesday-14-02-2018_TrafficForML_CICFlowMeter_30s_state.csv,TRAIN,2018-02-14 12:48:30,0,0,0
Wednesday-14-02-2018_TrafficForML_CICFlowMeter_30s_state.csv,TRAIN,2018-02-14 12:49:00,0,0,0
Wednesday-14-02-2018_TrafficForML_CICFlowMeter_30s_state.csv,TRAIN,2018-02-14 12:49:30,0,0,0
Wednesday-14-02-2018_TrafficForML_CICFlowMeter_30s_state.csv,TRAIN,2018-02-14 12:50:00,0,0,0
Wednesday-14-02-2018_TrafficForML_CICFlowMeter_30s_state.csv,TRAIN,2018-02-14 12:50:30,0,0,0
Wednesday-14-02-2018_TrafficForML_CICFlowMeter_30s_state.csv,TRAIN,2018-02-14 12:51:00,0,0,0
Wednesday-14-02-2018_TrafficForML_CICFlowMeter_30s_state.csv,TRAIN,2018-02-14 12:51:30,0,0,0
Wednesday-14-02-2018_TrafficForML_CICFlowMeter_30s_state.csv,TRAIN,2018-02-14 12:52:00,0,0,0
Wednesday-14-02-2018_TrafficForML_CICFlowMeter_30s_state.csv,TRAIN,2018-02-14 12:52:30,0,0,0
Wednesday-14-02-2018_TrafficForML_CICFlowMeter_30s_state.csv,TRAIN,2018-02-14 12:53:00,0,0,0
Wednesday-14-02-2018_TrafficForML_CICFlowMeter_30s_state.csv,TRAIN,2018-02-14 12:53:30,0,0,0
Wednesday-14-02-2018_TrafficForML_CICFlowMeter_30s_state.csv,TRAIN,2018-02-14 12:54:00,0,0,0
Wednesday-14-02-2018_TrafficForML_CICFlowMeter_30s_state.csv,TRAIN,2018-02-14 12:54:30,0,0,0
Wednesday-14-02-2018_TrafficForML_CICFlowMeter_30s_state.csv,TRAIN,2018-02-14 12:55:00,0,0,0
Wednesday-14-02-2018_TrafficForML_CICFlowMeter_30s_state.csv,TRAIN,2018-02-14 12:55:30,0,0,0
Wednesday-14-02-2018_TrafficForML_CICFlowMeter_30s_state.csv,TRAIN,2018-02-14 12:56:00,0,0,0
Wednesday-14-02-2018_TrafficForML_CICFlowMeter_30s_state.csv,TRAIN,2018-02-14 12:56:30,0,0,0
Wednesday-14-02-2018_TrafficForML_CICFlowMeter_30s_state.csv,TRAIN,2018-02-14 12:57:00,0,0,0
Wednesday-14-02-2018_TrafficForML_CICFlowMeter_30s_state.csv,TRAIN,2018-02-14 12:57:30,0,0,0
Wednesday-14-02-2018_TrafficForML_CICFlowMeter_30s_state.csv,TRAIN,2018-02-14 12:58:00,0,0,0
Wednesday-14-02-2018_TrafficForML_CICFlowMeter_30s_state.csv,TRAIN,2018-02-14 12:58:30,0,0,0
Wednesday-14-02-2018_TrafficForML_CICFlowMeter_30s_state.csv,TRAIN,2018-02-14 12:59:00,0,0,0
Wednesday-14-02-2018_TrafficForML_CICFlowMeter_30s_state.csv,TRAIN,2018-02-14 12:59:30,0,0,0
Wednesday-21-02-2018_TrafficForML_CICFlowMeter_30s_state.csv,TRAIN,2018-02-21 02:15:30,1,1,1
Wednesday-21-02-2018_TrafficForML_CICFlowMeter_30s_state.csv,TRAIN,2018-02-21 02:16:00,1,1,1
Wednesday-21-02-2018_TrafficForML_CICFlowMeter_30s_state.csv,TRAIN,2018-02-21 02:16:30,1,1,1
Wednesday-21-02-2018_TrafficForML_CICFlowMeter_30s_state.csv,TRAIN,2018-02-21 02:17:00,1,1,1
Wednesday-21-02-2018_TrafficForML_CICFlowMeter_30s_state.csv,TRAIN,2018-02-21 02:17:30,1,1,1
Wednesday-21-02-2018_TrafficForML_CICFlowMeter_30s_state.csv,TRAIN,2018-02-21 02:18:00,1,1,1
Wednesday-21-02-2018_TrafficForML_CICFlowMeter_30s_state.csv,TRAIN,2018-02-21 02:18:30,1,1,1
Wednesday-21-02-2018_TrafficForML_CICFlowMeter_30s_state.csv,TRAIN,2018-02-21 02:19:00,1,1,1
Wednesday-21-02-2018_TrafficForML_CICFlowMeter_30s_state.csv,TRAIN,2018-02-21 02:19:30,1,1,1
Wednesday-21-02-2018_TrafficForML_CICFlowMeter_30s_state.csv,TRAIN,2018-02-21 02:20:00,1,1,1
Wednesday-21-02-2018_TrafficForML_CICFlowMeter_30s_state.csv,TRAIN,2018-02-21 02:20:30,1,1,1
Wednesday-21-02-2018_TrafficForML_CICFlowMeter_30s_state.csv,TRAIN,2018-02-21 02:21:00,1,1,1
Wednesday-21-02-2018_TrafficForML_CICFlowMeter_30s_state.csv,TRAIN,2018-02-21 02:21:30,1,1,1
Wednesday-21-02-2018_TrafficForML_CICFlowMeter_30s_state.csv,TRAIN,2018-02-21 02:22:00,1,1,1
Wednesday-21-02-2018_TrafficForML_CICFlowMeter_30s_state.csv,TRAIN,2018-02-21 02:22:30,1,1,1
Wednesday-21-02-2018_TrafficForML_CICFlowMeter_30s_state.csv,TRAIN,2018-02-21 02:23:00,1,1,1
Wednesday-21-02-2018_TrafficForML_CICFlowMeter_30s_state.csv,TRAIN,2018-02-21 02:23:30,1,1,1
Wednesday-21-02-2018_TrafficForML_CICFlowMeter_30s_state.csv,TRAIN,2018-02-21 02:24:00,1,1,1
Wednesday-21-02-2018_TrafficForML_CICFlowMeter_30s_state.csv,TRAIN,2018-02-21 02:24:30,1,1,1
Wednesday-21-02-2018_TrafficForML_CICFlowMeter_30s_state.csv,TRAIN,2018-02-21 02:25:00,1,1,1
Wednesday-21-02-2018_TrafficForML_CICFlowMeter_30s_state.csv,TRAIN,2018-02-21 02:25:30,1,1,1
Wednesday-21-02-2018_TrafficForML_CICFlowMeter_30s_state.csv,TRAIN,2018-02-21 02:26:00,1,1,1
Wednesday-21-02-2018_TrafficForML_CICFlowMeter_30s_state.csv,TRAIN,2018-02-21 02:26:30,1,1,1
Wednesday-21-02-2018_TrafficForML_CICFlowMeter_30s_state.csv,TRAIN,2018-02-21 02:27:00,1,1,1
Wednesday-21-02-2018_TrafficForML_CICFlowMeter_30s_state.csv,TRAIN,2018-02-21 02:27:30,1,1,1
Wednesday-21-02-2018_TrafficForML_CICFlowMeter_30s_state.csv,TRAIN,2018-02-21 02:28:00,1,1,1
Wednesday-21-02-2018_TrafficForML_CICFlowMeter_30s_state.csv,TRAIN,2018-02-21 02:28:30,1,1,1
Wednesday-21-02-2018_TrafficForML_CICFlowMeter_30s_state.csv,TRAIN,2018-02-21 02:29:00,1,1,1
Wednesday-21-02-2018_TrafficForML_CICFlowMeter_30s_state.csv,TRAIN,2018-02-21 02:29:30,1,1,1
Wednesday-21-02-2018_TrafficForML_CICFlowMeter_30s_state.csv,TRAIN,2018-02-21 02:30:00,1,1,1
Wednesday-21-02-2018_TrafficForML_CICFlowMeter_30s_state.csv,TRAIN,2018-02-21 02:30:30,1,1,1
Wednesday-21-02-2018_TrafficForML_CICFlowMeter_30s_state.csv,TRAIN,2018-02-21 02:31:00,1,1,1
Wednesday-21-02-2018_TrafficForML_CICFlowMeter_30s_state.csv,TRAIN,2018-02-21 02:31:30,1,1,1
Wednesday-21-02-2018_TrafficForML_CICFlowMeter_30s_state.csv,TRAIN,2018-02-21 02:32:00,1,1,1
Wednesday-21-02-2018_TrafficForML_CICFlowMeter_30s_state.csv,TRAIN,2018-02-21 02:32:30,1,1,1
Wednesday-21-02-2018_TrafficForML_CICFlowMeter_30s_state.csv,TRAIN,2018-02-21 02:33:00,1,1,1
Wednesday-21-02-2018_TrafficForML_CICFlowMeter_30s_state.csv,TRAIN,2018-02-21 08:37:30,1,0,1
Wednesday-21-02-2018_TrafficForML_CICFlowMeter_30s_state.csv,TRAIN,2018-02-21 08:38:00,0,0,0
Wednesday-21-02-2018_TrafficForML_CICFlowMeter_30s_state.csv,TRAIN,2018-02-21 08:38:30,0,0,0
Wednesday-21-02-2018_TrafficForML_CICFlowMeter_30s_state.csv,TRAIN,2018-02-21 08:39:00,0,0,0
Wednesday-21-02-2018_TrafficForML_CICFlowMeter_30s_state.csv,TRAIN,2018-02-21 08:39:30,0,0,0
Wednesday-21-02-2018_TrafficForML_CICFlowMeter_30s_state.csv,TRAIN,2018-02-21 08:40:00,0,0,0
Wednesday-21-02-2018_TrafficForML_CICFlowMeter_30s_state.csv,TRAIN,2018-02-21 08:40:30,0,0,0
Wednesday-21-02-2018_TrafficForML_CICFlowMeter_30s_state.csv,TRAIN,2018-02-21 08:41:00,0,0,0
Wednesday-21-02-2018_TrafficForML_CICFlowMeter_30s_state.csv,TRAIN,2018-02-21 08:41:30,0,0,0
Wednesday-21-02-2018_TrafficForML_CICFlowMeter_30s_state.csv,TRAIN,2018-02-21 08:42:00,0,0,0
Wednesday-21-02-2018_TrafficForML_CICFlowMeter_30s_state.csv,TRAIN,2018-02-21 08:42:30,0,0,0
Wednesday-21-02-2018_TrafficForML_CICFlowMeter_30s_state.csv,TRAIN,2018-02-21 08:43:00,0,0,0
Wednesday-21-02-2018_TrafficForML_CICFlowMeter_30s_state.csv,TRAIN,2018-02-21 08:43:30,0,0,0
Wednesday-21-02-2018_TrafficForML_CICFlowMeter_30s_state.csv,TRAIN,2018-02-21 08:44:00,0,0,0
Wednesday-21-02-2018_TrafficForML_CICFlowMeter_30s_state.csv,TRAIN,2018-02-21 08:44:30,0,0,0
Wednesday-21-02-2018_TrafficForML_CICFlowMeter_30s_state.csv,TRAIN,2018-02-21 08:45:00,0,0,0
Wednesday-21-02-2018_TrafficForML_CICFlowMeter_30s_state.csv,TRAIN,2018-02-21 08:45:30,0,0,0
Wednesday-21-02-2018_TrafficForML_CICFlowMeter_30s_state.csv,TRAIN,2018-02-21 08:46:00,0,0,0
Wednesday-21-02-2018_TrafficForML_CICFlowMeter_30s_state.csv,TRAIN,2018-02-21 08:46:30,0,0,0
Wednesday-21-02-2018_TrafficForML_CICFlowMeter_30s_state.csv,TRAIN,2018-02-21 08:54:30,0,0,0
Wednesday-21-02-2018_TrafficForML_CICFlowMeter_30s_state.csv,TRAIN,2018-02-21 08:55:00,0,0,0
Wednesday-21-02-2018_TrafficForML_CICFlowMeter_30s_state.csv,TRAIN,2018-02-21 08:55:30,0,0,0
Wednesday-21-02-2018_TrafficForML_CICFlowMeter_30s_state.csv,TRAIN,2018-02-21 08:56:00,0,0,0
Wednesday-21-02-2018_TrafficForML_CICFlowMeter_30s_state.csv,TRAIN,2018-02-21 09:03:30,0,0,0
Wednesday-21-02-2018_TrafficForML_CICFlowMeter_30s_state.csv,TRAIN,2018-02-21 09:50:30,0,0,0
Wednesday-21-02-2018_TrafficForML_CICFlowMeter_30s_state.csv,TRAIN,2018-02-21 09:51:00,0,0,0
Wednesday-21-02-2018_TrafficForML_CICFlowMeter_30s_state.csv,TRAIN,2018-02-21 09:51:30,0,0,0
Wednesday-21-02-2018_TrafficForML_CICFlowMeter_30s_state.csv,TRAIN,2018-02-21 09:52:00,0,0,0
Wednesday-21-02-2018_TrafficForML_CICFlowMeter_30s_state.csv,TRAIN,2018-02-21 09:52:30,0,0,0
Wednesday-21-02-2018_TrafficForML_CICFlowMeter_30s_state.csv,TRAIN,2018-02-21 09:53:00,0,0,0
Wednesday-21-02-2018_TrafficForML_CICFlowMeter_30s_state.csv,TRAIN,2018-02-21 09:53:30,0,0,0
Wednesday-21-02-2018_TrafficForML_CICFlowMeter_30s_state.csv,TRAIN,2018-02-21 09:54:00,0,0,0
Wednesday-21-02-2018_TrafficForML_CICFlowMeter_30s_state.csv,TRAIN,2018-02-21 09:54:30,0,0,0
Wednesday-21-02-2018_TrafficForML_CICFlowMeter_30s_state.csv,TRAIN,2018-02-21 09:55:00,0,0,0
Wednesday-21-02-2018_TrafficForML_CICFlowMeter_30s_state.csv,TRAIN,2018-02-21 09:55:30,0,0,0
Wednesday-21-02-2018_TrafficForML_CICFlowMeter_30s_state.csv,TRAIN,2018-02-21 09:56:00,0,0,0
Wednesday-21-02-2018_TrafficForML_CICFlowMeter_30s_state.csv,TRAIN,2018-02-21 09:56:30,0,0,0
Wednesday-21-02-2018_TrafficForML_CICFlowMeter_30s_state.csv,TRAIN,2018-02-21 09:57:00,0,0,0
Wednesday-21-02-2018_TrafficForML_CICFlowMeter_30s_state.csv,TRAIN,2018-02-21 09:57:30,0,0,0
Wednesday-21-02-2018_TrafficForML_CICFlowMeter_30s_state.csv,TRAIN,2018-02-21 09:58:00,0,0,0
Wednesday-21-02-2018_TrafficForML_CICFlowMeter_30s_state.csv,TRAIN,2018-02-21 09:58:30,0,0,0
Wednesday-21-02-2018_TrafficForML_CICFlowMeter_30s_state.csv,TRAIN,2018-02-21 09:59:00,0,0,0
Wednesday-21-02-2018_TrafficForML_CICFlowMeter_30s_state.csv,TRAIN,2018-02-21 09:59:30,0,0,0
Wednesday-21-02-2018_TrafficForML_CICFlowMeter_30s_state.csv,TRAIN,2018-02-21 10:00:00,0,0,0
Wednesday-21-02-2018_TrafficForML_CICFlowMeter_30s_state.csv,TRAIN,2018-02-21 10:00:30,0,0,0
Wednesday-21-02-2018_TrafficForML_CICFlowMeter_30s_state.csv,TRAIN,2018-02-21 10:01:00,0,0,0
Wednesday-21-02-2018_TrafficForML_CICFlowMeter_30s_state.csv,TRAIN,2018-02-21 10:01:30,0,0,0
Wednesday-21-02-2018_TrafficForML_CICFlowMeter_30s_state.csv,TRAIN,2018-02-21 10:02:00,0,0,0
Wednesday-21-02-2018_TrafficForML_CICFlowMeter_30s_state.csv,TRAIN,2018-02-21 10:13:30,0,1,0
Wednesday-21-02-2018_TrafficForML_CICFlowMeter_30s_state.csv,TRAIN,2018-02-21 10:14:00,1,1,1
Wednesday-21-02-2018_TrafficForML_CICFlowMeter_30s_state.csv,TRAIN,2018-02-21 10:14:30,1,1,1
Wednesday-21-02-2018_TrafficForML_CICFlowMeter_30s_state.csv,TRAIN,2018-02-21 10:15:00,1,1,1
Wednesday-21-02-2018_TrafficForML_CICFlowMeter_30s_state.csv,TRAIN,2018-02-21 10:15:30,1,1,1
Wednesday-21-02-2018_TrafficForML_CICFlowMeter_30s_state.csv,TRAIN,2018-02-21 10:16:00,1,1,1
Wednesday-21-02-2018_TrafficForML_CICFlowMeter_30s_state.csv,TRAIN,2018-02-21 10:16:30,1,1,1
Wednesday-21-02-2018_TrafficForML_CICFlowMeter_30s_state.csv,TRAIN,2018-02-21 10:17:00,1,1,1
Wednesday-21-02-2018_TrafficForML_CICFlowMeter_30s_state.csv,TRAIN,2018-02-21 10:17:30,1,1,1
Wednesday-21-02-2018_TrafficForML_CICFlowMeter_30s_state.csv,TRAIN,2018-02-21 10:18:00,1,1,1
Wednesday-21-02-2018_TrafficForML_CICFlowMeter_30s_state.csv,TRAIN,2018-02-21 10:18:30,1,1,1
Wednesday-21-02-2018_TrafficForML_CICFlowMeter_30s_state.csv,TRAIN,2018-02-21 10:19:00,1,1,1
Wednesday-21-02-2018_TrafficForML_CICFlowMeter_30s_state.csv,TRAIN,2018-02-21 10:19:30,1,1,1
Wednesday-21-02-2018_TrafficForML_CICFlowMeter_30s_state.csv,TRAIN,2018-02-21 10:20:00,1,1,1
Wednesday-21-02-2018_TrafficForML_CICFlowMeter_30s_state.csv,TRAIN,2018-02-21 10:20:30,1,1,1
Wednesday-21-02-2018_TrafficForML_CICFlowMeter_30s_state.csv,TRAIN,2018-02-21 10:21:00,1,1,1
Wednesday-21-02-2018_TrafficForML_CICFlowMeter_30s_state.csv,TRAIN,2018-02-21 10:21:30,1,1,1
Wednesday-21-02-2018_TrafficForML_CICFlowMeter_30s_state.csv,TRAIN,2018-02-21 10:22:00,1,1,1
Wednesday-21-02-2018_TrafficForML_CICFlowMeter_30s_state.csv,TRAIN,2018-02-21 10:22:30,1,1,1
Wednesday-21-02-2018_TrafficForML_CICFlowMeter_30s_state.csv,TRAIN,2018-02-21 10:23:00,1,1,1
Wednesday-21-02-2018_TrafficForML_CICFlowMeter_30s_state.csv,TRAIN,2018-02-21 10:23:30,1,1,1
Wednesday-21-02-2018_TrafficForML_CICFlowMeter_30s_state.csv,TRAIN,2018-02-21 10:24:00,1,1,1
Wednesday-21-02-2018_TrafficForML_CICFlowMeter_30s_state.csv,TRAIN,2018-02-21 10:24:30,1,1,1
Wednesday-21-02-2018_TrafficForML_CICFlowMeter_30s_state.csv,TRAIN,2018-02-21 10:25:00,1,1,1
Wednesday-21-02-2018_TrafficForML_CICFlowMeter_30s_state.csv,TRAIN,2018-02-21 10:25:30,1,1,1
Wednesday-21-02-2018_TrafficForML_CICFlowMeter_30s_state.csv,TRAIN,2018-02-21 10:26:00,1,1,1
Wednesday-21-02-2018_TrafficForML_CICFlowMeter_30s_state.csv,TRAIN,2018-02-21 10:26:30,1,1,1
Wednesday-21-02-2018_TrafficForML_CICFlowMeter_30s_state.csv,TRAIN,2018-02-21 10:27:00,1,1,1
Wednesday-21-02-2018_TrafficForML_CICFlowMeter_30s_state.csv,TRAIN,2018-02-21 10:27:30,1,1,1
Wednesday-21-02-2018_TrafficForML_CICFlowMeter_30s_state.csv,TRAIN,2018-02-21 10:28:00,1,1,1
Wednesday-21-02-2018_TrafficForML_CICFlowMeter_30s_state.csv,TRAIN,2018-02-21 10:28:30,1,1,1
Wednesday-21-02-2018_TrafficForML_CICFlowMeter_30s_state.csv,TRAIN,2018-02-21 10:29:00,1,1,1
Wednesday-21-02-2018_TrafficForML_CICFlowMeter_30s_state.csv,TRAIN,2018-02-21 10:29:30,1,1,1
Wednesday-21-02-2018_TrafficForML_CICFlowMeter_30s_state.csv,TRAIN,2018-02-21 10:30:00,1,1,1
Wednesday-21-02-2018_TrafficForML_CICFlowMeter_30s_state.csv,TRAIN,2018-02-21 10:30:30,1,1,1
Wednesday-21-02-2018_TrafficForML_CICFlowMeter_30s_state.csv,TRAIN,2018-02-21 10:31:00,1,1,1
Wednesday-21-02-2018_TrafficForML_CICFlowMeter_30s_state.csv,TRAIN,2018-02-21 10:31:30,1,1,1
Wednesday-21-02-2018_TrafficForML_CICFlowMeter_30s_state.csv,TRAIN,2018-02-21 10:32:00,1,1,1
Wednesday-21-02-2018_TrafficForML_CICFlowMeter_30s_state.csv,TRAIN,2018-02-21 10:32:30,1,1,1
Wednesday-21-02-2018_TrafficForML_CICFlowMeter_30s_state.csv,TRAIN,2018-02-21 10:33:00,1,1,1
Wednesday-21-02-2018_TrafficForML_CICFlowMeter_30s_state.csv,TRAIN,2018-02-21 10:33:30,1,1,1
Wednesday-21-02-2018_TrafficForML_CICFlowMeter_30s_state.csv,TRAIN,2018-02-21 10:34:00,1,1,1
Wednesday-21-02-2018_TrafficForML_CICFlowMeter_30s_state.csv,TRAIN,2018-02-21 10:34:30,1,1,1
Wednesday-21-02-2018_TrafficForML_CICFlowMeter_30s_state.csv,TRAIN,2018-02-21 10:35:00,1,1,1
Wednesday-21-02-2018_TrafficForML_CICFlowMeter_30s_state.csv,TRAIN,2018-02-21 10:35:30,1,1,1
Wednesday-21-02-2018_TrafficForML_CICFlowMeter_30s_state.csv,TRAIN,2018-02-21 10:36:00,1,1,1
Wednesday-21-02-2018_TrafficForML_CICFlowMeter_30s_state.csv,TRAIN,2018-02-21 10:36:30,1,1,1
Wednesday-21-02-2018_TrafficForML_CICFlowMeter_30s_state.csv,TRAIN,2018-02-21 10:37:00,1,1,1
Wednesday-21-02-2018_TrafficForML_CICFlowMeter_30s_state.csv,TRAIN,2018-02-21 10:37:30,1,1,1
Wednesday-21-02-2018_TrafficForML_CICFlowMeter_30s_state.csv,TRAIN,2018-02-21 10:38:00,1,1,1
Wednesday-21-02-2018_TrafficForML_CICFlowMeter_30s_state.csv,TRAIN,2018-02-21 10:38:30,1,1,1
Wednesday-21-02-2018_TrafficForML_CICFlowMeter_30s_state.csv,TRAIN,2018-02-21 10:39:00,1,1,1
Wednesday-21-02-2018_TrafficForML_CICFlowMeter_30s_state.csv,TRAIN,2018-02-21 10:39:30,1,1,1
Wednesday-21-02-2018_TrafficForML_CICFlowMeter_30s_state.csv,TRAIN,2018-02-21 10:40:00,1,1,1
Wednesday-21-02-2018_TrafficForML_CICFlowMeter_30s_state.csv,TRAIN,2018-02-21 10:40:30,1,1,1
Wednesday-21-02-2018_TrafficForML_CICFlowMeter_30s_state.csv,TRAIN,2018-02-21 10:41:00,1,1,1
Wednesday-21-02-2018_TrafficForML_CICFlowMeter_30s_state.csv,TRAIN,2018-02-21 10:41:30,1,1,1
Wednesday-21-02-2018_TrafficForML_CICFlowMeter_30s_state.csv,TRAIN,2018-02-21 10:42:00,1,1,1
Wednesday-21-02-2018_TrafficForML_CICFlowMeter_30s_state.csv,TRAIN,2018-02-21 10:42:30,1,1,1
Wednesday-21-02-2018_TrafficForML_CICFlowMeter_30s_state.csv,TRAIN,2018-02-21 10:43:00,1,1,1
Wednesday-28-02-2018_TrafficForML_CICFlowMeter_30s_state.csv,VALIDATION,2018-02-28 01:05:30,0,0,0
Wednesday-28-02-2018_TrafficForML_CICFlowMeter_30s_state.csv,VALIDATION,2018-02-28 01:06:00,0,0,0
Wednesday-28-02-2018_TrafficForML_CICFlowMeter_30s_state.csv,VALIDATION,2018-02-28 01:06:30,0,0,0
Wednesday-28-02-2018_TrafficForML_CICFlowMeter_30s_state.csv,VALIDATION,2018-02-28 01:07:00,0,0,0
Wednesday-28-02-2018_TrafficForML_CICFlowMeter_30s_state.csv,VALIDATION,2018-02-28 01:07:30,0,0,0
Wednesday-28-02-2018_TrafficForML_CICFlowMeter_30s_state.csv,VALIDATION,2018-02-28 01:08:00,0,0,0
Wednesday-28-02-2018_TrafficForML_CICFlowMeter_30s_state.csv,VALIDATION,2018-02-28 01:08:30,0,0,0
Wednesday-28-02-2018_TrafficForML_CICFlowMeter_30s_state.csv,VALIDATION,2018-02-28 01:09:00,0,0,0
Wednesday-28-02-2018_TrafficForML_CICFlowMeter_30s_state.csv,VALIDATION,2018-02-28 01:09:30,0,0,0
Wednesday-28-02-2018_TrafficForML_CICFlowMeter_30s_state.csv,VALIDATION,2018-02-28 01:10:00,0,0,0
Wednesday-28-02-2018_TrafficForML_CICFlowMeter_30s_state.csv,VALIDATION,2018-02-28 01:10:30,0,0,0
Wednesday-28-02-2018_TrafficForML_CICFlowMeter_30s_state.csv,VALIDATION,2018-02-28 01:11:00,0,0,0
Wednesday-28-02-2018_TrafficForML_CICFlowMeter_30s_state.csv,VALIDATION,2018-02-28 01:11:30,0,0,0
Wednesday-28-02-2018_TrafficForML_CICFlowMeter_30s_state.csv,VALIDATION,2018-02-28 01:12:00,0,0,0
Wednesday-28-02-2018_TrafficForML_CICFlowMeter_30s_state.csv,VALIDATION,2018-02-28 01:12:30,0,0,0
Wednesday-28-02-2018_TrafficForML_CICFlowMeter_30s_state.csv,VALIDATION,2018-02-28 01:13:00,0,0,0
Wednesday-28-02-2018_TrafficForML_CICFlowMeter_30s_state.csv,VALIDATION,2018-02-28 01:13:30,0,0,0
Wednesday-28-02-2018_TrafficForML_CICFlowMeter_30s_state.csv,VALIDATION,2018-02-28 01:14:00,0,0,0
Wednesday-28-02-2018_TrafficForML_CICFlowMeter_30s_state.csv,VALIDATION,2018-02-28 01:14:30,0,0,0
Wednesday-28-02-2018_TrafficForML_CICFlowMeter_30s_state.csv,VALIDATION,2018-02-28 01:15:00,0,0,0
Wednesday-28-02-2018_TrafficForML_CICFlowMeter_30s_state.csv,VALIDATION,2018-02-28 01:15:30,0,0,0
Wednesday-28-02-2018_TrafficForML_CICFlowMeter_30s_state.csv,VALIDATION,2018-02-28 01:16:00,0,0,0
Wednesday-28-02-2018_TrafficForML_CICFlowMeter_30s_state.csv,VALIDATION,2018-02-28 01:16:30,0,0,0
Wednesday-28-02-2018_TrafficForML_CICFlowMeter_30s_state.csv,VALIDATION,2018-02-28 01:17:00,0,0,0
Wednesday-28-02-2018_TrafficForML_CICFlowMeter_30s_state.csv,VALIDATION,2018-02-28 01:17:30,0,0,0
Wednesday-28-02-2018_TrafficForML_CICFlowMeter_30s_state.csv,VALIDATION,2018-02-28 01:18:00,0,0,0
Wednesday-28-02-2018_TrafficForML_CICFlowMeter_30s_state.csv,VALIDATION,2018-02-28 01:18:30,0,0,0
Wednesday-28-02-2018_TrafficForML_CICFlowMeter_30s_state.csv,VALIDATION,2018-02-28 01:19:00,0,0,0
Wednesday-28-02-2018_TrafficForML_CICFlowMeter_30s_state.csv,VALIDATION,2018-02-28 01:19:30,0,0,0
Wednesday-28-02-2018_TrafficForML_CICFlowMeter_30s_state.csv,VALIDATION,2018-02-28 01:20:00,0,0,0
Wednesday-28-02-2018_TrafficForML_CICFlowMeter_30s_state.csv,VALIDATION,2018-02-28 01:20:30,0,0,0
Wednesday-28-02-2018_TrafficForML_CICFlowMeter_30s_state.csv,VALIDATION,2018-02-28 01:21:00,0,0,0
Wednesday-28-02-2018_TrafficForML_CICFlowMeter_30s_state.csv,VALIDATION,2018-02-28 01:21:30,0,0,0
Wednesday-28-02-2018_TrafficForML_CICFlowMeter_30s_state.csv,VALIDATION,2018-02-28 01:22:00,0,0,0
Wednesday-28-02-2018_TrafficForML_CICFlowMeter_30s_state.csv,VALIDATION,2018-02-28 01:22:30,0,0,0
Wednesday-28-02-2018_TrafficForML_CICFlowMeter_30s_state.csv,VALIDATION,2018-02-28 01:23:00,0,0,0
Wednesday-28-02-2018_TrafficForML_CICFlowMeter_30s_state.csv,VALIDATION,2018-02-28 01:23:30,0,0,0
Wednesday-28-02-2018_TrafficForML_CICFlowMeter_30s_state.csv,VALIDATION,2018-02-28 01:24:00,0,0,0
Wednesday-28-02-2018_TrafficForML_CICFlowMeter_30s_state.csv,VALIDATION,2018-02-28 01:24:30,0,0,0
Wednesday-28-02-2018_TrafficForML_CICFlowMeter_30s_state.csv,VALIDATION,2018-02-28 01:25:00,0,0,0
Wednesday-28-02-2018_TrafficForML_CICFlowMeter_30s_state.csv,VALIDATION,2018-02-28 01:25:30,0,0,0
Wednesday-28-02-2018_TrafficForML_CICFlowMeter_30s_state.csv,VALIDATION,2018-02-28 01:26:00,0,0,0
Wednesday-28-02-2018_TrafficForML_CICFlowMeter_30s_state.csv,VALIDATION,2018-02-28 01:26:30,0,0,0
Wednesday-28-02-2018_TrafficForML_CICFlowMeter_30s_state.csv,VALIDATION,2018-02-28 01:27:00,0,0,0
Wednesday-28-02-2018_TrafficForML_CICFlowMeter_30s_state.csv,VALIDATION,2018-02-28 01:27:30,0,0,0
Wednesday-28-02-2018_TrafficForML_CICFlowMeter_30s_state.csv,VALIDATION,2018-02-28 01:28:00,0,0,0
Wednesday-28-02-2018_TrafficForML_CICFlowMeter_30s_state.csv,VALIDATION,2018-02-28 01:28:30,0,0,0
Wednesday-28-02-2018_TrafficForML_CICFlowMeter_30s_state.csv,VALIDATION,2018-02-28 01:29:00,0,0,0
Wednesday-28-02-2018_TrafficForML_CICFlowMeter_30s_state.csv,VALIDATION,2018-02-28 01:29:30,0,0,0
Wednesday-28-02-2018_TrafficForML_CICFlowMeter_30s_state.csv,VALIDATION,2018-02-28 01:30:00,0,0,0
Wednesday-28-02-2018_TrafficForML_CICFlowMeter_30s_state.csv,VALIDATION,2018-02-28 01:30:30,0,0,0
Wednesday-28-02-2018_TrafficForML_CICFlowMeter_30s_state.csv,VALIDATION,2018-02-28 01:31:00,0,0,0
Wednesday-28-02-2018_TrafficForML_CICFlowMeter_30s_state.csv,VALIDATION,2018-02-28 01:31:30,0,0,0
Wednesday-28-02-2018_TrafficForML_CICFlowMeter_30s_state.csv,VALIDATION,2018-02-28 01:32:00,0,0,0
Wednesday-28-02-2018_TrafficForML_CICFlowMeter_30s_state.csv,VALIDATION,2018-02-28 01:32:30,0,0,0
Wednesday-28-02-2018_TrafficForML_CICFlowMeter_30s_state.csv,VALIDATION,2018-02-28 01:33:00,0,0,0
Wednesday-28-02-2018_TrafficForML_CICFlowMeter_30s_state.csv,VALIDATION,2018-02-28 01:33:30,0,0,0
Wednesday-28-02-2018_TrafficForML_CICFlowMeter_30s_state.csv,VALIDATION,2018-02-28 01:34:00,0,0,0
Wednesday-28-02-2018_TrafficForML_CICFlowMeter_30s_state.csv,VALIDATION,2018-02-28 01:34:30,0,0,0
Wednesday-28-02-2018_TrafficForML_CICFlowMeter_30s_state.csv,VALIDATION,2018-02-28 01:35:00,0,0,0
Wednesday-28-02-2018_TrafficForML_CICFlowMeter_30s_state.csv,VALIDATION,2018-02-28 01:35:30,0,0,0
Wednesday-28-02-2018_TrafficForML_CICFlowMeter_30s_state.csv,VALIDATION,2018-02-28 01:36:00,0,0,0
Wednesday-28-02-2018_TrafficForML_CICFlowMeter_30s_state.csv,VALIDATION,2018-02-28 01:36:30,0,0,0
Wednesday-28-02-2018_TrafficForML_CICFlowMeter_30s_state.csv,VALIDATION,2018-02-28 01:37:00,0,0,0
Wednesday-28-02-2018_TrafficForML_CICFlowMeter_30s_state.csv,VALIDATION,2018-02-28 01:37:30,0,0,0
Wednesday-28-02-2018_TrafficForML_CICFlowMeter_30s_state.csv,VALIDATION,2018-02-28 01:38:00,0,0,0
Wednesday-28-02-2018_TrafficForML_CICFlowMeter_30s_state.csv,VALIDATION,2018-02-28 01:38:30,0,0,0
Wednesday-28-02-2018_TrafficForML_CICFlowMeter_30s_state.csv,VALIDATION,2018-02-28 01:39:00,0,0,0
Wednesday-28-02-2018_TrafficForML_CICFlowMeter_30s_state.csv,VALIDATION,2018-02-28 01:39:30,0,0,0
Wednesday-28-02-2018_TrafficForML_CICFlowMeter_30s_state.csv,VALIDATION,2018-02-28 01:40:00,0,0,0
Wednesday-28-02-2018_TrafficForML_CICFlowMeter_30s_state.csv,VALIDATION,2018-02-28 01:40:30,0,0,0
Wednesday-28-02-2018_TrafficForML_CICFlowMeter_30s_state.csv,VALIDATION,2018-02-28 01:41:00,0,0,0
Wednesday-28-02-2018_TrafficForML_CICFlowMeter_30s_state.csv,VALIDATION,2018-02-28 01:41:30,0,0,0
Wednesday-28-02-2018_TrafficForML_CICFlowMeter_30s_state.csv,VALIDATION,2018-02-28 01:42:00,0,1,0
Wednesday-28-02-2018_TrafficForML_CICFlowMeter_30s_state.csv,VALIDATION,2018-02-28 01:42:30,1,1,1
Wednesday-28-02-2018_TrafficForML_CICFlowMeter_30s_state.csv,VALIDATION,2018-02-28 01:43:00,1,1,1
Wednesday-28-02-2018_TrafficForML_CICFlowMeter_30s_state.csv,VALIDATION,2018-02-28 01:43:30,1,1,1
Wednesday-28-02-2018_TrafficForML_CICFlowMeter_30s_state.csv,VALIDATION,2018-02-28 01:44:00,1,1,1
Wednesday-28-02-2018_TrafficForML_CICFlowMeter_30s_state.csv,VALIDATION,2018-02-28 01:44:30,1,1,1
Wednesday-28-02-2018_TrafficForML_CICFlowMeter_30s_state.csv,VALIDATION,2018-02-28 01:45:00,1,1,1
Wednesday-28-02-2018_TrafficForML_CICFlowMeter_30s_state.csv,VALIDATION,2018-02-28 01:45:30,1,1,1
Wednesday-28-02-2018_TrafficForML_CICFlowMeter_30s_state.csv,VALIDATION,2018-02-28 01:46:00,1,1,1
Wednesday-28-02-2018_TrafficForML_CICFlowMeter_30s_state.csv,VALIDATION,2018-02-28 01:46:30,1,1,1
Wednesday-28-02-2018_TrafficForML_CICFlowMeter_30s_state.csv,VALIDATION,2018-02-28 01:47:00,1,1,1
Wednesday-28-02-2018_TrafficForML_CICFlowMeter_30s_state.csv,VALIDATION,2018-02-28 01:47:30,1,1,1
Wednesday-28-02-2018_TrafficForML_CICFlowMeter_30s_state.csv,VALIDATION,2018-02-28 01:48:00,1,1,1
Wednesday-28-02-2018_TrafficForML_CICFlowMeter_30s_state.csv,VALIDATION,2018-02-28 01:48:30,1,1,1
Wednesday-28-02-2018_TrafficForML_CICFlowMeter_30s_state.csv,VALIDATION,2018-02-28 01:49:00,1,1,1
Wednesday-28-02-2018_TrafficForML_CICFlowMeter_30s_state.csv,VALIDATION,2018-02-28 01:49:30,1,1,1
Wednesday-28-02-2018_TrafficForML_CICFlowMeter_30s_state.csv,VALIDATION,2018-02-28 01:50:00,1,1,1
Wednesday-28-02-2018_TrafficForML_CICFlowMeter_30s_state.csv,VALIDATION,2018-02-28 01:50:30,1,1,1
Wednesday-28-02-2018_TrafficForML_CICFlowMeter_30s_state.csv,VALIDATION,2018-02-28 01:51:00,1,1,1
Wednesday-28-02-2018_TrafficForML_CICFlowMeter_30s_state.csv,VALIDATION,2018-02-28 01:51:30,1,1,1
Wednesday-28-02-2018_TrafficForML_CICFlowMeter_30s_state.csv,VALIDATION,2018-02-28 01:52:00,1,1,1
Wednesday-28-02-2018_TrafficForML_CICFlowMeter_30s_state.csv,VALIDATION,2018-02-28 01:52:30,1,1,1
Wednesday-28-02-2018_TrafficForML_CICFlowMeter_30s_state.csv,VALIDATION,2018-02-28 01:53:00,1,1,1
Wednesday-28-02-2018_TrafficForML_CICFlowMeter_30s_state.csv,VALIDATION,2018-02-28 01:53:30,1,1,1
Wednesday-28-02-2018_TrafficForML_CICFlowMeter_30s_state.csv,VALIDATION,2018-02-28 01:54:00,1,1,1
Wednesday-28-02-2018_TrafficForML_CICFlowMeter_30s_state.csv,VALIDATION,2018-02-28 01:54:30,1,1,1
Wednesday-28-02-2018_TrafficForML_CICFlowMeter_30s_state.csv,VALIDATION,2018-02-28 01:55:00,1,1,1
Wednesday-28-02-2018_TrafficForML_CICFlowMeter_30s_state.csv,VALIDATION,2018-02-28 01:55:30,1,1,1
Wednesday-28-02-2018_TrafficForML_CICFlowMeter_30s_state.csv,VALIDATION,2018-02-28 01:56:00,1,1,1
Wednesday-28-02-2018_TrafficForML_CICFlowMeter_30s_state.csv,VALIDATION,2018-02-28 01:56:30,1,1,1
Wednesday-28-02-2018_TrafficForML_CICFlowMeter_30s_state.csv,VALIDATION,2018-02-28 01:57:00,1,1,1
Wednesday-28-02-2018_TrafficForML_CICFlowMeter_30s_state.csv,VALIDATION,2018-02-28 01:57:30,1,1,1
Wednesday-28-02-2018_TrafficForML_CICFlowMeter_30s_state.csv,VALIDATION,2018-02-28 01:58:00,1,1,1
Wednesday-28-02-2018_TrafficForML_CICFlowMeter_30s_state.csv,VALIDATION,2018-02-28 01:58:30,1,1,1
Wednesday-28-02-2018_TrafficForML_CICFlowMeter_30s_state.csv,VALIDATION,2018-02-28 01:59:00,1,1,1
Wednesday-28-02-2018_TrafficForML_CICFlowMeter_30s_state.csv,VALIDATION,2018-02-28 01:59:30,1,1,1
Wednesday-28-02-2018_TrafficForML_CICFlowMeter_30s_state.csv,VALIDATION,2018-02-28 02:00:00,1,1,1
Wednesday-28-02-2018_TrafficForML_CICFlowMeter_30s_state.csv,VALIDATION,2018-02-28 02:00:30,1,1,1
Wednesday-28-02-2018_TrafficForML_CICFlowMeter_30s_state.csv,VALIDATION,2018-02-28 02:01:00,1,1,1
Wednesday-28-02-2018_TrafficForML_CICFlowMeter_30s_state.csv,VALIDATION,2018-02-28 02:01:30,1,1,1
Wednesday-28-02-2018_TrafficForML_CICFlowMeter_30s_state.csv,VALIDATION,2018-02-28 02:02:00,1,1,1
Wednesday-28-02-2018_TrafficForML_CICFlowMeter_30s_state.csv,VALIDATION,2018-02-28 02:02:30,1,1,1
Wednesday-28-02-2018_TrafficForML_CICFlowMeter_30s_state.csv,VALIDATION,2018-02-28 02:03:00,1,1,1
Wednesday-28-02-2018_TrafficForML_CICFlowMeter_30s_state.csv,VALIDATION,2018-02-28 02:03:30,1,1,1
Wednesday-28-02-2018_TrafficForML_CICFlowMeter_30s_state.csv,VALIDATION,2018-02-28 02:04:00,1,1,1
Wednesday-28-02-2018_TrafficForML_CICFlowMeter_30s_state.csv,VALIDATION,2018-02-28 02:04:30,1,1,1
Wednesday-28-02-2018_TrafficForML_CICFlowMeter_30s_state.csv,VALIDATION,2018-02-28 02:05:00,1,1,1
Wednesday-28-02-2018_TrafficForML_CICFlowMeter_30s_state.csv,VALIDATION,2018-02-28 02:05:30,1,1,1
Wednesday-28-02-2018_TrafficForML_CICFlowMeter_30s_state.csv,VALIDATION,2018-02-28 02:06:00,1,1,1
Wednesday-28-02-2018_TrafficForML_CICFlowMeter_30s_state.csv,VALIDATION,2018-02-28 02:06:30,1,1,1
Wednesday-28-02-2018_TrafficForML_CICFlowMeter_30s_state.csv,VALIDATION,2018-02-28 02:07:00,1,1,1
Wednesday-28-02-2018_TrafficForML_CICFlowMeter_30s_state.csv,VALIDATION,2018-02-28 02:07:30,1,1,1
Wednesday-28-02-2018_TrafficForML_CICFlowMeter_30s_state.csv,VALIDATION,2018-02-28 02:08:00,1,1,1
Wednesday-28-02-2018_TrafficForML_CICFlowMeter_30s_state.csv,VALIDATION,2018-02-28 02:08:30,1,1,1
Wednesday-28-02-2018_TrafficForML_CICFlowMeter_30s_state.csv,VALIDATION,2018-02-28 02:09:00,1,1,1
Wednesday-28-02-2018_TrafficForML_CICFlowMeter_30s_state.csv,VALIDATION,2018-02-28 02:09:30,1,1,1
Wednesday-28-02-2018_TrafficForML_CICFlowMeter_30s_state.csv,VALIDATION,2018-02-28 02:10:00,1,1,1
Wednesday-28-02-2018_TrafficForML_CICFlowMeter_30s_state.csv,VALIDATION,2018-02-28 02:10:30,1,1,1
Wednesday-28-02-2018_TrafficForML_CICFlowMeter_30s_state.csv,VALIDATION,2018-02-28 02:11:00,1,1,1
Wednesday-28-02-2018_TrafficForML_CICFlowMeter_30s_state.csv,VALIDATION,2018-02-28 02:11:30,1,1,1
Wednesday-28-02-2018_TrafficForML_CICFlowMeter_30s_state.csv,VALIDATION,2018-02-28 02:12:00,1,1,1
Wednesday-28-02-2018_TrafficForML_CICFlowMeter_30s_state.csv,VALIDATION,2018-02-28 02:12:30,1,1,1
Wednesday-28-02-2018_TrafficForML_CICFlowMeter_30s_state.csv,VALIDATION,2018-02-28 02:13:00,1,1,1
Wednesday-28-02-2018_TrafficForML_CICFlowMeter_30s_state.csv,VALIDATION,2018-02-28 02:13:30,1,1,1
Wednesday-28-02-2018_TrafficForML_CICFlowMeter_30s_state.csv,VALIDATION,2018-02-28 02:14:00,1,1,1
Wednesday-28-02-2018_TrafficForML_CICFlowMeter_30s_state.csv,VALIDATION,2018-02-28 02:14:30,1,1,1
Wednesday-28-02-2018_TrafficForML_CICFlowMeter_30s_state.csv,VALIDATION,2018-02-28 02:15:00,1,1,1
Wednesday-28-02-2018_TrafficForML_CICFlowMeter_30s_state.csv,VALIDATION,2018-02-28 02:15:30,1,1,1
Wednesday-28-02-2018_TrafficForML_CICFlowMeter_30s_state.csv,VALIDATION,2018-02-28 02:16:00,1,1,1
Wednesday-28-02-2018_TrafficForML_CICFlowMeter_30s_state.csv,VALIDATION,2018-02-28 02:16:30,1,1,1
Wednesday-28-02-2018_TrafficForML_CICFlowMeter_30s_state.csv,VALIDATION,2018-02-28 02:17:00,1,1,1
Wednesday-28-02-2018_TrafficForML_CICFlowMeter_30s_state.csv,VALIDATION,2018-02-28 02:17:30,1,1,1
Wednesday-28-02-2018_TrafficForML_CICFlowMeter_30s_state.csv,VALIDATION,2018-02-28 02:18:00,1,1,1
Wednesday-28-02-2018_TrafficForML_CICFlowMeter_30s_state.csv,VALIDATION,2018-02-28 02:18:30,1,1,1
Wednesday-28-02-2018_TrafficForML_CICFlowMeter_30s_state.csv,VALIDATION,2018-02-28 02:19:00,1,1,1
Wednesday-28-02-2018_TrafficForML_CICFlowMeter_30s_state.csv,VALIDATION,2018-02-28 02:19:30,1,1,1
Wednesday-28-02-2018_TrafficForML_CICFlowMeter_30s_state.csv,VALIDATION,2018-02-28 02:20:00,1,1,1
Wednesday-28-02-2018_TrafficForML_CICFlowMeter_30s_state.csv,VALIDATION,2018-02-28 02:20:30,1,1,1
Wednesday-28-02-2018_TrafficForML_CICFlowMeter_30s_state.csv,VALIDATION,2018-02-28 02:21:00,1,1,1
Wednesday-28-02-2018_TrafficForML_CICFlowMeter_30s_state.csv,VALIDATION,2018-02-28 02:21:30,1,1,1
Wednesday-28-02-2018_TrafficForML_CICFlowMeter_30s_state.csv,VALIDATION,2018-02-28 02:22:00,1,1,1
Wednesday-28-02-2018_TrafficForML_CICFlowMeter_30s_state.csv,VALIDATION,2018-02-28 02:22:30,1,1,1
Wednesday-28-02-2018_TrafficForML_CICFlowMeter_30s_state.csv,VALIDATION,2018-02-28 02:23:00,1,1,1
Wednesday-28-02-2018_TrafficForML_CICFlowMeter_30s_state.csv,VALIDATION,2018-02-28 02:23:30,1,1,1
Wednesday-28-02-2018_TrafficForML_CICFlowMeter_30s_state.csv,VALIDATION,2018-02-28 02:24:00,1,1,1
Wednesday-28-02-2018_TrafficForML_CICFlowMeter_30s_state.csv,VALIDATION,2018-02-28 02:24:30,1,1,1
Wednesday-28-02-2018_TrafficForML_CICFlowMeter_30s_state.csv,VALIDATION,2018-02-28 02:25:00,1,1,1
Wednesday-28-02-2018_TrafficForML_CICFlowMeter_30s_state.csv,VALIDATION,2018-02-28 02:25:30,1,1,1
Wednesday-28-02-2018_TrafficForML_CICFlowMeter_30s_state.csv,VALIDATION,2018-02-28 02:26:00,1,1,1
Wednesday-28-02-2018_TrafficForML_CICFlowMeter_30s_state.csv,VALIDATION,2018-02-28 02:26:30,1,1,1
Wednesday-28-02-2018_TrafficForML_CICFlowMeter_30s_state.csv,VALIDATION,2018-02-28 02:27:00,1,1,1
Wednesday-28-02-2018_TrafficForML_CICFlowMeter_30s_state.csv,VALIDATION,2018-02-28 02:27:30,1,1,1
Wednesday-28-02-2018_TrafficForML_CICFlowMeter_30s_state.csv,VALIDATION,2018-02-28 02:28:00,1,1,1
Wednesday-28-02-2018_TrafficForML_CICFlowMeter_30s_state.csv,VALIDATION,2018-02-28 02:28:30,1,1,1
Wednesday-28-02-2018_TrafficForML_CICFlowMeter_30s_state.csv,VALIDATION,2018-02-28 02:29:00,1,1,1
Wednesday-28-02-2018_TrafficForML_CICFlowMeter_30s_state.csv,VALIDATION,2018-02-28 02:29:30,1,1,1
Wednesday-28-02-2018_TrafficForML_CICFlowMeter_30s_state.csv,VALIDATION,2018-02-28 02:30:00,1,1,1
Wednesday-28-02-2018_TrafficForML_CICFlowMeter_30s_state.csv,VALIDATION,2018-02-28 02:30:30,1,1,1
Wednesday-28-02-2018_TrafficForML_CICFlowMeter_30s_state.csv,VALIDATION,2018-02-28 02:31:00,1,1,1
Wednesday-28-02-2018_TrafficForML_CICFlowMeter_30s_state.csv,VALIDATION,2018-02-28 02:31:30,1,1,1
Wednesday-28-02-2018_TrafficForML_CICFlowMeter_30s_state.csv,VALIDATION,2018-02-28 02:32:00,1,1,1
Wednesday-28-02-2018_TrafficForML_CICFlowMeter_30s_state.csv,VALIDATION,2018-02-28 02:32:30,1,1,1
Wednesday-28-02-2018_TrafficForML_CICFlowMeter_30s_state.csv,VALIDATION,2018-02-28 02:33:00,1,1,1
Wednesday-28-02-2018_TrafficForML_CICFlowMeter_30s_state.csv,VALIDATION,2018-02-28 02:33:30,1,1,1
Wednesday-28-02-2018_TrafficForML_CICFlowMeter_30s_state.csv,VALIDATION,2018-02-28 02:34:00,1,1,1
Wednesday-28-02-2018_TrafficForML_CICFlowMeter_30s_state.csv,VALIDATION,2018-02-28 02:34:30,1,1,1
Wednesday-28-02-2018_TrafficForML_CICFlowMeter_30s_state.csv,VALIDATION,2018-02-28 02:35:00,1,1,1
Wednesday-28-02-2018_TrafficForML_CICFlowMeter_30s_state.csv,VALIDATION,2018-02-28 02:35:30,1,1,1
Wednesday-28-02-2018_TrafficForML_CICFlowMeter_30s_state.csv,VALIDATION,2018-02-28 02:36:00,1,1,1
Wednesday-28-02-2018_TrafficForML_CICFlowMeter_30s_state.csv,VALIDATION,2018-02-28 02:36:30,1,1,1
Wednesday-28-02-2018_TrafficForML_CICFlowMeter_30s_state.csv,VALIDATION,2018-02-28 02:37:00,1,1,1
Wednesday-28-02-2018_TrafficForML_CICFlowMeter_30s_state.csv,VALIDATION,2018-02-28 02:37:30,1,1,1
Wednesday-28-02-2018_TrafficForML_CICFlowMeter_30s_state.csv,VALIDATION,2018-02-28 02:38:00,1,1,1
Wednesday-28-02-2018_TrafficForML_CICFlowMeter_30s_state.csv,VALIDATION,2018-02-28 02:38:30,1,1,1
Wednesday-28-02-2018_TrafficForML_CICFlowMeter_30s_state.csv,VALIDATION,2018-02-28 02:39:00,1,1,1
Wednesday-28-02-2018_TrafficForML_CICFlowMeter_30s_state.csv,VALIDATION,2018-02-28 02:39:30,1,1,1
Wednesday-28-02-2018_TrafficForML_CICFlowMeter_30s_state.csv,VALIDATION,2018-02-28 02:40:00,1,0,1
Wednesday-28-02-2018_TrafficForML_CICFlowMeter_30s_state.csv,VALIDATION,2018-02-28 02:40:30,0,0,0
Wednesday-28-02-2018_TrafficForML_CICFlowMeter_30s_state.csv,VALIDATION,2018-02-28 02:41:00,0,0,0
Wednesday-28-02-2018_TrafficForML_CICFlowMeter_30s_state.csv,VALIDATION,2018-02-28 02:41:30,0,0,0
Wednesday-28-02-2018_TrafficForML_CICFlowMeter_30s_state.csv,VALIDATION,2018-02-28 02:42:00,0,0,0
Wednesday-28-02-2018_TrafficForML_CICFlowMeter_30s_state.csv,VALIDATION,2018-02-28 02:42:30,0,0,0
Wednesday-28-02-2018_TrafficForML_CICFlowMeter_30s_state.csv,VALIDATION,2018-02-28 02:43:00,0,0,0
Wednesday-28-02-2018_TrafficForML_CICFlowMeter_30s_state.csv,VALIDATION,2018-02-28 02:43:30,0,0,0
Wednesday-28-02-2018_TrafficForML_CICFlowMeter_30s_state.csv,VALIDATION,2018-02-28 02:44:00,0,0,0
Wednesday-28-02-2018_TrafficForML_CICFlowMeter_30s_state.csv,VALIDATION,2018-02-28 02:44:30,0,0,0
Wednesday-28-02-2018_TrafficForML_CICFlowMeter_30s_state.csv,VALIDATION,2018-02-28 02:45:00,0,0,0
Wednesday-28-02-2018_TrafficForML_CICFlowMeter_30s_state.csv,VALIDATION,2018-02-28 02:45:30,0,0,0
Wednesday-28-02-2018_TrafficForML_CICFlowMeter_30s_state.csv,VALIDATION,2018-02-28 02:46:00,0,0,0
Wednesday-28-02-2018_TrafficForML_CICFlowMeter_30s_state.csv,VALIDATION,2018-02-28 02:46:30,0,0,0
Wednesday-28-02-2018_TrafficForML_CICFlowMeter_30s_state.csv,VALIDATION,2018-02-28 02:47:00,0,0,0
Wednesday-28-02-2018_TrafficForML_CICFlowMeter_30s_state.csv,VALIDATION,2018-02-28 02:47:30,0,0,0
Wednesday-28-02-2018_TrafficForML_CICFlowMeter_30s_state.csv,VALIDATION,2018-02-28 02:48:00,0,0,0
Wednesday-28-02-2018_TrafficForML_CICFlowMeter_30s_state.csv,VALIDATION,2018-02-28 02:48:30,0,0,0
Wednesday-28-02-2018_TrafficForML_CICFlowMeter_30s_state.csv,VALIDATION,2018-02-28 02:49:00,0,0,0
Wednesday-28-02-2018_TrafficForML_CICFlowMeter_30s_state.csv,VALIDATION,2018-02-28 02:49:30,0,0,0
Wednesday-28-02-2018_TrafficForML_CICFlowMeter_30s_state.csv,VALIDATION,2018-02-28 02:50:00,0,0,0
Wednesday-28-02-2018_TrafficForML_CICFlowMeter_30s_state.csv,VALIDATION,2018-02-28 02:50:30,0,0,0
Wednesday-28-02-2018_TrafficForML_CICFlowMeter_30s_state.csv,VALIDATION,2018-02-28 02:51:00,0,0,0
Wednesday-28-02-2018_TrafficForML_CICFlowMeter_30s_state.csv,VALIDATION,2018-02-28 02:51:30,0,0,0
Wednesday-28-02-2018_TrafficForML_CICFlowMeter_30s_state.csv,VALIDATION,2018-02-28 02:52:00,0,0,0
Wednesday-28-02-2018_TrafficForML_CICFlowMeter_30s_state.csv,VALIDATION,2018-02-28 02:52:30,0,0,0
Wednesday-28-02-2018_TrafficForML_CICFlowMeter_30s_state.csv,VALIDATION,2018-02-28 02:53:00,0,0,0
Wednesday-28-02-2018_TrafficForML_CICFlowMeter_30s_state.csv,VALIDATION,2018-02-28 02:53:30,0,0,0
Wednesday-28-02-2018_TrafficForML_CICFlowMeter_30s_state.csv,VALIDATION,2018-02-28 02:54:00,0,0,0
Wednesday-28-02-2018_TrafficForML_CICFlowMeter_30s_state.csv,VALIDATION,2018-02-28 02:54:30,0,0,0
Wednesday-28-02-2018_TrafficForML_CICFlowMeter_30s_state.csv,VALIDATION,2018-02-28 02:55:00,0,0,0
Wednesday-28-02-2018_TrafficForML_CICFlowMeter_30s_state.csv,VALIDATION,2018-02-28 02:55:30,0,0,0
Wednesday-28-02-2018_TrafficForML_CICFlowMeter_30s_state.csv,VALIDATION,2018-02-28 02:56:00,0,0,0
Wednesday-28-02-2018_TrafficForML_CICFlowMeter_30s_state.csv,VALIDATION,2018-02-28 02:56:30,0,0,0
Wednesday-28-02-2018_TrafficForML_CICFlowMeter_30s_state.csv,VALIDATION,2018-02-28 02:57:00,0,0,0
Wednesday-28-02-2018_TrafficForML_CICFlowMeter_30s_state.csv,VALIDATION,2018-02-28 02:57:30,0,0,0
Wednesday-28-02-2018_TrafficForML_CICFlowMeter_30s_state.csv,VALIDATION,2018-02-28 02:58:00,0,0,0
Wednesday-28-02-2018_TrafficForML_CICFlowMeter_30s_state.csv,VALIDATION,2018-02-28 02:58:30,0,0,0
Wednesday-28-02-2018_TrafficForML_CICFlowMeter_30s_state.csv,VALIDATION,2018-02-28 02:59:00,0,0,0
Wednesday-28-02-2018_TrafficForML_CICFlowMeter_30s_state.csv,VALIDATION,2018-02-28 02:59:30,0,0,0
Wednesday-28-02-2018_TrafficForML_CICFlowMeter_30s_state.csv,VALIDATION,2018-02-28 03:00:00,0,0,0
Wednesday-28-02-2018_TrafficForML_CICFlowMeter_30s_state.csv,VALIDATION,2018-02-28 03:00:30,0,0,0
Wednesday-28-02-2018_TrafficForML_CICFlowMeter_30s_state.csv,VALIDATION,2018-02-28 03:01:00,0,0,0
Wednesday-28-02-2018_TrafficForML_CICFlowMeter_30s_state.csv,VALIDATION,2018-02-28 03:01:30,0,0,0
Wednesday-28-02-2018_TrafficForML_CICFlowMeter_30s_state.csv,VALIDATION,2018-02-28 03:02:00,0,0,0
Wednesday-28-02-2018_TrafficForML_CICFlowMeter_30s_state.csv,VALIDATION,2018-02-28 03:02:30,0,0,0
Wednesday-28-02-2018_TrafficForML_CICFlowMeter_30s_state.csv,VALIDATION,2018-02-28 03:03:00,0,0,0
Wednesday-28-02-2018_TrafficForML_CICFlowMeter_30s_state.csv,VALIDATION,2018-02-28 03:03:30,0,0,0
Wednesday-28-02-2018_TrafficForML_CICFlowMeter_30s_state.csv,VALIDATION,2018-02-28 03:04:00,0,0,0
Wednesday-28-02-2018_TrafficForML_CICFlowMeter_30s_state.csv,VALIDATION,2018-02-28 03:04:30,0,0,0
Wednesday-28-02-2018_TrafficForML_CICFlowMeter_30s_state.csv,VALIDATION,2018-02-28 03:05:00,0,0,0
Wednesday-28-02-2018_TrafficForML_CICFlowMeter_30s_state.csv,VALIDATION,2018-02-28 03:05:30,0,0,0
Wednesday-28-02-2018_TrafficForML_CICFlowMeter_30s_state.csv,VALIDATION,2018-02-28 03:06:00,0,0,0
Wednesday-28-02-2018_TrafficForML_CICFlowMeter_30s_state.csv,VALIDATION,2018-02-28 03:06:30,0,0,0
Wednesday-28-02-2018_TrafficForML_CICFlowMeter_30s_state.csv,VALIDATION,2018-02-28 03:07:00,0,0,0
Wednesday-28-02-2018_TrafficForML_CICFlowMeter_30s_state.csv,VALIDATION,2018-02-28 03:07:30,0,0,0
Wednesday-28-02-2018_TrafficForML_CICFlowMeter_30s_state.csv,VALIDATION,2018-02-28 03:08:00,0,0,0
Wednesday-28-02-2018_TrafficForML_CICFlowMeter_30s_state.csv,VALIDATION,2018-02-28 03:08:30,0,0,0
Wednesday-28-02-2018_TrafficForML_CICFlowMeter_30s_state.csv,VALIDATION,2018-02-28 03:09:00,0,0,0
Wednesday-28-02-2018_TrafficForML_CICFlowMeter_30s_state.csv,VALIDATION,2018-02-28 03:09:30,0,0,0
Wednesday-28-02-2018_TrafficForML_CICFlowMeter_30s_state.csv,VALIDATION,2018-02-28 03:10:00,0,0,0
Wednesday-28-02-2018_TrafficForML_CICFlowMeter_30s_state.csv,VALIDATION,2018-02-28 03:10:30,0,0,0
Wednesday-28-02-2018_TrafficForML_CICFlowMeter_30s_state.csv,VALIDATION,2018-02-28 03:11:00,0,0,0
Wednesday-28-02-2018_TrafficForML_CICFlowMeter_30s_state.csv,VALIDATION,2018-02-28 03:11:30,0,0,0
Wednesday-28-02-2018_TrafficForML_CICFlowMeter_30s_state.csv,VALIDATION,2018-02-28 03:12:00,0,0,0
Wednesday-28-02-2018_TrafficForML_CICFlowMeter_30s_state.csv,VALIDATION,2018-02-28 03:12:30,0,0,0
Wednesday-28-02-2018_TrafficForML_CICFlowMeter_30s_state.csv,VALIDATION,2018-02-28 03:13:00,0,0,0
Wednesday-28-02-2018_TrafficForML_CICFlowMeter_30s_state.csv,VALIDATION,2018-02-28 03:13:30,0,0,0
Wednesday-28-02-2018_TrafficForML_CICFlowMeter_30s_state.csv,VALIDATION,2018-02-28 03:14:00,0,0,0
Wednesday-28-02-2018_TrafficForML_CICFlowMeter_30s_state.csv,VALIDATION,2018-02-28 03:14:30,0,0,0
Wednesday-28-02-2018_TrafficForML_CICFlowMeter_30s_state.csv,VALIDATION,2018-02-28 03:15:00,0,0,0
Wednesday-28-02-2018_TrafficForML_CICFlowMeter_30s_state.csv,VALIDATION,2018-02-28 03:15:30,0,0,0
Wednesday-28-02-2018_TrafficForML_CICFlowMeter_30s_state.csv,VALIDATION,2018-02-28 03:16:00,0,0,0
Wednesday-28-02-2018_TrafficForML_CICFlowMeter_30s_state.csv,VALIDATION,2018-02-28 03:16:30,0,0,0
Wednesday-28-02-2018_TrafficForML_CICFlowMeter_30s_state.csv,VALIDATION,2018-02-28 03:17:00,0,0,0
Wednesday-28-02-2018_TrafficForML_CICFlowMeter_30s_state.csv,VALIDATION,2018-02-28 03:17:30,0,0,0
Wednesday-28-02-2018_TrafficForML_CICFlowMeter_30s_state.csv,VALIDATION,2018-02-28 03:18:00,0,0,0
Wednesday-28-02-2018_TrafficForML_CICFlowMeter_30s_state.csv,VALIDATION,2018-02-28 03:18:30,0,0,0
Wednesday-28-02-2018_TrafficForML_CICFlowMeter_30s_state.csv,VALIDATION,2018-02-28 03:19:00,0,0,0
Wednesday-28-02-2018_TrafficForML_CICFlowMeter_30s_state.csv,VALIDATION,2018-02-28 03:19:30,0,0,0
Wednesday-28-02-2018_TrafficForML_CICFlowMeter_30s_state.csv,VALIDATION,2018-02-28 03:20:00,0,0,0
Wednesday-28-02-2018_TrafficForML_CICFlowMeter_30s_state.csv,VALIDATION,2018-02-28 03:20:30,0,0,0
Wednesday-28-02-2018_TrafficForML_CICFlowMeter_30s_state.csv,VALIDATION,2018-02-28 03:21:00,0,0,0
Wednesday-28-02-2018_TrafficForML_CICFlowMeter_30s_state.csv,VALIDATION,2018-02-28 03:21:30,0,0,0
Wednesday-28-02-2018_TrafficForML_CICFlowMeter_30s_state.csv,VALIDATION,2018-02-28 03:22:00,0,0,0
Wednesday-28-02-2018_TrafficForML_CICFlowMeter_30s_state.csv,VALIDATION,2018-02-28 03:22:30,0,0,0
Wednesday-28-02-2018_TrafficForML_CICFlowMeter_30s_state.csv,VALIDATION,2018-02-28 03:23:00,0,0,0
Wednesday-28-02-2018_TrafficForML_CICFlowMeter_30s_state.csv,VALIDATION,2018-02-28 03:23:30,0,0,0
Wednesday-28-02-2018_TrafficForML_CICFlowMeter_30s_state.csv,VALIDATION,2018-02-28 03:24:00,0,0,0
Wednesday-28-02-2018_TrafficForML_CICFlowMeter_30s_state.csv,VALIDATION,2018-02-28 03:24:30,0,0,0
Wednesday-28-02-2018_TrafficForML_CICFlowMeter_30s_state.csv,VALIDATION,2018-02-28 03:25:00,0,0,0
Wednesday-28-02-2018_TrafficForML_CICFlowMeter_30s_state.csv,VALIDATION,2018-02-28 03:25:30,0,0,0
Wednesday-28-02-2018_TrafficForML_CICFlowMeter_30s_state.csv,VALIDATION,2018-02-28 03:26:00,0,0,0
Wednesday-28-02-2018_TrafficForML_CICFlowMeter_30s_state.csv,VALIDATION,2018-02-28 03:26:30,0,0,0
Wednesday-28-02-2018_TrafficForML_CICFlowMeter_30s_state.csv,VALIDATION,2018-02-28 03:27:00,0,0,0
Wednesday-28-02-2018_TrafficForML_CICFlowMeter_30s_state.csv,VALIDATION,2018-02-28 03:27:30,0,0,0
Wednesday-28-02-2018_TrafficForML_CICFlowMeter_30s_state.csv,VALIDATION,2018-02-28 03:28:00,0,0,0
Wednesday-28-02-2018_TrafficForML_CICFlowMeter_30s_state.csv,VALIDATION,2018-02-28 03:28:30,0,0,0
Wednesday-28-02-2018_TrafficForML_CICFlowMeter_30s_state.csv,VALIDATION,2018-02-28 03:29:00,0,0,0
Wednesday-28-02-2018_TrafficForML_CICFlowMeter_30s_state.csv,VALIDATION,2018-02-28 03:29:30,0,0,0
Wednesday-28-02-2018_TrafficForML_CICFlowMeter_30s_state.csv,VALIDATION,2018-02-28 03:30:00,0,0,0
Wednesday-28-02-2018_TrafficForML_CICFlowMeter_30s_state.csv,VALIDATION,2018-02-28 03:30:30,0,0,0
Wednesday-28-02-2018_TrafficForML_CICFlowMeter_30s_state.csv,VALIDATION,2018-02-28 03:31:00,0,0,0
Wednesday-28-02-2018_TrafficForML_CICFlowMeter_30s_state.csv,VALIDATION,2018-02-28 03:31:30,0,0,0
Wednesday-28-02-2018_TrafficForML_CICFlowMeter_30s_state.csv,VALIDATION,2018-02-28 03:32:00,0,0,0
Wednesday-28-02-2018_TrafficForML_CICFlowMeter_30s_state.csv,VALIDATION,2018-02-28 03:32:30,0,0,0
Wednesday-28-02-2018_TrafficForML_CICFlowMeter_30s_state.csv,VALIDATION,2018-02-28 03:33:00,0,0,0
Wednesday-28-02-2018_TrafficForML_CICFlowMeter_30s_state.csv,VALIDATION,2018-02-28 03:33:30,0,0,0
Wednesday-28-02-2018_TrafficForML_CICFlowMeter_30s_state.csv,VALIDATION,2018-02-28 03:34:00,0,0,0
Wednesday-28-02-2018_TrafficForML_CICFlowMeter_30s_state.csv,VALIDATION,2018-02-28 03:34:30,0,0,0
Wednesday-28-02-2018_TrafficForML_CICFlowMeter_30s_state.csv,VALIDATION,2018-02-28 03:35:00,0,0,0
Wednesday-28-02-2018_TrafficForML_CICFlowMeter_30s_state.csv,VALIDATION,2018-02-28 03:35:30,0,0,0
Wednesday-28-02-2018_TrafficForML_CICFlowMeter_30s_state.csv,VALIDATION,2018-02-28 03:36:00,0,0,0
Wednesday-28-02-2018_TrafficForML_CICFlowMeter_30s_state.csv,VALIDATION,2018-02-28 03:36:30,0,0,0
Wednesday-28-02-2018_TrafficForML_CICFlowMeter_30s_state.csv,VALIDATION,2018-02-28 03:37:00,0,0,0
Wednesday-28-02-2018_TrafficForML_CICFlowMeter_30s_state.csv,VALIDATION,2018-02-28 03:37:30,0,0,0
Wednesday-28-02-2018_TrafficForML_CICFlowMeter_30s_state.csv,VALIDATION,2018-02-28 03:38:00,0,0,0
Wednesday-28-02-2018_TrafficForML_CICFlowMeter_30s_state.csv,VALIDATION,2018-02-28 03:38:30,0,0,0
Wednesday-28-02-2018_TrafficForML_CICFlowMeter_30s_state.csv,VALIDATION,2018-02-28 03:39:00,0,0,0
Wednesday-28-02-2018_TrafficForML_CICFlowMeter_30s_state.csv,VALIDATION,2018-02-28 03:39:30,0,0,0
Wednesday-28-02-2018_TrafficForML_CICFlowMeter_30s_state.csv,VALIDATION,2018-02-28 03:40:00,0,0,0
Wednesday-28-02-2018_TrafficForML_CICFlowMeter_30s_state.csv,VALIDATION,2018-02-28 03:40:30,0,0,0
Wednesday-28-02-2018_TrafficForML_CICFlowMeter_30s_state.csv,VALIDATION,2018-02-28 03:41:00,0,0,0
Wednesday-28-02-2018_TrafficForML_CICFlowMeter_30s_state.csv,VALIDATION,2018-02-28 03:41:30,0,0,0
Wednesday-28-02-2018_TrafficForML_CICFlowMeter_30s_state.csv,VALIDATION,2018-02-28 03:42:00,0,0,0
Wednesday-28-02-2018_TrafficForML_CICFlowMeter_30s_state.csv,VALIDATION,2018-02-28 03:42:30,0,0,0
Wednesday-28-02-2018_TrafficForML_CICFlowMeter_30s_state.csv,VALIDATION,2018-02-28 03:43:00,0,0,0
Wednesday-28-02-2018_TrafficForML_CICFlowMeter_30s_state.csv,VALIDATION,2018-02-28 03:43:30,0,0,0
Wednesday-28-02-2018_TrafficForML_CICFlowMeter_30s_state.csv,VALIDATION,2018-02-28 03:44:00,0,0,0
Wednesday-28-02-2018_TrafficForML_CICFlowMeter_30s_state.csv,VALIDATION,2018-02-28 03:44:30,0,0,0
Wednesday-28-02-2018_TrafficForML_CICFlowMeter_30s_state.csv,VALIDATION,2018-02-28 03:45:00,0,0,0
Wednesday-28-02-2018_TrafficForML_CICFlowMeter_30s_state.csv,VALIDATION,2018-02-28 03:45:30,0,0,0
Wednesday-28-02-2018_TrafficForML_CICFlowMeter_30s_state.csv,VALIDATION,2018-02-28 03:46:00,0,0,0
Wednesday-28-02-2018_TrafficForML_CICFlowMeter_30s_state.csv,VALIDATION,2018-02-28 03:46:30,0,0,0
Wednesday-28-02-2018_TrafficForML_CICFlowMeter_30s_state.csv,VALIDATION,2018-02-28 03:47:00,0,0,0
Wednesday-28-02-2018_TrafficForML_CICFlowMeter_30s_state.csv,VALIDATION,2018-02-28 03:47:30,0,0,0
Wednesday-28-02-2018_TrafficForML_CICFlowMeter_30s_state.csv,VALIDATION,2018-02-28 03:48:00,0,0,0
Wednesday-28-02-2018_TrafficForML_CICFlowMeter_30s_state.csv,VALIDATION,2018-02-28 03:48:30,0,0,0
Wednesday-28-02-2018_TrafficForML_CICFlowMeter_30s_state.csv,VALIDATION,2018-02-28 03:49:00,0,0,0
Wednesday-28-02-2018_TrafficForML_CICFlowMeter_30s_state.csv,VALIDATION,2018-02-28 03:49:30,0,0,0
Wednesday-28-02-2018_TrafficForML_CICFlowMeter_30s_state.csv,VALIDATION,2018-02-28 03:50:00,0,0,0
Wednesday-28-02-2018_TrafficForML_CICFlowMeter_30s_state.csv,VALIDATION,2018-02-28 03:50:30,0,0,0
Wednesday-28-02-2018_TrafficForML_CICFlowMeter_30s_state.csv,VALIDATION,2018-02-28 03:51:00,0,0,0
Wednesday-28-02-2018_TrafficForML_CICFlowMeter_30s_state.csv,VALIDATION,2018-02-28 03:51:30,0,0,0
Wednesday-28-02-2018_TrafficForML_CICFlowMeter_30s_state.csv,VALIDATION,2018-02-28 03:52:00,0,0,0
Wednesday-28-02-2018_TrafficForML_CICFlowMeter_30s_state.csv,VALIDATION,2018-02-28 03:52:30,0,0,0
Wednesday-28-02-2018_TrafficForML_CICFlowMeter_30s_state.csv,VALIDATION,2018-02-28 03:53:00,0,0,0
Wednesday-28-02-2018_TrafficForML_CICFlowMeter_30s_state.csv,VALIDATION,2018-02-28 03:53:30,0,0,0
Wednesday-28-02-2018_TrafficForML_CICFlowMeter_30s_state.csv,VALIDATION,2018-02-28 03:54:00,0,0,0
Wednesday-28-02-2018_TrafficForML_CICFlowMeter_30s_state.csv,VALIDATION,2018-02-28 03:54:30,0,0,0
Wednesday-28-02-2018_TrafficForML_CICFlowMeter_30s_state.csv,VALIDATION,2018-02-28 03:55:00,0,0,0
Wednesday-28-02-2018_TrafficForML_CICFlowMeter_30s_state.csv,VALIDATION,2018-02-28 03:55:30,0,0,0
Wednesday-28-02-2018_TrafficForML_CICFlowMeter_30s_state.csv,VALIDATION,2018-02-28 03:56:00,0,0,0
Wednesday-28-02-2018_TrafficForML_CICFlowMeter_30s_state.csv,VALIDATION,2018-02-28 03:56:30,0,0,0
Wednesday-28-02-2018_TrafficForML_CICFlowMeter_30s_state.csv,VALIDATION,2018-02-28 03:57:00,0,0,0
Wednesday-28-02-2018_TrafficForML_CICFlowMeter_30s_state.csv,VALIDATION,2018-02-28 03:57:30,0,0,0
Wednesday-28-02-2018_TrafficForML_CICFlowMeter_30s_state.csv,VALIDATION,2018-02-28 03:58:00,0,0,0
Wednesday-28-02-2018_TrafficForML_CICFlowMeter_30s_state.csv,VALIDATION,2018-02-28 03:58:30,0,0,0
Wednesday-28-02-2018_TrafficForML_CICFlowMeter_30s_state.csv,VALIDATION,2018-02-28 03:59:00,0,0,0
Wednesday-28-02-2018_TrafficForML_CICFlowMeter_30s_state.csv,VALIDATION,2018-02-28 03:59:30,0,0,0
Wednesday-28-02-2018_TrafficForML_CICFlowMeter_30s_state.csv,VALIDATION,2018-02-28 04:00:00,0,0,0
Wednesday-28-02-2018_TrafficForML_CICFlowMeter_30s_state.csv,VALIDATION,2018-02-28 04:00:30,0,0,0
Wednesday-28-02-2018_TrafficForML_CICFlowMeter_30s_state.csv,VALIDATION,2018-02-28 04:01:00,0,0,0
Wednesday-28-02-2018_TrafficForML_CICFlowMeter_30s_state.csv,VALIDATION,2018-02-28 04:01:30,0,0,0
Wednesday-28-02-2018_TrafficForML_CICFlowMeter_30s_state.csv,VALIDATION,2018-02-28 04:02:00,0,0,0
Wednesday-28-02-2018_TrafficForML_CICFlowMeter_30s_state.csv,VALIDATION,2018-02-28 04:02:30,0,0,0
Wednesday-28-02-2018_TrafficForML_CICFlowMeter_30s_state.csv,VALIDATION,2018-02-28 04:03:00,0,0,0
Wednesday-28-02-2018_TrafficForML_CICFlowMeter_30s_state.csv,VALIDATION,2018-02-28 04:03:30,0,0,0
Wednesday-28-02-2018_TrafficForML_CICFlowMeter_30s_state.csv,VALIDATION,2018-02-28 04:04:00,0,0,0
Wednesday-28-02-2018_TrafficForML_CICFlowMeter_30s_state.csv,VALIDATION,2018-02-28 04:04:30,0,0,0
Wednesday-28-02-2018_TrafficForML_CICFlowMeter_30s_state.csv,VALIDATION,2018-02-28 04:05:00,0,0,0
Wednesday-28-02-2018_TrafficForML_CICFlowMeter_30s_state.csv,VALIDATION,2018-02-28 04:05:30,0,0,0
Wednesday-28-02-2018_TrafficForML_CICFlowMeter_30s_state.csv,VALIDATION,2018-02-28 04:06:00,0,0,0
Wednesday-28-02-2018_TrafficForML_CICFlowMeter_30s_state.csv,VALIDATION,2018-02-28 04:06:30,0,0,0
Wednesday-28-02-2018_TrafficForML_CICFlowMeter_30s_state.csv,VALIDATION,2018-02-28 04:07:00,0,0,0
Wednesday-28-02-2018_TrafficForML_CICFlowMeter_30s_state.csv,VALIDATION,2018-02-28 04:07:30,0,0,0
Wednesday-28-02-2018_TrafficForML_CICFlowMeter_30s_state.csv,VALIDATION,2018-02-28 04:08:00,0,0,0
Wednesday-28-02-2018_TrafficForML_CICFlowMeter_30s_state.csv,VALIDATION,2018-02-28 04:08:30,0,0,0
Wednesday-28-02-2018_TrafficForML_CICFlowMeter_30s_state.csv,VALIDATION,2018-02-28 04:09:00,0,0,0
Wednesday-28-02-2018_TrafficForML_CICFlowMeter_30s_state.csv,VALIDATION,2018-02-28 04:09:30,0,0,0
Wednesday-28-02-2018_TrafficForML_CICFlowMeter_30s_state.csv,VALIDATION,2018-02-28 04:10:00,0,0,0
Wednesday-28-02-2018_TrafficForML_CICFlowMeter_30s_state.csv,VALIDATION,2018-02-28 04:10:30,0,0,0
Wednesday-28-02-2018_TrafficForML_CICFlowMeter_30s_state.csv,VALIDATION,2018-02-28 04:11:00,0,0,0
Wednesday-28-02-2018_TrafficForML_CICFlowMeter_30s_state.csv,VALIDATION,2018-02-28 04:11:30,0,0,0
Wednesday-28-02-2018_TrafficForML_CICFlowMeter_30s_state.csv,VALIDATION,2018-02-28 04:12:00,0,0,0
Wednesday-28-02-2018_TrafficForML_CICFlowMeter_30s_state.csv,VALIDATION,2018-02-28 04:12:30,0,0,0
Wednesday-28-02-2018_TrafficForML_CICFlowMeter_30s_state.csv,VALIDATION,2018-02-28 04:13:00,0,0,0
Wednesday-28-02-2018_TrafficForML_CICFlowMeter_30s_state.csv,VALIDATION,2018-02-28 04:13:30,0,0,0
Wednesday-28-02-2018_TrafficForML_CICFlowMeter_30s_state.csv,VALIDATION,2018-02-28 04:14:00,0,0,0
Wednesday-28-02-2018_TrafficForML_CICFlowMeter_30s_state.csv,VALIDATION,2018-02-28 04:14:30,0,0,0
Wednesday-28-02-2018_TrafficForML_CICFlowMeter_30s_state.csv,VALIDATION,2018-02-28 04:15:00,0,0,0
Wednesday-28-02-2018_TrafficForML_CICFlowMeter_30s_state.csv,VALIDATION,2018-02-28 04:15:30,0,0,0
Wednesday-28-02-2018_TrafficForML_CICFlowMeter_30s_state.csv,VALIDATION,2018-02-28 04:16:00,0,0,0
Wednesday-28-02-2018_TrafficForML_CICFlowMeter_30s_state.csv,VALIDATION,2018-02-28 04:16:30,0,0,0
Wednesday-28-02-2018_TrafficForML_CICFlowMeter_30s_state.csv,VALIDATION,2018-02-28 04:17:00,0,0,0
Wednesday-28-02-2018_TrafficForML_CICFlowMeter_30s_state.csv,VALIDATION,2018-02-28 04:17:30,0,0,0
Wednesday-28-02-2018_TrafficForML_CICFlowMeter_30s_state.csv,VALIDATION,2018-02-28 04:18:00,0,0,0
Wednesday-28-02-2018_TrafficForML_CICFlowMeter_30s_state.csv,VALIDATION,2018-02-28 04:18:30,0,0,0
Wednesday-28-02-2018_TrafficForML_CICFlowMeter_30s_state.csv,VALIDATION,2018-02-28 04:19:00,0,0,0
Wednesday-28-02-2018_TrafficForML_CICFlowMeter_30s_state.csv,VALIDATION,2018-02-28 04:19:30,0,0,0
Wednesday-28-02-2018_TrafficForML_CICFlowMeter_30s_state.csv,VALIDATION,2018-02-28 04:20:00,0,0,0
Wednesday-28-02-2018_TrafficForML_CICFlowMeter_30s_state.csv,VALIDATION,2018-02-28 04:20:30,0,0,0
Wednesday-28-02-2018_TrafficForML_CICFlowMeter_30s_state.csv,VALIDATION,2018-02-28 04:21:00,0,0,0
Wednesday-28-02-2018_TrafficForML_CICFlowMeter_30s_state.csv,VALIDATION,2018-02-28 04:21:30,0,0,0
Wednesday-28-02-2018_TrafficForML_CICFlowMeter_30s_state.csv,VALIDATION,2018-02-28 04:22:00,0,0,0
Wednesday-28-02-2018_TrafficForML_CICFlowMeter_30s_state.csv,VALIDATION,2018-02-28 04:22:30,0,0,0
Wednesday-28-02-2018_TrafficForML_CICFlowMeter_30s_state.csv,VALIDATION,2018-02-28 04:23:00,0,0,0
Wednesday-28-02-2018_TrafficForML_CICFlowMeter_30s_state.csv,VALIDATION,2018-02-28 04:23:30,0,0,0
Wednesday-28-02-2018_TrafficForML_CICFlowMeter_30s_state.csv,VALIDATION,2018-02-28 04:24:00,0,0,0
Wednesday-28-02-2018_TrafficForML_CICFlowMeter_30s_state.csv,VALIDATION,2018-02-28 04:24:30,0,0,0
Wednesday-28-02-2018_TrafficForML_CICFlowMeter_30s_state.csv,VALIDATION,2018-02-28 04:25:00,0,0,0
Wednesday-28-02-2018_TrafficForML_CICFlowMeter_30s_state.csv,VALIDATION,2018-02-28 04:25:30,0,0,0
Wednesday-28-02-2018_TrafficForML_CICFlowMeter_30s_state.csv,VALIDATION,2018-02-28 04:26:00,0,0,0
Wednesday-28-02-2018_TrafficForML_CICFlowMeter_30s_state.csv,VALIDATION,2018-02-28 04:26:30,0,0,0
Wednesday-28-02-2018_TrafficForML_CICFlowMeter_30s_state.csv,VALIDATION,2018-02-28 04:27:00,0,0,0
Wednesday-28-02-2018_TrafficForML_CICFlowMeter_30s_state.csv,VALIDATION,2018-02-28 04:27:30,0,0,0
Wednesday-28-02-2018_TrafficForML_CICFlowMeter_30s_state.csv,VALIDATION,2018-02-28 04:28:00,0,0,0
Wednesday-28-02-2018_TrafficForML_CICFlowMeter_30s_state.csv,VALIDATION,2018-02-28 04:28:30,0,0,0
Wednesday-28-02-2018_TrafficForML_CICFlowMeter_30s_state.csv,VALIDATION,2018-02-28 04:29:00,0,0,0
Wednesday-28-02-2018_TrafficForML_CICFlowMeter_30s_state.csv,VALIDATION,2018-02-28 04:29:30,0,0,0
Wednesday-28-02-2018_TrafficForML_CICFlowMeter_30s_state.csv,VALIDATION,2018-02-28 04:30:00,0,0,0
Wednesday-28-02-2018_TrafficForML_CICFlowMeter_30s_state.csv,VALIDATION,2018-02-28 04:30:30,0,0,0
Wednesday-28-02-2018_TrafficForML_CICFlowMeter_30s_state.csv,VALIDATION,2018-02-28 04:31:00,0,0,0
Wednesday-28-02-2018_TrafficForML_CICFlowMeter_30s_state.csv,VALIDATION,2018-02-28 04:31:30,0,0,0
Wednesday-28-02-2018_TrafficForML_CICFlowMeter_30s_state.csv,VALIDATION,2018-02-28 04:32:00,0,0,0
Wednesday-28-02-2018_TrafficForML_CICFlowMeter_30s_state.csv,VALIDATION,2018-02-28 04:32:30,0,0,0
Wednesday-28-02-2018_TrafficForML_CICFlowMeter_30s_state.csv,VALIDATION,2018-02-28 04:33:00,0,0,0
Wednesday-28-02-2018_TrafficForML_CICFlowMeter_30s_state.csv,VALIDATION,2018-02-28 04:33:30,0,0,0
Wednesday-28-02-2018_TrafficForML_CICFlowMeter_30s_state.csv,VALIDATION,2018-02-28 04:34:00,0,0,0
Wednesday-28-02-2018_TrafficForML_CICFlowMeter_30s_state.csv,VALIDATION,2018-02-28 04:34:30,0,0,0
Wednesday-28-02-2018_TrafficForML_CICFlowMeter_30s_state.csv,VALIDATION,2018-02-28 04:35:00,0,0,0
Wednesday-28-02-2018_TrafficForML_CICFlowMeter_30s_state.csv,VALIDATION,2018-02-28 04:35:30,0,0,0
Wednesday-28-02-2018_TrafficForML_CICFlowMeter_30s_state.csv,VALIDATION,2018-02-28 04:36:00,0,0,0
Wednesday-28-02-2018_TrafficForML_CICFlowMeter_30s_state.csv,VALIDATION,2018-02-28 04:36:30,0,0,0
Wednesday-28-02-2018_TrafficForML_CICFlowMeter_30s_state.csv,VALIDATION,2018-02-28 04:37:00,0,0,0
Wednesday-28-02-2018_TrafficForML_CICFlowMeter_30s_state.csv,VALIDATION,2018-02-28 04:37:30,0,0,0
Wednesday-28-02-2018_TrafficForML_CICFlowMeter_30s_state.csv,VALIDATION,2018-02-28 04:38:00,0,0,0
Wednesday-28-02-2018_TrafficForML_CICFlowMeter_30s_state.csv,VALIDATION,2018-02-28 04:38:30,0,0,0
Wednesday-28-02-2018_TrafficForML_CICFlowMeter_30s_state.csv,VALIDATION,2018-02-28 04:39:00,0,0,0
Wednesday-28-02-2018_TrafficForML_CICFlowMeter_30s_state.csv,VALIDATION,2018-02-28 04:39:30,0,0,0
Wednesday-28-02-2018_TrafficForML_CICFlowMeter_30s_state.csv,VALIDATION,2018-02-28 04:40:00,0,0,0
Wednesday-28-02-2018_TrafficForML_CICFlowMeter_30s_state.csv,VALIDATION,2018-02-28 04:40:30,0,0,0
Wednesday-28-02-2018_TrafficForML_CICFlowMeter_30s_state.csv,VALIDATION,2018-02-28 04:41:00,0,0,0
Wednesday-28-02-2018_TrafficForML_CICFlowMeter_30s_state.csv,VALIDATION,2018-02-28 04:41:30,0,0,0
Wednesday-28-02-2018_TrafficForML_CICFlowMeter_30s_state.csv,VALIDATION,2018-02-28 04:42:00,0,0,0
Wednesday-28-02-2018_TrafficForML_CICFlowMeter_30s_state.csv,VALIDATION,2018-02-28 04:42:30,0,0,0
Wednesday-28-02-2018_TrafficForML_CICFlowMeter_30s_state.csv,VALIDATION,2018-02-28 04:43:00,0,0,0
Wednesday-28-02-2018_TrafficForML_CICFlowMeter_30s_state.csv,VALIDATION,2018-02-28 04:43:30,0,0,0
Wednesday-28-02-2018_TrafficForML_CICFlowMeter_30s_state.csv,VALIDATION,2018-02-28 04:44:00,0,0,0
Wednesday-28-02-2018_TrafficForML_CICFlowMeter_30s_state.csv,VALIDATION,2018-02-28 04:44:30,0,0,0
Wednesday-28-02-2018_TrafficForML_CICFlowMeter_30s_state.csv,VALIDATION,2018-02-28 04:45:00,0,0,0
Wednesday-28-02-2018_TrafficForML_CICFlowMeter_30s_state.csv,VALIDATION,2018-02-28 04:45:30,0,0,0
Wednesday-28-02-2018_TrafficForML_CICFlowMeter_30s_state.csv,VALIDATION,2018-02-28 04:46:00,0,0,0
Wednesday-28-02-2018_TrafficForML_CICFlowMeter_30s_state.csv,VALIDATION,2018-02-28 04:46:30,0,0,0
Wednesday-28-02-2018_TrafficForML_CICFlowMeter_30s_state.csv,VALIDATION,2018-02-28 04:47:00,0,0,0
Wednesday-28-02-2018_TrafficForML_CICFlowMeter_30s_state.csv,VALIDATION,2018-02-28 04:47:30,0,0,0
Wednesday-28-02-2018_TrafficForML_CICFlowMeter_30s_state.csv,VALIDATION,2018-02-28 04:48:00,0,0,0
Wednesday-28-02-2018_TrafficForML_CICFlowMeter_30s_state.csv,VALIDATION,2018-02-28 04:48:30,0,0,0
Wednesday-28-02-2018_TrafficForML_CICFlowMeter_30s_state.csv,VALIDATION,2018-02-28 04:49:00,0,0,0
Wednesday-28-02-2018_TrafficForML_CICFlowMeter_30s_state.csv,VALIDATION,2018-02-28 04:49:30,0,0,0
Wednesday-28-02-2018_TrafficForML_CICFlowMeter_30s_state.csv,VALIDATION,2018-02-28 04:50:00,0,0,0
Wednesday-28-02-2018_TrafficForML_CICFlowMeter_30s_state.csv,VALIDATION,2018-02-28 04:50:30,0,0,0
Wednesday-28-02-2018_TrafficForML_CICFlowMeter_30s_state.csv,VALIDATION,2018-02-28 04:51:00,0,0,0
Wednesday-28-02-2018_TrafficForML_CICFlowMeter_30s_state.csv,VALIDATION,2018-02-28 04:51:30,0,0,0
Wednesday-28-02-2018_TrafficForML_CICFlowMeter_30s_state.csv,VALIDATION,2018-02-28 04:52:00,0,0,0
Wednesday-28-02-2018_TrafficForML_CICFlowMeter_30s_state.csv,VALIDATION,2018-02-28 04:52:30,0,0,0
Wednesday-28-02-2018_TrafficForML_CICFlowMeter_30s_state.csv,VALIDATION,2018-02-28 04:53:00,0,0,0
Wednesday-28-02-2018_TrafficForML_CICFlowMeter_30s_state.csv,VALIDATION,2018-02-28 04:53:30,0,0,0
Wednesday-28-02-2018_TrafficForML_CICFlowMeter_30s_state.csv,VALIDATION,2018-02-28 04:54:00,0,0,0
Wednesday-28-02-2018_TrafficForML_CICFlowMeter_30s_state.csv,VALIDATION,2018-02-28 04:54:30,0,0,0
Wednesday-28-02-2018_TrafficForML_CICFlowMeter_30s_state.csv,VALIDATION,2018-02-28 04:55:00,0,0,0
Wednesday-28-02-2018_TrafficForML_CICFlowMeter_30s_state.csv,VALIDATION,2018-02-28 04:55:30,0,0,0
Wednesday-28-02-2018_TrafficForML_CICFlowMeter_30s_state.csv,VALIDATION,2018-02-28 04:56:00,0,0,0
Wednesday-28-02-2018_TrafficForML_CICFlowMeter_30s_state.csv,VALIDATION,2018-02-28 04:56:30,0,0,0
Wednesday-28-02-2018_TrafficForML_CICFlowMeter_30s_state.csv,VALIDATION,2018-02-28 04:57:00,0,0,0
Wednesday-28-02-2018_TrafficForML_CICFlowMeter_30s_state.csv,VALIDATION,2018-02-28 04:57:30,0,0,0
Wednesday-28-02-2018_TrafficForML_CICFlowMeter_30s_state.csv,VALIDATION,2018-02-28 04:58:00,0,0,0
Wednesday-28-02-2018_TrafficForML_CICFlowMeter_30s_state.csv,VALIDATION,2018-02-28 04:58:30,0,0,0
Wednesday-28-02-2018_TrafficForML_CICFlowMeter_30s_state.csv,VALIDATION,2018-02-28 04:59:00,0,0,0
Wednesday-28-02-2018_TrafficForML_CICFlowMeter_30s_state.csv,VALIDATION,2018-02-28 04:59:30,0,0,0
Wednesday-28-02-2018_TrafficForML_CICFlowMeter_30s_state.csv,VALIDATION,2018-02-28 05:00:00,0,0,0
Wednesday-28-02-2018_TrafficForML_CICFlowMeter_30s_state.csv,VALIDATION,2018-02-28 05:00:30,0,0,0
Wednesday-28-02-2018_TrafficForML_CICFlowMeter_30s_state.csv,VALIDATION,2018-02-28 05:01:00,0,0,0
Wednesday-28-02-2018_TrafficForML_CICFlowMeter_30s_state.csv,VALIDATION,2018-02-28 05:01:30,0,0,0
Wednesday-28-02-2018_TrafficForML_CICFlowMeter_30s_state.csv,VALIDATION,2018-02-28 05:02:00,0,0,0
Wednesday-28-02-2018_TrafficForML_CICFlowMeter_30s_state.csv,VALIDATION,2018-02-28 05:02:30,0,0,0
Wednesday-28-02-2018_TrafficForML_CICFlowMeter_30s_state.csv,VALIDATION,2018-02-28 05:03:00,0,0,0
Wednesday-28-02-2018_TrafficForML_CICFlowMeter_30s_state.csv,VALIDATION,2018-02-28 05:03:30,0,0,0
Wednesday-28-02-2018_TrafficForML_CICFlowMeter_30s_state.csv,VALIDATION,2018-02-28 05:04:00,0,0,0
Wednesday-28-02-2018_TrafficForML_CICFlowMeter_30s_state.csv,VALIDATION,2018-02-28 05:04:30,0,0,0
Wednesday-28-02-2018_TrafficForML_CICFlowMeter_30s_state.csv,VALIDATION,2018-02-28 05:05:00,0,0,0
Wednesday-28-02-2018_TrafficForML_CICFlowMeter_30s_state.csv,VALIDATION,2018-02-28 05:05:30,0,0,0
Wednesday-28-02-2018_TrafficForML_CICFlowMeter_30s_state.csv,VALIDATION,2018-02-28 05:06:00,0,0,0
Wednesday-28-02-2018_TrafficForML_CICFlowMeter_30s_state.csv,VALIDATION,2018-02-28 05:06:30,0,0,0
Wednesday-28-02-2018_TrafficForML_CICFlowMeter_30s_state.csv,VALIDATION,2018-02-28 05:07:00,0,0,0
Wednesday-28-02-2018_TrafficForML_CICFlowMeter_30s_state.csv,VALIDATION,2018-02-28 05:07:30,0,0,0
Wednesday-28-02-2018_TrafficForML_CICFlowMeter_30s_state.csv,VALIDATION,2018-02-28 05:08:00,0,0,0
Wednesday-28-02-2018_TrafficForML_CICFlowMeter_30s_state.csv,VALIDATION,2018-02-28 05:08:30,0,0,0
Wednesday-28-02-2018_TrafficForML_CICFlowMeter_30s_state.csv,VALIDATION,2018-02-28 05:09:00,0,0,0
Wednesday-28-02-2018_TrafficForML_CICFlowMeter_30s_state.csv,VALIDATION,2018-02-28 05:09:30,0,0,0
Wednesday-28-02-2018_TrafficForML_CICFlowMeter_30s_state.csv,VALIDATION,2018-02-28 05:10:00,0,0,0
Wednesday-28-02-2018_TrafficForML_CICFlowMeter_30s_state.csv,VALIDATION,2018-02-28 05:10:30,0,0,0
Wednesday-28-02-2018_TrafficForML_CICFlowMeter_30s_state.csv,VALIDATION,2018-02-28 05:11:00,0,0,0
Wednesday-28-02-2018_TrafficForML_CICFlowMeter_30s_state.csv,VALIDATION,2018-02-28 05:11:30,0,0,0
Wednesday-28-02-2018_TrafficForML_CICFlowMeter_30s_state.csv,VALIDATION,2018-02-28 05:12:00,0,0,0
Wednesday-28-02-2018_TrafficForML_CICFlowMeter_30s_state.csv,VALIDATION,2018-02-28 05:12:30,0,0,0
Wednesday-28-02-2018_TrafficForML_CICFlowMeter_30s_state.csv,VALIDATION,2018-02-28 05:13:00,0,0,0
Wednesday-28-02-2018_TrafficForML_CICFlowMeter_30s_state.csv,VALIDATION,2018-02-28 05:13:30,0,0,0
Wednesday-28-02-2018_TrafficForML_CICFlowMeter_30s_state.csv,VALIDATION,2018-02-28 05:14:00,0,0,0
Wednesday-28-02-2018_TrafficForML_CICFlowMeter_30s_state.csv,VALIDATION,2018-02-28 05:14:30,0,0,0
Wednesday-28-02-2018_TrafficForML_CICFlowMeter_30s_state.csv,VALIDATION,2018-02-28 05:15:00,0,0,0
Wednesday-28-02-2018_TrafficForML_CICFlowMeter_30s_state.csv,VALIDATION,2018-02-28 05:15:30,0,0,0
Wednesday-28-02-2018_TrafficForML_CICFlowMeter_30s_state.csv,VALIDATION,2018-02-28 05:16:00,0,0,0
Wednesday-28-02-2018_TrafficForML_CICFlowMeter_30s_state.csv,VALIDATION,2018-02-28 05:16:30,0,0,0
Wednesday-28-02-2018_TrafficForML_CICFlowMeter_30s_state.csv,VALIDATION,2018-02-28 05:17:00,0,0,0
Wednesday-28-02-2018_TrafficForML_CICFlowMeter_30s_state.csv,VALIDATION,2018-02-28 05:17:30,0,0,0
Wednesday-28-02-2018_TrafficForML_CICFlowMeter_30s_state.csv,VALIDATION,2018-02-28 05:18:00,0,0,0
Wednesday-28-02-2018_TrafficForML_CICFlowMeter_30s_state.csv,VALIDATION,2018-02-28 05:18:30,0,0,0
Wednesday-28-02-2018_TrafficForML_CICFlowMeter_30s_state.csv,VALIDATION,2018-02-28 05:19:00,0,0,0
Wednesday-28-02-2018_TrafficForML_CICFlowMeter_30s_state.csv,VALIDATION,2018-02-28 05:19:30,0,0,0
Wednesday-28-02-2018_TrafficForML_CICFlowMeter_30s_state.csv,VALIDATION,2018-02-28 05:20:00,0,0,0
Wednesday-28-02-2018_TrafficForML_CICFlowMeter_30s_state.csv,VALIDATION,2018-02-28 05:20:30,0,0,0
Wednesday-28-02-2018_TrafficForML_CICFlowMeter_30s_state.csv,VALIDATION,2018-02-28 05:21:00,0,0,0
Wednesday-28-02-2018_TrafficForML_CICFlowMeter_30s_state.csv,VALIDATION,2018-02-28 05:21:30,0,0,0
Wednesday-28-02-2018_TrafficForML_CICFlowMeter_30s_state.csv,VALIDATION,2018-02-28 05:22:00,0,0,0
Wednesday-28-02-2018_TrafficForML_CICFlowMeter_30s_state.csv,VALIDATION,2018-02-28 05:22:30,0,0,0
Wednesday-28-02-2018_TrafficForML_CICFlowMeter_30s_state.csv,VALIDATION,2018-02-28 05:23:00,0,0,0
Wednesday-28-02-2018_TrafficForML_CICFlowMeter_30s_state.csv,VALIDATION,2018-02-28 05:23:30,0,0,0
Wednesday-28-02-2018_TrafficForML_CICFlowMeter_30s_state.csv,VALIDATION,2018-02-28 05:24:00,0,0,0
Wednesday-28-02-2018_TrafficForML_CICFlowMeter_30s_state.csv,VALIDATION,2018-02-28 05:24:30,0,0,0
Wednesday-28-02-2018_TrafficForML_CICFlowMeter_30s_state.csv,VALIDATION,2018-02-28 05:25:00,0,0,0
Wednesday-28-02-2018_TrafficForML_CICFlowMeter_30s_state.csv,VALIDATION,2018-02-28 05:25:30,0,0,0
Wednesday-28-02-2018_TrafficForML_CICFlowMeter_30s_state.csv,VALIDATION,2018-02-28 05:26:00,0,0,0
Wednesday-28-02-2018_TrafficForML_CICFlowMeter_30s_state.csv,VALIDATION,2018-02-28 05:26:30,0,0,0
Wednesday-28-02-2018_TrafficForML_CICFlowMeter_30s_state.csv,VALIDATION,2018-02-28 05:27:00,0,0,0
Wednesday-28-02-2018_TrafficForML_CICFlowMeter_30s_state.csv,VALIDATION,2018-02-28 05:27:30,0,0,0
Wednesday-28-02-2018_TrafficForML_CICFlowMeter_30s_state.csv,VALIDATION,2018-02-28 05:28:00,0,0,0
Wednesday-28-02-2018_TrafficForML_CICFlowMeter_30s_state.csv,VALIDATION,2018-02-28 05:28:30,0,0,0
Wednesday-28-02-2018_TrafficForML_CICFlowMeter_30s_state.csv,VALIDATION,2018-02-28 05:29:00,0,0,0
Wednesday-28-02-2018_TrafficForML_CICFlowMeter_30s_state.csv,VALIDATION,2018-02-28 05:29:30,0,0,0
Wednesday-28-02-2018_TrafficForML_CICFlowMeter_30s_state.csv,VALIDATION,2018-02-28 05:30:00,0,0,0
Wednesday-28-02-2018_TrafficForML_CICFlowMeter_30s_state.csv,VALIDATION,2018-02-28 05:30:30,0,0,0
Wednesday-28-02-2018_TrafficForML_CICFlowMeter_30s_state.csv,VALIDATION,2018-02-28 05:31:00,0,0,0
Wednesday-28-02-2018_TrafficForML_CICFlowMeter_30s_state.csv,VALIDATION,2018-02-28 05:31:30,0,0,0
Wednesday-28-02-2018_TrafficForML_CICFlowMeter_30s_state.csv,VALIDATION,2018-02-28 05:32:00,0,0,0
Wednesday-28-02-2018_TrafficForML_CICFlowMeter_30s_state.csv,VALIDATION,2018-02-28 05:32:30,0,0,0
Wednesday-28-02-2018_TrafficForML_CICFlowMeter_30s_state.csv,VALIDATION,2018-02-28 05:33:00,0,0,0
Wednesday-28-02-2018_TrafficForML_CICFlowMeter_30s_state.csv,VALIDATION,2018-02-28 05:33:30,0,0,0
Wednesday-28-02-2018_TrafficForML_CICFlowMeter_30s_state.csv,VALIDATION,2018-02-28 05:34:00,0,0,0
Wednesday-28-02-2018_TrafficForML_CICFlowMeter_30s_state.csv,VALIDATION,2018-02-28 05:34:30,0,0,0
Wednesday-28-02-2018_TrafficForML_CICFlowMeter_30s_state.csv,VALIDATION,2018-02-28 05:35:00,0,0,0
Wednesday-28-02-2018_TrafficForML_CICFlowMeter_30s_state.csv,VALIDATION,2018-02-28 05:35:30,0,0,0
Wednesday-28-02-2018_TrafficForML_CICFlowMeter_30s_state.csv,VALIDATION,2018-02-28 05:36:00,0,0,0
Wednesday-28-02-2018_TrafficForML_CICFlowMeter_30s_state.csv,VALIDATION,2018-02-28 05:36:30,0,0,0
Wednesday-28-02-2018_TrafficForML_CICFlowMeter_30s_state.csv,VALIDATION,2018-02-28 05:37:00,0,0,0
Wednesday-28-02-2018_TrafficForML_CICFlowMeter_30s_state.csv,VALIDATION,2018-02-28 05:37:30,0,0,0
Wednesday-28-02-2018_TrafficForML_CICFlowMeter_30s_state.csv,VALIDATION,2018-02-28 05:38:00,0,0,0
Wednesday-28-02-2018_TrafficForML_CICFlowMeter_30s_state.csv,VALIDATION,2018-02-28 05:38:30,0,0,0
Wednesday-28-02-2018_TrafficForML_CICFlowMeter_30s_state.csv,VALIDATION,2018-02-28 05:39:00,0,0,0
Wednesday-28-02-2018_TrafficForML_CICFlowMeter_30s_state.csv,VALIDATION,2018-02-28 05:39:30,0,0,0
Wednesday-28-02-2018_TrafficForML_CICFlowMeter_30s_state.csv,VALIDATION,2018-02-28 05:40:00,0,0,0
Wednesday-28-02-2018_TrafficForML_CICFlowMeter_30s_state.csv,VALIDATION,2018-02-28 05:40:30,0,0,0
Wednesday-28-02-2018_TrafficForML_CICFlowMeter_30s_state.csv,VALIDATION,2018-02-28 05:41:00,0,0,0
Wednesday-28-02-2018_TrafficForML_CICFlowMeter_30s_state.csv,VALIDATION,2018-02-28 05:41:30,0,0,0
Wednesday-28-02-2018_TrafficForML_CICFlowMeter_30s_state.csv,VALIDATION,2018-02-28 05:42:00,0,0,0
Wednesday-28-02-2018_TrafficForML_CICFlowMeter_30s_state.csv,VALIDATION,2018-02-28 05:42:30,0,0,0
Wednesday-28-02-2018_TrafficForML_CICFlowMeter_30s_state.csv,VALIDATION,2018-02-28 05:43:00,0,0,0
Wednesday-28-02-2018_TrafficForML_CICFlowMeter_30s_state.csv,VALIDATION,2018-02-28 05:43:30,0,0,0
Wednesday-28-02-2018_TrafficForML_CICFlowMeter_30s_state.csv,VALIDATION,2018-02-28 05:44:00,0,0,0
Wednesday-28-02-2018_TrafficForML_CICFlowMeter_30s_state.csv,VALIDATION,2018-02-28 05:44:30,0,0,0
Wednesday-28-02-2018_TrafficForML_CICFlowMeter_30s_state.csv,VALIDATION,2018-02-28 05:45:00,0,0,0
Wednesday-28-02-2018_TrafficForML_CICFlowMeter_30s_state.csv,VALIDATION,2018-02-28 05:45:30,0,0,0
Wednesday-28-02-2018_TrafficForML_CICFlowMeter_30s_state.csv,VALIDATION,2018-02-28 05:46:00,0,0,0
Wednesday-28-02-2018_TrafficForML_CICFlowMeter_30s_state.csv,VALIDATION,2018-02-28 05:46:30,0,0,0
Wednesday-28-02-2018_TrafficForML_CICFlowMeter_30s_state.csv,VALIDATION,2018-02-28 05:47:00,0,0,0
Wednesday-28-02-2018_TrafficForML_CICFlowMeter_30s_state.csv,VALIDATION,2018-02-28 05:47:30,0,0,0
Wednesday-28-02-2018_TrafficForML_CICFlowMeter_30s_state.csv,VALIDATION,2018-02-28 05:48:00,0,0,0
Wednesday-28-02-2018_TrafficForML_CICFlowMeter_30s_state.csv,VALIDATION,2018-02-28 05:48:30,0,0,0
Wednesday-28-02-2018_TrafficForML_CICFlowMeter_30s_state.csv,VALIDATION,2018-02-28 05:49:00,0,0,0
Wednesday-28-02-2018_TrafficForML_CICFlowMeter_30s_state.csv,VALIDATION,2018-02-28 05:49:30,0,0,0
Wednesday-28-02-2018_TrafficForML_CICFlowMeter_30s_state.csv,VALIDATION,2018-02-28 05:50:00,0,0,0
Wednesday-28-02-2018_TrafficForML_CICFlowMeter_30s_state.csv,VALIDATION,2018-02-28 08:26:30,0,0,0
Wednesday-28-02-2018_TrafficForML_CICFlowMeter_30s_state.csv,VALIDATION,2018-02-28 08:27:00,0,0,0
Wednesday-28-02-2018_TrafficForML_CICFlowMeter_30s_state.csv,VALIDATION,2018-02-28 08:27:30,0,0,0
Wednesday-28-02-2018_TrafficForML_CICFlowMeter_30s_state.csv,VALIDATION,2018-02-28 08:28:00,0,0,0
Wednesday-28-02-2018_TrafficForML_CICFlowMeter_30s_state.csv,VALIDATION,2018-02-28 08:28:30,0,0,0
Wednesday-28-02-2018_TrafficForML_CICFlowMeter_30s_state.csv,VALIDATION,2018-02-28 08:29:00,0,0,0
Wednesday-28-02-2018_TrafficForML_CICFlowMeter_30s_state.csv,VALIDATION,2018-02-28 08:29:30,0,0,0
Wednesday-28-02-2018_TrafficForML_CICFlowMeter_30s_state.csv,VALIDATION,2018-02-28 08:30:00,0,0,0
Wednesday-28-02-2018_TrafficForML_CICFlowMeter_30s_state.csv,VALIDATION,2018-02-28 08:30:30,0,0,0
Wednesday-28-02-2018_TrafficForML_CICFlowMeter_30s_state.csv,VALIDATION,2018-02-28 08:31:00,0,0,0
Wednesday-28-02-2018_TrafficForML_CICFlowMeter_30s_state.csv,VALIDATION,2018-02-28 08:31:30,0,0,0
Wednesday-28-02-2018_TrafficForML_CICFlowMeter_30s_state.csv,VALIDATION,2018-02-28 08:32:00,0,0,0
Wednesday-28-02-2018_TrafficForML_CICFlowMeter_30s_state.csv,VALIDATION,2018-02-28 08:32:30,0,0,0
Wednesday-28-02-2018_TrafficForML_CICFlowMeter_30s_state.csv,VALIDATION,2018-02-28 08:33:00,0,0,0
Wednesday-28-02-2018_TrafficForML_CICFlowMeter_30s_state.csv,VALIDATION,2018-02-28 08:33:30,0,0,0
Wednesday-28-02-2018_TrafficForML_CICFlowMeter_30s_state.csv,VALIDATION,2018-02-28 08:34:00,0,0,0
Wednesday-28-02-2018_TrafficForML_CICFlowMeter_30s_state.csv,VALIDATION,2018-02-28 08:34:30,0,0,0
Wednesday-28-02-2018_TrafficForML_CICFlowMeter_30s_state.csv,VALIDATION,2018-02-28 08:35:00,0,0,0
Wednesday-28-02-2018_TrafficForML_CICFlowMeter_30s_state.csv,VALIDATION,2018-02-28 08:35:30,0,0,0
Wednesday-28-02-2018_TrafficForML_CICFlowMeter_30s_state.csv,VALIDATION,2018-02-28 08:36:00,0,0,0
Wednesday-28-02-2018_TrafficForML_CICFlowMeter_30s_state.csv,VALIDATION,2018-02-28 08:36:30,0,0,0
Wednesday-28-02-2018_TrafficForML_CICFlowMeter_30s_state.csv,VALIDATION,2018-02-28 08:37:00,0,0,0
Wednesday-28-02-2018_TrafficForML_CICFlowMeter_30s_state.csv,VALIDATION,2018-02-28 08:37:30,0,0,0
Wednesday-28-02-2018_TrafficForML_CICFlowMeter_30s_state.csv,VALIDATION,2018-02-28 08:38:00,0,0,0
Wednesday-28-02-2018_TrafficForML_CICFlowMeter_30s_state.csv,VALIDATION,2018-02-28 08:38:30,0,0,0
Wednesday-28-02-2018_TrafficForML_CICFlowMeter_30s_state.csv,VALIDATION,2018-02-28 08:39:00,0,0,0
Wednesday-28-02-2018_TrafficForML_CICFlowMeter_30s_state.csv,VALIDATION,2018-02-28 08:39:30,0,0,0
Wednesday-28-02-2018_TrafficForML_CICFlowMeter_30s_state.csv,VALIDATION,2018-02-28 08:40:00,0,0,0
Wednesday-28-02-2018_TrafficForML_CICFlowMeter_30s_state.csv,VALIDATION,2018-02-28 08:40:30,0,0,0
Wednesday-28-02-2018_TrafficForML_CICFlowMeter_30s_state.csv,VALIDATION,2018-02-28 08:41:00,0,0,0
Wednesday-28-02-2018_TrafficForML_CICFlowMeter_30s_state.csv,VALIDATION,2018-02-28 08:41:30,0,0,0
Wednesday-28-02-2018_TrafficForML_CICFlowMeter_30s_state.csv,VALIDATION,2018-02-28 08:42:00,0,0,0
Wednesday-28-02-2018_TrafficForML_CICFlowMeter_30s_state.csv,VALIDATION,2018-02-28 08:42:30,0,0,0
Wednesday-28-02-2018_TrafficForML_CICFlowMeter_30s_state.csv,VALIDATION,2018-02-28 08:43:00,0,0,0
Wednesday-28-02-2018_TrafficForML_CICFlowMeter_30s_state.csv,VALIDATION,2018-02-28 08:43:30,0,0,0
Wednesday-28-02-2018_TrafficForML_CICFlowMeter_30s_state.csv,VALIDATION,2018-02-28 08:44:00,0,0,0
Wednesday-28-02-2018_TrafficForML_CICFlowMeter_30s_state.csv,VALIDATION,2018-02-28 08:44:30,0,0,0
Wednesday-28-02-2018_TrafficForML_CICFlowMeter_30s_state.csv,VALIDATION,2018-02-28 08:45:00,0,0,0
Wednesday-28-02-2018_TrafficForML_CICFlowMeter_30s_state.csv,VALIDATION,2018-02-28 08:45:30,0,0,0
Wednesday-28-02-2018_TrafficForML_CICFlowMeter_30s_state.csv,VALIDATION,2018-02-28 08:46:00,0,0,0
Wednesday-28-02-2018_TrafficForML_CICFlowMeter_30s_state.csv,VALIDATION,2018-02-28 08:46:30,0,0,0
Wednesday-28-02-2018_TrafficForML_CICFlowMeter_30s_state.csv,VALIDATION,2018-02-28 08:47:00,0,0,0
Wednesday-28-02-2018_TrafficForML_CICFlowMeter_30s_state.csv,VALIDATION,2018-02-28 08:47:30,0,0,0
Wednesday-28-02-2018_TrafficForML_CICFlowMeter_30s_state.csv,VALIDATION,2018-02-28 08:48:00,0,0,0
Wednesday-28-02-2018_TrafficForML_CICFlowMeter_30s_state.csv,VALIDATION,2018-02-28 08:48:30,0,0,0
Wednesday-28-02-2018_TrafficForML_CICFlowMeter_30s_state.csv,VALIDATION,2018-02-28 08:49:00,0,0,0
Wednesday-28-02-2018_TrafficForML_CICFlowMeter_30s_state.csv,VALIDATION,2018-02-28 08:49:30,0,0,0
Wednesday-28-02-2018_TrafficForML_CICFlowMeter_30s_state.csv,VALIDATION,2018-02-28 08:50:00,0,0,0
Wednesday-28-02-2018_TrafficForML_CICFlowMeter_30s_state.csv,VALIDATION,2018-02-28 08:50:30,0,0,0
Wednesday-28-02-2018_TrafficForML_CICFlowMeter_30s_state.csv,VALIDATION,2018-02-28 08:51:00,0,0,0
Wednesday-28-02-2018_TrafficForML_CICFlowMeter_30s_state.csv,VALIDATION,2018-02-28 08:51:30,0,0,0
Wednesday-28-02-2018_TrafficForML_CICFlowMeter_30s_state.csv,VALIDATION,2018-02-28 08:52:00,0,0,0
Wednesday-28-02-2018_TrafficForML_CICFlowMeter_30s_state.csv,VALIDATION,2018-02-28 08:52:30,0,0,0
Wednesday-28-02-2018_TrafficForML_CICFlowMeter_30s_state.csv,VALIDATION,2018-02-28 08:53:00,0,0,0
Wednesday-28-02-2018_TrafficForML_CICFlowMeter_30s_state.csv,VALIDATION,2018-02-28 08:53:30,0,0,0
Wednesday-28-02-2018_TrafficForML_CICFlowMeter_30s_state.csv,VALIDATION,2018-02-28 08:54:00,0,0,0
Wednesday-28-02-2018_TrafficForML_CICFlowMeter_30s_state.csv,VALIDATION,2018-02-28 08:54:30,0,0,0
Wednesday-28-02-2018_TrafficForML_CICFlowMeter_30s_state.csv,VALIDATION,2018-02-28 08:55:00,0,0,0
Wednesday-28-02-2018_TrafficForML_CICFlowMeter_30s_state.csv,VALIDATION,2018-02-28 08:55:30,0,0,0
Wednesday-28-02-2018_TrafficForML_CICFlowMeter_30s_state.csv,VALIDATION,2018-02-28 08:56:00,0,0,0
Wednesday-28-02-2018_TrafficForML_CICFlowMeter_30s_state.csv,VALIDATION,2018-02-28 08:56:30,0,0,0
Wednesday-28-02-2018_TrafficForML_CICFlowMeter_30s_state.csv,VALIDATION,2018-02-28 08:57:00,0,0,0
Wednesday-28-02-2018_TrafficForML_CICFlowMeter_30s_state.csv,VALIDATION,2018-02-28 08:57:30,0,0,0
Wednesday-28-02-2018_TrafficForML_CICFlowMeter_30s_state.csv,VALIDATION,2018-02-28 08:58:00,0,0,0
Wednesday-28-02-2018_TrafficForML_CICFlowMeter_30s_state.csv,VALIDATION,2018-02-28 08:58:30,0,0,0
Wednesday-28-02-2018_TrafficForML_CICFlowMeter_30s_state.csv,VALIDATION,2018-02-28 08:59:00,0,0,0
Wednesday-28-02-2018_TrafficForML_CICFlowMeter_30s_state.csv,VALIDATION,2018-02-28 08:59:30,0,0,0
Wednesday-28-02-2018_TrafficForML_CICFlowMeter_30s_state.csv,VALIDATION,2018-02-28 09:00:00,0,0,0
Wednesday-28-02-2018_TrafficForML_CICFlowMeter_30s_state.csv,VALIDATION,2018-02-28 09:00:30,0,0,0
Wednesday-28-02-2018_TrafficForML_CICFlowMeter_30s_state.csv,VALIDATION,2018-02-28 09:01:00,0,0,0
Wednesday-28-02-2018_TrafficForML_CICFlowMeter_30s_state.csv,VALIDATION,2018-02-28 09:01:30,0,0,0
Wednesday-28-02-2018_TrafficForML_CICFlowMeter_30s_state.csv,VALIDATION,2018-02-28 09:02:00,0,0,0
Wednesday-28-02-2018_TrafficForML_CICFlowMeter_30s_state.csv,VALIDATION,2018-02-28 09:02:30,0,0,0
Wednesday-28-02-2018_TrafficForML_CICFlowMeter_30s_state.csv,VALIDATION,2018-02-28 09:03:00,0,0,0
Wednesday-28-02-2018_TrafficForML_CICFlowMeter_30s_state.csv,VALIDATION,2018-02-28 09:03:30,0,0,0
Wednesday-28-02-2018_TrafficForML_CICFlowMeter_30s_state.csv,VALIDATION,2018-02-28 09:04:00,0,0,0
Wednesday-28-02-2018_TrafficForML_CICFlowMeter_30s_state.csv,VALIDATION,2018-02-28 09:04:30,0,0,0
Wednesday-28-02-2018_TrafficForML_CICFlowMeter_30s_state.csv,VALIDATION,2018-02-28 09:05:00,0,0,0
Wednesday-28-02-2018_TrafficForML_CICFlowMeter_30s_state.csv,VALIDATION,2018-02-28 09:05:30,0,0,0
Wednesday-28-02-2018_TrafficForML_CICFlowMeter_30s_state.csv,VALIDATION,2018-02-28 09:06:00,0,0,0
Wednesday-28-02-2018_TrafficForML_CICFlowMeter_30s_state.csv,VALIDATION,2018-02-28 09:06:30,0,0,0
Wednesday-28-02-2018_TrafficForML_CICFlowMeter_30s_state.csv,VALIDATION,2018-02-28 09:07:00,0,0,0
Wednesday-28-02-2018_TrafficForML_CICFlowMeter_30s_state.csv,VALIDATION,2018-02-28 09:07:30,0,0,0
Wednesday-28-02-2018_TrafficForML_CICFlowMeter_30s_state.csv,VALIDATION,2018-02-28 09:08:00,0,0,0
Wednesday-28-02-2018_TrafficForML_CICFlowMeter_30s_state.csv,VALIDATION,2018-02-28 09:08:30,0,0,0
Wednesday-28-02-2018_TrafficForML_CICFlowMeter_30s_state.csv,VALIDATION,2018-02-28 09:09:00,0,0,0
Wednesday-28-02-2018_TrafficForML_CICFlowMeter_30s_state.csv,VALIDATION,2018-02-28 09:09:30,0,0,0
Wednesday-28-02-2018_TrafficForML_CICFlowMeter_30s_state.csv,VALIDATION,2018-02-28 09:10:00,0,0,0
Wednesday-28-02-2018_TrafficForML_CICFlowMeter_30s_state.csv,VALIDATION,2018-02-28 09:10:30,0,0,0
Wednesday-28-02-2018_TrafficForML_CICFlowMeter_30s_state.csv,VALIDATION,2018-02-28 09:11:00,0,0,0
Wednesday-28-02-2018_TrafficForML_CICFlowMeter_30s_state.csv,VALIDATION,2018-02-28 09:11:30,0,0,0
Wednesday-28-02-2018_TrafficForML_CICFlowMeter_30s_state.csv,VALIDATION,2018-02-28 09:12:00,0,0,0
Wednesday-28-02-2018_TrafficForML_CICFlowMeter_30s_state.csv,VALIDATION,2018-02-28 09:12:30,0,0,0
Wednesday-28-02-2018_TrafficForML_CICFlowMeter_30s_state.csv,VALIDATION,2018-02-28 09:13:00,0,0,0
Wednesday-28-02-2018_TrafficForML_CICFlowMeter_30s_state.csv,VALIDATION,2018-02-28 09:13:30,0,0,0
Wednesday-28-02-2018_TrafficForML_CICFlowMeter_30s_state.csv,VALIDATION,2018-02-28 09:14:00,0,0,0
Wednesday-28-02-2018_TrafficForML_CICFlowMeter_30s_state.csv,VALIDATION,2018-02-28 09:14:30,0,0,0
Wednesday-28-02-2018_TrafficForML_CICFlowMeter_30s_state.csv,VALIDATION,2018-02-28 09:15:00,0,0,0
Wednesday-28-02-2018_TrafficForML_CICFlowMeter_30s_state.csv,VALIDATION,2018-02-28 09:15:30,0,0,0
Wednesday-28-02-2018_TrafficForML_CICFlowMeter_30s_state.csv,VALIDATION,2018-02-28 09:16:00,0,0,0
Wednesday-28-02-2018_TrafficForML_CICFlowMeter_30s_state.csv,VALIDATION,2018-02-28 09:16:30,0,0,0
Wednesday-28-02-2018_TrafficForML_CICFlowMeter_30s_state.csv,VALIDATION,2018-02-28 09:17:00,0,0,0
Wednesday-28-02-2018_TrafficForML_CICFlowMeter_30s_state.csv,VALIDATION,2018-02-28 09:17:30,0,0,0
Wednesday-28-02-2018_TrafficForML_CICFlowMeter_30s_state.csv,VALIDATION,2018-02-28 09:18:00,0,0,0
Wednesday-28-02-2018_TrafficForML_CICFlowMeter_30s_state.csv,VALIDATION,2018-02-28 09:18:30,0,0,0
Wednesday-28-02-2018_TrafficForML_CICFlowMeter_30s_state.csv,VALIDATION,2018-02-28 09:19:00,0,0,0
Wednesday-28-02-2018_TrafficForML_CICFlowMeter_30s_state.csv,VALIDATION,2018-02-28 09:19:30,0,0,0
Wednesday-28-02-2018_TrafficForML_CICFlowMeter_30s_state.csv,VALIDATION,2018-02-28 09:20:00,0,0,0
Wednesday-28-02-2018_TrafficForML_CICFlowMeter_30s_state.csv,VALIDATION,2018-02-28 09:20:30,0,0,0
Wednesday-28-02-2018_TrafficForML_CICFlowMeter_30s_state.csv,VALIDATION,2018-02-28 09:21:00,0,0,0
Wednesday-28-02-2018_TrafficForML_CICFlowMeter_30s_state.csv,VALIDATION,2018-02-28 09:21:30,0,0,0
Wednesday-28-02-2018_TrafficForML_CICFlowMeter_30s_state.csv,VALIDATION,2018-02-28 09:22:00,0,0,0
Wednesday-28-02-2018_TrafficForML_CICFlowMeter_30s_state.csv,VALIDATION,2018-02-28 09:22:30,0,0,0
Wednesday-28-02-2018_TrafficForML_CICFlowMeter_30s_state.csv,VALIDATION,2018-02-28 09:23:00,0,0,0
Wednesday-28-02-2018_TrafficForML_CICFlowMeter_30s_state.csv,VALIDATION,2018-02-28 09:23:30,0,0,0
Wednesday-28-02-2018_TrafficForML_CICFlowMeter_30s_state.csv,VALIDATION,2018-02-28 09:24:00,0,0,0
Wednesday-28-02-2018_TrafficForML_CICFlowMeter_30s_state.csv,VALIDATION,2018-02-28 09:24:30,0,0,0
Wednesday-28-02-2018_TrafficForML_CICFlowMeter_30s_state.csv,VALIDATION,2018-02-28 09:25:00,0,0,0
Wednesday-28-02-2018_TrafficForML_CICFlowMeter_30s_state.csv,VALIDATION,2018-02-28 09:25:30,0,0,0
Wednesday-28-02-2018_TrafficForML_CICFlowMeter_30s_state.csv,VALIDATION,2018-02-28 09:26:00,0,0,0
Wednesday-28-02-2018_TrafficForML_CICFlowMeter_30s_state.csv,VALIDATION,2018-02-28 09:26:30,0,0,0
Wednesday-28-02-2018_TrafficForML_CICFlowMeter_30s_state.csv,VALIDATION,2018-02-28 09:27:00,0,0,0
Wednesday-28-02-2018_TrafficForML_CICFlowMeter_30s_state.csv,VALIDATION,2018-02-28 09:27:30,0,0,0
Wednesday-28-02-2018_TrafficForML_CICFlowMeter_30s_state.csv,VALIDATION,2018-02-28 09:28:00,0,0,0
Wednesday-28-02-2018_TrafficForML_CICFlowMeter_30s_state.csv,VALIDATION,2018-02-28 09:28:30,0,0,0
Wednesday-28-02-2018_TrafficForML_CICFlowMeter_30s_state.csv,VALIDATION,2018-02-28 09:29:00,0,0,0
Wednesday-28-02-2018_TrafficForML_CICFlowMeter_30s_state.csv,VALIDATION,2018-02-28 09:29:30,0,0,0
Wednesday-28-02-2018_TrafficForML_CICFlowMeter_30s_state.csv,VALIDATION,2018-02-28 09:30:00,0,0,0
Wednesday-28-02-2018_TrafficForML_CICFlowMeter_30s_state.csv,VALIDATION,2018-02-28 09:30:30,0,0,0
Wednesday-28-02-2018_TrafficForML_CICFlowMeter_30s_state.csv,VALIDATION,2018-02-28 09:31:00,0,0,0
Wednesday-28-02-2018_TrafficForML_CICFlowMeter_30s_state.csv,VALIDATION,2018-02-28 09:31:30,0,0,0
Wednesday-28-02-2018_TrafficForML_CICFlowMeter_30s_state.csv,VALIDATION,2018-02-28 09:32:00,0,0,0
Wednesday-28-02-2018_TrafficForML_CICFlowMeter_30s_state.csv,VALIDATION,2018-02-28 09:32:30,0,0,0
Wednesday-28-02-2018_TrafficForML_CICFlowMeter_30s_state.csv,VALIDATION,2018-02-28 09:33:00,0,0,0
Wednesday-28-02-2018_TrafficForML_CICFlowMeter_30s_state.csv,VALIDATION,2018-02-28 09:33:30,0,0,0
Wednesday-28-02-2018_TrafficForML_CICFlowMeter_30s_state.csv,VALIDATION,2018-02-28 09:34:00,0,0,0
Wednesday-28-02-2018_TrafficForML_CICFlowMeter_30s_state.csv,VALIDATION,2018-02-28 09:34:30,0,0,0
Wednesday-28-02-2018_TrafficForML_CICFlowMeter_30s_state.csv,VALIDATION,2018-02-28 09:35:00,0,0,0
Wednesday-28-02-2018_TrafficForML_CICFlowMeter_30s_state.csv,VALIDATION,2018-02-28 09:35:30,0,0,0
Wednesday-28-02-2018_TrafficForML_CICFlowMeter_30s_state.csv,VALIDATION,2018-02-28 09:36:00,0,0,0
Wednesday-28-02-2018_TrafficForML_CICFlowMeter_30s_state.csv,VALIDATION,2018-02-28 09:36:30,0,0,0
Wednesday-28-02-2018_TrafficForML_CICFlowMeter_30s_state.csv,VALIDATION,2018-02-28 09:37:00,0,0,0
Wednesday-28-02-2018_TrafficForML_CICFlowMeter_30s_state.csv,VALIDATION,2018-02-28 09:37:30,0,0,0
Wednesday-28-02-2018_TrafficForML_CICFlowMeter_30s_state.csv,VALIDATION,2018-02-28 09:38:00,0,0,0
Wednesday-28-02-2018_TrafficForML_CICFlowMeter_30s_state.csv,VALIDATION,2018-02-28 09:38:30,0,0,0
Wednesday-28-02-2018_TrafficForML_CICFlowMeter_30s_state.csv,VALIDATION,2018-02-28 09:39:00,0,0,0
Wednesday-28-02-2018_TrafficForML_CICFlowMeter_30s_state.csv,VALIDATION,2018-02-28 09:39:30,0,0,0
Wednesday-28-02-2018_TrafficForML_CICFlowMeter_30s_state.csv,VALIDATION,2018-02-28 09:40:00,0,0,0
Wednesday-28-02-2018_TrafficForML_CICFlowMeter_30s_state.csv,VALIDATION,2018-02-28 09:40:30,0,0,0
Wednesday-28-02-2018_TrafficForML_CICFlowMeter_30s_state.csv,VALIDATION,2018-02-28 09:41:00,0,0,0
Wednesday-28-02-2018_TrafficForML_CICFlowMeter_30s_state.csv,VALIDATION,2018-02-28 09:41:30,0,0,0
Wednesday-28-02-2018_TrafficForML_CICFlowMeter_30s_state.csv,VALIDATION,2018-02-28 09:42:00,0,0,0
Wednesday-28-02-2018_TrafficForML_CICFlowMeter_30s_state.csv,VALIDATION,2018-02-28 09:42:30,0,0,0
Wednesday-28-02-2018_TrafficForML_CICFlowMeter_30s_state.csv,VALIDATION,2018-02-28 09:43:00,0,0,0
Wednesday-28-02-2018_TrafficForML_CICFlowMeter_30s_state.csv,VALIDATION,2018-02-28 09:43:30,0,0,0
Wednesday-28-02-2018_TrafficForML_CICFlowMeter_30s_state.csv,VALIDATION,2018-02-28 09:44:00,0,0,0
Wednesday-28-02-2018_TrafficForML_CICFlowMeter_30s_state.csv,VALIDATION,2018-02-28 09:44:30,0,0,0
Wednesday-28-02-2018_TrafficForML_CICFlowMeter_30s_state.csv,VALIDATION,2018-02-28 09:45:00,0,0,0
Wednesday-28-02-2018_TrafficForML_CICFlowMeter_30s_state.csv,VALIDATION,2018-02-28 09:45:30,0,0,0
Wednesday-28-02-2018_TrafficForML_CICFlowMeter_30s_state.csv,VALIDATION,2018-02-28 09:46:00,0,0,0
Wednesday-28-02-2018_TrafficForML_CICFlowMeter_30s_state.csv,VALIDATION,2018-02-28 09:46:30,0,0,0
Wednesday-28-02-2018_TrafficForML_CICFlowMeter_30s_state.csv,VALIDATION,2018-02-28 09:47:00,0,0,0
Wednesday-28-02-2018_TrafficForML_CICFlowMeter_30s_state.csv,VALIDATION,2018-02-28 09:47:30,0,0,0
Wednesday-28-02-2018_TrafficForML_CICFlowMeter_30s_state.csv,VALIDATION,2018-02-28 09:48:00,0,0,0
Wednesday-28-02-2018_TrafficForML_CICFlowMeter_30s_state.csv,VALIDATION,2018-02-28 09:48:30,0,0,0
Wednesday-28-02-2018_TrafficForML_CICFlowMeter_30s_state.csv,VALIDATION,2018-02-28 09:49:00,0,0,0
Wednesday-28-02-2018_TrafficForML_CICFlowMeter_30s_state.csv,VALIDATION,2018-02-28 09:49:30,0,0,0
Wednesday-28-02-2018_TrafficForML_CICFlowMeter_30s_state.csv,VALIDATION,2018-02-28 09:50:00,0,0,0
Wednesday-28-02-2018_TrafficForML_CICFlowMeter_30s_state.csv,VALIDATION,2018-02-28 09:50:30,0,0,0
Wednesday-28-02-2018_TrafficForML_CICFlowMeter_30s_state.csv,VALIDATION,2018-02-28 09:51:00,0,0,0
Wednesday-28-02-2018_TrafficForML_CICFlowMeter_30s_state.csv,VALIDATION,2018-02-28 09:51:30,0,0,0
Wednesday-28-02-2018_TrafficForML_CICFlowMeter_30s_state.csv,VALIDATION,2018-02-28 09:52:00,0,0,0
Wednesday-28-02-2018_TrafficForML_CICFlowMeter_30s_state.csv,VALIDATION,2018-02-28 09:52:30,0,0,0
Wednesday-28-02-2018_TrafficForML_CICFlowMeter_30s_state.csv,VALIDATION,2018-02-28 09:53:00,0,0,0
Wednesday-28-02-2018_TrafficForML_CICFlowMeter_30s_state.csv,VALIDATION,2018-02-28 09:53:30,0,0,0
Wednesday-28-02-2018_TrafficForML_CICFlowMeter_30s_state.csv,VALIDATION,2018-02-28 09:54:00,0,0,0
Wednesday-28-02-2018_TrafficForML_CICFlowMeter_30s_state.csv,VALIDATION,2018-02-28 09:54:30,0,0,0
Wednesday-28-02-2018_TrafficForML_CICFlowMeter_30s_state.csv,VALIDATION,2018-02-28 09:55:00,0,0,0
Wednesday-28-02-2018_TrafficForML_CICFlowMeter_30s_state.csv,VALIDATION,2018-02-28 09:55:30,0,0,0
Wednesday-28-02-2018_TrafficForML_CICFlowMeter_30s_state.csv,VALIDATION,2018-02-28 09:56:00,0,0,0
Wednesday-28-02-2018_TrafficForML_CICFlowMeter_30s_state.csv,VALIDATION,2018-02-28 09:56:30,0,0,0
Wednesday-28-02-2018_TrafficForML_CICFlowMeter_30s_state.csv,VALIDATION,2018-02-28 09:57:00,0,0,0
Wednesday-28-02-2018_TrafficForML_CICFlowMeter_30s_state.csv,VALIDATION,2018-02-28 09:57:30,0,0,0
Wednesday-28-02-2018_TrafficForML_CICFlowMeter_30s_state.csv,VALIDATION,2018-02-28 09:58:00,0,0,0
Wednesday-28-02-2018_TrafficForML_CICFlowMeter_30s_state.csv,VALIDATION,2018-02-28 09:58:30,0,0,0
Wednesday-28-02-2018_TrafficForML_CICFlowMeter_30s_state.csv,VALIDATION,2018-02-28 09:59:00,0,0,0
Wednesday-28-02-2018_TrafficForML_CICFlowMeter_30s_state.csv,VALIDATION,2018-02-28 09:59:30,0,0,0
Wednesday-28-02-2018_TrafficForML_CICFlowMeter_30s_state.csv,VALIDATION,2018-02-28 10:00:00,0,0,0
Wednesday-28-02-2018_TrafficForML_CICFlowMeter_30s_state.csv,VALIDATION,2018-02-28 10:00:30,0,0,0
Wednesday-28-02-2018_TrafficForML_CICFlowMeter_30s_state.csv,VALIDATION,2018-02-28 10:01:00,0,0,0
Wednesday-28-02-2018_TrafficForML_CICFlowMeter_30s_state.csv,VALIDATION,2018-02-28 10:01:30,0,0,0
Wednesday-28-02-2018_TrafficForML_CICFlowMeter_30s_state.csv,VALIDATION,2018-02-28 10:02:00,0,0,0
Wednesday-28-02-2018_TrafficForML_CICFlowMeter_30s_state.csv,VALIDATION,2018-02-28 10:02:30,0,0,0
Wednesday-28-02-2018_TrafficForML_CICFlowMeter_30s_state.csv,VALIDATION,2018-02-28 10:03:00,0,0,0
Wednesday-28-02-2018_TrafficForML_CICFlowMeter_30s_state.csv,VALIDATION,2018-02-28 10:03:30,0,0,0
Wednesday-28-02-2018_TrafficForML_CICFlowMeter_30s_state.csv,VALIDATION,2018-02-28 10:04:00,0,0,0
Wednesday-28-02-2018_TrafficForML_CICFlowMeter_30s_state.csv,VALIDATION,2018-02-28 10:04:30,0,0,0
Wednesday-28-02-2018_TrafficForML_CICFlowMeter_30s_state.csv,VALIDATION,2018-02-28 10:05:00,0,0,0
Wednesday-28-02-2018_TrafficForML_CICFlowMeter_30s_state.csv,VALIDATION,2018-02-28 10:05:30,0,0,0
Wednesday-28-02-2018_TrafficForML_CICFlowMeter_30s_state.csv,VALIDATION,2018-02-28 10:06:00,0,0,0
Wednesday-28-02-2018_TrafficForML_CICFlowMeter_30s_state.csv,VALIDATION,2018-02-28 10:06:30,0,0,0
Wednesday-28-02-2018_TrafficForML_CICFlowMeter_30s_state.csv,VALIDATION,2018-02-28 10:07:00,0,0,0
Wednesday-28-02-2018_TrafficForML_CICFlowMeter_30s_state.csv,VALIDATION,2018-02-28 10:07:30,0,0,0
Wednesday-28-02-2018_TrafficForML_CICFlowMeter_30s_state.csv,VALIDATION,2018-02-28 10:08:00,0,0,0
Wednesday-28-02-2018_TrafficForML_CICFlowMeter_30s_state.csv,VALIDATION,2018-02-28 10:08:30,0,0,0
Wednesday-28-02-2018_TrafficForML_CICFlowMeter_30s_state.csv,VALIDATION,2018-02-28 10:09:00,0,0,0
Wednesday-28-02-2018_TrafficForML_CICFlowMeter_30s_state.csv,VALIDATION,2018-02-28 10:09:30,0,0,0
Wednesday-28-02-2018_TrafficForML_CICFlowMeter_30s_state.csv,VALIDATION,2018-02-28 10:10:00,0,0,0
Wednesday-28-02-2018_TrafficForML_CICFlowMeter_30s_state.csv,VALIDATION,2018-02-28 10:10:30,0,0,0
Wednesday-28-02-2018_TrafficForML_CICFlowMeter_30s_state.csv,VALIDATION,2018-02-28 10:11:00,0,0,0
Wednesday-28-02-2018_TrafficForML_CICFlowMeter_30s_state.csv,VALIDATION,2018-02-28 10:11:30,0,0,0
Wednesday-28-02-2018_TrafficForML_CICFlowMeter_30s_state.csv,VALIDATION,2018-02-28 10:12:00,0,0,0
Wednesday-28-02-2018_TrafficForML_CICFlowMeter_30s_state.csv,VALIDATION,2018-02-28 10:12:30,0,0,0
Wednesday-28-02-2018_TrafficForML_CICFlowMeter_30s_state.csv,VALIDATION,2018-02-28 10:13:00,0,0,0
Wednesday-28-02-2018_TrafficForML_CICFlowMeter_30s_state.csv,VALIDATION,2018-02-28 10:13:30,0,0,0
Wednesday-28-02-2018_TrafficForML_CICFlowMeter_30s_state.csv,VALIDATION,2018-02-28 10:14:00,0,0,0
Wednesday-28-02-2018_TrafficForML_CICFlowMeter_30s_state.csv,VALIDATION,2018-02-28 10:14:30,0,0,0
Wednesday-28-02-2018_TrafficForML_CICFlowMeter_30s_state.csv,VALIDATION,2018-02-28 10:15:00,0,0,0
Wednesday-28-02-2018_TrafficForML_CICFlowMeter_30s_state.csv,VALIDATION,2018-02-28 10:15:30,0,0,0
Wednesday-28-02-2018_TrafficForML_CICFlowMeter_30s_state.csv,VALIDATION,2018-02-28 10:16:00,0,0,0
Wednesday-28-02-2018_TrafficForML_CICFlowMeter_30s_state.csv,VALIDATION,2018-02-28 10:16:30,0,0,0
Wednesday-28-02-2018_TrafficForML_CICFlowMeter_30s_state.csv,VALIDATION,2018-02-28 10:17:00,0,0,0
Wednesday-28-02-2018_TrafficForML_CICFlowMeter_30s_state.csv,VALIDATION,2018-02-28 10:17:30,0,0,0
Wednesday-28-02-2018_TrafficForML_CICFlowMeter_30s_state.csv,VALIDATION,2018-02-28 10:18:00,0,0,0
Wednesday-28-02-2018_TrafficForML_CICFlowMeter_30s_state.csv,VALIDATION,2018-02-28 10:18:30,0,0,0
Wednesday-28-02-2018_TrafficForML_CICFlowMeter_30s_state.csv,VALIDATION,2018-02-28 10:19:00,0,0,0
Wednesday-28-02-2018_TrafficForML_CICFlowMeter_30s_state.csv,VALIDATION,2018-02-28 10:19:30,0,0,0
Wednesday-28-02-2018_TrafficForML_CICFlowMeter_30s_state.csv,VALIDATION,2018-02-28 10:20:00,0,0,0
Wednesday-28-02-2018_TrafficForML_CICFlowMeter_30s_state.csv,VALIDATION,2018-02-28 10:20:30,0,0,0
Wednesday-28-02-2018_TrafficForML_CICFlowMeter_30s_state.csv,VALIDATION,2018-02-28 10:21:00,0,0,0
Wednesday-28-02-2018_TrafficForML_CICFlowMeter_30s_state.csv,VALIDATION,2018-02-28 10:21:30,0,0,0
Wednesday-28-02-2018_TrafficForML_CICFlowMeter_30s_state.csv,VALIDATION,2018-02-28 10:22:00,0,0,0
Wednesday-28-02-2018_TrafficForML_CICFlowMeter_30s_state.csv,VALIDATION,2018-02-28 10:22:30,0,0,0
Wednesday-28-02-2018_TrafficForML_CICFlowMeter_30s_state.csv,VALIDATION,2018-02-28 10:23:00,0,0,0
Wednesday-28-02-2018_TrafficForML_CICFlowMeter_30s_state.csv,VALIDATION,2018-02-28 10:23:30,0,0,0
Wednesday-28-02-2018_TrafficForML_CICFlowMeter_30s_state.csv,VALIDATION,2018-02-28 10:24:00,0,0,0
Wednesday-28-02-2018_TrafficForML_CICFlowMeter_30s_state.csv,VALIDATION,2018-02-28 10:24:30,0,0,0
Wednesday-28-02-2018_TrafficForML_CICFlowMeter_30s_state.csv,VALIDATION,2018-02-28 10:25:00,0,0,0
Wednesday-28-02-2018_TrafficForML_CICFlowMeter_30s_state.csv,VALIDATION,2018-02-28 10:25:30,0,0,0
Wednesday-28-02-2018_TrafficForML_CICFlowMeter_30s_state.csv,VALIDATION,2018-02-28 10:26:00,0,0,0
Wednesday-28-02-2018_TrafficForML_CICFlowMeter_30s_state.csv,VALIDATION,2018-02-28 10:26:30,0,0,0
Wednesday-28-02-2018_TrafficForML_CICFlowMeter_30s_state.csv,VALIDATION,2018-02-28 10:27:00,0,0,0
Wednesday-28-02-2018_TrafficForML_CICFlowMeter_30s_state.csv,VALIDATION,2018-02-28 10:27:30,0,0,0
Wednesday-28-02-2018_TrafficForML_CICFlowMeter_30s_state.csv,VALIDATION,2018-02-28 10:28:00,0,0,0
Wednesday-28-02-2018_TrafficForML_CICFlowMeter_30s_state.csv,VALIDATION,2018-02-28 10:28:30,0,0,0
Wednesday-28-02-2018_TrafficForML_CICFlowMeter_30s_state.csv,VALIDATION,2018-02-28 10:29:00,0,0,0
Wednesday-28-02-2018_TrafficForML_CICFlowMeter_30s_state.csv,VALIDATION,2018-02-28 10:29:30,0,0,0
Wednesday-28-02-2018_TrafficForML_CICFlowMeter_30s_state.csv,VALIDATION,2018-02-28 10:30:00,0,0,0
Wednesday-28-02-2018_TrafficForML_CICFlowMeter_30s_state.csv,VALIDATION,2018-02-28 10:30:30,0,0,0
Wednesday-28-02-2018_TrafficForML_CICFlowMeter_30s_state.csv,VALIDATION,2018-02-28 10:31:00,0,0,0
Wednesday-28-02-2018_TrafficForML_CICFlowMeter_30s_state.csv,VALIDATION,2018-02-28 10:31:30,0,0,0
Wednesday-28-02-2018_TrafficForML_CICFlowMeter_30s_state.csv,VALIDATION,2018-02-28 10:32:00,0,0,0
Wednesday-28-02-2018_TrafficForML_CICFlowMeter_30s_state.csv,VALIDATION,2018-02-28 10:32:30,0,0,0
Wednesday-28-02-2018_TrafficForML_CICFlowMeter_30s_state.csv,VALIDATION,2018-02-28 10:33:00,0,0,0
Wednesday-28-02-2018_TrafficForML_CICFlowMeter_30s_state.csv,VALIDATION,2018-02-28 10:33:30,0,0,0
Wednesday-28-02-2018_TrafficForML_CICFlowMeter_30s_state.csv,VALIDATION,2018-02-28 10:34:00,0,0,0
Wednesday-28-02-2018_TrafficForML_CICFlowMeter_30s_state.csv,VALIDATION,2018-02-28 10:34:30,0,0,0
Wednesday-28-02-2018_TrafficForML_CICFlowMeter_30s_state.csv,VALIDATION,2018-02-28 10:35:00,0,0,0
Wednesday-28-02-2018_TrafficForML_CICFlowMeter_30s_state.csv,VALIDATION,2018-02-28 10:35:30,0,0,0
Wednesday-28-02-2018_TrafficForML_CICFlowMeter_30s_state.csv,VALIDATION,2018-02-28 10:36:00,0,0,0
Wednesday-28-02-2018_TrafficForML_CICFlowMeter_30s_state.csv,VALIDATION,2018-02-28 10:36:30,0,0,0
Wednesday-28-02-2018_TrafficForML_CICFlowMeter_30s_state.csv,VALIDATION,2018-02-28 10:37:00,0,0,0
Wednesday-28-02-2018_TrafficForML_CICFlowMeter_30s_state.csv,VALIDATION,2018-02-28 10:37:30,0,0,0
Wednesday-28-02-2018_TrafficForML_CICFlowMeter_30s_state.csv,VALIDATION,2018-02-28 10:38:00,0,0,0
Wednesday-28-02-2018_TrafficForML_CICFlowMeter_30s_state.csv,VALIDATION,2018-02-28 10:38:30,0,0,0
Wednesday-28-02-2018_TrafficForML_CICFlowMeter_30s_state.csv,VALIDATION,2018-02-28 10:39:00,0,0,0
Wednesday-28-02-2018_TrafficForML_CICFlowMeter_30s_state.csv,VALIDATION,2018-02-28 10:39:30,0,0,0
Wednesday-28-02-2018_TrafficForML_CICFlowMeter_30s_state.csv,VALIDATION,2018-02-28 10:40:00,0,0,0
Wednesday-28-02-2018_TrafficForML_CICFlowMeter_30s_state.csv,VALIDATION,2018-02-28 10:40:30,0,0,0
Wednesday-28-02-2018_TrafficForML_CICFlowMeter_30s_state.csv,VALIDATION,2018-02-28 10:41:00,0,0,0
Wednesday-28-02-2018_TrafficForML_CICFlowMeter_30s_state.csv,VALIDATION,2018-02-28 10:41:30,0,0,0
Wednesday-28-02-2018_TrafficForML_CICFlowMeter_30s_state.csv,VALIDATION,2018-02-28 10:42:00,0,0,0
Wednesday-28-02-2018_TrafficForML_CICFlowMeter_30s_state.csv,VALIDATION,2018-02-28 10:42:30,0,0,0
Wednesday-28-02-2018_TrafficForML_CICFlowMeter_30s_state.csv,VALIDATION,2018-02-28 10:43:00,0,0,0
Wednesday-28-02-2018_TrafficForML_CICFlowMeter_30s_state.csv,VALIDATION,2018-02-28 10:43:30,0,0,0
Wednesday-28-02-2018_TrafficForML_CICFlowMeter_30s_state.csv,VALIDATION,2018-02-28 10:44:00,0,0,0
Wednesday-28-02-2018_TrafficForML_CICFlowMeter_30s_state.csv,VALIDATION,2018-02-28 10:44:30,0,0,0
Wednesday-28-02-2018_TrafficForML_CICFlowMeter_30s_state.csv,VALIDATION,2018-02-28 10:45:00,0,0,0
Wednesday-28-02-2018_TrafficForML_CICFlowMeter_30s_state.csv,VALIDATION,2018-02-28 10:45:30,0,0,0
Wednesday-28-02-2018_TrafficForML_CICFlowMeter_30s_state.csv,VALIDATION,2018-02-28 10:46:00,0,0,0
Wednesday-28-02-2018_TrafficForML_CICFlowMeter_30s_state.csv,VALIDATION,2018-02-28 10:46:30,0,0,0
Wednesday-28-02-2018_TrafficForML_CICFlowMeter_30s_state.csv,VALIDATION,2018-02-28 10:47:00,0,0,0
Wednesday-28-02-2018_TrafficForML_CICFlowMeter_30s_state.csv,VALIDATION,2018-02-28 10:47:30,0,0,0
Wednesday-28-02-2018_TrafficForML_CICFlowMeter_30s_state.csv,VALIDATION,2018-02-28 10:48:00,0,0,0
Wednesday-28-02-2018_TrafficForML_CICFlowMeter_30s_state.csv,VALIDATION,2018-02-28 10:48:30,0,0,0
Wednesday-28-02-2018_TrafficForML_CICFlowMeter_30s_state.csv,VALIDATION,2018-02-28 10:49:00,0,0,0
Wednesday-28-02-2018_TrafficForML_CICFlowMeter_30s_state.csv,VALIDATION,2018-02-28 10:49:30,0,0,0
Wednesday-28-02-2018_TrafficForML_CICFlowMeter_30s_state.csv,VALIDATION,2018-02-28 10:50:00,0,1,0
Wednesday-28-02-2018_TrafficForML_CICFlowMeter_30s_state.csv,VALIDATION,2018-02-28 10:50:30,1,1,1
Wednesday-28-02-2018_TrafficForML_CICFlowMeter_30s_state.csv,VALIDATION,2018-02-28 10:51:00,1,1,1
Wednesday-28-02-2018_TrafficForML_CICFlowMeter_30s_state.csv,VALIDATION,2018-02-28 10:51:30,1,1,1
Wednesday-28-02-2018_TrafficForML_CICFlowMeter_30s_state.csv,VALIDATION,2018-02-28 10:52:00,1,1,1
Wednesday-28-02-2018_TrafficForML_CICFlowMeter_30s_state.csv,VALIDATION,2018-02-28 10:52:30,1,1,1
Wednesday-28-02-2018_TrafficForML_CICFlowMeter_30s_state.csv,VALIDATION,2018-02-28 10:53:00,1,1,1
Wednesday-28-02-2018_TrafficForML_CICFlowMeter_30s_state.csv,VALIDATION,2018-02-28 10:53:30,1,1,1
Wednesday-28-02-2018_TrafficForML_CICFlowMeter_30s_state.csv,VALIDATION,2018-02-28 10:54:00,1,1,1
Wednesday-28-02-2018_TrafficForML_CICFlowMeter_30s_state.csv,VALIDATION,2018-02-28 10:54:30,1,1,1
Wednesday-28-02-2018_TrafficForML_CICFlowMeter_30s_state.csv,VALIDATION,2018-02-28 10:55:00,1,1,1
Wednesday-28-02-2018_TrafficForML_CICFlowMeter_30s_state.csv,VALIDATION,2018-02-28 10:55:30,1,1,1
Wednesday-28-02-2018_TrafficForML_CICFlowMeter_30s_state.csv,VALIDATION,2018-02-28 10:56:00,1,1,1
Wednesday-28-02-2018_TrafficForML_CICFlowMeter_30s_state.csv,VALIDATION,2018-02-28 10:56:30,1,1,1
Wednesday-28-02-2018_TrafficForML_CICFlowMeter_30s_state.csv,VALIDATION,2018-02-28 10:57:00,1,1,1
Wednesday-28-02-2018_TrafficForML_CICFlowMeter_30s_state.csv,VALIDATION,2018-02-28 10:57:30,1,1,1
Wednesday-28-02-2018_TrafficForML_CICFlowMeter_30s_state.csv,VALIDATION,2018-02-28 10:58:00,1,1,1
Wednesday-28-02-2018_TrafficForML_CICFlowMeter_30s_state.csv,VALIDATION,2018-02-28 10:58:30,1,1,1
Wednesday-28-02-2018_TrafficForML_CICFlowMeter_30s_state.csv,VALIDATION,2018-02-28 10:59:00,1,1,1
Wednesday-28-02-2018_TrafficForML_CICFlowMeter_30s_state.csv,VALIDATION,2018-02-28 10:59:30,1,1,1
Wednesday-28-02-2018_TrafficForML_CICFlowMeter_30s_state.csv,VALIDATION,2018-02-28 11:00:00,1,1,1
Wednesday-28-02-2018_TrafficForML_CICFlowMeter_30s_state.csv,VALIDATION,2018-02-28 11:00:30,1,1,1
Wednesday-28-02-2018_TrafficForML_CICFlowMeter_30s_state.csv,VALIDATION,2018-02-28 11:01:00,1,1,1
Wednesday-28-02-2018_TrafficForML_CICFlowMeter_30s_state.csv,VALIDATION,2018-02-28 11:01:30,1,1,1
Wednesday-28-02-2018_TrafficForML_CICFlowMeter_30s_state.csv,VALIDATION,2018-02-28 11:02:00,1,1,1
Wednesday-28-02-2018_TrafficForML_CICFlowMeter_30s_state.csv,VALIDATION,2018-02-28 11:02:30,1,1,1
Wednesday-28-02-2018_TrafficForML_CICFlowMeter_30s_state.csv,VALIDATION,2018-02-28 11:03:00,1,1,1
Wednesday-28-02-2018_TrafficForML_CICFlowMeter_30s_state.csv,VALIDATION,2018-02-28 11:03:30,1,1,1
Wednesday-28-02-2018_TrafficForML_CICFlowMeter_30s_state.csv,VALIDATION,2018-02-28 11:04:00,1,1,1
Wednesday-28-02-2018_TrafficForML_CICFlowMeter_30s_state.csv,VALIDATION,2018-02-28 11:04:30,1,1,1
Wednesday-28-02-2018_TrafficForML_CICFlowMeter_30s_state.csv,VALIDATION,2018-02-28 11:05:00,1,1,1
Wednesday-28-02-2018_TrafficForML_CICFlowMeter_30s_state.csv,VALIDATION,2018-02-28 11:05:30,1,1,1
Wednesday-28-02-2018_TrafficForML_CICFlowMeter_30s_state.csv,VALIDATION,2018-02-28 11:06:00,1,1,1
Wednesday-28-02-2018_TrafficForML_CICFlowMeter_30s_state.csv,VALIDATION,2018-02-28 11:06:30,1,1,1
Wednesday-28-02-2018_TrafficForML_CICFlowMeter_30s_state.csv,VALIDATION,2018-02-28 11:07:00,1,1,1
Wednesday-28-02-2018_TrafficForML_CICFlowMeter_30s_state.csv,VALIDATION,2018-02-28 11:07:30,1,1,1
Wednesday-28-02-2018_TrafficForML_CICFlowMeter_30s_state.csv,VALIDATION,2018-02-28 11:08:00,1,1,1
Wednesday-28-02-2018_TrafficForML_CICFlowMeter_30s_state.csv,VALIDATION,2018-02-28 11:08:30,1,1,1
Wednesday-28-02-2018_TrafficForML_CICFlowMeter_30s_state.csv,VALIDATION,2018-02-28 11:09:00,1,1,1
Wednesday-28-02-2018_TrafficForML_CICFlowMeter_30s_state.csv,VALIDATION,2018-02-28 11:09:30,1,1,1
Wednesday-28-02-2018_TrafficForML_CICFlowMeter_30s_state.csv,VALIDATION,2018-02-28 11:10:00,1,1,1
Wednesday-28-02-2018_TrafficForML_CICFlowMeter_30s_state.csv,VALIDATION,2018-02-28 11:10:30,1,1,1
Wednesday-28-02-2018_TrafficForML_CICFlowMeter_30s_state.csv,VALIDATION,2018-02-28 11:11:00,1,1,1
Wednesday-28-02-2018_TrafficForML_CICFlowMeter_30s_state.csv,VALIDATION,2018-02-28 11:11:30,1,1,1
Wednesday-28-02-2018_TrafficForML_CICFlowMeter_30s_state.csv,VALIDATION,2018-02-28 11:12:00,1,1,1
Wednesday-28-02-2018_TrafficForML_CICFlowMeter_30s_state.csv,VALIDATION,2018-02-28 11:12:30,1,1,1
Wednesday-28-02-2018_TrafficForML_CICFlowMeter_30s_state.csv,VALIDATION,2018-02-28 11:13:00,1,1,1
Wednesday-28-02-2018_TrafficForML_CICFlowMeter_30s_state.csv,VALIDATION,2018-02-28 11:13:30,1,1,1
Wednesday-28-02-2018_TrafficForML_CICFlowMeter_30s_state.csv,VALIDATION,2018-02-28 11:14:00,1,1,1
Wednesday-28-02-2018_TrafficForML_CICFlowMeter_30s_state.csv,VALIDATION,2018-02-28 11:14:30,1,1,1
Wednesday-28-02-2018_TrafficForML_CICFlowMeter_30s_state.csv,VALIDATION,2018-02-28 11:15:00,1,1,1
Wednesday-28-02-2018_TrafficForML_CICFlowMeter_30s_state.csv,VALIDATION,2018-02-28 11:15:30,1,1,1
Wednesday-28-02-2018_TrafficForML_CICFlowMeter_30s_state.csv,VALIDATION,2018-02-28 11:16:00,1,1,1
Wednesday-28-02-2018_TrafficForML_CICFlowMeter_30s_state.csv,VALIDATION,2018-02-28 11:16:30,1,1,1
Wednesday-28-02-2018_TrafficForML_CICFlowMeter_30s_state.csv,VALIDATION,2018-02-28 11:17:00,1,1,1
Wednesday-28-02-2018_TrafficForML_CICFlowMeter_30s_state.csv,VALIDATION,2018-02-28 11:17:30,1,1,1
Wednesday-28-02-2018_TrafficForML_CICFlowMeter_30s_state.csv,VALIDATION,2018-02-28 11:18:00,1,1,1
Wednesday-28-02-2018_TrafficForML_CICFlowMeter_30s_state.csv,VALIDATION,2018-02-28 11:18:30,1,1,1
Wednesday-28-02-2018_TrafficForML_CICFlowMeter_30s_state.csv,VALIDATION,2018-02-28 11:19:00,1,1,1
Wednesday-28-02-2018_TrafficForML_CICFlowMeter_30s_state.csv,VALIDATION,2018-02-28 11:19:30,1,1,1
Wednesday-28-02-2018_TrafficForML_CICFlowMeter_30s_state.csv,VALIDATION,2018-02-28 11:20:00,1,1,1
Wednesday-28-02-2018_TrafficForML_CICFlowMeter_30s_state.csv,VALIDATION,2018-02-28 11:20:30,1,1,1
Wednesday-28-02-2018_TrafficForML_CICFlowMeter_30s_state.csv,VALIDATION,2018-02-28 11:21:00,1,1,1
Wednesday-28-02-2018_TrafficForML_CICFlowMeter_30s_state.csv,VALIDATION,2018-02-28 11:21:30,1,1,1
Wednesday-28-02-2018_TrafficForML_CICFlowMeter_30s_state.csv,VALIDATION,2018-02-28 11:22:00,1,1,1
Wednesday-28-02-2018_TrafficForML_CICFlowMeter_30s_state.csv,VALIDATION,2018-02-28 11:22:30,1,1,1
Wednesday-28-02-2018_TrafficForML_CICFlowMeter_30s_state.csv,VALIDATION,2018-02-28 11:23:00,1,1,1
Wednesday-28-02-2018_TrafficForML_CICFlowMeter_30s_state.csv,VALIDATION,2018-02-28 11:23:30,1,1,1
Wednesday-28-02-2018_TrafficForML_CICFlowMeter_30s_state.csv,VALIDATION,2018-02-28 11:24:00,1,1,1
Wednesday-28-02-2018_TrafficForML_CICFlowMeter_30s_state.csv,VALIDATION,2018-02-28 11:24:30,1,1,1
Wednesday-28-02-2018_TrafficForML_CICFlowMeter_30s_state.csv,VALIDATION,2018-02-28 11:25:00,1,1,1
Wednesday-28-02-2018_TrafficForML_CICFlowMeter_30s_state.csv,VALIDATION,2018-02-28 11:25:30,1,1,1
Wednesday-28-02-2018_TrafficForML_CICFlowMeter_30s_state.csv,VALIDATION,2018-02-28 11:26:00,1,1,1
Wednesday-28-02-2018_TrafficForML_CICFlowMeter_30s_state.csv,VALIDATION,2018-02-28 11:26:30,1,1,1
Wednesday-28-02-2018_TrafficForML_CICFlowMeter_30s_state.csv,VALIDATION,2018-02-28 11:27:00,1,1,1
Wednesday-28-02-2018_TrafficForML_CICFlowMeter_30s_state.csv,VALIDATION,2018-02-28 11:27:30,1,1,1
Wednesday-28-02-2018_TrafficForML_CICFlowMeter_30s_state.csv,VALIDATION,2018-02-28 11:28:00,1,1,1
Wednesday-28-02-2018_TrafficForML_CICFlowMeter_30s_state.csv,VALIDATION,2018-02-28 11:28:30,1,1,1
Wednesday-28-02-2018_TrafficForML_CICFlowMeter_30s_state.csv,VALIDATION,2018-02-28 11:29:00,1,1,1
Wednesday-28-02-2018_TrafficForML_CICFlowMeter_30s_state.csv,VALIDATION,2018-02-28 11:29:30,1,1,1
Wednesday-28-02-2018_TrafficForML_CICFlowMeter_30s_state.csv,VALIDATION,2018-02-28 11:30:00,1,1,1
Wednesday-28-02-2018_TrafficForML_CICFlowMeter_30s_state.csv,VALIDATION,2018-02-28 11:30:30,1,1,1
Wednesday-28-02-2018_TrafficForML_CICFlowMeter_30s_state.csv,VALIDATION,2018-02-28 11:31:00,1,1,1
Wednesday-28-02-2018_TrafficForML_CICFlowMeter_30s_state.csv,VALIDATION,2018-02-28 11:31:30,1,1,1
Wednesday-28-02-2018_TrafficForML_CICFlowMeter_30s_state.csv,VALIDATION,2018-02-28 11:32:00,1,1,1
Wednesday-28-02-2018_TrafficForML_CICFlowMeter_30s_state.csv,VALIDATION,2018-02-28 11:32:30,1,1,1
Wednesday-28-02-2018_TrafficForML_CICFlowMeter_30s_state.csv,VALIDATION,2018-02-28 11:33:00,1,1,1
Wednesday-28-02-2018_TrafficForML_CICFlowMeter_30s_state.csv,VALIDATION,2018-02-28 11:33:30,1,1,1
Wednesday-28-02-2018_TrafficForML_CICFlowMeter_30s_state.csv,VALIDATION,2018-02-28 11:34:00,1,1,1
Wednesday-28-02-2018_TrafficForML_CICFlowMeter_30s_state.csv,VALIDATION,2018-02-28 11:34:30,1,1,1
Wednesday-28-02-2018_TrafficForML_CICFlowMeter_30s_state.csv,VALIDATION,2018-02-28 11:35:00,1,1,1
Wednesday-28-02-2018_TrafficForML_CICFlowMeter_30s_state.csv,VALIDATION,2018-02-28 11:35:30,1,1,1
Wednesday-28-02-2018_TrafficForML_CICFlowMeter_30s_state.csv,VALIDATION,2018-02-28 11:36:00,1,1,1
Wednesday-28-02-2018_TrafficForML_CICFlowMeter_30s_state.csv,VALIDATION,2018-02-28 11:36:30,1,1,1
Wednesday-28-02-2018_TrafficForML_CICFlowMeter_30s_state.csv,VALIDATION,2018-02-28 11:37:00,1,1,1
Wednesday-28-02-2018_TrafficForML_CICFlowMeter_30s_state.csv,VALIDATION,2018-02-28 11:37:30,1,1,1
Wednesday-28-02-2018_TrafficForML_CICFlowMeter_30s_state.csv,VALIDATION,2018-02-28 11:38:00,1,1,1
Wednesday-28-02-2018_TrafficForML_CICFlowMeter_30s_state.csv,VALIDATION,2018-02-28 11:38:30,1,1,1
Wednesday-28-02-2018_TrafficForML_CICFlowMeter_30s_state.csv,VALIDATION,2018-02-28 11:39:00,1,1,1
Wednesday-28-02-2018_TrafficForML_CICFlowMeter_30s_state.csv,VALIDATION,2018-02-28 11:39:30,1,1,1
Wednesday-28-02-2018_TrafficForML_CICFlowMeter_30s_state.csv,VALIDATION,2018-02-28 11:40:00,1,1,1
Wednesday-28-02-2018_TrafficForML_CICFlowMeter_30s_state.csv,VALIDATION,2018-02-28 11:40:30,1,1,1
Wednesday-28-02-2018_TrafficForML_CICFlowMeter_30s_state.csv,VALIDATION,2018-02-28 11:41:00,1,1,1
Wednesday-28-02-2018_TrafficForML_CICFlowMeter_30s_state.csv,VALIDATION,2018-02-28 11:41:30,1,1,1
Wednesday-28-02-2018_TrafficForML_CICFlowMeter_30s_state.csv,VALIDATION,2018-02-28 11:42:00,1,1,1
Wednesday-28-02-2018_TrafficForML_CICFlowMeter_30s_state.csv,VALIDATION,2018-02-28 11:42:30,1,1,1
Wednesday-28-02-2018_TrafficForML_CICFlowMeter_30s_state.csv,VALIDATION,2018-02-28 11:43:00,1,1,1
Wednesday-28-02-2018_TrafficForML_CICFlowMeter_30s_state.csv,VALIDATION,2018-02-28 11:43:30,1,1,1
Wednesday-28-02-2018_TrafficForML_CICFlowMeter_30s_state.csv,VALIDATION,2018-02-28 11:44:00,1,1,1
Wednesday-28-02-2018_TrafficForML_CICFlowMeter_30s_state.csv,VALIDATION,2018-02-28 11:44:30,1,1,1
Wednesday-28-02-2018_TrafficForML_CICFlowMeter_30s_state.csv,VALIDATION,2018-02-28 11:45:00,1,1,1
Wednesday-28-02-2018_TrafficForML_CICFlowMeter_30s_state.csv,VALIDATION,2018-02-28 11:45:30,1,1,1
Wednesday-28-02-2018_TrafficForML_CICFlowMeter_30s_state.csv,VALIDATION,2018-02-28 11:46:00,1,1,1
Wednesday-28-02-2018_TrafficForML_CICFlowMeter_30s_state.csv,VALIDATION,2018-02-28 11:46:30,1,1,1
Wednesday-28-02-2018_TrafficForML_CICFlowMeter_30s_state.csv,VALIDATION,2018-02-28 11:47:00,1,1,1
Wednesday-28-02-2018_TrafficForML_CICFlowMeter_30s_state.csv,VALIDATION,2018-02-28 11:47:30,1,1,1
Wednesday-28-02-2018_TrafficForML_CICFlowMeter_30s_state.csv,VALIDATION,2018-02-28 11:48:00,1,1,1
Wednesday-28-02-2018_TrafficForML_CICFlowMeter_30s_state.csv,VALIDATION,2018-02-28 11:48:30,1,1,1
Wednesday-28-02-2018_TrafficForML_CICFlowMeter_30s_state.csv,VALIDATION,2018-02-28 11:49:00,1,1,1
Wednesday-28-02-2018_TrafficForML_CICFlowMeter_30s_state.csv,VALIDATION,2018-02-28 11:49:30,1,1,1
Wednesday-28-02-2018_TrafficForML_CICFlowMeter_30s_state.csv,VALIDATION,2018-02-28 11:50:00,1,1,1
Wednesday-28-02-2018_TrafficForML_CICFlowMeter_30s_state.csv,VALIDATION,2018-02-28 11:50:30,1,1,1
Wednesday-28-02-2018_TrafficForML_CICFlowMeter_30s_state.csv,VALIDATION,2018-02-28 11:51:00,1,1,1
Wednesday-28-02-2018_TrafficForML_CICFlowMeter_30s_state.csv,VALIDATION,2018-02-28 11:51:30,1,1,1
Wednesday-28-02-2018_TrafficForML_CICFlowMeter_30s_state.csv,VALIDATION,2018-02-28 11:52:00,1,1,1
Wednesday-28-02-2018_TrafficForML_CICFlowMeter_30s_state.csv,VALIDATION,2018-02-28 11:52:30,1,1,1
Wednesday-28-02-2018_TrafficForML_CICFlowMeter_30s_state.csv,VALIDATION,2018-02-28 11:53:00,1,1,1
Wednesday-28-02-2018_TrafficForML_CICFlowMeter_30s_state.csv,VALIDATION,2018-02-28 11:53:30,1,1,1
Wednesday-28-02-2018_TrafficForML_CICFlowMeter_30s_state.csv,VALIDATION,2018-02-28 11:54:00,1,1,1
Wednesday-28-02-2018_TrafficForML_CICFlowMeter_30s_state.csv,VALIDATION,2018-02-28 11:54:30,1,1,1
Wednesday-28-02-2018_TrafficForML_CICFlowMeter_30s_state.csv,VALIDATION,2018-02-28 11:55:00,1,1,1
Wednesday-28-02-2018_TrafficForML_CICFlowMeter_30s_state.csv,VALIDATION,2018-02-28 11:55:30,1,1,1
Wednesday-28-02-2018_TrafficForML_CICFlowMeter_30s_state.csv,VALIDATION,2018-02-28 11:56:00,1,1,1
Wednesday-28-02-2018_TrafficForML_CICFlowMeter_30s_state.csv,VALIDATION,2018-02-28 11:56:30,1,1,1
Wednesday-28-02-2018_TrafficForML_CICFlowMeter_30s_state.csv,VALIDATION,2018-02-28 11:57:00,1,1,1
Wednesday-28-02-2018_TrafficForML_CICFlowMeter_30s_state.csv,VALIDATION,2018-02-28 11:57:30,1,1,1
Wednesday-28-02-2018_TrafficForML_CICFlowMeter_30s_state.csv,VALIDATION,2018-02-28 11:58:00,1,1,1
Wednesday-28-02-2018_TrafficForML_CICFlowMeter_30s_state.csv,VALIDATION,2018-02-28 11:58:30,1,1,1
Wednesday-28-02-2018_TrafficForML_CICFlowMeter_30s_state.csv,VALIDATION,2018-02-28 11:59:00,1,1,1
Wednesday-28-02-2018_TrafficForML_CICFlowMeter_30s_state.csv,VALIDATION,2018-02-28 11:59:30,1,1,1
Wednesday-28-02-2018_TrafficForML_CICFlowMeter_30s_state.csv,VALIDATION,2018-02-28 12:00:00,1,1,1
Wednesday-28-02-2018_TrafficForML_CICFlowMeter_30s_state.csv,VALIDATION,2018-02-28 12:00:30,1,1,1
Wednesday-28-02-2018_TrafficForML_CICFlowMeter_30s_state.csv,VALIDATION,2018-02-28 12:01:00,1,1,1
Wednesday-28-02-2018_TrafficForML_CICFlowMeter_30s_state.csv,VALIDATION,2018-02-28 12:01:30,1,1,1
Wednesday-28-02-2018_TrafficForML_CICFlowMeter_30s_state.csv,VALIDATION,2018-02-28 12:02:00,1,1,1
Wednesday-28-02-2018_TrafficForML_CICFlowMeter_30s_state.csv,VALIDATION,2018-02-28 12:02:30,1,1,1
Wednesday-28-02-2018_TrafficForML_CICFlowMeter_30s_state.csv,VALIDATION,2018-02-28 12:03:00,1,1,1
Wednesday-28-02-2018_TrafficForML_CICFlowMeter_30s_state.csv,VALIDATION,2018-02-28 12:03:30,1,1,1
Wednesday-28-02-2018_TrafficForML_CICFlowMeter_30s_state.csv,VALIDATION,2018-02-28 12:04:00,1,1,1
Wednesday-28-02-2018_TrafficForML_CICFlowMeter_30s_state.csv,VALIDATION,2018-02-28 12:04:30,1,1,1
Wednesday-28-02-2018_TrafficForML_CICFlowMeter_30s_state.csv,VALIDATION,2018-02-28 12:05:00,1,0,1
Wednesday-28-02-2018_TrafficForML_CICFlowMeter_30s_state.csv,VALIDATION,2018-02-28 12:05:30,0,0,0
Wednesday-28-02-2018_TrafficForML_CICFlowMeter_30s_state.csv,VALIDATION,2018-02-28 12:06:00,0,0,0
Wednesday-28-02-2018_TrafficForML_CICFlowMeter_30s_state.csv,VALIDATION,2018-02-28 12:06:30,0,0,0
Wednesday-28-02-2018_TrafficForML_CICFlowMeter_30s_state.csv,VALIDATION,2018-02-28 12:07:00,0,0,0
Wednesday-28-02-2018_TrafficForML_CICFlowMeter_30s_state.csv,VALIDATION,2018-02-28 12:07:30,0,0,0
Wednesday-28-02-2018_TrafficForML_CICFlowMeter_30s_state.csv,VALIDATION,2018-02-28 12:08:00,0,0,0
Wednesday-28-02-2018_TrafficForML_CICFlowMeter_30s_state.csv,VALIDATION,2018-02-28 12:08:30,0,0,0
Wednesday-28-02-2018_TrafficForML_CICFlowMeter_30s_state.csv,VALIDATION,2018-02-28 12:09:00,0,0,0
Wednesday-28-02-2018_TrafficForML_CICFlowMeter_30s_state.csv,VALIDATION,2018-02-28 12:09:30,0,0,0
Wednesday-28-02-2018_TrafficForML_CICFlowMeter_30s_state.csv,VALIDATION,2018-02-28 12:10:00,0,0,0
Wednesday-28-02-2018_TrafficForML_CICFlowMeter_30s_state.csv,VALIDATION,2018-02-28 12:10:30,0,0,0
Wednesday-28-02-2018_TrafficForML_CICFlowMeter_30s_state.csv,VALIDATION,2018-02-28 12:11:00,0,0,0
Wednesday-28-02-2018_TrafficForML_CICFlowMeter_30s_state.csv,VALIDATION,2018-02-28 12:11:30,0,0,0
Wednesday-28-02-2018_TrafficForML_CICFlowMeter_30s_state.csv,VALIDATION,2018-02-28 12:12:00,0,0,0
Wednesday-28-02-2018_TrafficForML_CICFlowMeter_30s_state.csv,VALIDATION,2018-02-28 12:12:30,0,0,0
Wednesday-28-02-2018_TrafficForML_CICFlowMeter_30s_state.csv,VALIDATION,2018-02-28 12:13:00,0,0,0
Wednesday-28-02-2018_TrafficForML_CICFlowMeter_30s_state.csv,VALIDATION,2018-02-28 12:13:30,0,0,0
Wednesday-28-02-2018_TrafficForML_CICFlowMeter_30s_state.csv,VALIDATION,2018-02-28 12:14:00,0,0,0
Wednesday-28-02-2018_TrafficForML_CICFlowMeter_30s_state.csv,VALIDATION,2018-02-28 12:14:30,0,0,0
Wednesday-28-02-2018_TrafficForML_CICFlowMeter_30s_state.csv,VALIDATION,2018-02-28 12:15:00,0,0,0
Wednesday-28-02-2018_TrafficForML_CICFlowMeter_30s_state.csv,VALIDATION,2018-02-28 12:15:30,0,0,0
Wednesday-28-02-2018_TrafficForML_CICFlowMeter_30s_state.csv,VALIDATION,2018-02-28 12:16:00,0,0,0
Wednesday-28-02-2018_TrafficForML_CICFlowMeter_30s_state.csv,VALIDATION,2018-02-28 12:16:30,0,0,0
Wednesday-28-02-2018_TrafficForML_CICFlowMeter_30s_state.csv,VALIDATION,2018-02-28 12:17:00,0,0,0
Wednesday-28-02-2018_TrafficForML_CICFlowMeter_30s_state.csv,VALIDATION,2018-02-28 12:17:30,0,0,0
Wednesday-28-02-2018_TrafficForML_CICFlowMeter_30s_state.csv,VALIDATION,2018-02-28 12:18:00,0,0,0
Wednesday-28-02-2018_TrafficForML_CICFlowMeter_30s_state.csv,VALIDATION,2018-02-28 12:18:30,0,0,0
Wednesday-28-02-2018_TrafficForML_CICFlowMeter_30s_state.csv,VALIDATION,2018-02-28 12:19:00,0,0,0
Wednesday-28-02-2018_TrafficForML_CICFlowMeter_30s_state.csv,VALIDATION,2018-02-28 12:19:30,0,0,0
Wednesday-28-02-2018_TrafficForML_CICFlowMeter_30s_state.csv,VALIDATION,2018-02-28 12:20:00,0,0,0
Wednesday-28-02-2018_TrafficForML_CICFlowMeter_30s_state.csv,VALIDATION,2018-02-28 12:20:30,0,0,0
Wednesday-28-02-2018_TrafficForML_CICFlowMeter_30s_state.csv,VALIDATION,2018-02-28 12:21:00,0,0,0
Wednesday-28-02-2018_TrafficForML_CICFlowMeter_30s_state.csv,VALIDATION,2018-02-28 12:21:30,0,0,0
Wednesday-28-02-2018_TrafficForML_CICFlowMeter_30s_state.csv,VALIDATION,2018-02-28 12:22:00,0,0,0
Wednesday-28-02-2018_TrafficForML_CICFlowMeter_30s_state.csv,VALIDATION,2018-02-28 12:22:30,0,0,0
Wednesday-28-02-2018_TrafficForML_CICFlowMeter_30s_state.csv,VALIDATION,2018-02-28 12:23:00,0,0,0
Wednesday-28-02-2018_TrafficForML_CICFlowMeter_30s_state.csv,VALIDATION,2018-02-28 12:23:30,0,0,0
Wednesday-28-02-2018_TrafficForML_CICFlowMeter_30s_state.csv,VALIDATION,2018-02-28 12:24:00,0,0,0
Wednesday-28-02-2018_TrafficForML_CICFlowMeter_30s_state.csv,VALIDATION,2018-02-28 12:24:30,0,0,0
Wednesday-28-02-2018_TrafficForML_CICFlowMeter_30s_state.csv,VALIDATION,2018-02-28 12:25:00,0,0,0
Wednesday-28-02-2018_TrafficForML_CICFlowMeter_30s_state.csv,VALIDATION,2018-02-28 12:25:30,0,0,0
Wednesday-28-02-2018_TrafficForML_CICFlowMeter_30s_state.csv,VALIDATION,2018-02-28 12:26:00,0,0,0
Wednesday-28-02-2018_TrafficForML_CICFlowMeter_30s_state.csv,VALIDATION,2018-02-28 12:26:30,0,0,0
Wednesday-28-02-2018_TrafficForML_CICFlowMeter_30s_state.csv,VALIDATION,2018-02-28 12:27:00,0,0,0
Wednesday-28-02-2018_TrafficForML_CICFlowMeter_30s_state.csv,VALIDATION,2018-02-28 12:27:30,0,0,0
Wednesday-28-02-2018_TrafficForML_CICFlowMeter_30s_state.csv,VALIDATION,2018-02-28 12:28:00,0,0,0
Wednesday-28-02-2018_TrafficForML_CICFlowMeter_30s_state.csv,VALIDATION,2018-02-28 12:28:30,0,0,0
Wednesday-28-02-2018_TrafficForML_CICFlowMeter_30s_state.csv,VALIDATION,2018-02-28 12:29:00,0,0,0
Wednesday-28-02-2018_TrafficForML_CICFlowMeter_30s_state.csv,VALIDATION,2018-02-28 12:29:30,0,0,0
Wednesday-28-02-2018_TrafficForML_CICFlowMeter_30s_state.csv,VALIDATION,2018-02-28 12:30:00,0,0,0
Wednesday-28-02-2018_TrafficForML_CICFlowMeter_30s_state.csv,VALIDATION,2018-02-28 12:30:30,0,0,0
Wednesday-28-02-2018_TrafficForML_CICFlowMeter_30s_state.csv,VALIDATION,2018-02-28 12:31:00,0,0,0
Wednesday-28-02-2018_TrafficForML_CICFlowMeter_30s_state.csv,VALIDATION,2018-02-28 12:31:30,0,0,0
Wednesday-28-02-2018_TrafficForML_CICFlowMeter_30s_state.csv,VALIDATION,2018-02-28 12:32:00,0,0,0
Wednesday-28-02-2018_TrafficForML_CICFlowMeter_30s_state.csv,VALIDATION,2018-02-28 12:32:30,0,0,0
Wednesday-28-02-2018_TrafficForML_CICFlowMeter_30s_state.csv,VALIDATION,2018-02-28 12:33:00,0,0,0
Wednesday-28-02-2018_TrafficForML_CICFlowMeter_30s_state.csv,VALIDATION,2018-02-28 12:33:30,0,0,0
Wednesday-28-02-2018_TrafficForML_CICFlowMeter_30s_state.csv,VALIDATION,2018-02-28 12:34:00,0,0,0
Wednesday-28-02-2018_TrafficForML_CICFlowMeter_30s_state.csv,VALIDATION,2018-02-28 12:34:30,0,0,0
Wednesday-28-02-2018_TrafficForML_CICFlowMeter_30s_state.csv,VALIDATION,2018-02-28 12:35:00,0,0,0
Wednesday-28-02-2018_TrafficForML_CICFlowMeter_30s_state.csv,VALIDATION,2018-02-28 12:35:30,0,0,0
Wednesday-28-02-2018_TrafficForML_CICFlowMeter_30s_state.csv,VALIDATION,2018-02-28 12:36:00,0,0,0
Wednesday-28-02-2018_TrafficForML_CICFlowMeter_30s_state.csv,VALIDATION,2018-02-28 12:36:30,0,0,0
Wednesday-28-02-2018_TrafficForML_CICFlowMeter_30s_state.csv,VALIDATION,2018-02-28 12:37:00,0,0,0
Wednesday-28-02-2018_TrafficForML_CICFlowMeter_30s_state.csv,VALIDATION,2018-02-28 12:37:30,0,0,0
Wednesday-28-02-2018_TrafficForML_CICFlowMeter_30s_state.csv,VALIDATION,2018-02-28 12:38:00,0,0,0
Wednesday-28-02-2018_TrafficForML_CICFlowMeter_30s_state.csv,VALIDATION,2018-02-28 12:38:30,0,0,0
Wednesday-28-02-2018_TrafficForML_CICFlowMeter_30s_state.csv,VALIDATION,2018-02-28 12:39:00,0,0,0
Wednesday-28-02-2018_TrafficForML_CICFlowMeter_30s_state.csv,VALIDATION,2018-02-28 12:39:30,0,0,0
Wednesday-28-02-2018_TrafficForML_CICFlowMeter_30s_state.csv,VALIDATION,2018-02-28 12:40:00,0,0,0
Wednesday-28-02-2018_TrafficForML_CICFlowMeter_30s_state.csv,VALIDATION,2018-02-28 12:40:30,0,0,0
Wednesday-28-02-2018_TrafficForML_CICFlowMeter_30s_state.csv,VALIDATION,2018-02-28 12:41:00,0,0,0
Wednesday-28-02-2018_TrafficForML_CICFlowMeter_30s_state.csv,VALIDATION,2018-02-28 12:41:30,0,0,0
Wednesday-28-02-2018_TrafficForML_CICFlowMeter_30s_state.csv,VALIDATION,2018-02-28 12:42:00,0,0,0
Wednesday-28-02-2018_TrafficForML_CICFlowMeter_30s_state.csv,VALIDATION,2018-02-28 12:42:30,0,0,0
Wednesday-28-02-2018_TrafficForML_CICFlowMeter_30s_state.csv,VALIDATION,2018-02-28 12:43:00,0,0,0
Wednesday-28-02-2018_TrafficForML_CICFlowMeter_30s_state.csv,VALIDATION,2018-02-28 12:43:30,0,0,0
Wednesday-28-02-2018_TrafficForML_CICFlowMeter_30s_state.csv,VALIDATION,2018-02-28 12:44:00,0,0,0
Wednesday-28-02-2018_TrafficForML_CICFlowMeter_30s_state.csv,VALIDATION,2018-02-28 12:44:30,0,0,0
Wednesday-28-02-2018_TrafficForML_CICFlowMeter_30s_state.csv,VALIDATION,2018-02-28 12:45:00,0,0,0
Wednesday-28-02-2018_TrafficForML_CICFlowMeter_30s_state.csv,VALIDATION,2018-02-28 12:45:30,0,0,0
Wednesday-28-02-2018_TrafficForML_CICFlowMeter_30s_state.csv,VALIDATION,2018-02-28 12:46:00,0,0,0
Wednesday-28-02-2018_TrafficForML_CICFlowMeter_30s_state.csv,VALIDATION,2018-02-28 12:46:30,0,0,0
Wednesday-28-02-2018_TrafficForML_CICFlowMeter_30s_state.csv,VALIDATION,2018-02-28 12:47:00,0,0,0
Wednesday-28-02-2018_TrafficForML_CICFlowMeter_30s_state.csv,VALIDATION,2018-02-28 12:47:30,0,0,0
Wednesday-28-02-2018_TrafficForML_CICFlowMeter_30s_state.csv,VALIDATION,2018-02-28 12:48:00,0,0,0
Wednesday-28-02-2018_TrafficForML_CICFlowMeter_30s_state.csv,VALIDATION,2018-02-28 12:48:30,0,0,0
Wednesday-28-02-2018_TrafficForML_CICFlowMeter_30s_state.csv,VALIDATION,2018-02-28 12:49:00,0,0,0
Wednesday-28-02-2018_TrafficForML_CICFlowMeter_30s_state.csv,VALIDATION,2018-02-28 12:49:30,0,0,0
Wednesday-28-02-2018_TrafficForML_CICFlowMeter_30s_state.csv,VALIDATION,2018-02-28 12:50:00,0,0,0
Wednesday-28-02-2018_TrafficForML_CICFlowMeter_30s_state.csv,VALIDATION,2018-02-28 12:50:30,0,0,0
Wednesday-28-02-2018_TrafficForML_CICFlowMeter_30s_state.csv,VALIDATION,2018-02-28 12:51:00,0,0,0
Wednesday-28-02-2018_TrafficForML_CICFlowMeter_30s_state.csv,VALIDATION,2018-02-28 12:51:30,0,0,0
Wednesday-28-02-2018_TrafficForML_CICFlowMeter_30s_state.csv,VALIDATION,2018-02-28 12:52:00,0,0,0
Wednesday-28-02-2018_TrafficForML_CICFlowMeter_30s_state.csv,VALIDATION,2018-02-28 12:52:30,0,0,0
Wednesday-28-02-2018_TrafficForML_CICFlowMeter_30s_state.csv,VALIDATION,2018-02-28 12:53:00,0,0,0
Wednesday-28-02-2018_TrafficForML_CICFlowMeter_30s_state.csv,VALIDATION,2018-02-28 12:53:30,0,0,0
Wednesday-28-02-2018_TrafficForML_CICFlowMeter_30s_state.csv,VALIDATION,2018-02-28 12:54:00,0,0,0
Wednesday-28-02-2018_TrafficForML_CICFlowMeter_30s_state.csv,VALIDATION,2018-02-28 12:54:30,0,0,0
Wednesday-28-02-2018_TrafficForML_CICFlowMeter_30s_state.csv,VALIDATION,2018-02-28 12:55:00,0,0,0
Wednesday-28-02-2018_TrafficForML_CICFlowMeter_30s_state.csv,VALIDATION,2018-02-28 12:55:30,0,0,0
Wednesday-28-02-2018_TrafficForML_CICFlowMeter_30s_state.csv,VALIDATION,2018-02-28 12:56:00,0,0,0
Wednesday-28-02-2018_TrafficForML_CICFlowMeter_30s_state.csv,VALIDATION,2018-02-28 12:56:30,0,0,0
Wednesday-28-02-2018_TrafficForML_CICFlowMeter_30s_state.csv,VALIDATION,2018-02-28 12:57:00,0,0,0
Wednesday-28-02-2018_TrafficForML_CICFlowMeter_30s_state.csv,VALIDATION,2018-02-28 12:57:30,0,0,0
Wednesday-28-02-2018_TrafficForML_CICFlowMeter_30s_state.csv,VALIDATION,2018-02-28 12:58:00,0,0,0
Wednesday-28-02-2018_TrafficForML_CICFlowMeter_30s_state.csv,VALIDATION,2018-02-28 12:58:30,0,0,0
Wednesday-28-02-2018_TrafficForML_CICFlowMeter_30s_state.csv,VALIDATION,2018-02-28 12:59:00,0,0,0
Wednesday-28-02-2018_TrafficForML_CICFlowMeter_30s_state.csv,VALIDATION,2018-02-28 12:59:30,0,0,0
