Feature_A,Feature_B,Correlation,Abs_Correlation
Fwd PSH Flags,SYN Flag Cnt,1.0,1.0
Bwd Pkt Len Mean,Bwd Seg Size Avg,1.0,1.0
Fwd Pkt Len Mean,Fwd Seg Size Avg,1.0,1.0
Tot Bwd Pkts,Subflow Bwd Pkts,1.0,1.0
Fwd URG Flags,CWE Flag Count,1.0,1.0
TotLen Fwd Pkts,Subflow Fwd Byts,1.0,1.0
Tot Fwd Pkts,Subflow Fwd Pkts,1.0,1.0
TotLen Bwd Pkts,Subflow Bwd Byts,0.9999999970237502,0.9999999970237502
RST Flag Cnt,ECE Flag Cnt,0.9999805024699984,0.9999805024699984
Bwd Header Len,Subflow Bwd Pkts,0.9997377800934799,0.9997377800934799
Tot Bwd Pkts,Bwd Header Len,0.9997377800934798,0.9997377800934798
Tot Fwd Pkts,Fwd Act Data Pkts,0.9997080554796283,0.9997080554796283
Subflow Fwd Pkts,Fwd Act Data Pkts,0.9997080554796283,0.9997080554796283
Tot Fwd Pkts,Fwd Header Len,0.9984946269168447,0.9984946269168447
Fwd Header Len,Subflow Fwd Pkts,0.9984946269168447,0.9984946269168447
Fwd Header Len,Fwd Act Data Pkts,0.9970103961913468,0.9970103961913468
Idle Mean,Idle Min,0.9966962565752381,0.9966962565752381
Bwd Header Len,Subflow Bwd Byts,0.996309003972542,0.996309003972542
TotLen Bwd Pkts,Bwd Header Len,0.9963087903441058,0.9963087903441058
Tot Bwd Pkts,Subflow Bwd Byts,0.996273583273833,0.996273583273833
Subflow Bwd Pkts,Subflow Bwd Byts,0.996273583273833,0.996273583273833
Tot Bwd Pkts,TotLen Bwd Pkts,0.9962733671859578,0.9962733671859578
TotLen Bwd Pkts,Subflow Bwd Pkts,0.9962733671859577,0.9962733671859577
Flow Duration,Fwd IAT Tot,0.9962090749931777,0.9962090749931777
Idle Mean,Idle Max,0.995816545408926,0.995816545408926
Pkt Len Mean,Pkt Size Avg,0.9930492614317229,0.9930492614317229
Flow IAT Mean,Flow IAT Min,0.9924196352789764,0.9924196352789764
Flow IAT Mean,Fwd IAT Mean,0.9911367825193756,0.9911367825193756
Flow IAT Max,Fwd IAT Max,0.9909314182142813,0.9909314182142813
Flow IAT Mean,Fwd IAT Min,0.9895023205190537,0.9895023205190537
Flow IAT Min,Fwd IAT Min,0.9887491343895378,0.9887491343895378
Fwd IAT Mean,Fwd IAT Min,0.9872272514900434,0.9872272514900434
Idle Max,Idle Min,0.9857395646902387,0.9857395646902387
Flow IAT Min,Fwd IAT Mean,0.9757572884851399,0.9757572884851399
Subflow Fwd Byts,Fwd Act Data Pkts,0.9725832251915649,0.9725832251915649
TotLen Fwd Pkts,Fwd Act Data Pkts,0.9725832251915649,0.9725832251915649
TotLen Fwd Pkts,Subflow Fwd Pkts,0.9723834379458479,0.9723834379458479
Tot Fwd Pkts,TotLen Fwd Pkts,0.9723834379458477,0.9723834379458477
Tot Fwd Pkts,Subflow Fwd Byts,0.9723834379458477,0.9723834379458477
Subflow Fwd Pkts,Subflow Fwd Byts,0.9723834379458477,0.9723834379458477
Fwd Header Len,Subflow Fwd Byts,0.9717463358780736,0.9717463358780736
TotLen Fwd Pkts,Fwd Header Len,0.9717463358780734,0.9717463358780734
Bwd Pkt Len Max,Bwd Pkt Len Std,0.9698304636547211,0.9698304636547211
Pkt Len Max,Pkt Len Std,0.9665767332771783,0.9665767332771783
Fwd Pkt Len Max,Fwd Pkt Len Std,0.9620509931742286,0.9620509931742286
Bwd Pkt Len Max,Pkt Len Max,0.9609280131730141,0.9609280131730141
Bwd Pkt Len Std,Pkt Len Max,0.9558137062625971,0.9558137062625971
Pkt Len Mean,Bwd Seg Size Avg,0.9475910793471937,0.9475910793471937
Bwd Pkt Len Mean,Pkt Len Mean,0.9475910793471933,0.9475910793471933
Active Mean,Active Max,0.9475642237657881,0.9475642237657881
Bwd Pkt Len Std,Pkt Len Std,0.9462442931484356,0.9462442931484356
Flow Pkts/s,Fwd Pkts/s,0.943883308338773,0.943883308338773
Bwd Pkt Len Mean,Pkt Size Avg,0.9415442459102963,0.9415442459102963
Pkt Size Avg,Bwd Seg Size Avg,0.941544245910296,0.941544245910296
Fwd Pkt Len Min,Pkt Len Min,0.9368058592230858,0.9368058592230858
Pkt Len Std,Pkt Len Var,0.9357433323087014,0.9357433323087014
Pkt Len Var,Bwd Seg Size Avg,0.9202251048418347,0.9202251048418347
Bwd Pkt Len Mean,Pkt Len Var,0.9202251048418347,0.9202251048418347
Flow IAT Max,Idle Max,0.9176782123303343,0.9176782123303343
Bwd Pkt Len Max,Pkt Len Std,0.9165808801525084,0.9165808801525084
Flow IAT Max,Idle Mean,0.9139639644026216,0.9139639644026216
Fwd IAT Max,Idle Max,0.910191713244422,0.910191713244422
Pkt Len Mean,Pkt Len Var,0.9082834154023112,0.9082834154023112
Fwd IAT Max,Idle Mean,0.906754131698711,0.906754131698711
Flow IAT Max,Idle Min,0.904941055696104,0.904941055696104
Active Mean,Active Min,0.9024371193523717,0.9024371193523717
Fwd IAT Max,Idle Min,0.8979851809007355,0.8979851809007355
Bwd IAT Mean,Bwd IAT Min,0.8906398636727394,0.8906398636727394
Bwd IAT Std,Bwd IAT Max,0.8812930525113871,0.8812930525113871
Pkt Len Var,Pkt Size Avg,0.8795220048648777,0.8795220048648777
Fwd Pkt Len Mean,Fwd Pkt Len Std,0.8742715003716722,0.8742715003716722
Fwd Pkt Len Std,Fwd Seg Size Avg,0.8742715003716722,0.8742715003716722
Fwd Pkt Len Max,Fwd Seg Size Avg,0.8723549257132782,0.8723549257132782
Fwd Pkt Len Max,Fwd Pkt Len Mean,0.8723549257132782,0.8723549257132782
Flow IAT Std,Fwd IAT Std,0.8661736417349186,0.8661736417349186
Pkt Len Mean,Pkt Len Std,0.8650041085768616,0.8650041085768616
Bwd Pkt Len Std,Pkt Len Var,0.863861297833973,0.863861297833973
Fwd IAT Mean,Fwd IAT Max,0.8544995635526913,0.8544995635526913
Bwd Pkt Len Mean,Pkt Len Std,0.851102511531013,0.851102511531013
Pkt Len Std,Bwd Seg Size Avg,0.8511025115310129,0.8511025115310129
Flow IAT Max,Fwd IAT Mean,0.8471625913882409,0.8471625913882409
Protocol,Bwd Pkt Len Min,0.8456745850049971,0.8456745850049971
Pkt Len Max,Pkt Len Var,0.8451915620368935,0.8451915620368935
Pkt Len Std,Pkt Size Avg,0.844525721004186,0.844525721004186
Bwd Pkt Len Max,Pkt Len Var,0.8207982534557784,0.8207982534557784
Flow IAT Mean,Fwd IAT Max,0.8200508270463636,0.8200508270463636
Flow IAT Mean,Flow IAT Max,0.8194199400597032,0.8194199400597032
Dst Port,Src Port,-0.8164196319524019,0.8164196319524019
Fwd Pkt Len Max,Pkt Len Max,0.8111718026353314,0.8111718026353314
Flow Duration,Bwd IAT Tot,0.8099694102562777,0.8099694102562777
Fwd IAT Tot,Bwd IAT Tot,0.804968003339657,0.804968003339657
Fwd IAT Std,Bwd IAT Max,0.8039600594114538,0.8039600594114538
Protocol,Pkt Len Min,0.8032721673683145,0.8032721673683145
Active Std,Active Max,0.7853591262748784,0.7853591262748784
Fwd IAT Max,Fwd IAT Min,0.7851790215533812,0.7851790215533812
Pkt Len Max,Pkt Len Mean,0.7790154680646094,0.7790154680646094
Flow IAT Max,Fwd IAT Min,0.7787490829747453,0.7787490829747453
Bwd Pkt Len Max,Bwd Seg Size Avg,0.7777016493334764,0.7777016493334764
Bwd Pkt Len Max,Bwd Pkt Len Mean,0.7777016493334763,0.7777016493334763
Flow IAT Min,Fwd IAT Max,0.7760038515964615,0.7760038515964615
Bwd Pkt Len Mean,Bwd Pkt Len Std,0.7736287349610255,0.7736287349610255
Bwd Pkt Len Std,Bwd Seg Size Avg,0.7736287349610255,0.7736287349610255
Fwd IAT Mean,Idle Min,0.7707254011463243,0.7707254011463243
Flow IAT Max,Flow IAT Min,0.769990815630773,0.769990815630773
Fwd IAT Mean,Idle Mean,0.7672306802976041,0.7672306802976041
Flow IAT Std,Bwd IAT Max,0.7642574593079617,0.7642574593079617
Bwd IAT Tot,Bwd IAT Max,0.7632048987647563,0.7632048987647563
Fwd IAT Tot,Fwd IAT Max,0.7615219303444755,0.7615219303444755
Flow Duration,Flow IAT Max,0.760286725310168,0.760286725310168
Flow Duration,Fwd IAT Max,0.757955667633243,0.757955667633243
Fwd IAT Mean,Idle Max,0.7577723334050553,0.7577723334050553
Pkt Len Max,Pkt Size Avg,0.7568492379491834,0.7568492379491834
Fwd Pkt Len Max,Pkt Len Std,0.7566069173773493,0.7566069173773493
Bwd Pkt Len Max,Pkt Len Mean,0.754618333937748,0.754618333937748
Bwd Pkt Len Mean,Pkt Len Max,0.753724849180093,0.753724849180093
Pkt Len Max,Bwd Seg Size Avg,0.7537248491800929,0.7537248491800929
Flow IAT Max,Fwd IAT Tot,0.7529914219486676,0.7529914219486676
Fwd IAT Std,Bwd IAT Std,0.749614895332339,0.749614895332339
Protocol,Fwd Pkt Len Min,0.7485302916383518,0.7485302916383518
Bwd IAT Tot,Bwd IAT Std,0.7481185950849243,0.7481185950849243
Fwd Pkt Len Std,Pkt Len Max,0.7458812528991984,0.7458812528991984
Bwd Pkt Len Std,Pkt Len Mean,0.744035135360492,0.744035135360492
Flow IAT Mean,Idle Min,0.7426849583753468,0.7426849583753468
Flow Duration,Idle Max,0.7396144942628602,0.7396144942628602
Flow IAT Mean,Idle Mean,0.7380449320103734,0.7380449320103734
Bwd Pkt Len Min,Pkt Len Min,0.7350232228896094,0.7350232228896094
Fwd IAT Tot,Idle Max,0.7331429500095161,0.7331429500095161
Flow Duration,Idle Mean,0.7311617088078668,0.7311617088078668
Bwd Pkt Len Max,Pkt Size Avg,0.7292267371663493,0.7292267371663493
Flow IAT Mean,Idle Max,0.7280888037337327,0.7280888037337327
Active Max,Active Min,0.7275693729856343,0.7275693729856343
Bwd Pkt Len Std,PSH Flag Cnt,0.7267718586416806,0.7267718586416806
Fwd IAT Tot,Idle Mean,0.7252728563967213,0.7252728563967213
Fwd Pkt Len Std,Pkt Len Std,0.7221208031841724,0.7221208031841724
Bwd Pkt Len Std,Pkt Size Avg,0.714997614456752,0.714997614456752
Flow Duration,Idle Min,0.7138929093929505,0.7138929093929505
Flow IAT Std,Bwd IAT Mean,0.7110463656788093,0.7110463656788093
Protocol,Fwd Seg Size Min,-0.7090053609353635,0.7090053609353635
Fwd IAT Tot,Idle Min,0.7085609942626518,0.7085609942626518
Fwd IAT Min,Idle Min,0.7071518507281669,0.7071518507281669
Flow Pkts/s,Bwd Pkts/s,0.7054066378834036,0.7054066378834036
Bwd Pkt Len Max,PSH Flag Cnt,0.7050080066176432,0.7050080066176432
Pkt Len Max,PSH Flag Cnt,0.7016624250495708,0.7016624250495708
Fwd IAT Min,Idle Mean,0.7004693058026445,0.7004693058026445
Flow IAT Min,Idle Min,0.6961635150877648,0.6961635150877648
Flow IAT Min,Idle Mean,0.6893428131378366,0.6893428131378366
Fwd IAT Min,Idle Max,0.6886590941548885,0.6886590941548885
Fwd Pkt Len Min,Bwd Pkt Len Min,0.6862781294692325,0.6862781294692325
Flow IAT Min,Idle Max,0.6775669288875077,0.6775669288875077
Fwd Pkt Len Mean,Pkt Len Max,0.6775139773138057,0.6775139773138057
Pkt Len Max,Fwd Seg Size Avg,0.6775139773138057,0.6775139773138057
Fwd Pkt Len Max,Bwd Pkt Len Max,0.6689061755727194,0.6689061755727194
Pkt Len Std,PSH Flag Cnt,0.6674875278173878,0.6674875278173878
Fwd Pkt Len Max,Bwd Pkt Len Std,0.6599730474296459,0.6599730474296459
Bwd Pkt Len Min,Fwd Seg Size Min,-0.6560217052468387,0.6560217052468387
Flow IAT Std,Bwd IAT Std,0.649834855550966,0.649834855550966
Fwd Pkt Len Mean,Pkt Len Std,0.6435156719237073,0.6435156719237073
Pkt Len Std,Fwd Seg Size Avg,0.6435156719237072,0.6435156719237072
Fwd IAT Std,Bwd IAT Tot,0.6430308726953897,0.6430308726953897
Bwd IAT Mean,Bwd IAT Max,0.6375927701444174,0.6375927701444174
Pkt Len Min,Fwd Seg Size Min,-0.6215364333356506,0.6215364333356506
Flow Duration,Bwd IAT Max,0.6127214672456588,0.6127214672456588
Flow IAT Std,Bwd IAT Tot,0.6110900925865458,0.6110900925865458
Fwd Pkt Len Max,Init Bwd Win Byts,0.6074050157867924,0.6074050157867924
Fwd Pkt Len Std,Bwd Pkt Len Std,0.6021812690905174,0.6021812690905174
Fwd IAT Tot,Bwd IAT Max,0.6006443229283099,0.6006443229283099
Flow Duration,Bwd IAT Std,0.5998621242069027,0.5998621242069027
Fwd IAT Tot,Fwd IAT Std,0.5975081753396891,0.5975081753396891
Flow Duration,Fwd IAT Std,0.5961386990894824,0.5961386990894824
RST Flag Cnt,PSH Flag Cnt,0.5929300303638341,0.5929300303638341
PSH Flag Cnt,ECE Flag Cnt,0.5929104532999926,0.5929104532999926
Fwd IAT Tot,Bwd IAT Std,0.5896348770639043,0.5896348770639043
Pkt Len Max,RST Flag Cnt,0.5890275764071972,0.5890275764071972
Pkt Len Max,ECE Flag Cnt,0.5890097561466134,0.5890097561466134
Fwd Pkt Len Mean,Pkt Size Avg,0.5860955516009532,0.5860955516009532
Pkt Size Avg,Fwd Seg Size Avg,0.5860955516009532,0.5860955516009532
Fwd Pkt Len Max,Pkt Len Var,0.5850954855667603,0.5850954855667603
Flow Duration,Flow IAT Std,0.5806699314818113,0.5806699314818113
Bwd Pkt Len Std,RST Flag Cnt,0.5795827492228696,0.5795827492228696
Bwd Pkt Len Std,ECE Flag Cnt,0.5795658855620915,0.5795658855620915
Fwd Pkt Len Min,Fwd Seg Size Min,-0.579561834151117,0.579561834151117
Fwd Pkt Len Max,Pkt Len Mean,0.5784822857960522,0.5784822857960522
Bwd IAT Max,Idle Max,0.5724446873711763,0.5724446873711763
Fwd IAT Std,Bwd IAT Mean,0.5679304759488191,0.5679304759488191
Pkt Len Mean,Fwd Seg Size Avg,0.5670449919206797,0.5670449919206797
Fwd Pkt Len Mean,Pkt Len Mean,0.5670449919206796,0.5670449919206796
Active Mean,Active Std,0.5668821269498758,0.5668821269498758
Fwd Pkt Len Std,Bwd Pkt Len Max,0.5665574893949692,0.5665574893949692
PSH Flag Cnt,ACK Flag Cnt,-0.5643586820755548,0.5643586820755548
Fwd Pkt Len Max,Pkt Size Avg,0.5626688048360025,0.5626688048360025
Pkt Len Std,RST Flag Cnt,0.5594047430734329,0.5594047430734329
Pkt Len Std,ECE Flag Cnt,0.5593882309738696,0.5593882309738696
Fwd IAT Tot,Fwd IAT Mean,0.5587008651337039,0.5587008651337039
Flow IAT Std,Fwd IAT Tot,0.5580427934650092,0.5580427934650092
Bwd IAT Max,Idle Mean,0.5555853469438433,0.5555853469438433
Flow Duration,Fwd IAT Mean,0.5552793627087647,0.5552793627087647
Bwd Pkt Len Max,RST Flag Cnt,0.5512012894767626,0.5512012894767626
Bwd Pkt Len Max,ECE Flag Cnt,0.5511838497138265,0.5511838497138265
Pkt Len Max,Init Bwd Win Byts,0.5479860472158051,0.5479860472158051
Bwd Pkt Len Max,Init Bwd Win Byts,0.5474197809243121,0.5474197809243121
Fwd Pkt Len Std,Pkt Len Var,0.5470778863515251,0.5470778863515251
Fwd IAT Std,Fwd IAT Max,0.5469553835952435,0.5469553835952435
Pkt Len Var,PSH Flag Cnt,0.546770081995847,0.546770081995847
Flow IAT Max,Fwd IAT Std,0.5409944028015098,0.5409944028015098
Fwd Pkt Len Max,PSH Flag Cnt,0.5407987166101473,0.5407987166101473
Bwd IAT Max,Idle Min,0.5352075255136794,0.5352075255136794
Flow IAT Std,Flow IAT Max,0.5337695406520596,0.5337695406520596
Fwd IAT Std,Idle Max,0.5301946244664326,0.5301946244664326
Flow IAT Std,Idle Max,0.5288302356383144,0.5288302356383144
Flow IAT Max,Bwd IAT Max,0.527691766262964,0.527691766262964
Bwd Pkt Len Max,Fwd Seg Size Avg,0.5268083564791456,0.5268083564791456
Fwd Pkt Len Mean,Bwd Pkt Len Max,0.5268083564791456,0.5268083564791456
Bwd Pkt Len Std,Fwd Seg Size Avg,0.5251927433050297,0.5251927433050297
Fwd Pkt Len Mean,Bwd Pkt Len Std,0.5251927433050296,0.5251927433050296
Bwd IAT Tot,Bwd IAT Mean,0.5169460965207221,0.5169460965207221
Fwd Pkt Len Std,Init Bwd Win Byts,0.516501354248984,0.516501354248984
Fwd IAT Std,Idle Mean,0.5161914995442701,0.5161914995442701
Fwd Pkt Len Std,Pkt Len Mean,0.5155187833787321,0.5155187833787321
Flow IAT Std,Idle Mean,0.5154127670653926,0.5154127670653926
Fwd IAT Max,Bwd IAT Max,0.5122830981665659,0.5122830981665659
ACK Flag Cnt,Src Port,-0.5119040336071282,0.5119040336071282
Fwd Pkt Len Std,PSH Flag Cnt,0.5086847655353047,0.5086847655353047
Flow IAT Std,Bwd IAT Min,0.5068553849819435,0.5068553849819435
Flow Duration,Flow IAT Mean,0.5056576942331629,0.5056576942331629
Flow IAT Mean,Fwd IAT Tot,0.5053009430418044,0.5053009430418044
Fwd Seg Size Avg,Init Bwd Win Byts,0.504652645879034,0.504652645879034
Fwd Pkt Len Mean,Init Bwd Win Byts,0.504652645879034,0.504652645879034
Fwd Pkt Len Std,Pkt Size Avg,0.500774555187406,0.500774555187406
Flow IAT Std,Fwd IAT Max,0.49887568977751695,0.49887568977751695
Fwd IAT Std,Idle Min,0.4988346534037603,0.4988346534037603
Flow IAT Std,Idle Min,0.49854998564047825,0.49854998564047825
Bwd IAT Std,Idle Max,0.49704336696128004,0.49704336696128004
PSH Flag Cnt,Init Bwd Win Byts,0.4945830635262811,0.4945830635262811
Bwd Pkt Len Std,Init Bwd Win Byts,0.4886984855854674,0.4886984855854674
Fwd Pkt Len Max,RST Flag Cnt,0.4853530243792539,0.4853530243792539
Fwd Pkt Len Max,ECE Flag Cnt,0.4853385188414392,0.4853385188414392
Bwd IAT Std,Idle Mean,0.48351903297170956,0.48351903297170956
Pkt Len Mean,PSH Flag Cnt,0.47261466773518945,0.47261466773518945
Fwd Pkt Len Mean,Pkt Len Var,0.47153522249611723,0.47153522249611723
Pkt Len Var,Fwd Seg Size Avg,0.47153522249611723,0.47153522249611723
Fwd Pkt Len Std,RST Flag Cnt,0.46862035096132465,0.46862035096132465
Fwd Pkt Len Std,ECE Flag Cnt,0.4686053605033502,0.4686053605033502
Bwd IAT Std,Idle Min,0.4661377938451643,0.4661377938451643
Bwd Pkt Len Mean,PSH Flag Cnt,0.46396408698125,0.46396408698125
PSH Flag Cnt,Bwd Seg Size Avg,0.46396408698124997,0.46396408698124997
Flow IAT Max,Bwd IAT Std,0.4582206063595376,0.4582206063595376
Protocol,PSH Flag Cnt,-0.4554980181603397,0.4554980181603397
Fwd IAT Tot,Fwd IAT Min,0.45511915724838464,0.45511915724838464
Flow Duration,Fwd IAT Min,0.45186624034154793,0.45186624034154793
Dst Port,ACK Flag Cnt,0.45006456619757335,0.45006456619757335
Flow IAT Min,Fwd IAT Tot,0.446389301007186,0.446389301007186
Fwd IAT Max,Bwd IAT Std,0.44633404198571824,0.44633404198571824
Flow Byts/s,Fwd Pkts/s,0.44465771978714885,0.44465771978714885
RST Flag Cnt,Init Bwd Win Byts,0.443493495306652,0.443493495306652
ECE Flag Cnt,Init Bwd Win Byts,0.4434816496596427,0.4434816496596427
Flow Duration,Flow IAT Min,0.44329592710663884,0.44329592710663884
Fwd Pkt Len Max,Bwd Seg Size Avg,0.4365922136139963,0.4365922136139963
Fwd Pkt Len Max,Bwd Pkt Len Mean,0.4365922136139962,0.4365922136139962
Pkt Len Var,RST Flag Cnt,0.4351996943958641,0.4351996943958641
Pkt Len Var,ECE Flag Cnt,0.4351864770254222,0.4351864770254222
Bwd Pkt Len Max,Bwd IAT Tot,0.43435362399260585,0.43435362399260585
PSH Flag Cnt,Pkt Size Avg,0.43300941024308787,0.43300941024308787
Pkt Len Std,Init Bwd Win Byts,0.432590230687444,0.432590230687444
Bwd Pkt Len Max,ACK Flag Cnt,-0.4320237393080978,0.4320237393080978
Fwd Pkts/s,Bwd Pkts/s,0.4318229081930013,0.4318229081930013
ACK Flag Cnt,Pkt Size Avg,-0.42978895026091835,0.42978895026091835
Bwd IAT Tot,Idle Max,0.4239430420915711,0.4239430420915711
Bwd Pkt Len Min,PSH Flag Cnt,-0.42208096728952077,0.42208096728952077
Flow Duration,Bwd IAT Mean,0.4163210194053969,0.4163210194053969
Bwd IAT Tot,Pkt Len Var,0.41575267911805774,0.41575267911805774
Bwd Pkt Len Mean,ACK Flag Cnt,-0.41573048049071976,0.41573048049071976
ACK Flag Cnt,Bwd Seg Size Avg,-0.41573048049071964,0.41573048049071964
Bwd IAT Tot,Pkt Len Max,0.41561023041268425,0.41561023041268425
Bwd IAT Tot,Idle Mean,0.4148263016373525,0.4148263016373525
Fwd Pkt Len Mean,PSH Flag Cnt,0.4138921802587304,0.4138921802587304
PSH Flag Cnt,Fwd Seg Size Avg,0.41389218025873037,0.41389218025873037
URG Flag Cnt,Src Port,-0.41155053499576916,0.41155053499576916
Fwd IAT Tot,Bwd IAT Mean,0.4047608856152351,0.4047608856152351
Bwd IAT Mean,Bwd IAT Std,0.4035941300989557,0.4035941300989557
Protocol,Src Port,0.4019426427231878,0.4019426427231878
Bwd IAT Tot,Pkt Len Std,0.40021229000349834,0.40021229000349834
Bwd IAT Tot,Idle Min,0.39681029629516573,0.39681029629516573
Pkt Len Max,ACK Flag Cnt,-0.3943308402936425,0.3943308402936425
Pkt Len Min,PSH Flag Cnt,-0.39122200180818073,0.39122200180818073
Flow Byts/s,Flow Pkts/s,0.3908734041547458,0.3908734041547458
Protocol,ACK Flag Cnt,-0.3908528873658104,0.3908528873658104
PSH Flag Cnt,Fwd Seg Size Min,0.389980365631387,0.389980365631387
Bwd Pkt Len Max,Bwd IAT Std,0.3886430574914216,0.3886430574914216
Pkt Len Mean,ACK Flag Cnt,-0.3880438916167679,0.3880438916167679
Fwd Pkt Len Mean,RST Flag Cnt,0.3860852777649785,0.3860852777649785
RST Flag Cnt,Fwd Seg Size Avg,0.38608527776497836,0.38608527776497836
ECE Flag Cnt,Fwd Seg Size Avg,0.3860756967559141,0.3860756967559141
Fwd Pkt Len Mean,ECE Flag Cnt,0.386075696755914,0.386075696755914
Bwd IAT Max,Pkt Len Var,0.3841596158610314,0.3841596158610314
Flow IAT Max,Bwd IAT Tot,0.38200914488650595,0.38200914488650595
Bwd Pkt Len Std,Bwd IAT Tot,0.38176828418366937,0.38176828418366937
Bwd Pkt Len Std,ACK Flag Cnt,-0.37923550043302906,0.37923550043302906
Fwd IAT Max,Bwd IAT Tot,0.37853431278759125,0.37853431278759125
ACK Flag Cnt,Fwd Seg Size Min,0.3762314212679568,0.3762314212679568
Bwd IAT Std,Pkt Len Max,0.3754217375689643,0.3754217375689643
Bwd Pkt Len Mean,Bwd IAT Tot,0.37369952950949836,0.37369952950949836
Bwd IAT Tot,Bwd Seg Size Avg,0.3736995295094983,0.3736995295094983
Fwd Pkt Len Mean,Bwd Pkt Len Mean,0.37318228493239364,0.37318228493239364
Fwd Pkt Len Mean,Bwd Seg Size Avg,0.37318228493239364,0.37318228493239364
Fwd Seg Size Avg,Bwd Seg Size Avg,0.3731822849323935,0.3731822849323935
Bwd Pkt Len Mean,Fwd Seg Size Avg,0.37318228493239347,0.37318228493239347
Bwd Pkt Len Max,Bwd IAT Max,0.37287203088996373,0.37287203088996373
Pkt Len Std,ACK Flag Cnt,-0.37198919813779174,0.37198919813779174
Fwd Pkt Len Min,PSH Flag Cnt,-0.36981223264746654,0.36981223264746654
Bwd IAT Tot,Pkt Len Mean,0.3696500278802687,0.3696500278802687
Pkt Len Mean,RST Flag Cnt,0.36851552338670335,0.36851552338670335
Pkt Len Mean,ECE Flag Cnt,0.3685026841625786,0.3685026841625786
Bwd Pkt Len Mean,Bwd IAT Max,0.3666069949218303,0.3666069949218303
Bwd IAT Max,Bwd Seg Size Avg,0.36660699492183024,0.36660699492183024
Fwd Pkt Len Std,Bwd Seg Size Avg,0.3665999566546358,0.3665999566546358
Fwd Pkt Len Std,Bwd Pkt Len Mean,0.3665999566546358,0.3665999566546358
Bwd Pkts/s,Fwd Seg Size Min,0.366323370311472,0.366323370311472
Bwd IAT Max,Bwd IAT Min,0.3662616762618945,0.3662616762618945
Bwd Pkt Len Std,Bwd IAT Std,0.3650513184173707,0.3650513184173707
Protocol,Bwd Pkt Len Std,-0.36103477590350813,0.36103477590350813
Bwd IAT Max,Pkt Len Mean,0.35721530900575726,0.35721530900575726
Bwd IAT Mean,Idle Max,0.3571123028235934,0.3571123028235934
RST Flag Cnt,Bwd Seg Size Avg,0.3570986233730975,0.3570986233730975
Bwd Pkt Len Mean,RST Flag Cnt,0.3570986233730975,0.3570986233730975
ECE Flag Cnt,Bwd Seg Size Avg,0.3570837846740392,0.3570837846740392
Bwd Pkt Len Mean,ECE Flag Cnt,0.3570837846740391,0.3570837846740391
Bwd IAT Max,Pkt Len Std,0.3568126107497233,0.3568126107497233
Bwd IAT Std,Pkt Len Std,0.3559583393858423,0.3559583393858423
Bwd IAT Max,Pkt Len Max,0.3555363828034746,0.3555363828034746
Dst Port,URG Flag Cnt,0.35384052653534465,0.35384052653534465
RST Flag Cnt,Pkt Size Avg,0.3532216658721426,0.3532216658721426
ECE Flag Cnt,Pkt Size Avg,0.35320914074173243,0.35320914074173243
Bwd IAT Std,Pkt Len Var,0.3520050843104271,0.3520050843104271
Bwd IAT Mean,Idle Mean,0.3491138464538115,0.3491138464538115
Protocol,Fwd Pkt Len Std,-0.3417805500205551,0.3417805500205551
Protocol,Down/Up Ratio,0.34015100285137034,0.34015100285137034
Bwd Pkt Len Std,Bwd IAT Max,0.34001873322445614,0.34001873322445614
Bwd Pkt Len Min,ACK Flag Cnt,-0.3379910847431005,0.3379910847431005
Bwd IAT Mean,Idle Min,0.3377031454123495,0.3377031454123495
Fwd IAT Std,Pkt Len Var,0.3375823941313771,0.3375823941313771
Bwd IAT Tot,Pkt Size Avg,0.33679060080667944,0.33679060080667944
RST Flag Cnt,ACK Flag Cnt,-0.33500976526013876,0.33500976526013876
ACK Flag Cnt,ECE Flag Cnt,-0.3349838084917088,0.3349838084917088
Bwd Pkt Len Min,Bwd Pkt Len Std,-0.33416238510121105,0.33416238510121105
Pkt Len Min,ACK Flag Cnt,-0.33180750077494336,0.33180750077494336
Bwd IAT Max,Pkt Size Avg,0.33115414299891527,0.33115414299891527
ACK Flag Cnt,Fwd Seg Size Avg,-0.3274177308618439,0.3274177308618439
Fwd Pkt Len Mean,ACK Flag Cnt,-0.3274177308618438,0.3274177308618438
Flow IAT Max,Bwd IAT Mean,0.32735926190369335,0.32735926190369335
Fwd IAT Std,Pkt Len Max,0.3250950088709081,0.3250950088709081
Bwd Pkt Len Max,Fwd IAT Std,0.3245878571722355,0.3245878571722355
Fwd IAT Std,Pkt Len Std,0.32330351507782135,0.32330351507782135
Fwd Pkt Len Std,Fwd Seg Size Min,0.3231490651619183,0.3231490651619183
Fwd IAT Std,Bwd IAT Min,0.3209588765775963,0.3209588765775963
Bwd Pkt Len Min,Src Port,0.3150131594171555,0.3150131594171555
Fwd Pkt Len Std,Bwd Pkt Len Min,-0.3119147226583224,0.3119147226583224
Fwd IAT Max,Bwd IAT Mean,0.31148721500574517,0.31148721500574517
Protocol,Pkt Len Max,-0.31093170978974716,0.31093170978974716
Bwd Pkt Len Std,Pkt Len Min,-0.31019296964974047,0.31019296964974047
Fwd IAT Std,Bwd Seg Size Avg,0.30976631955600126,0.30976631955600126
Bwd Pkt Len Mean,Fwd IAT Std,0.30976631955600126,0.30976631955600126
Bwd Pkt Len Mean,Bwd IAT Std,0.30758616958897866,0.30758616958897866
Bwd IAT Std,Bwd Seg Size Avg,0.30758616958897866,0.30758616958897866
Protocol,Init Fwd Win Byts,-0.3066447864408488,0.3066447864408488
Fwd IAT Std,Pkt Len Mean,0.30647243149208614,0.30647243149208614
Flow Duration,Pkt Len Var,0.3060963396584986,0.3060963396584986
Bwd Pkt Len Std,Fwd IAT Std,0.3057934581141994,0.3057934581141994
Flow IAT Min,Init Fwd Win Byts,0.3034274625702632,0.3034274625702632
Fwd Pkt Len Min,ACK Flag Cnt,-0.30336550725315475,0.30336550725315475
Fwd PSH Flags,ACK Flag Cnt,0.30143760651290574,0.30143760651290574
SYN Flag Cnt,ACK Flag Cnt,0.30143760651290574,0.30143760651290574
PSH Flag Cnt,Init Fwd Win Byts,0.3002077081156641,0.3002077081156641
Fwd IAT Tot,Pkt Len Var,0.2994611979669407,0.2994611979669407
Bwd Pkt Len Min,Down/Up Ratio,0.2978840809420685,0.2978840809420685
Flow IAT Mean,Init Fwd Win Byts,0.2978783540439484,0.2978783540439484
Protocol,Pkt Len Std,-0.29765507459677637,0.29765507459677637
Fwd IAT Min,Init Fwd Win Byts,0.2976135568838901,0.2976135568838901
Bwd IAT Max,Idle Std,0.29751128846703173,0.29751128846703173
Fwd Pkt Len Std,Init Fwd Win Byts,0.2963940231201754,0.2963940231201754
ACK Flag Cnt,URG Flag Cnt,0.29382789763954825,0.29382789763954825
Fwd Pkt Len Std,Pkt Len Min,-0.2935598130860498,0.2935598130860498
Protocol,Fwd Pkt Len Max,-0.29301145247369587,0.29301145247369587
Fwd Pkt Len Min,Bwd Pkt Len Std,-0.29298099972916875,0.29298099972916875
Bwd IAT Std,Pkt Len Mean,0.29209470487755884,0.29209470487755884
Fwd IAT Mean,Init Fwd Win Byts,0.2904384895151056,0.2904384895151056
Flow Duration,Bwd Pkt Len Max,0.28987693802184694,0.28987693802184694
Flow Pkts/s,Fwd Seg Size Min,0.2879844935366617,0.2879844935366617
Pkt Len Mean,Init Bwd Win Byts,0.28619875955840984,0.28619875955840984
Fwd IAT Std,Pkt Size Avg,0.2860207078194797,0.2860207078194797
Bwd Pkt Len Max,Fwd IAT Tot,0.28410625902556136,0.28410625902556136
Pkt Size Avg,Src Port,0.28360890819248014,0.28360890819248014
Pkt Len Min,Src Port,0.28353912438414897,0.28353912438414897
Bwd Pkt Len Min,Init Fwd Win Byts,-0.2829755366358526,0.2829755366358526
ACK Flag Cnt,Down/Up Ratio,-0.2812718571204265,0.2812718571204265
Protocol,Pkt Len Var,-0.28042061403514806,0.28042061403514806
Flow Pkts/s,Src Port,-0.2800930932036322,0.2800930932036322
Bwd IAT Tot,PSH Flag Cnt,0.2793876722053256,0.2793876722053256
Protocol,Bwd Pkt Len Max,-0.2783838250199126,0.2783838250199126
Fwd Pkt Len Min,Fwd Pkt Len Std,-0.2757926005425257,0.2757926005425257
Pkt Len Var,ACK Flag Cnt,-0.2745157926114424,0.2745157926114424
Init Fwd Win Byts,Fwd Seg Size Min,0.273481706072054,0.273481706072054
Pkt Len Var,Init Bwd Win Byts,0.2720107520212526,0.2720107520212526
Flow Duration,Pkt Len Max,0.2713687844100613,0.2713687844100613
Protocol,ECE Flag Cnt,-0.27008371970389217,0.27008371970389217
Protocol,RST Flag Cnt,-0.2700784537384679,0.2700784537384679
RST Flag Cnt,Init Fwd Win Byts,0.2689994768991264,0.2689994768991264
Init Fwd Win Byts,Idle Min,0.26898928978032527,0.26898928978032527
ECE Flag Cnt,Init Fwd Win Byts,0.26898799671996054,0.26898799671996054
Bwd IAT Std,Pkt Size Avg,0.26887482855874045,0.26887482855874045
Fwd Pkt Len Max,Bwd Pkt Len Min,-0.2682943651052338,0.2682943651052338
Bwd Pkt Len Min,Pkt Len Max,-0.26706425642327064,0.26706425642327064
Fwd Pkt Len Max,Fwd Seg Size Min,0.2666548523008317,0.2666548523008317
ACK Flag Cnt,Init Bwd Win Byts,-0.2664853680166231,0.2664853680166231
Fwd IAT Tot,Pkt Len Max,0.2662775691935635,0.2662775691935635
Pkt Size Avg,Init Bwd Win Byts,0.2662432376676737,0.2662432376676737
Flow IAT Std,Pkt Len Var,0.265904645076272,0.265904645076272
Init Fwd Win Byts,Idle Mean,0.26580611964706147,0.26580611964706147
Bwd Pkt Len Max,Flow IAT Std,0.26546972548719633,0.26546972548719633
Dst Port,Protocol,-0.26534664233685246,0.26534664233685246
Flow IAT Std,Pkt Len Max,0.2649119230537859,0.2649119230537859
Pkt Len Min,Down/Up Ratio,0.26400605087151524,0.26400605087151524
Pkt Len Min,Init Fwd Win Byts,-0.2627726748196482,0.2627726748196482
Pkt Len Min,Pkt Len Std,-0.2618871616834839,0.2618871616834839
Flow Duration,Pkt Len Std,0.2617991737083985,0.2617991737083985
Bwd Seg Size Avg,Src Port,0.26096893995876064,0.26096893995876064
Bwd Pkt Len Mean,Src Port,0.26096893995876064,0.26096893995876064
Init Fwd Win Byts,Idle Max,0.2606288657412542,0.2606288657412542
Fwd Pkts/s,Src Port,-0.26006517861445105,0.26006517861445105
Flow IAT Std,Pkt Len Std,0.25947024038541094,0.25947024038541094
Dst Port,Fwd Pkt Len Std,0.2577840545800207,0.2577840545800207
Bwd IAT Std,PSH Flag Cnt,0.25726405369035,0.25726405369035
Pkt Len Min,Pkt Len Max,-0.2567810968853294,0.2567810968853294
Protocol,Flow Duration,-0.256718884530705,0.256718884530705
Fwd IAT Tot,Pkt Len Std,0.25569750799033947,0.25569750799033947
Flow Duration,Bwd Pkt Len Std,0.2553907936375446,0.2553907936375446
Fwd Pkt Len Min,Down/Up Ratio,0.25236582136233787,0.25236582136233787
Protocol,Fwd IAT Tot,-0.25226908245629304,0.25226908245629304
Bwd Pkt Len Std,Flow IAT Std,0.25169671137431027,0.25169671137431027
Bwd Pkt Len Min,ECE Flag Cnt,-0.2502693603853264,0.2502693603853264
Bwd Pkt Len Min,RST Flag Cnt,-0.25026448075096647,0.25026448075096647
Bwd Pkt Len Min,Pkt Len Var,-0.24945535369938565,0.24945535369938565
Bwd Pkt Len Std,Fwd IAT Tot,0.24907545337912523,0.24907545337912523
Dst Port,Bwd Pkt Len Min,-0.24873279956274305,0.24873279956274305
Fwd Pkt Len Max,ACK Flag Cnt,-0.24831707448536788,0.24831707448536788
Flow Duration,Bwd Pkt Len Mean,0.24747047173990042,0.24747047173990042
Flow Duration,Bwd Seg Size Avg,0.24747047173990042,0.24747047173990042
Fwd Pkt Len Min,Init Fwd Win Byts,-0.24723320147106786,0.24723320147106786
Fwd IAT Std,Idle Std,0.24581307862832477,0.24581307862832477
Fwd Pkt Len Max,Bwd IAT Tot,0.2455640282486534,0.2455640282486534
Flow Duration,Pkt Len Mean,0.24446358795413653,0.24446358795413653
Pkt Len Mean,Src Port,0.24254540175015152,0.24254540175015152
Flow IAT Min,ACK Flag Cnt,0.2420296458984667,0.2420296458984667
Bwd IAT Std,Idle Std,0.24199725837723643,0.24199725837723643
Fwd Pkt Len Min,Pkt Len Std,-0.241750960459638,0.241750960459638
Fwd IAT Min,ACK Flag Cnt,0.24173916977793336,0.24173916977793336
Bwd Pkt Len Mean,Fwd IAT Tot,0.24172182207974205,0.24172182207974205
Fwd IAT Tot,Bwd Seg Size Avg,0.241721822079742,0.241721822079742
Pkt Len Min,Pkt Len Var,-0.2416955764157583,0.2416955764157583
Flow IAT Mean,ACK Flag Cnt,0.24067710264941308,0.24067710264941308
Fwd Pkt Len Min,Src Port,0.24030616285762876,0.24030616285762876
Bwd Pkt Len Min,Pkt Len Std,-0.23899027708136963,0.23899027708136963
Fwd IAT Tot,Pkt Len Mean,0.23850134954766403,0.23850134954766403
Bwd Pkt Len Max,Pkt Len Min,-0.2383075929036423,0.2383075929036423
Protocol,Init Bwd Win Byts,-0.23765685689688454,0.23765685689688454
Fwd Pkt Len Min,Pkt Len Max,-0.2365226384619806,0.2365226384619806
Fwd IAT Mean,ACK Flag Cnt,0.23519652880899944,0.23519652880899944
Fwd Pkt Len Max,Init Fwd Win Byts,0.2348935985875747,0.2348935985875747
Bwd Pkt Len Max,Bwd Pkt Len Min,-0.23474942315844785,0.23474942315844785
Bwd Pkt Len Mean,Flow IAT Std,0.23450526520386328,0.23450526520386328
Flow IAT Std,Bwd Seg Size Avg,0.23450526520386328,0.23450526520386328
Flow IAT Std,Idle Std,0.23313621516623728,0.23313621516623728
Fwd Seg Size Avg,Src Port,0.2327682607851504,0.2327682607851504
Fwd Pkt Len Mean,Src Port,0.2327682607851504,0.2327682607851504
Pkt Len Min,ECE Flag Cnt,-0.23197179628818076,0.23197179628818076
Pkt Len Min,RST Flag Cnt,-0.23196727341112375,0.23196727341112375
Flow IAT Std,Pkt Len Mean,0.23125468841045166,0.23125468841045166
Bwd IAT Max,PSH Flag Cnt,0.22823928574815383,0.22823928574815383
Fwd Pkt Len Max,Pkt Len Min,-0.22792381468681538,0.22792381468681538
Dst Port,Fwd Seg Size Min,0.22772544974199432,0.22772544974199432
Protocol,Flow IAT Max,-0.22639432491136405,0.22639432491136405
Bwd Pkt Len Max,Src Port,0.2261957672480164,0.2261957672480164
Fwd Pkt Len Min,Bwd Pkt Len Max,-0.2259623930414988,0.2259623930414988
Bwd Pkt Len Std,Fwd Seg Size Min,0.22595748016914122,0.22595748016914122
Fwd IAT Max,Init Fwd Win Byts,0.22570358967920626,0.22570358967920626
Dst Port,Pkt Len Min,-0.22413920576095792,0.22413920576095792
Pkt Len Std,Src Port,0.22409868698906169,0.22409868698906169
Flow IAT Max,Init Fwd Win Byts,0.22406217763732972,0.22406217763732972
Bwd Header Len,Pkt Len Mean,0.2234633421980505,0.2234633421980505
Fwd Pkt Len Min,Pkt Len Var,-0.22276989350382673,0.22276989350382673
Bwd Seg Size Avg,Init Bwd Win Byts,0.22256546741094618,0.22256546741094618
Bwd Pkt Len Mean,Init Bwd Win Byts,0.22256546741094618,0.22256546741094618
Pkt Len Max,Src Port,0.22184563423598488,0.22184563423598488
Protocol,Fwd IAT Max,-0.22137609841205447,0.22137609841205447
Pkt Len Mean,Subflow Bwd Pkts,0.22075094783724405,0.22075094783724405
Tot Bwd Pkts,Pkt Len Mean,0.22075094783724405,0.22075094783724405
Fwd Pkt Len Min,RST Flag Cnt,-0.21927277833257183,0.21927277833257183
Fwd Pkt Len Min,ECE Flag Cnt,-0.2192576646691556,0.2192576646691556
Flow Duration,Idle Std,0.21691728082651057,0.21691728082651057
Bwd Pkt Len Min,Init Bwd Win Byts,-0.21660156781276899,0.21660156781276899
Idle Std,Idle Max,0.2155279525952153,0.2155279525952153
Pkt Len Max,Fwd Seg Size Min,0.21458536058124447,0.21458536058124447
Fwd Seg Size Min,Src Port,-0.2140490776363902,0.2140490776363902
Flow IAT Std,Pkt Size Avg,0.21248193520444725,0.21248193520444725
Bwd Header Len,Pkt Size Avg,0.21127057609138625,0.21127057609138625
Bwd IAT Min,Idle Max,0.21102847538952216,0.21102847538952216
Flow Duration,Active Max,0.21016913713188412,0.21016913713188412
Bwd IAT Min,Fwd PSH Flags,0.2101001679769719,0.2101001679769719
Bwd IAT Min,SYN Flag Cnt,0.2101001679769719,0.2101001679769719
Fwd IAT Tot,Idle Std,0.20929960155050287,0.20929960155050287
Tot Bwd Pkts,Pkt Size Avg,0.2090084498054624,0.2090084498054624
Pkt Size Avg,Subflow Bwd Pkts,0.20900844980546238,0.20900844980546238
Bwd IAT Min,Idle Mean,0.2087068491495404,0.2087068491495404
Down/Up Ratio,Fwd Seg Size Min,-0.20827310079536993,0.20827310079536993
Fwd IAT Tot,Active Max,0.2076604121519269,0.2076604121519269
Pkt Len Std,Fwd Seg Size Min,0.20718851099822372,0.20718851099822372
Flow Duration,Pkt Size Avg,0.20709302894621248,0.20709302894621248
PSH Flag Cnt,Src Port,0.2069568512492808,0.2069568512492808
Bwd IAT Min,Idle Min,0.20552778946946992,0.20552778946946992
Pkt Len Min,Init Bwd Win Byts,-0.20412032799821445,0.20412032799821445
Fwd Pkt Len Max,Fwd Pkt Len Min,-0.20391493855483134,0.20391493855483134
Dst Port,Fwd Pkt Len Min,-0.20249797942559597,0.20249797942559597
Dst Port,Init Fwd Win Byts,0.20226787255698603,0.20226787255698603
Fwd IAT Tot,Pkt Size Avg,0.20161418436044082,0.20161418436044082
TotLen Bwd Pkts,Pkt Len Mean,0.20102884073118232,0.20102884073118232
Pkt Len Mean,Subflow Bwd Byts,0.20102731231014476,0.20102731231014476
Flow Byts/s,SYN Flag Cnt,0.19961794651692907,0.19961794651692907
Flow Byts/s,Fwd PSH Flags,0.19961794651692907,0.19961794651692907
Protocol,Idle Max,-0.1994655175233219,0.1994655175233219
Bwd IAT Mean,Fwd PSH Flags,0.19923683327703814,0.19923683327703814
Bwd IAT Mean,SYN Flag Cnt,0.19923683327703814,0.19923683327703814
Protocol,Idle Mean,-0.1991425856503887,0.1991425856503887
Dst Port,Bwd Pkt Len Max,-0.1975305465581057,0.1975305465581057
Flow IAT Max,Idle Std,0.19636909780440065,0.19636909780440065
Protocol,Idle Min,-0.19623085791259248,0.19623085791259248
Fwd Pkts/s,Fwd Seg Size Min,0.19530073858243574,0.19530073858243574
Flow IAT Max,Bwd IAT Min,0.19480883699852433,0.19480883699852433
Fwd Pkt Len Min,Init Bwd Win Byts,-0.19287404957665874,0.19287404957665874
Bwd Pkt Len Std,Src Port,0.1921505946632406,0.1921505946632406
Fwd IAT Max,Idle Std,0.19201282773644066,0.19201282773644066
Dst Port,Fwd Pkts/s,0.1910827216314222,0.1910827216314222
TotLen Bwd Pkts,Pkt Size Avg,0.19067145514863937,0.19067145514863937
Pkt Size Avg,Subflow Bwd Byts,0.19067000121848052,0.19067000121848052
Bwd Header Len,Bwd Seg Size Avg,0.1880874282498804,0.1880874282498804
Bwd Pkt Len Mean,Bwd Header Len,0.18808742824988034,0.18808742824988034
Pkt Len Var,Fwd Seg Size Min,0.1873877694864044,0.1873877694864044
Dst Port,Bwd Pkt Len Mean,-0.18728064006240752,0.18728064006240752
Dst Port,Bwd Seg Size Avg,-0.18728064006240752,0.18728064006240752
Bwd IAT Tot,Idle Std,0.18594727796486327,0.18594727796486327
Bwd Seg Size Avg,Subflow Bwd Pkts,0.18553751660314954,0.18553751660314954
Tot Bwd Pkts,Bwd Seg Size Avg,0.18553751660314954,0.18553751660314954
Bwd Pkt Len Mean,Subflow Bwd Pkts,0.18553751660314954,0.18553751660314954
Tot Bwd Pkts,Bwd Pkt Len Mean,0.18553751660314954,0.18553751660314954
Fwd Pkt Len Max,Bwd IAT Std,0.184456529985127,0.184456529985127
Fwd Pkt Len Max,Fwd IAT Std,0.183836432267012,0.183836432267012
Bwd IAT Tot,RST Flag Cnt,0.18234182941206264,0.18234182941206264
Bwd IAT Tot,ECE Flag Cnt,0.18233514498022788,0.18233514498022788
Dst Port,PSH Flag Cnt,-0.18219485311556546,0.18219485311556546
Pkt Len Std,Init Fwd Win Byts,0.1820958722391151,0.1820958722391151
Protocol,Fwd IAT Mean,-0.18163723322037917,0.18163723322037917
Fwd IAT Max,Bwd IAT Min,0.18154846272409317,0.18154846272409317
Bwd IAT Std,RST Flag Cnt,0.18077731633581007,0.18077731633581007
Bwd IAT Std,ECE Flag Cnt,0.1807712695310429,0.1807712695310429
Flow Duration,Bwd Pkt Len Min,-0.17970686249284193,0.17970686249284193
Fwd IAT Min,PSH Flag Cnt,-0.17782383349223788,0.17782383349223788
Fwd IAT Min,Src Port,-0.17747565762446493,0.17747565762446493
Fwd IAT Min,Fwd Seg Size Avg,-0.17738727570096238,0.17738727570096238
Fwd Pkt Len Mean,Fwd IAT Min,-0.17738727570096235,0.17738727570096235
Fwd IAT Min,Pkt Size Avg,-0.17723030825406985,0.17723030825406985
Flow IAT Min,Fwd Seg Size Avg,-0.17691169913361005,0.17691169913361005
Fwd Pkt Len Mean,Flow IAT Min,-0.17691169913361002,0.17691169913361002
Active Max,Idle Std,0.17686615827423088,0.17686615827423088
Active Std,Idle Std,0.17600843192616414,0.17600843192616414
Flow IAT Min,Pkt Size Avg,-0.17585093720965664,0.17585093720965664
Bwd Pkt Len Min,Fwd IAT Tot,-0.1754803642182548,0.1754803642182548
Flow IAT Min,PSH Flag Cnt,-0.1753366648519905,0.1753366648519905
Flow IAT Min,Src Port,-0.174206297434686,0.174206297434686
Fwd IAT Std,PSH Flag Cnt,0.17273507766137505,0.17273507766137505
Protocol,Flow IAT Mean,-0.1724942212640571,0.1724942212640571
Fwd IAT Tot,Active Std,0.17217036159668186,0.17217036159668186
Flow Duration,Active Std,0.1717579956866603,0.1717579956866603
Fwd Pkt Len Std,ACK Flag Cnt,-0.17145107168075216,0.17145107168075216
Fwd Pkt Len Mean,Init Fwd Win Byts,0.17091228461385588,0.17091228461385588
Fwd Seg Size Avg,Init Fwd Win Byts,0.17091228461385588,0.17091228461385588
SYN Flag Cnt,PSH Flag Cnt,-0.17025692853244545,0.17025692853244545
Fwd PSH Flags,PSH Flag Cnt,-0.17025692853244545,0.17025692853244545
Flow Duration,Active Mean,0.16961967784552054,0.16961967784552054
Flow IAT Mean,Src Port,-0.16911386815054041,0.16911386815054041
TotLen Bwd Pkts,Bwd Seg Size Avg,0.16861511710355745,0.16861511710355745
TotLen Bwd Pkts,Bwd Pkt Len Mean,0.16861511710355745,0.16861511710355745
Bwd Seg Size Avg,Subflow Bwd Byts,0.1686140048873885,0.1686140048873885
Bwd Pkt Len Mean,Subflow Bwd Byts,0.16861400488738848,0.16861400488738848
Flow IAT Mean,Fwd Seg Size Avg,-0.16832289026221053,0.16832289026221053
Fwd Pkt Len Mean,Flow IAT Mean,-0.16832289026221053,0.16832289026221053
Tot Bwd Pkts,Down/Up Ratio,0.16715879469801787,0.16715879469801787
Down/Up Ratio,Subflow Bwd Pkts,0.16715879469801787,0.16715879469801787
Flow IAT Std,SYN Flag Cnt,0.1669535359161748,0.1669535359161748
Flow IAT Std,Fwd PSH Flags,0.1669535359161748,0.1669535359161748
Fwd IAT Min,Pkt Len Max,-0.16694577294446722,0.16694577294446722
Pkt Len Max,Init Fwd Win Byts,0.16681971705343124,0.16681971705343124
Fwd IAT Tot,Active Mean,0.16600464826086647,0.16600464826086647
Bwd Header Len,Down/Up Ratio,0.16596746212107658,0.16596746212107658
PSH Flag Cnt,URG Flag Cnt,-0.16595604330641137,0.16595604330641137
Bwd IAT Tot,Bwd IAT Min,0.16564052029964216,0.16564052029964216
Init Fwd Win Byts,Init Bwd Win Byts,0.16528369375590712,0.16528369375590712
Down/Up Ratio,Pkt Size Avg,0.1652735445332616,0.1652735445332616
Flow IAT Min,Pkt Len Max,-0.1649280768788962,0.1649280768788962
Fwd IAT Min,Pkt Len Std,-0.16464230671532626,0.16464230671532626
Dst Port,Fwd Pkt Len Max,0.16419389978564627,0.16419389978564627
Fwd Pkt Len Max,Bwd IAT Max,0.1640973905918396,0.1640973905918396
Dst Port,Down/Up Ratio,-0.16313163280092746,0.16313163280092746
Flow IAT Mean,Pkt Size Avg,-0.16286144526080437,0.16286144526080437
Flow IAT Min,Pkt Len Std,-0.162803334351181,0.162803334351181
Flow IAT Max,Pkt Len Var,0.1623681576067271,0.1623681576067271
Flow IAT Mean,PSH Flag Cnt,-0.1620926250236068,0.1620926250236068
Fwd IAT Mean,Src Port,-0.16192722527763104,0.16192722527763104
Fwd IAT Std,SYN Flag Cnt,0.16181976457818772,0.16181976457818772
Fwd IAT Std,Fwd PSH Flags,0.16181976457818772,0.16181976457818772
Fwd Pkt Len Std,Bwd IAT Tot,0.16161445140971561,0.16161445140971561
Fwd IAT Min,Pkt Len Mean,-0.16113034375080731,0.16113034375080731
Flow IAT Min,Pkt Len Mean,-0.15982159775142735,0.15982159775142735
Protocol,Bwd IAT Tot,-0.15944720488292188,0.15944720488292188
Bwd IAT Max,RST Flag Cnt,0.15911903305381653,0.15911903305381653
Bwd IAT Max,ECE Flag Cnt,0.1591132201223732,0.1591132201223732
Bwd Pkt Len Std,Init Fwd Win Byts,0.15882651340222653,0.15882651340222653
Flow Pkts/s,Pkt Size Avg,-0.15830722104934122,0.15830722104934122
Fwd Pkt Len Mean,Fwd IAT Mean,-0.1582938439083994,0.1582938439083994
Fwd IAT Mean,Fwd Seg Size Avg,-0.1582938439083994,0.1582938439083994
Flow Pkts/s,Fwd Seg Size Avg,-0.1577715724698283,0.1577715724698283
Fwd Pkt Len Mean,Flow Pkts/s,-0.1577715724698283,0.1577715724698283
Active Std,Active Min,0.15748147301371745,0.15748147301371745
RST Flag Cnt,Src Port,0.1572767747639637,0.1572767747639637
ECE Flag Cnt,Src Port,0.1572767747639637,0.1572767747639637
Protocol,Fwd IAT Min,-0.15706703991909668,0.15706703991909668
Protocol,Flow IAT Min,-0.15693232850136338,0.15693232850136338
URG Flag Cnt,Pkt Size Avg,-0.156276713533082,0.156276713533082
Bwd Pkt Len Max,Fwd IAT Min,-0.15558088120117433,0.15558088120117433
Fwd IAT Max,Pkt Len Var,0.15554543162013695,0.15554543162013695
Flow IAT Std,PSH Flag Cnt,0.15541741459802186,0.15541741459802186
Bwd Pkt Len Min,Flow IAT Max,-0.15530855447868325,0.15530855447868325
Pkt Len Var,Src Port,0.15378518159659593,0.15378518159659593
Bwd Pkt Len Max,Fwd Seg Size Min,0.15361960312663575,0.15361960312663575
Bwd Pkt Len Max,Flow IAT Min,-0.153494323230905,0.153494323230905
Down/Up Ratio,Init Bwd Win Byts,-0.15324175631476927,0.15324175631476927
Pkt Len Var,Idle Max,0.15285405240585279,0.15285405240585279
Fwd IAT Max,ACK Flag Cnt,0.15276923546811658,0.15276923546811658
Flow Pkts/s,Pkt Len Max,-0.15267968508060928,0.15267968508060928
Bwd Pkt Len Mean,Fwd IAT Min,-0.15159604041274352,0.15159604041274352
Fwd IAT Min,Bwd Seg Size Avg,-0.15159604041274352,0.15159604041274352
Flow Duration,Pkt Len Min,-0.15129373354683628,0.15129373354683628
Fwd Pkt Len Max,Src Port,0.15085457603021513,0.15085457603021513
Fwd Pkt Len Std,Fwd IAT Std,0.15065265169156886,0.15065265169156886
Bwd Pkt Len Min,Fwd IAT Max,-0.15050140587579613,0.15050140587579613
Down/Up Ratio,Src Port,0.1502587667147129,0.1502587667147129
Active Mean,Idle Std,0.1500974868293446,0.1500974868293446
Flow IAT Min,Bwd Seg Size Avg,-0.1500055593539589,0.1500055593539589
Bwd Pkt Len Mean,Flow IAT Min,-0.15000555935395884,0.15000555935395884
Fwd IAT Mean,PSH Flag Cnt,-0.14875909043641644,0.14875909043641644
Flow Pkts/s,Pkt Len Std,-0.14845609662906098,0.14845609662906098
Pkt Len Var,Idle Mean,0.14749481058730665,0.14749481058730665
URG Flag Cnt,Fwd Seg Size Avg,-0.14733441460163482,0.14733441460163482
Fwd Pkt Len Mean,URG Flag Cnt,-0.14733441460163482,0.14733441460163482
Fwd IAT Tot,Pkt Len Min,-0.14731161383907485,0.14731161383907485
Fwd Pkt Len Max,Flow IAT Std,0.147122943910214,0.147122943910214
Flow IAT Max,ACK Flag Cnt,0.1468032887531448,0.1468032887531448
Protocol,Flow IAT Std,-0.14636755187427528,0.14636755187427528
Fwd Pkt Len Max,Fwd IAT Min,-0.14595211383313192,0.14595211383313192
Bwd Pkts/s,PSH Flag Cnt,0.14579094012964597,0.14579094012964597
Protocol,Fwd IAT Std,-0.1456097821534082,0.1456097821534082
Flow IAT Mean,Pkt Len Mean,-0.14509541301172288,0.14509541301172288
Flow Pkts/s,Pkt Len Mean,-0.14502693269970257,0.14502693269970257
Dst Port,Flow Pkts/s,0.1447905977038321,0.1447905977038321
Init Fwd Win Byts,Src Port,-0.1446487785613558,0.1446487785613558
Fwd Pkt Len Max,Flow IAT Min,-0.14438204552245548,0.14438204552245548
Flow IAT Mean,Pkt Len Std,-0.14421976157869282,0.14421976157869282
Flow IAT Mean,Pkt Len Max,-0.14415320586417535,0.14415320586417535
Bwd Pkt Len Max,Flow Pkts/s,-0.14388175351192373,0.14388175351192373
Fwd IAT Mean,Pkt Size Avg,-0.14275272776861558,0.14275272776861558
Flow Duration,Fwd Pkt Len Min,-0.14245734783106595,0.14245734783106595
Bwd Pkt Len Std,Fwd IAT Min,-0.142423320206442,0.142423320206442
Bwd Pkt Len Mean,Down/Up Ratio,0.14192188496963942,0.14192188496963942
Down/Up Ratio,Bwd Seg Size Avg,0.1419218849696394,0.1419218849696394
Flow Duration,Fwd Pkt Len Max,0.14161911331029448,0.14161911331029448
Pkt Len Mean,URG Flag Cnt,-0.1416143228937073,0.1416143228937073
Pkt Len Max,URG Flag Cnt,-0.14151244466316323,0.14151244466316323
Bwd Pkt Len Std,Flow IAT Min,-0.14034623996225987,0.14034623996225987
Pkt Len Var,Init Fwd Win Byts,0.14001257763318642,0.14001257763318642
Fwd Pkt Len Max,Fwd IAT Tot,0.13990041665244823,0.13990041665244823
Bwd Pkt Len Mean,Flow Pkts/s,-0.1396945794306987,0.1396945794306987
Flow Pkts/s,Bwd Seg Size Avg,-0.1396945794306987,0.1396945794306987
Bwd Pkts/s,Pkt Size Avg,-0.1396593283180121,0.1396593283180121
Flow Duration,PSH Flag Cnt,0.139124022759762,0.139124022759762
Pkt Len Std,URG Flag Cnt,-0.13889074538274873,0.13889074538274873
Fwd Pkt Len Min,Fwd IAT Tot,-0.13873205546156672,0.13873205546156672
Fwd Pkt Len Mean,Bwd Pkts/s,-0.13856010653562453,0.13856010653562453
Bwd Pkts/s,Fwd Seg Size Avg,-0.13856010653562453,0.13856010653562453
Pkt Len Var,Idle Min,0.1382351404688179,0.1382351404688179
Protocol,Bwd IAT Max,-0.13819385305312673,0.13819385305312673
Protocol,Bwd IAT Std,-0.1381070675607186,0.1381070675607186
Pkt Len Mean,Down/Up Ratio,0.13735588419875164,0.13735588419875164
Flow IAT Mean,Bwd Seg Size Avg,-0.1365052129811181,0.1365052129811181
Bwd Pkt Len Mean,Flow IAT Mean,-0.1365052129811181,0.1365052129811181
Flow IAT Max,Pkt Len Min,-0.1364176461500187,0.1364176461500187
Bwd Pkt Len Max,URG Flag Cnt,-0.1363151896525953,0.1363151896525953
Bwd IAT Tot,Pkt Len Min,-0.13592901369763,0.13592901369763
URG Flag Cnt,Bwd Seg Size Avg,-0.13589177250948917,0.13589177250948917
Bwd Pkt Len Mean,URG Flag Cnt,-0.13589177250948917,0.13589177250948917
Fwd Pkt Len Std,Bwd IAT Std,0.13579930877446908,0.13579930877446908
Fwd PSH Flags,Src Port,-0.13504677385201982,0.13504677385201982
SYN Flag Cnt,Src Port,-0.13504677385201982,0.13504677385201982
Fwd Pkts/s,Pkt Size Avg,-0.13495654067174187,0.13495654067174187
Bwd IAT Mean,Idle Std,0.13493760039799987,0.13493760039799987
Bwd Pkt Len Max,Bwd IAT Mean,0.134867802923977,0.134867802923977
Fwd Pkts/s,Fwd Seg Size Avg,-0.13475253208539364,0.13475253208539364
Fwd Pkt Len Mean,Fwd Pkts/s,-0.13475253208539364,0.13475253208539364
Fwd Pkt Len Std,Fwd IAT Min,-0.133994355104865,0.133994355104865
Bwd Pkt Len Max,Flow IAT Mean,-0.1329717125505781,0.1329717125505781
Fwd Pkt Len Std,Flow IAT Min,-0.13276465415905953,0.13276465415905953
Flow Duration,Bwd IAT Min,0.13271049870427354,0.13271049870427354
Bwd Pkts/s,Src Port,-0.13201666982412089,0.13201666982412089
Flow IAT Mean,Down/Up Ratio,-0.13197455143944412,0.13197455143944412
Fwd IAT Max,Pkt Len Min,-0.13189877180567136,0.13189877180567136
Fwd IAT Mean,Down/Up Ratio,-0.13186002089206422,0.13186002089206422
Bwd Pkts/s,Pkt Len Max,-0.13181515163092658,0.13181515163092658
Fwd Pkt Len Max,Flow Pkts/s,-0.1318139134359633,0.1318139134359633
Fwd Pkts/s,Pkt Len Max,-0.13143716448618795,0.13143716448618795
Bwd Pkt Len Std,Flow Pkts/s,-0.13143397982587687,0.13143397982587687
Fwd Pkt Len Max,Flow IAT Mean,-0.13082944378185787,0.13082944378185787
Idle Mean,Idle Std,0.13032895439901626,0.13032895439901626
Fwd IAT Tot,PSH Flag Cnt,0.13006282495711144,0.13006282495711144
Pkt Len Mean,Idle Std,0.129182183606018,0.129182183606018
ECE Flag Cnt,Fwd Seg Size Min,0.12912659254830744,0.12912659254830744
RST Flag Cnt,Fwd Seg Size Min,0.12912428447189067,0.12912428447189067
Bwd Pkts/s,Pkt Len Std,-0.12909144911020412,0.12909144911020412
Flow IAT Min,Down/Up Ratio,-0.12894959279612236,0.12894959279612236
Fwd Pkt Len Min,Flow IAT Max,-0.1287990730970203,0.1287990730970203
Bwd Pkt Len Max,SYN Flag Cnt,-0.1285800299641059,0.1285800299641059
Bwd Pkt Len Max,Fwd PSH Flags,-0.1285800299641059,0.1285800299641059
Dst Port,Bwd IAT Tot,-0.1280584569186896,0.1280584569186896
Bwd IAT Tot,ACK Flag Cnt,-0.1276728684319614,0.1276728684319614
Bwd IAT Mean,Pkt Len Max,0.1274577979294047,0.1274577979294047
Fwd IAT Mean,Bwd IAT Mean,0.12744052848772286,0.12744052848772286
Fwd Pkts/s,Pkt Len Std,-0.12741065248179734,0.12741065248179734
Fwd Pkt Len Min,Bwd IAT Tot,-0.12738559987149872,0.12738559987149872
Dst Port,Bwd Pkt Len Std,-0.1273007979158089,0.1273007979158089
Bwd Pkts/s,Pkt Len Mean,-0.12724897206770028,0.12724897206770028
Bwd Pkt Len Min,Bwd IAT Tot,-0.12699011852618325,0.12699011852618325
Bwd Pkt Len Min,Idle Max,-0.12695214200755633,0.12695214200755633
Fwd IAT Std,Fwd Seg Size Avg,0.1266121132098726,0.1266121132098726
Fwd Pkt Len Mean,Fwd IAT Std,0.1266121132098726,0.1266121132098726
Bwd Pkt Len Min,Bwd IAT Std,-0.12595808832854888,0.12595808832854888
Pkt Len Min,Idle Min,-0.12562025239709224,0.12562025239709224
Bwd Pkt Len Min,Idle Mean,-0.12555583045170807,0.12555583045170807
Fwd IAT Min,Down/Up Ratio,-0.12552134623934408,0.12552134623934408
Dst Port,Pkt Size Avg,-0.12520095855729088,0.12520095855729088
Bwd Pkt Len Min,Fwd IAT Mean,-0.12518854646562702,0.12518854646562702
Flow IAT Std,Fwd IAT Mean,0.12477842018362378,0.12477842018362378
Fwd IAT Tot,Bwd IAT Min,0.12467010393369438,0.12467010393369438
Bwd Pkt Len Max,Fwd Pkts/s,-0.1245912913445151,0.1245912913445151
Fwd Pkt Len Min,Fwd IAT Max,-0.12457147171354171,0.12457147171354171
Fwd Pkt Len Std,Src Port,0.1241819530484826,0.1241819530484826
Fwd Pkts/s,Pkt Len Mean,-0.12398169441694712,0.12398169441694712
Fwd IAT Mean,Pkt Len Mean,-0.12342562919552238,0.12342562919552238
Bwd IAT Std,ACK Flag Cnt,-0.1231277088238067,0.1231277088238067
Bwd Pkt Len Std,SYN Flag Cnt,-0.12281229445524135,0.12281229445524135
Bwd Pkt Len Std,Fwd PSH Flags,-0.12281229445524135,0.12281229445524135
Fwd PSH Flags,Pkt Len Max,-0.12274796217777427,0.12274796217777427
Pkt Len Max,SYN Flag Cnt,-0.12274796217777424,0.12274796217777424
Bwd Pkt Len Max,Bwd Pkts/s,-0.1226771719191928,0.1226771719191928
Bwd Pkt Len Std,URG Flag Cnt,-0.12255761141903189,0.12255761141903189
TotLen Bwd Pkts,Down/Up Ratio,0.12251645499109451,0.12251645499109451
Down/Up Ratio,Subflow Bwd Byts,0.12251487072588917,0.12251487072588917
Bwd Pkt Len Min,Idle Min,-0.1224937473773834,0.1224937473773834
Fwd Pkt Len Std,Flow IAT Mean,-0.12222159256500932,0.12222159256500932
Bwd Pkt Len Std,Flow IAT Mean,-0.12163305653693737,0.12163305653693737
Pkt Size Avg,Idle Std,0.1212432476077559,0.1212432476077559
Fwd Pkts/s,Bwd Seg Size Avg,-0.12117173123536198,0.12117173123536198
Bwd Pkt Len Mean,Fwd Pkts/s,-0.12117173123536198,0.12117173123536198
Bwd Pkt Len Min,Flow IAT Mean,-0.1206036779943949,0.1206036779943949
Pkt Len Min,Idle Mean,-0.1203908368621106,0.1203908368621106
Fwd Pkt Len Std,Flow IAT Std,0.12020659184620779,0.12020659184620779
Bwd Pkt Len Mean,Flow IAT Max,0.11972432984697512,0.11972432984697512
Flow IAT Max,Bwd Seg Size Avg,0.11972432984697506,0.11972432984697506
Fwd IAT Mean,Pkt Len Std,-0.11912033065106008,0.11912033065106008
Bwd IAT Std,Pkt Len Min,-0.11898869110596066,0.11898869110596066
Bwd Pkts/s,Bwd Seg Size Avg,-0.1186743741945258,0.1186743741945258
Bwd Pkt Len Mean,Bwd Pkts/s,-0.1186743741945258,0.1186743741945258
Protocol,Fwd PSH Flags,-0.11865143825887213,0.11865143825887213
Protocol,SYN Flag Cnt,-0.11865143825887213,0.11865143825887213
Flow Duration,Active Min,0.11846903039385821,0.11846903039385821
Fwd Pkt Len Min,Fwd Seg Size Avg,0.11846467216760917,0.11846467216760917
Fwd Pkt Len Min,Fwd Pkt Len Mean,0.11846467216760917,0.11846467216760917
Fwd Pkt Len Std,Flow Pkts/s,-0.11840943594369192,0.11840943594369192
Fwd Pkt Len Min,Idle Min,-0.11836650717452186,0.11836650717452186
Fwd IAT Mean,Pkt Len Max,-0.11769039798780663,0.11769039798780663
Bwd Pkt Len Mean,Idle Max,0.1176171011091625,0.1176171011091625
Bwd Seg Size Avg,Idle Max,0.11761710110916246,0.11761710110916246
Bwd Header Len,Pkt Len Var,0.11760634277190446,0.11760634277190446
Fwd Pkt Len Max,URG Flag Cnt,-0.11752732025255032,0.11752732025255032
Fwd Pkt Len Min,Pkt Size Avg,0.11743832587462749,0.11743832587462749
Bwd IAT Max,Pkt Len Min,-0.11729714794894826,0.11729714794894826
Active Max,Src Port,-0.11649860752089462,0.11649860752089462
Fwd IAT Min,Pkt Len Var,-0.11589638237964901,0.11589638237964901
Protocol,URG Flag Cnt,-0.11569665446402158,0.11569665446402158
Fwd IAT Mean,Bwd IAT Min,0.11561267437261218,0.11561267437261218
Fwd Pkt Len Max,Bwd Pkts/s,-0.11520485257452791,0.11520485257452791
URG Flag Cnt,Fwd Seg Size Min,0.1148406490648948,0.1148406490648948
Bwd Pkt Len Mean,Fwd IAT Mean,-0.1148334638359641,0.1148334638359641
Fwd IAT Mean,Bwd Seg Size Avg,-0.1148334638359641,0.1148334638359641
Fwd Pkt Len Std,Down/Up Ratio,-0.11471286705669866,0.11471286705669866
Flow IAT Min,Pkt Len Var,-0.11420596023363573,0.11420596023363573
Bwd Pkt Len Std,Bwd IAT Mean,0.11394044196619545,0.11394044196619545
Fwd IAT Tot,Active Min,0.11391718323196733,0.11391718323196733
Fwd IAT Std,RST Flag Cnt,0.11390869770061253,0.11390869770061253
Fwd IAT Std,ECE Flag Cnt,0.1139032414933015,0.1139032414933015
Bwd Pkt Len Std,Fwd Pkts/s,-0.11385582413028274,0.11385582413028274
Tot Bwd Pkts,Pkt Len Var,0.1137520722155923,0.1137520722155923
Pkt Len Var,Subflow Bwd Pkts,0.1137520722155923,0.1137520722155923
Bwd Pkt Len Mean,Fwd IAT Max,0.11373059498960146,0.11373059498960146
Fwd IAT Max,Bwd Seg Size Avg,0.11373059498960146,0.11373059498960146
FIN Flag Cnt,Src Port,-0.1137115158014368,0.1137115158014368
Fwd Pkt Len Min,Idle Mean,-0.1135136376254096,0.1135136376254096
Down/Up Ratio,Init Fwd Win Byts,-0.1134047312797215,0.1134047312797215
Fwd Pkt Len Max,Fwd IAT Mean,-0.11337169295431049,0.11337169295431049
Flow Byts/s,Bwd Pkts/s,0.11322660106745434,0.11322660106745434
Bwd Pkt Len Min,Flow IAT Min,-0.11304233579243107,0.11304233579243107
Fwd Pkt Len Max,Fwd Pkts/s,-0.11290331083631745,0.11290331083631745
ACK Flag Cnt,Idle Min,0.11270985274720548,0.11270985274720548
Bwd Pkt Len Min,Fwd IAT Min,-0.11258255476515623,0.11258255476515623
Fwd Pkt Len Std,Bwd IAT Max,0.11243425988617653,0.11243425988617653
Bwd Pkt Len Mean,Idle Mean,0.1120914776665032,0.1120914776665032
Bwd Seg Size Avg,Idle Mean,0.11209147766650317,0.11209147766650317
Bwd Pkt Len Std,Bwd Pkts/s,-0.11205366029084678,0.11205366029084678
Fwd Pkt Len Min,Bwd IAT Std,-0.11202617113507574,0.11202617113507574
Flow IAT Max,Pkt Len Mean,0.11084621763955435,0.11084621763955435
Protocol,Flow Pkts/s,-0.11018898547809423,0.11018898547809423
Pkt Len Min,Idle Max,-0.11013842839637492,0.11013842839637492
Fwd Pkt Len Min,Bwd IAT Max,-0.11002451564489707,0.11002451564489707
Bwd IAT Mean,Pkt Len Std,0.11000169061624487,0.11000169061624487
Init Bwd Win Byts,Fwd Seg Size Min,0.10992988289836861,0.10992988289836861
SYN Flag Cnt,Bwd Seg Size Avg,-0.10957618137706779,0.10957618137706779
Bwd Pkt Len Mean,SYN Flag Cnt,-0.10957618137706779,0.10957618137706779
Fwd PSH Flags,Bwd Seg Size Avg,-0.10957618137706779,0.10957618137706779
Bwd Pkt Len Mean,Fwd PSH Flags,-0.10957618137706779,0.10957618137706779
ACK Flag Cnt,Idle Mean,0.10931030074098168,0.10931030074098168
Dst Port,Fwd Pkt Len Mean,0.10918967946294544,0.10918967946294544
Dst Port,Fwd Seg Size Avg,0.10918967946294543,0.10918967946294543
Dst Port,Fwd PSH Flags,0.10874989694887062,0.10874989694887062
Dst Port,SYN Flag Cnt,0.10874989694887062,0.10874989694887062
Dst Port,Pkt Len Mean,-0.10873503644010155,0.10873503644010155
Bwd Pkts/s,Down/Up Ratio,0.10847174741288743,0.10847174741288743
Pkt Len Mean,Idle Max,0.10842686779867598,0.10842686779867598
Fwd Pkt Len Std,Fwd IAT Mean,-0.10835519981967116,0.10835519981967116
Fwd IAT Tot,Init Fwd Win Byts,0.10773094520077527,0.10773094520077527
Bwd Pkt Len Max,Idle Max,0.10735287708288717,0.10735287708288717
Active Mean,Src Port,-0.10732230598164563,0.10732230598164563
Bwd Pkt Len Min,URG Flag Cnt,-0.107208711962271,0.107208711962271
Bwd IAT Tot,Bwd Header Len,0.10709529901279073,0.10709529901279073
Flow Duration,Init Fwd Win Byts,0.10709186578328041,0.10709186578328041
Flow Pkts/s,Pkt Len Var,-0.1070212600806878,0.1070212600806878
Fwd PSH Flags,Pkt Len Std,-0.10698241936498792,0.10698241936498792
Pkt Len Std,SYN Flag Cnt,-0.1069824193649879,0.1069824193649879
Bwd Pkt Len Max,Fwd IAT Mean,-0.10659256932147576,0.10659256932147576
Idle Max,Src Port,-0.10649684599368064,0.10649684599368064
Pkt Len Var,Idle Std,0.1061878081737969,0.1061878081737969
Idle Mean,Src Port,-0.10602324704121292,0.10602324704121292
Idle Min,Src Port,-0.10597895426240808,0.10597895426240808
Bwd Pkt Len Max,Flow IAT Max,0.1059472791225084,0.1059472791225084
Fwd IAT Min,ECE Flag Cnt,-0.10587662527207346,0.10587662527207346
Fwd IAT Min,RST Flag Cnt,-0.10587453528166707,0.10587453528166707
Fwd Pkt Len Std,Bwd Pkts/s,-0.10584508923025789,0.10584508923025789
Init Bwd Win Byts,Idle Max,-0.10578313057229739,0.10578313057229739
ACK Flag Cnt,Idle Max,0.10527924869250983,0.10527924869250983
Fwd IAT Max,Pkt Len Mean,0.1051922941656859,0.1051922941656859
Flow IAT Max,Init Bwd Win Byts,-0.10516833820704845,0.10516833820704845
Active Std,Src Port,-0.10475823392036998,0.10475823392036998
Init Bwd Win Byts,Idle Mean,-0.10466536891879047,0.10466536891879047
Dst Port,Bwd IAT Max,-0.10430775527828114,0.10430775527828114
Flow IAT Min,ECE Flag Cnt,-0.10430704576217185,0.10430704576217185
Flow IAT Min,RST Flag Cnt,-0.10430499471771115,0.10430499471771115
Fwd Pkt Len Min,Idle Max,-0.10395648242940918,0.10395648242940918
Bwd Pkt Len Mean,Idle Min,0.1034545757359386,0.1034545757359386
Bwd Seg Size Avg,Idle Min,0.10345457573593858,0.10345457573593858
Fwd IAT Mean,Pkt Len Min,-0.10322379890617023,0.10322379890617023
Bwd Pkt Len Max,Idle Mean,0.10316923482860896,0.10316923482860896
Fwd Pkt Len Std,URG Flag Cnt,-0.10293770082020912,0.10293770082020912
Bwd Pkt Len Min,Flow Pkts/s,-0.10281130437681196,0.10281130437681196
Init Bwd Win Byts,Idle Min,-0.10269809918295635,0.10269809918295635
Bwd Pkt Len Std,Flow IAT Max,0.10239981099781253,0.10239981099781253
URG Flag Cnt,Down/Up Ratio,0.10231317796589892,0.10231317796589892
Fwd Pkt Len Max,Down/Up Ratio,-0.10221736141009939,0.10221736141009939
Bwd Pkts/s,Init Fwd Win Byts,0.1021633146447733,0.1021633146447733
Tot Bwd Pkts,Bwd IAT Tot,0.10201410380927928,0.10201410380927928
Bwd IAT Tot,Subflow Bwd Pkts,0.10201410380927928,0.10201410380927928
Fwd PSH Flags,ECE Flag Cnt,-0.10170109213424697,0.10170109213424697
SYN Flag Cnt,ECE Flag Cnt,-0.10170109213424697,0.10170109213424697
SYN Flag Cnt,RST Flag Cnt,-0.10169910921415233,0.10169910921415233
Fwd PSH Flags,RST Flag Cnt,-0.10169910921415233,0.10169910921415233
Bwd Pkt Len Max,Fwd IAT Max,0.10155056687661512,0.10155056687661512
Flow IAT Max,Pkt Len Std,0.10048699882821573,0.10048699882821573
Fwd Pkt Len Std,Fwd Pkts/s,-0.10040047688685445,0.10040047688685445
Bwd Pkt Len Mean,Idle Std,0.10007686894192507,0.10007686894192507
Bwd Seg Size Avg,Idle Std,0.10007686894192507,0.10007686894192507
SYN Flag Cnt,Down/Up Ratio,-0.09952490897360429,0.09952490897360429
Fwd PSH Flags,Down/Up Ratio,-0.09952490897360429,0.09952490897360429
Fwd IAT Max,Down/Up Ratio,-0.09918883765317266,0.09918883765317266
Protocol,Bwd IAT Mean,-0.09917919906995076,0.09917919906995076
RST Flag Cnt,URG Flag Cnt,-0.0991664902736134,0.0991664902736134
URG Flag Cnt,ECE Flag Cnt,-0.09909136542489899,0.09909136542489899
Pkt Len Mean,Idle Mean,0.09887943033446808,0.09887943033446808
Fwd IAT Max,Init Bwd Win Byts,-0.09882727903492505,0.09882727903492505
Pkt Len Var,URG Flag Cnt,-0.09881019149954995,0.09881019149954995
Fwd Pkts/s,ACK Flag Cnt,0.09856460637083746,0.09856460637083746
Bwd IAT Max,ACK Flag Cnt,-0.09840821030710345,0.09840821030710345
Pkt Len Min,Pkt Size Avg,0.09828025741381315,0.09828025741381315
Bwd Pkt Len Std,Fwd IAT Mean,-0.09797653868817488,0.09797653868817488
Flow Pkts/s,RST Flag Cnt,-0.09779150240761196,0.09779150240761196
Flow Pkts/s,ECE Flag Cnt,-0.09778768219129415,0.09778768219129415
Fwd Pkt Len Mean,Bwd IAT Std,0.0977046499610483,0.0977046499610483
Bwd IAT Std,Fwd Seg Size Avg,0.09770464996104829,0.09770464996104829
Dst Port,Bwd IAT Std,-0.09764263327814116,0.09764263327814116
Flow IAT Std,RST Flag Cnt,0.09754708035023868,0.09754708035023868
Flow IAT Std,ECE Flag Cnt,0.09754169066715361,0.09754169066715361
Bwd Pkt Len Std,Idle Max,0.0973755171401591,0.0973755171401591
Fwd Pkt Len Min,Fwd IAT Mean,-0.09729886470613816,0.09729886470613816
Fwd IAT Mean,Init Bwd Win Byts,-0.09728185718141714,0.09728185718141714
Flow IAT Mean,Pkt Len Var,-0.0970252673923283,0.0970252673923283
Protocol,Fwd Pkts/s,-0.09643887350002929,0.09643887350002929
Flow IAT Mean,ECE Flag Cnt,-0.09641313894966007,0.09641313894966007
Flow IAT Mean,RST Flag Cnt,-0.09641052982305846,0.09641052982305846
Bwd Pkt Len Std,Fwd IAT Max,0.09635117328462271,0.09635117328462271
Fwd Pkt Len Mean,Flow IAT Std,0.09630767347163342,0.09630767347163342
Flow IAT Std,Fwd Seg Size Avg,0.09630767347163342,0.09630767347163342
Flow IAT Mean,Init Bwd Win Byts,-0.09623751229235497,0.09623751229235497
Dst Port,FIN Flag Cnt,0.09621018380741667,0.09621018380741667
Pkt Len Std,Idle Max,0.09609713744957948,0.09609713744957948
Fwd PSH Flags,Init Fwd Win Byts,-0.09606368398312613,0.09606368398312613
SYN Flag Cnt,Init Fwd Win Byts,-0.09606368398312613,0.09606368398312613
Flow Duration,Init Bwd Win Byts,-0.09580802385428597,0.09580802385428597
Bwd Pkt Len Max,Idle Min,0.09532394166695696,0.09532394166695696
Flow IAT Mean,Pkt Len Min,-0.0952798787945371,0.0952798787945371
Fwd IAT Max,Pkt Len Std,0.09480805912542553,0.09480805912542553
Dst Port,Flow Byts/s,0.09434651053067825,0.09434651053067825
Flow Pkts/s,Pkt Len Min,-0.09418666392050563,0.09418666392050563
Bwd Header Len,Pkt Len Std,0.09394234451157746,0.09394234451157746
TotLen Bwd Pkts,Pkt Len Var,0.09373115524040672,0.09373115524040672
Pkt Len Var,Subflow Bwd Byts,0.09373073626189832,0.09373073626189832
Bwd Pkt Len Std,Idle Mean,0.09371210352018795,0.09371210352018795
Fwd IAT Tot,Init Bwd Win Byts,-0.09351085719650125,0.09351085719650125
Fwd IAT Min,Init Bwd Win Byts,-0.09346589288895368,0.09346589288895368
Protocol,Active Max,-0.09312294964852146,0.09312294964852146
Fwd PSH Flags,Pkt Len Min,-0.0930765098618671,0.0930765098618671
Pkt Len Min,SYN Flag Cnt,-0.0930765098618671,0.0930765098618671
Fwd Pkts/s,Pkt Len Var,-0.09246155356952371,0.09246155356952371
Flow IAT Max,Pkt Len Max,0.09234531854153252,0.09234531854153252
Flow IAT Min,Init Bwd Win Byts,-0.09224592716328034,0.09224592716328034
Fwd PSH Flags,Pkt Len Var,-0.0921969023787279,0.0921969023787279
Pkt Len Var,SYN Flag Cnt,-0.09219690237872788,0.09219690237872788
Bwd Pkts/s,Pkt Len Var,-0.091900100969353,0.091900100969353
Protocol,Bwd Pkts/s,-0.09184126705437173,0.09184126705437173
Pkt Len Max,Idle Max,0.09157893964199003,0.09157893964199003
Pkt Len Min,URG Flag Cnt,-0.091416830716239,0.091416830716239
Pkt Len Std,Idle Mean,0.09128916894041984,0.09128916894041984
Flow IAT Min,Pkt Len Min,-0.09128691826444393,0.09128691826444393
Bwd Pkt Len Min,Bwd IAT Max,-0.09120483899566373,0.09120483899566373
Flow Duration,RST Flag Cnt,0.0912025447273179,0.0912025447273179
Flow Duration,ECE Flag Cnt,0.09119541643514453,0.09119541643514453
Fwd IAT Max,Src Port,-0.09097668111029014,0.09097668111029014
Fwd IAT Min,Pkt Len Min,-0.09079612959932604,0.09079612959932604
Bwd IAT Tot,Src Port,0.09061240451330616,0.09061240451330616
Fwd Pkt Len Min,Flow IAT Mean,-0.09010913671197528,0.09010913671197528
Bwd Pkt Len Max,Init Fwd Win Byts,0.08986824651006182,0.08986824651006182
Fwd IAT Std,Pkt Len Min,-0.0898265092935905,0.0898265092935905
Bwd Pkt Len Min,Fwd Pkts/s,-0.08982425692325459,0.08982425692325459
Bwd IAT Mean,Pkt Len Var,0.08973033291832247,0.08973033291832247
Bwd IAT Mean,PSH Flag Cnt,0.08953777768193884,0.08953777768193884
Fwd Pkt Len Max,SYN Flag Cnt,-0.08929081917697096,0.08929081917697096
Fwd Pkt Len Max,Fwd PSH Flags,-0.08929081917697096,0.08929081917697096
Pkt Len Std,Subflow Bwd Pkts,0.08920093618520086,0.08920093618520086
Tot Bwd Pkts,Pkt Len Std,0.08920093618520085,0.08920093618520085
Fwd IAT Max,Pkt Len Max,0.08878037410874454,0.08878037410874454
Fwd IAT Mean,Fwd IAT Std,0.08808672386714143,0.08808672386714143
Fwd Seg Size Min,Active Max,-0.08806238790379911,0.08806238790379911
Fwd Pkt Len Mean,Idle Min,-0.08795826112399428,0.08795826112399428
Fwd Seg Size Avg,Idle Min,-0.08795826112399428,0.08795826112399428
Pkt Len Std,Idle Std,0.087898025977973,0.087898025977973
Active Min,Idle Std,0.08751676721947942,0.08751676721947942
Flow IAT Max,Down/Up Ratio,-0.08751093425352799,0.08751093425352799
Pkt Len Mean,Idle Min,0.08749452483604561,0.08749452483604561
Fwd IAT Tot,RST Flag Cnt,0.08738624655606168,0.08738624655606168
Fwd IAT Tot,ECE Flag Cnt,0.08737929365564162,0.08737929365564162
Fwd IAT Mean,ECE Flag Cnt,-0.08723829326419179,0.08723829326419179
Fwd IAT Mean,RST Flag Cnt,-0.08723527506503387,0.08723527506503387
Dst Port,Flow Duration,-0.0870326062467157,0.0870326062467157
Fwd PSH Flags,Fwd Pkts/s,0.08695963136811034,0.08695963136811034
Fwd Pkts/s,SYN Flag Cnt,0.08695963136811034,0.08695963136811034
Pkt Len Max,Idle Mean,0.08693905439173427,0.08693905439173427
Flow IAT Max,Src Port,-0.0869226315814319,0.0869226315814319
Flow Byts/s,Src Port,-0.08677088583938793,0.08677088583938793
Bwd Pkt Len Std,Idle Min,0.08661650028048189,0.08661650028048189
Fwd Pkt Len Min,Flow IAT Min,-0.08643035072846185,0.08643035072846185
Bwd Pkt Len Min,Bwd Pkts/s,-0.08608271955919392,0.08608271955919392
Fwd Pkt Len Min,Fwd IAT Min,-0.08556817626940134,0.08556817626940134
Flow Duration,Bwd Header Len,0.08521291601666577,0.08521291601666577
Fwd Pkt Len Min,Fwd IAT Std,-0.08510489132071572,0.08510489132071572
Bwd Pkts/s,URG Flag Cnt,0.08500309460803539,0.08500309460803539
Fwd Pkts/s,RST Flag Cnt,-0.08464668338257222,0.08464668338257222
Fwd Pkts/s,ECE Flag Cnt,-0.08464469606190038,0.08464469606190038
Bwd IAT Std,Src Port,0.08436893474723405,0.08436893474723405
Fwd Pkt Len Min,URG Flag Cnt,-0.08411270537580767,0.08411270537580767
Bwd Pkt Len Max,Idle Std,0.08403145524591772,0.08403145524591772
Fwd IAT Std,Fwd Seg Size Min,0.0839141928709907,0.0839141928709907
Flow Pkts/s,Init Bwd Win Byts,-0.08383952426346568,0.08383952426346568
Bwd Pkts/s,RST Flag Cnt,-0.08364932197537994,0.08364932197537994
Bwd Pkts/s,ECE Flag Cnt,-0.08364312421904452,0.08364312421904452
Dst Port,Flow IAT Std,-0.08362143372547343,0.08362143372547343
Bwd Pkt Len Max,Bwd Header Len,0.08351682409952581,0.08351682409952581
Dst Port,Fwd IAT Tot,-0.08312863619720054,0.08312863619720054
Pkt Len Max,Idle Std,0.08312809576900256,0.08312809576900256
Bwd IAT Tot,Fwd Seg Size Avg,0.08312645314747633,0.08312645314747633
Fwd Pkt Len Mean,Bwd IAT Tot,0.08312645314747631,0.08312645314747631
Pkt Len Std,Idle Min,0.08311793376802085,0.08311793376802085
Protocol,Active Mean,-0.08305209911390599,0.08305209911390599
Fwd Seg Size Min,Active Std,-0.08295865379491482,0.08295865379491482
Bwd IAT Mean,Bwd Seg Size Avg,0.08262568297009161,0.08262568297009161
Bwd Pkt Len Mean,Bwd IAT Mean,0.08262568297009158,0.08262568297009158
Fwd Pkts/s,Pkt Len Min,-0.0824045436864675,0.0824045436864675
Fwd Seg Size Avg,Fwd Seg Size Min,0.08237422957721119,0.08237422957721119
Fwd Pkt Len Mean,Fwd Seg Size Min,0.08237422957721119,0.08237422957721119
Fwd Pkt Len Min,Flow Pkts/s,-0.08220460030486229,0.08220460030486229
Flow IAT Std,Pkt Len Min,-0.08216052957248263,0.08216052957248263
Pkt Size Avg,Idle Max,0.08210160776334922,0.08210160776334922
Flow IAT Max,Pkt Size Avg,0.08206437496767952,0.08206437496767952
Fwd Pkt Len Mean,Bwd IAT Max,0.08192376416804831,0.08192376416804831
Bwd IAT Max,Fwd Seg Size Avg,0.0819237641680483,0.0819237641680483
Fwd Seg Size Avg,Idle Mean,-0.08191990944281109,0.08191990944281109
Fwd Pkt Len Mean,Idle Mean,-0.08191990944281109,0.08191990944281109
Bwd IAT Mean,Pkt Len Min,-0.08176381050638984,0.08176381050638984
Flow Duration,Flow Pkts/s,-0.08146813349053234,0.08146813349053234
Flow Duration,Tot Bwd Pkts,0.08107339627864774,0.08107339627864774
Flow Duration,Subflow Bwd Pkts,0.08107339627864774,0.08107339627864774
Bwd IAT Std,Fwd Seg Size Min,0.08074325884842475,0.08074325884842475
Bwd Header Len,Pkt Len Max,0.08018608700823678,0.08018608700823678
Bwd IAT Max,Fwd PSH Flags,0.07996198685944512,0.07996198685944512
Bwd IAT Max,SYN Flag Cnt,0.07996198685944512,0.07996198685944512
Flow Pkts/s,Fwd IAT Tot,-0.07972096938414615,0.07972096938414615
Fwd PSH Flags,Init Bwd Win Byts,-0.0793847722224158,0.0793847722224158
SYN Flag Cnt,Init Bwd Win Byts,-0.0793847722224158,0.0793847722224158
Fwd Seg Size Min,Active Mean,-0.07932235236975406,0.07932235236975406
Fwd IAT Mean,Bwd IAT Max,0.07921416597404722,0.07921416597404722
Pkt Len Max,Idle Min,0.07902594072875865,0.07902594072875865
Bwd Pkts/s,Pkt Len Min,-0.07862802488870996,0.07862802488870996
Fwd IAT Tot,Bwd Header Len,0.07842730916871109,0.07842730916871109
Bwd Pkt Len Max,Subflow Bwd Pkts,0.07837305285805289,0.07837305285805289
Tot Bwd Pkts,Bwd Pkt Len Max,0.07837305285805289,0.07837305285805289
Dst Port,Bwd IAT Mean,-0.07784075917117456,0.07784075917117456
Flow Duration,Fwd Pkt Len Std,0.07718796962175954,0.07718796962175954
Fwd IAT Max,Pkt Size Avg,0.07685770334002937,0.07685770334002937
Fwd Pkt Len Min,Flow IAT Std,-0.07683820235241216,0.07683820235241216
Bwd IAT Tot,Active Max,0.07635501793686265,0.07635501793686265
Bwd Pkt Len Min,Flow IAT Std,-0.07630809671826182,0.07630809671826182
Bwd Pkt Len Std,Idle Std,0.07613396542212415,0.07613396542212415
Protocol,Active Std,-0.0760506503209679,0.0760506503209679
Flow IAT Std,Fwd Seg Size Min,0.07581898655348802,0.07581898655348802
Fwd Pkt Len Min,Bwd IAT Mean,-0.07562070777205221,0.07562070777205221
TotLen Bwd Pkts,Bwd IAT Tot,0.07548139137517412,0.07548139137517412
Bwd IAT Tot,Subflow Bwd Byts,0.07548015387311251,0.07548015387311251
Bwd IAT Mean,Pkt Len Mean,0.07543699575943032,0.07543699575943032
Fwd Pkt Len Std,Fwd IAT Tot,0.07506552437017087,0.07506552437017087
Bwd IAT Max,Src Port,0.07495986388206374,0.07495986388206374
Tot Bwd Pkts,Pkt Len Max,0.07477614978824519,0.07477614978824519
Pkt Len Max,Subflow Bwd Pkts,0.07477614978824519,0.07477614978824519
Fwd Pkt Len Min,Fwd Pkts/s,-0.07470353574564925,0.07470353574564925
Fwd IAT Tot,Subflow Bwd Pkts,0.07431833472904906,0.07431833472904906
Tot Bwd Pkts,Fwd IAT Tot,0.07431833472904906,0.07431833472904906
Bwd IAT Tot,Fwd Seg Size Min,0.0739997806773578,0.0739997806773578
Fwd Pkt Len Mean,Idle Max,-0.07398853565941783,0.07398853565941783
Fwd Seg Size Avg,Idle Max,-0.07398853565941783,0.07398853565941783
Dst Port,Fwd IAT Std,-0.07392046443565832,0.07392046443565832
Flow Pkts/s,Flow IAT Max,-0.07374287944309775,0.07374287944309775
Fwd Pkts/s,FIN Flag Cnt,0.07361006852198838,0.07361006852198838
Bwd Pkt Len Min,Pkt Size Avg,0.0735673591497915,0.0735673591497915
Bwd Pkt Len Min,Fwd IAT Std,-0.07346209969800646,0.07346209969800646
Fwd Pkts/s,Init Bwd Win Byts,-0.07311306375174263,0.07311306375174263
Fwd Pkt Len Max,Bwd IAT Mean,0.07301188696956257,0.07301188696956257
Fwd Pkt Len Min,SYN Flag Cnt,-0.07297881549206417,0.07297881549206417
Fwd Pkt Len Min,Fwd PSH Flags,-0.07297881549206417,0.07297881549206417
URG Flag Cnt,Init Fwd Win Byts,-0.07271961709679929,0.07271961709679929
Pkt Size Avg,Idle Mean,0.07271568415636467,0.07271568415636467
Fwd IAT Mean,Pkt Len Var,-0.07269582426797018,0.07269582426797018
Active Min,Src Port,-0.07238901731727646,0.07238901731727646
Dst Port,Flow IAT Min,0.07196291128324554,0.07196291128324554
Flow Pkts/s,Fwd IAT Max,-0.07176943097395187,0.07176943097395187
Down/Up Ratio,Idle Min,-0.07138342334276278,0.07138342334276278
Active Max,Idle Max,0.07116953133252936,0.07116953133252936
Flow Duration,URG Flag Cnt,-0.07095911374355274,0.07095911374355274
Fwd PSH Flags,Pkt Size Avg,-0.07092543896924361,0.07092543896924361
SYN Flag Cnt,Pkt Size Avg,-0.07092543896924361,0.07092543896924361
Bwd IAT Max,Fwd Seg Size Min,0.07075249834965062,0.07075249834965062
Bwd Pkts/s,Init Bwd Win Byts,-0.07054937364477183,0.07054937364477183
Flow Duration,Fwd Pkts/s,-0.07038904052353942,0.07038904052353942
Flow Duration,Bwd Pkts/s,-0.07002960945179414,0.07002960945179414
Flow Pkts/s,Fwd PSH Flags,0.0696071656855375,0.0696071656855375
Flow Pkts/s,SYN Flag Cnt,0.0696071656855375,0.0696071656855375
Fwd PSH Flags,Pkt Len Mean,-0.06957651230980749,0.06957651230980749
Pkt Len Mean,SYN Flag Cnt,-0.06957651230980748,0.06957651230980748
Bwd IAT Max,Bwd Header Len,0.06946676315332448,0.06946676315332448
Fwd IAT Tot,URG Flag Cnt,-0.06942376803304745,0.06942376803304745
Fwd URG Flags,URG Flag Cnt,0.06902888619746278,0.06902888619746278
URG Flag Cnt,CWE Flag Count,0.06902888619746277,0.06902888619746277
Down/Up Ratio,Idle Mean,-0.06895525582970699,0.06895525582970699
Fwd IAT Tot,Fwd Pkts/s,-0.06888070956273512,0.06888070956273512
Dst Port,Fwd IAT Min,0.06858198473104735,0.06858198473104735
Fwd IAT Tot,Bwd Pkts/s,-0.06852927077648673,0.06852927077648673
Bwd IAT Max,Subflow Bwd Pkts,0.06770879355619074,0.06770879355619074
Tot Bwd Pkts,Bwd IAT Max,0.06770879355619074,0.06770879355619074
Protocol,Pkt Len Mean,-0.06755796233938187,0.06755796233938187
Fwd URG Flags,SYN Flag Cnt,0.06730985575580971,0.06730985575580971
Fwd PSH Flags,CWE Flag Count,0.06730985575580971,0.06730985575580971
SYN Flag Cnt,CWE Flag Count,0.06730985575580971,0.06730985575580971
Fwd PSH Flags,Fwd URG Flags,0.06730985575580971,0.06730985575580971
Flow IAT Std,Active Max,0.06708346207301515,0.06708346207301515
TotLen Bwd Pkts,Pkt Len Std,0.06665973118033955,0.06665973118033955
Pkt Len Std,Subflow Bwd Byts,0.06665935172396253,0.06665935172396253
Fwd IAT Mean,Bwd IAT Tot,0.06636475027301013,0.06636475027301013
Pkt Len Min,Fwd Seg Size Avg,0.06621610320988776,0.06621610320988776
Fwd Pkt Len Mean,Pkt Len Min,0.06621610320988776,0.06621610320988776
Down/Up Ratio,Idle Max,-0.0662080515138663,0.0662080515138663
Active Mean,Idle Max,0.06527229273108592,0.06527229273108592
Flow IAT Max,Fwd Seg Size Avg,-0.06494777821637387,0.06494777821637387
Fwd Pkt Len Mean,Flow IAT Max,-0.06494777821637387,0.06494777821637387
Fwd IAT Std,Src Port,0.06409878443794569,0.06409878443794569
Pkt Len Mean,Init Fwd Win Byts,0.06388520714149772,0.06388520714149772
Flow IAT Min,Bwd IAT Tot,-0.06380489805861325,0.06380489805861325
Fwd Pkt Len Std,Fwd PSH Flags,-0.0637435826262687,0.0637435826262687
Fwd Pkt Len Std,SYN Flag Cnt,-0.0637435826262687,0.0637435826262687
Flow IAT Max,Fwd Pkts/s,-0.06372059513408745,0.06372059513408745
Flow IAT Max,Bwd Pkts/s,-0.0633920712000698,0.0633920712000698
Fwd IAT Std,Active Max,0.06326674954042145,0.06326674954042145
Bwd IAT Mean,Pkt Size Avg,0.06323249692082515,0.06323249692082515
Fwd Pkt Len Mean,Fwd IAT Max,-0.06319117730633105,0.06319117730633105
Fwd IAT Max,Fwd Seg Size Avg,-0.06319117730633105,0.06319117730633105
Fwd IAT Tot,Down/Up Ratio,-0.06289677850073841,0.06289677850073841
Flow Pkts/s,Idle Max,-0.06281203419361653,0.06281203419361653
Bwd Pkt Len Min,Bwd IAT Min,0.06266346867273265,0.06266346867273265
Fwd Pkt Len Min,Bwd Pkts/s,-0.06260873165048336,0.06260873165048336
Dst Port,Flow IAT Mean,0.06233412044964502,0.06233412044964502
Flow Pkts/s,Idle Mean,-0.06212401269326308,0.06212401269326308
Fwd IAT Max,Fwd Pkts/s,-0.062016483261307126,0.062016483261307126
Pkt Size Avg,Idle Min,0.06191211999327064,0.06191211999327064
Fwd IAT Max,Bwd Pkts/s,-0.06169702073825685,0.06169702073825685
Flow IAT Max,Active Max,0.06151267135236206,0.06151267135236206
Flow Duration,TotLen Bwd Pkts,0.06145546423088644,0.06145546423088644
Flow Duration,Subflow Bwd Byts,0.06145489501488174,0.06145489501488174
Protocol,Fwd Seg Size Avg,-0.06136893747414696,0.06136893747414696
Protocol,Fwd Pkt Len Mean,-0.06136893747414696,0.06136893747414696
Protocol,Active Min,-0.06082804671910618,0.06082804671910618
Flow Pkts/s,Idle Min,-0.06077409610690525,0.06077409610690525
Init Bwd Win Byts,Src Port,0.060441584791706256,0.060441584791706256
Flow Pkts/s,Bwd IAT Tot,-0.06043916360563228,0.06043916360563228
Bwd IAT Min,ACK Flag Cnt,0.060078103500772466,0.060078103500772466
Fwd IAT Max,Active Max,0.059320661365816936,0.059320661365816936
Flow Pkts/s,ACK Flag Cnt,0.05909174515852752,0.05909174515852752
Flow Pkts/s,FIN Flag Cnt,0.058916160707082194,0.058916160707082194
Flow IAT Std,Active Mean,0.05887821226155499,0.05887821226155499
Fwd Pkt Len Mean,FIN Flag Cnt,-0.05855321684469887,0.05855321684469887
FIN Flag Cnt,Fwd Seg Size Avg,-0.05855321684469885,0.05855321684469885
SYN Flag Cnt,Fwd Seg Size Min,0.058454317732541526,0.058454317732541526
Fwd PSH Flags,Fwd Seg Size Min,0.058454317732541526,0.058454317732541526
Flow IAT Std,Flow IAT Min,-0.05820090097990543,0.05820090097990543
Fwd Pkt Len Mean,Fwd PSH Flags,-0.05812159902165355,0.05812159902165355
Fwd Pkt Len Mean,SYN Flag Cnt,-0.05812159902165355,0.05812159902165355
Fwd PSH Flags,Fwd Seg Size Avg,-0.058121599021653536,0.058121599021653536
SYN Flag Cnt,Fwd Seg Size Avg,-0.058121599021653536,0.058121599021653536
Flow IAT Max,URG Flag Cnt,-0.058086755949884446,0.058086755949884446
FIN Flag Cnt,PSH Flag Cnt,-0.058036331944243444,0.058036331944243444
FIN Flag Cnt,Pkt Size Avg,-0.05789059599442437,0.05789059599442437
Fwd IAT Min,Bwd IAT Min,0.05738016574706541,0.05738016574706541
Dst Port,Pkt Len Max,-0.05718173291483917,0.05718173291483917
Active Std,Idle Max,0.057143769101465965,0.057143769101465965
Fwd Seg Size Avg,Idle Std,0.056918422657064226,0.056918422657064226
Fwd Pkt Len Mean,Idle Std,0.056918422657064226,0.056918422657064226
Flow Pkts/s,Flow IAT Std,-0.0568779342512906,0.0568779342512906
Flow IAT Max,Active Mean,0.05676979802169882,0.05676979802169882
Flow IAT Min,Fwd IAT Std,-0.056633641356643484,0.056633641356643484
Fwd IAT Std,Fwd IAT Min,-0.056489385270262364,0.056489385270262364
Fwd IAT Max,URG Flag Cnt,-0.05643070104720705,0.05643070104720705
Bwd IAT Mean,RST Flag Cnt,0.0562596950038766,0.0562596950038766
Bwd IAT Mean,ECE Flag Cnt,0.05625609902838213,0.05625609902838213
Bwd Pkt Len Min,SYN Flag Cnt,-0.055870475182473595,0.055870475182473595
Bwd Pkt Len Min,Fwd PSH Flags,-0.055870475182473595,0.055870475182473595
Active Max,Idle Mean,0.055783208567335145,0.055783208567335145
Flow Byts/s,ACK Flag Cnt,0.055599269812111544,0.055599269812111544
Flow IAT Min,Bwd IAT Max,-0.05538848046542523,0.05538848046542523
Flow Pkts/s,Fwd IAT Mean,-0.05521100221610228,0.05521100221610228
Flow Pkts/s,Fwd IAT Std,-0.055083353668835995,0.055083353668835995
Bwd Pkts/s,ACK Flag Cnt,-0.05506182879076108,0.05506182879076108
Flow IAT Min,Bwd IAT Std,-0.05501945573993817,0.05501945573993817
Flow IAT Mean,Flow IAT Std,0.05497849534480956,0.05497849534480956
TotLen Bwd Pkts,Fwd IAT Tot,0.05480435417448767,0.05480435417448767
Fwd IAT Tot,Subflow Bwd Byts,0.054803892215501505,0.054803892215501505
Dst Port,Fwd IAT Mean,0.05439890331305621,0.05439890331305621
Fwd IAT Min,Bwd IAT Std,-0.05438812234175411,0.05438812234175411
Fwd Pkts/s,Idle Max,-0.054280848415413384,0.054280848415413384
Tot Bwd Pkts,Fwd Header Len,0.0541495679242572,0.0541495679242572
Fwd Header Len,Subflow Bwd Pkts,0.0541495679242572,0.0541495679242572
Fwd Header Len,Bwd Header Len,0.054129644234106294,0.054129644234106294
Bwd Pkts/s,Idle Max,-0.054001074765652496,0.054001074765652496
Fwd IAT Tot,Fwd Header Len,0.05392238898583532,0.05392238898583532
Flow Duration,Fwd Header Len,0.053811491260788186,0.053811491260788186
Fwd Pkt Len Std,Bwd IAT Mean,0.053811034368647585,0.053811034368647585
Fwd Pkts/s,Idle Mean,-0.05368658178100983,0.05368658178100983
Fwd Header Len,Subflow Bwd Byts,0.053635338461500655,0.053635338461500655
TotLen Bwd Pkts,Fwd Header Len,0.053634598003055686,0.053634598003055686
Fwd IAT Std,Active Mean,0.05358415970382293,0.05358415970382293
Bwd IAT Tot,URG Flag Cnt,-0.05353151615704678,0.05353151615704678
Flow Duration,Down/Up Ratio,-0.053439101096334644,0.053439101096334644
Flow IAT Std,Src Port,0.05343059571229355,0.05343059571229355
Bwd Pkts/s,Idle Mean,-0.05340989544106383,0.05340989544106383
Fwd IAT Max,Active Mean,0.05338497631157889,0.05338497631157889
TotLen Bwd Pkts,Bwd Pkt Len Max,0.05327942428747171,0.05327942428747171
Bwd Pkt Len Max,Subflow Bwd Byts,0.05327901565223792,0.05327901565223792
Fwd IAT Tot,Src Port,-0.05323921874463883,0.05323921874463883
Pkt Len Max,FIN Flag Cnt,-0.05281225090822081,0.05281225090822081
Bwd Pkt Len Min,Fwd Seg Size Avg,-0.05279806354109616,0.05279806354109616
Fwd Pkt Len Mean,Bwd Pkt Len Min,-0.05279806354109614,0.05279806354109614
Bwd IAT Tot,Active Std,0.052740663967355224,0.052740663967355224
Fwd Pkts/s,Idle Min,-0.05252059129050176,0.05252059129050176
Flow Pkts/s,Bwd IAT Max,-0.05246519059176486,0.05246519059176486
Flow IAT Mean,Bwd IAT Min,0.05233424878002264,0.05233424878002264
Pkt Len Mean,FIN Flag Cnt,-0.05232997480894837,0.05232997480894837
Bwd Pkts/s,Idle Min,-0.05224994132055608,0.05224994132055608
Bwd IAT Tot,Fwd Pkts/s,-0.052231587279025486,0.052231587279025486
Idle Std,Idle Min,0.05222473827334319,0.05222473827334319
Active Mean,Idle Mean,0.05216630741405686,0.05216630741405686
Flow Pkts/s,Bwd IAT Std,-0.052064088802951936,0.052064088802951936
Bwd IAT Tot,Bwd Pkts/s,-0.05196147525792238,0.05196147525792238
Pkt Len Std,FIN Flag Cnt,-0.051843171709638106,0.051843171709638106
TotLen Bwd Pkts,Bwd IAT Max,0.05146260699776788,0.05146260699776788
Bwd IAT Max,Subflow Bwd Byts,0.051461751344992895,0.051461751344992895
Fwd PSH Flags,Idle Max,0.0513045818539901,0.0513045818539901
SYN Flag Cnt,Idle Max,0.0513045818539901,0.0513045818539901
Fwd Seg Size Min,Active Min,-0.05126023703680305,0.05126023703680305
Flow Pkts/s,Flow IAT Mean,-0.05118443606190874,0.05118443606190874
URG Flag Cnt,Idle Mean,-0.05086627217810545,0.05086627217810545
Fwd IAT Tot,Subflow Fwd Byts,0.05084994419003289,0.05084994419003289
TotLen Fwd Pkts,Fwd IAT Tot,0.05084994419003289,0.05084994419003289
Bwd IAT Max,Active Max,0.050644612024401126,0.050644612024401126
Flow Duration,TotLen Fwd Pkts,0.050556386090469106,0.050556386090469106
Flow Duration,Subflow Fwd Byts,0.050556386090469106,0.050556386090469106
Fwd IAT Std,Active Std,0.050554205772011085,0.050554205772011085
URG Flag Cnt,Idle Min,-0.05050958573051976,0.05050958573051976
Flow Duration,Src Port,-0.05047831588463433,0.05047831588463433
Bwd IAT Max,Down/Up Ratio,0.05042654378166452,0.05042654378166452
Fwd IAT Max,Active Std,0.050268624131704145,0.050268624131704145
URG Flag Cnt,Idle Max,-0.05023908519934022,0.05023908519934022
TotLen Bwd Pkts,Pkt Len Max,0.05000732187693052,0.05000732187693052
Pkt Len Max,Subflow Bwd Byts,0.050006937530931245,0.050006937530931245
Tot Fwd Pkts,Fwd IAT Tot,0.049780870383730524,0.049780870383730524
Fwd IAT Tot,Subflow Fwd Pkts,0.049780870383730524,0.049780870383730524
Fwd Pkt Len Max,Bwd Header Len,0.049755915809039035,0.049755915809039035
Flow IAT Max,Active Std,0.04966902584203592,0.04966902584203592
Pkt Size Avg,Fwd Seg Size Min,-0.04953015229178666,0.04953015229178666
Flow Duration,Subflow Fwd Pkts,0.04949902938485086,0.04949902938485086
Flow Duration,Tot Fwd Pkts,0.04949902938485086,0.04949902938485086
Flow IAT Std,Active Std,0.049320226704404925,0.049320226704404925
Flow IAT Std,Fwd Pkts/s,-0.04915513106308342,0.04915513106308342
Flow IAT Std,Bwd Pkts/s,-0.04890168200418572,0.04890168200418572
Bwd Pkt Len Max,FIN Flag Cnt,-0.04881119539245709,0.04881119539245709
Active Min,Idle Max,0.04879546371421589,0.04879546371421589
Bwd IAT Mean,Fwd Seg Size Min,0.04857173453387622,0.04857173453387622
Fwd PSH Flags,Idle Mean,0.04852081830659865,0.04852081830659865
SYN Flag Cnt,Idle Mean,0.04852081830659865,0.04852081830659865
Fwd IAT Min,Bwd IAT Tot,-0.0483534763892119,0.0483534763892119
Fwd IAT Mean,URG Flag Cnt,-0.048304297043429145,0.048304297043429145
FIN Flag Cnt,Bwd Seg Size Avg,-0.04803022810594177,0.04803022810594177
Bwd Pkt Len Mean,FIN Flag Cnt,-0.04803022810594177,0.04803022810594177
Flow IAT Std,Init Bwd Win Byts,-0.04794876796851572,0.04794876796851572
Fwd IAT Mean,Bwd IAT Std,0.04787738207167417,0.04787738207167417
Fwd IAT Mean,Fwd Pkts/s,-0.04771495171283943,0.04771495171283943
Fwd IAT Tot,Fwd Act Data Pkts,0.0477079980887574,0.0477079980887574
Fwd IAT Std,Fwd Pkts/s,-0.04760485983013905,0.04760485983013905
Fwd IAT Mean,Bwd Pkts/s,-0.04746953611651894,0.04746953611651894
Flow Pkts/s,URG Flag Cnt,0.047396167942154004,0.047396167942154004
Flow Duration,Fwd Act Data Pkts,0.04736316822238413,0.04736316822238413
Fwd IAT Std,Bwd Pkts/s,-0.047359432837654036,0.047359432837654036
Fwd Pkt Len Max,FIN Flag Cnt,-0.04677469724588237,0.04677469724588237
Pkt Len Min,Idle Std,0.046681101618979724,0.046681101618979724
Bwd IAT Min,Idle Std,0.046607815460258564,0.046607815460258564
Flow IAT Mean,Bwd IAT Mean,0.0461942217343535,0.0461942217343535
Flow IAT Std,Active Min,0.046160299441912495,0.046160299441912495
Protocol,Idle Std,-0.04585227600011764,0.04585227600011764
Fwd Pkt Len Max,Idle Std,0.04584731653746858,0.04584731653746858
Flow Pkts/s,Fwd IAT Min,-0.04571558413096944,0.04571558413096944
Flow IAT Mean,URG Flag Cnt,-0.04555696715342174,0.04555696715342174
Bwd IAT Max,Fwd Pkts/s,-0.04534329166338753,0.04534329166338753
Bwd IAT Max,Bwd Pkts/s,-0.0451086897765228,0.0451086897765228
Bwd IAT Std,Fwd Pkts/s,-0.04499660058288878,0.04499660058288878
Flow Pkts/s,PSH Flag Cnt,0.04499107293351034,0.04499107293351034
SYN Flag Cnt,Idle Min,0.044958805714973925,0.044958805714973925
Fwd PSH Flags,Idle Min,0.044958805714973925,0.044958805714973925
Flow Pkts/s,Flow IAT Min,-0.04493009264382402,0.04493009264382402
Bwd IAT Std,Bwd Pkts/s,-0.0447643177427139,0.0447643177427139
Tot Bwd Pkts,Fwd Pkt Len Max,0.04462894971202835,0.04462894971202835
Fwd Pkt Len Max,Subflow Bwd Pkts,0.04462894971202835,0.04462894971202835
Flow Pkts/s,Init Fwd Win Byts,0.044259848432958826,0.044259848432958826
Flow IAT Mean,Fwd Pkts/s,-0.044236383071800715,0.044236383071800715
Bwd Pkt Len Std,FIN Flag Cnt,-0.0441115176775531,0.0441115176775531
Pkt Size Avg,Init Fwd Win Byts,0.04403087057892525,0.04403087057892525
Flow IAT Mean,Bwd Pkts/s,-0.04400881481844073,0.04400881481844073
Bwd IAT Std,Active Max,0.04389131463282725,0.04389131463282725
Bwd IAT Tot,Init Bwd Win Byts,-0.04358424322550132,0.04358424322550132
PSH Flag Cnt,Idle Std,0.04350658430235857,0.04350658430235857
Flow IAT Min,Fwd PSH Flags,-0.04347031331119695,0.04347031331119695
Flow IAT Min,SYN Flag Cnt,-0.04347031331119695,0.04347031331119695
Bwd IAT Max,Active Mean,0.04335620640039905,0.04335620640039905
Fwd Pkt Len Min,Idle Std,0.043188704816182734,0.043188704816182734
URG Flag Cnt,Init Bwd Win Byts,-0.04294271885327493,0.04294271885327493
Fwd IAT Min,URG Flag Cnt,-0.042681380968422895,0.042681380968422895
Bwd Header Len,PSH Flag Cnt,0.04259849876109871,0.04259849876109871
Bwd IAT Tot,Active Mean,0.04253046767507005,0.04253046767507005
Active Std,Idle Mean,0.04240858932155904,0.04240858932155904
Fwd Pkt Len Std,FIN Flag Cnt,-0.04237122572147789,0.04237122572147789
Flow IAT Max,Active Min,0.042363917150061596,0.042363917150061596
Flow IAT Min,URG Flag Cnt,-0.0419365609905515,0.0419365609905515
Bwd Header Len,Active Max,0.0418413667782841,0.0418413667782841
Active Max,Idle Min,0.04174296058016846,0.04174296058016846
Subflow Bwd Pkts,Active Max,0.04157597727748706,0.04157597727748706
Tot Bwd Pkts,Active Max,0.04157597727748706,0.04157597727748706
Flow IAT Min,Bwd IAT Mean,-0.04149433153411725,0.04149433153411725
ACK Flag Cnt,Active Max,-0.041449665902505345,0.041449665902505345
Flow IAT Std,Init Fwd Win Byts,-0.04111036950943523,0.04111036950943523
Active Min,Idle Mean,0.040851956230530895,0.040851956230530895
Bwd Pkt Len Min,Idle Std,-0.04070221098087056,0.04070221098087056
Active Mean,Idle Min,0.04057666265357741,0.04057666265357741
CWE Flag Count,Fwd Seg Size Min,0.040368531171844475,0.040368531171844475
Fwd URG Flags,Fwd Seg Size Min,0.040368531171844475,0.040368531171844475
Protocol,FIN Flag Cnt,-0.04014756970947952,0.04014756970947952
Bwd Pkt Len Max,Flow Byts/s,-0.040091299143692465,0.040091299143692465
Bwd Pkt Len Std,Bwd Header Len,0.03995191743583647,0.03995191743583647
Fwd IAT Std,ACK Flag Cnt,-0.03989225060477454,0.03989225060477454
Bwd Pkt Len Min,Bwd Seg Size Avg,0.039889228152722854,0.039889228152722854
Bwd Pkt Len Min,Bwd Pkt Len Mean,0.03988922815272284,0.03988922815272284
Bwd Header Len,Idle Std,0.039671959631772134,0.039671959631772134
Fwd IAT Min,Fwd Pkts/s,-0.039511290344782256,0.039511290344782256
Flow Pkts/s,Bwd IAT Mean,-0.03939710616041392,0.03939710616041392
Subflow Bwd Pkts,Idle Std,0.03935993428181475,0.03935993428181475
Tot Bwd Pkts,Idle Std,0.03935993428181475,0.03935993428181475
Fwd IAT Min,Bwd Pkts/s,-0.03930816242624643,0.03930816242624643
Fwd IAT Std,Active Min,0.039137933021151226,0.039137933021151226
Flow Byts/s,PSH Flag Cnt,-0.03909017472775414,0.03909017472775414
FIN Flag Cnt,Init Fwd Win Byts,-0.03906613511072129,0.03906613511072129
Bwd IAT Mean,Src Port,0.03902866362648091,0.03902866362648091
SYN Flag Cnt,Idle Std,0.03884755495452549,0.03884755495452549
Fwd PSH Flags,Idle Std,0.03884755495452549,0.03884755495452549
Flow IAT Min,Fwd Pkts/s,-0.03883261221677878,0.03883261221677878
Flow IAT Min,Bwd Pkts/s,-0.03863290379205005,0.03863290379205005
Bwd Pkt Len Min,Active Max,-0.03837093456977448,0.03837093456977448
Fwd Pkt Len Std,Idle Min,-0.038322989613310494,0.038322989613310494
Bwd IAT Max,Active Std,0.038314945249285574,0.038314945249285574
TotLen Bwd Pkts,Active Max,0.03820145294505148,0.03820145294505148
Subflow Bwd Byts,Active Max,0.03820088773738359,0.03820088773738359
Fwd IAT Max,Active Min,0.03801911453265804,0.03801911453265804
Bwd Pkt Len Std,Bwd IAT Min,-0.03793233363380224,0.03793233363380224
Fwd IAT Max,SYN Flag Cnt,0.037628039791953484,0.037628039791953484
Fwd IAT Max,Fwd PSH Flags,0.037628039791953484,0.037628039791953484
PSH Flag Cnt,Subflow Bwd Pkts,0.03747226033879865,0.03747226033879865
Tot Bwd Pkts,PSH Flag Cnt,0.03747226033879865,0.03747226033879865
Dst Port,Pkt Len Var,-0.03724257456824564,0.03724257456824564
Bwd Pkt Len Min,FIN Flag Cnt,-0.03720219272465792,0.03720219272465792
Bwd Header Len,Idle Max,0.0370116084879554,0.0370116084879554
Fwd IAT Min,Fwd PSH Flags,-0.03668443742884804,0.03668443742884804
Fwd IAT Min,SYN Flag Cnt,-0.03668443742884804,0.03668443742884804
Bwd IAT Min,PSH Flag Cnt,-0.03661177161043683,0.03661177161043683
Pkt Len Var,FIN Flag Cnt,-0.03644086732130001,0.03644086732130001
Subflow Bwd Pkts,Idle Max,0.036345257367887435,0.036345257367887435
Tot Bwd Pkts,Idle Max,0.036345257367887435,0.036345257367887435
Fwd IAT Std,Init Bwd Win Byts,-0.03616944316815347,0.03616944316815347
Fwd IAT Std,Init Fwd Win Byts,-0.036027914972883844,0.036027914972883844
Flow IAT Max,SYN Flag Cnt,0.035521241500422095,0.035521241500422095
Flow IAT Max,Fwd PSH Flags,0.035521241500422095,0.035521241500422095
Protocol,Bwd IAT Min,-0.035469807083875406,0.035469807083875406
Fwd Pkt Len Std,Idle Mean,-0.03520445757638581,0.03520445757638581
ACK Flag Cnt,Active Mean,-0.03513292652336179,0.03513292652336179
Bwd IAT Max,URG Flag Cnt,-0.035020423779229606,0.035020423779229606
Bwd Pkt Len Std,Subflow Bwd Pkts,0.034961911382739214,0.034961911382739214
Tot Bwd Pkts,Bwd Pkt Len Std,0.034961911382739214,0.034961911382739214
Bwd Pkt Len Std,Flow Byts/s,-0.03495426812958185,0.03495426812958185
Bwd IAT Std,Active Std,0.034947769898241866,0.034947769898241866
Bwd IAT Tot,Down/Up Ratio,0.03476679657933056,0.03476679657933056
Bwd IAT Min,Pkt Len Max,-0.034513844886017025,0.034513844886017025
Pkt Len Min,FIN Flag Cnt,-0.03448228524223348,0.03448228524223348
Bwd Header Len,Idle Mean,0.03444411966702963,0.03444411966702963
FIN Flag Cnt,ECE Flag Cnt,-0.03441215501392919,0.03441215501392919
FIN Flag Cnt,RST Flag Cnt,-0.03441148406190378,0.03441148406190378
ACK Flag Cnt,Active Std,-0.03414053529975489,0.03414053529975489
Active Min,Idle Min,0.034093888526904106,0.034093888526904106
Bwd IAT Mean,Fwd Pkts/s,-0.03405175097975126,0.03405175097975126
Bwd Pkt Len Min,Active Mean,-0.03397266864321603,0.03397266864321603
Bwd IAT Mean,Bwd Pkts/s,-0.033876125910794454,0.033876125910794454
Subflow Bwd Pkts,Idle Mean,0.03377907853784227,0.03377907853784227
Tot Bwd Pkts,Idle Mean,0.03377907853784227,0.03377907853784227
Bwd IAT Std,Active Mean,0.03373959078831964,0.03373959078831964
Dst Port,Active Max,-0.03364102648338589,0.03364102648338589
Flow IAT Max,Bwd Header Len,0.03347488575445669,0.03347488575445669
Flow IAT Std,URG Flag Cnt,-0.03342946189700667,0.03342946189700667
TotLen Bwd Pkts,Idle Std,0.03340444839538457,0.03340444839538457
Subflow Bwd Byts,Idle Std,0.03340390558728788,0.03340390558728788
Bwd IAT Max,Active Min,0.03319097761694617,0.03319097761694617
Fwd Pkt Len Std,Idle Max,-0.03318789552242637,0.03318789552242637
Flow IAT Max,Subflow Bwd Pkts,0.03282196658721457,0.03282196658721457
Tot Bwd Pkts,Flow IAT Max,0.03282196658721457,0.03282196658721457
Flow Byts/s,Pkt Len Max,-0.03271063760172425,0.03271063760172425
Protocol,Bwd Pkt Len Mean,-0.032646082969827295,0.032646082969827295
Protocol,Bwd Seg Size Avg,-0.03264608296982727,0.03264608296982727
Dst Port,Bwd IAT Min,-0.032633586321356454,0.032633586321356454
Fwd Pkt Len Min,FIN Flag Cnt,-0.03259522939220822,0.03259522939220822
Flow Pkts/s,Down/Up Ratio,0.032314411596281935,0.032314411596281935
Bwd IAT Max,Init Bwd Win Byts,-0.03218168557371995,0.03218168557371995
Bwd IAT Tot,Fwd PSH Flags,0.032173848363934464,0.032173848363934464
Bwd IAT Tot,SYN Flag Cnt,0.032173848363934464,0.032173848363934464
Dst Port,Idle Std,-0.03209135196589006,0.03209135196589006
Dst Port,Pkt Len Std,-0.03194040296375862,0.03194040296375862
Flow IAT Std,ACK Flag Cnt,-0.03193272343553666,0.03193272343553666
Bwd IAT Min,Pkt Len Var,-0.031812476567884836,0.031812476567884836
Bwd Pkt Len Mean,Flow Byts/s,-0.03177565634083543,0.03177565634083543
Flow Byts/s,Bwd Seg Size Avg,-0.03177565634083543,0.03177565634083543
Bwd Pkt Len Max,Bwd IAT Min,-0.031606611549317015,0.031606611549317015
Bwd IAT Mean,Init Fwd Win Byts,-0.03130721488731401,0.03130721488731401
Bwd IAT Std,Down/Up Ratio,0.03125879568850181,0.03125879568850181
Bwd Header Len,Idle Min,0.03111136446868829,0.03111136446868829
Bwd IAT Min,Pkt Len Std,-0.03094288375116408,0.03094288375116408
Bwd Header Len,Active Mean,0.03072401696335283,0.03072401696335283
Tot Bwd Pkts,Active Mean,0.030715483852207494,0.030715483852207494
Subflow Bwd Pkts,Active Mean,0.030715483852207494,0.030715483852207494
RST Flag Cnt,Down/Up Ratio,-0.030692462167013997,0.030692462167013997
ECE Flag Cnt,Down/Up Ratio,-0.030683001401567444,0.030683001401567444
Subflow Bwd Pkts,Idle Min,0.030524413870268774,0.030524413870268774
Tot Bwd Pkts,Idle Min,0.030524413870268774,0.030524413870268774
Subflow Bwd Byts,Idle Max,0.030370474041240374,0.030370474041240374
TotLen Bwd Pkts,Idle Max,0.030370123240894796,0.030370123240894796
Flow Duration,Flow Byts/s,-0.030097122845931794,0.030097122845931794
Fwd IAT Std,URG Flag Cnt,-0.03002684025720303,0.03002684025720303
Bwd IAT Tot,Active Min,0.029480018852936052,0.029480018852936052
Flow Byts/s,Fwd IAT Tot,-0.02945641760397845,0.02945641760397845
Bwd Pkt Len Std,Down/Up Ratio,-0.029448757777033794,0.029448757777033794
Bwd IAT Min,ECE Flag Cnt,-0.02938628433959014,0.02938628433959014
Bwd IAT Min,RST Flag Cnt,-0.02938549895801566,0.02938549895801566
Init Bwd Win Byts,Idle Std,-0.029135421506269642,0.029135421506269642
ACK Flag Cnt,Idle Std,-0.029033342815908313,0.029033342815908313
Active Std,Idle Min,0.028686222189078774,0.028686222189078774
TotLen Bwd Pkts,Active Mean,0.028321267763135455,0.028321267763135455
Subflow Bwd Byts,Active Mean,0.028320877277664348,0.028320877277664348
Fwd Pkt Len Min,Pkt Len Mean,0.028296033414036394,0.028296033414036394
Fwd Pkt Len Mean,Bwd IAT Mean,0.028255991767280234,0.028255991767280234
Bwd IAT Mean,Fwd Seg Size Avg,0.02825599176728023,0.02825599176728023
Bwd IAT Std,Init Bwd Win Byts,-0.028230119347311112,0.028230119347311112
Subflow Bwd Byts,Idle Mean,0.02821392631977487,0.02821392631977487
TotLen Bwd Pkts,Idle Mean,0.028213527340472357,0.028213527340472357
Bwd IAT Min,Init Fwd Win Byts,-0.028183769731921993,0.028183769731921993
Fwd IAT Min,Bwd IAT Max,-0.028182350096197836,0.028182350096197836
Flow Duration,FIN Flag Cnt,-0.028068628824633027,0.028068628824633027
Dst Port,Active Mean,-0.02794306620623962,0.02794306620623962
Dst Port,Bwd Pkts/s,-0.027713389711366627,0.027713389711366627
Flow IAT Max,Subflow Bwd Byts,0.027606364312091545,0.027606364312091545
TotLen Bwd Pkts,Flow IAT Max,0.027606034383071274,0.027606034383071274
Bwd Pkt Len Min,Active Std,-0.027555898615950137,0.027555898615950137
Fwd IAT Tot,FIN Flag Cnt,-0.027482921003528712,0.027482921003528712
Down/Up Ratio,Idle Std,0.027433372601840117,0.027433372601840117
Bwd Pkt Len Min,Active Min,-0.027280300188449957,0.027280300188449957
Flow IAT Max,Fwd Seg Size Min,0.02726631094258178,0.02726631094258178
Flow Byts/s,Flow IAT Max,-0.02726389456776761,0.02726389456776761
Pkt Len Var,Down/Up Ratio,0.02686276143713358,0.02686276143713358
FIN Flag Cnt,Init Bwd Win Byts,-0.026760968780132333,0.026760968780132333
Bwd Header Len,Active Min,0.026694907981287513,0.026694907981287513
Tot Bwd Pkts,Active Min,0.026678963678069954,0.026678963678069954
Subflow Bwd Pkts,Active Min,0.026678963678069954,0.026678963678069954
Dst Port,Active Std,-0.02660426986680202,0.02660426986680202
Flow Byts/s,Fwd IAT Max,-0.026541656936327318,0.026541656936327318
Fwd Pkt Len Min,Bwd Seg Size Avg,-0.026512576169739253,0.026512576169739253
Fwd Pkt Len Min,Bwd Pkt Len Mean,-0.02651257616973924,0.02651257616973924
Flow Byts/s,Pkt Len Var,-0.026401374159907474,0.026401374159907474
Fwd IAT Min,Fwd Seg Size Min,-0.026327696468673202,0.026327696468673202
Bwd Pkt Len Mean,Fwd Seg Size Min,-0.026272349644921048,0.026272349644921048
Bwd Seg Size Avg,Fwd Seg Size Min,-0.026272349644921048,0.026272349644921048
Protocol,Bwd Header Len,-0.02625251738835767,0.02625251738835767
Bwd IAT Min,Pkt Len Min,-0.026234599905606656,0.026234599905606656
Fwd Pkt Len Max,Bwd IAT Min,-0.02615205924388964,0.02615205924388964
Flow Byts/s,Pkt Len Std,-0.026114557288875337,0.026114557288875337
Bwd Seg Size Avg,Init Fwd Win Byts,0.025922191725107274,0.025922191725107274
Bwd Pkt Len Mean,Init Fwd Win Byts,0.025922191725107274,0.025922191725107274
Pkt Len Min,Active Std,-0.02572474144247069,0.02572474144247069
Subflow Bwd Byts,Idle Min,0.025530269075938816,0.025530269075938816
TotLen Bwd Pkts,Idle Min,0.025529819859405986,0.025529819859405986
Bwd IAT Std,Bwd Header Len,0.025514720774360997,0.025514720774360997
Pkt Len Min,Bwd Seg Size Avg,-0.025434423485271133,0.025434423485271133
Bwd Pkt Len Mean,Pkt Len Min,-0.025434423485271133,0.025434423485271133
ACK Flag Cnt,Active Min,-0.025396412585964125,0.025396412585964125
Fwd Pkt Len Std,Bwd Header Len,0.02526671352587292,0.02526671352587292
Flow IAT Max,FIN Flag Cnt,-0.025258396680826172,0.025258396680826172
Bwd IAT Mean,URG Flag Cnt,-0.02524974592874034,0.02524974592874034
Flow IAT Min,Fwd Seg Size Min,-0.025166149176951244,0.025166149176951244
Pkt Len Var,Active Max,0.024729373980586045,0.024729373980586045
Fwd IAT Max,FIN Flag Cnt,-0.024607350453418747,0.024607350453418747
TotLen Bwd Pkts,Active Min,0.024476646500429786,0.024476646500429786
Subflow Bwd Byts,Active Min,0.02447633287690362,0.02447633287690362
Flow IAT Mean,Fwd IAT Std,0.02443910077345297,0.02443910077345297
Fwd IAT Min,Bwd IAT Mean,0.024279429688748497,0.024279429688748497
Pkt Len Min,Active Max,-0.024214711860858353,0.024214711860858353
Flow Byts/s,Init Bwd Win Byts,-0.024159976351442552,0.024159976351442552
Protocol,Pkt Size Avg,0.02401472938339763,0.02401472938339763
Init Fwd Win Byts,Active Max,-0.024012675400063837,0.024012675400063837
Bwd IAT Std,Active Min,0.023929442207176372,0.023929442207176372
Bwd Header Len,Active Std,0.02392024010754306,0.02392024010754306
Bwd IAT Std,URG Flag Cnt,-0.023860358657457784,0.023860358657457784
Bwd IAT Mean,Active Max,0.023836586479612207,0.023836586479612207
Subflow Bwd Pkts,Active Std,0.023798917188926426,0.023798917188926426
Tot Bwd Pkts,Active Std,0.023798917188926426,0.023798917188926426
Fwd Pkt Len Min,Active Std,-0.02364957983261407,0.02364957983261407
Fwd IAT Max,Fwd Seg Size Min,0.023627007176138005,0.023627007176138005
Fwd IAT Max,Bwd Header Len,0.023597686881237066,0.023597686881237066
Fwd IAT Std,Bwd Header Len,0.02349268968429484,0.02349268968429484
Fwd Pkt Len Min,Bwd IAT Min,-0.023334064783577666,0.023334064783577666
Flow Byts/s,Idle Max,-0.023223733943295542,0.023223733943295542
Bwd Pkt Len Min,Pkt Len Mean,-0.02319250971343642,0.02319250971343642
Fwd Pkt Len Std,Idle Std,0.02317197176488675,0.02317197176488675
Bwd IAT Std,Subflow Bwd Pkts,0.023130692356591685,0.023130692356591685
Tot Bwd Pkts,Bwd IAT Std,0.023130692356591685,0.023130692356591685
Dst Port,Idle Min,0.023064700290920143,0.023064700290920143
Flow Byts/s,Idle Mean,-0.022970545216495747,0.022970545216495747
Fwd IAT Max,Subflow Bwd Pkts,0.022961218197980186,0.022961218197980186
Tot Bwd Pkts,Fwd IAT Max,0.022961218197980186,0.022961218197980186
Pkt Len Max,Down/Up Ratio,-0.02290594125442869,0.02290594125442869
Bwd IAT Max,Init Fwd Win Byts,-0.022859606818866184,0.022859606818866184
Flow IAT Mean,SYN Flag Cnt,-0.02273507556492418,0.02273507556492418
Flow IAT Mean,Fwd PSH Flags,-0.02273507556492418,0.02273507556492418
Bwd Header Len,Pkt Len Min,-0.022684814903842627,0.022684814903842627
Pkt Len Mean,Active Max,0.022654788374634693,0.022654788374634693
TotLen Bwd Pkts,Fwd Pkt Len Max,0.02265288490722242,0.02265288490722242
Fwd Pkt Len Max,Subflow Bwd Byts,0.02265255554684402,0.02265255554684402
TotLen Fwd Pkts,Fwd Pkt Len Mean,0.02264856224370727,0.02264856224370727
Fwd Pkt Len Mean,Subflow Fwd Byts,0.022648562243707267,0.022648562243707267
TotLen Fwd Pkts,Fwd Seg Size Avg,0.022648562243707267,0.022648562243707267
Fwd Seg Size Avg,Subflow Fwd Byts,0.022648562243707263,0.022648562243707263
Flow Byts/s,Idle Min,-0.02247271274548691,0.02247271274548691
Flow Byts/s,Bwd IAT Tot,-0.022313964643638794,0.022313964643638794
Fwd Pkt Len Min,Active Max,-0.022187717833809927,0.022187717833809927
TotLen Bwd Pkts,Active Std,0.022187104100263245,0.022187104100263245
Subflow Bwd Byts,Active Std,0.02218674417452074,0.02218674417452074
Protocol,Fwd Act Data Pkts,0.022006290455216276,0.022006290455216276
FIN Flag Cnt,Idle Max,-0.021787000761323207,0.021787000761323207
Fwd IAT Mean,Idle Std,0.021572307966801645,0.021572307966801645
FIN Flag Cnt,Idle Mean,-0.02154847395624176,0.02154847395624176
RST Flag Cnt,Idle Std,0.021513526953179415,0.021513526953179415
ECE Flag Cnt,Idle Std,0.02151189170403602,0.02151189170403602
Tot Bwd Pkts,Fwd IAT Std,0.021419028352551592,0.021419028352551592
Fwd IAT Std,Subflow Bwd Pkts,0.021419028352551592,0.021419028352551592
Init Fwd Win Byts,Active Mean,-0.021391498661327613,0.021391498661327613
Fwd Pkt Len Min,Bwd Header Len,-0.021361811075692138,0.021361811075692138
Init Fwd Win Byts,Active Std,-0.02130045292053394,0.02130045292053394
Protocol,Tot Bwd Pkts,-0.021236376102362915,0.021236376102362915
Protocol,Subflow Bwd Pkts,-0.021236376102362915,0.021236376102362915
FIN Flag Cnt,Idle Min,-0.021080471045360392,0.021080471045360392
Protocol,Tot Fwd Pkts,0.021079787870489558,0.021079787870489558
Protocol,Subflow Fwd Pkts,0.021079787870489558,0.021079787870489558
Flow Byts/s,Flow IAT Std,-0.021036473024263095,0.021036473024263095
Fwd Pkts/s,URG Flag Cnt,0.020969271960166284,0.020969271960166284
Bwd IAT Tot,FIN Flag Cnt,-0.020959680459609515,0.020959680459609515
Tot Bwd Pkts,Fwd Pkt Len Std,0.020866721128628047,0.020866721128628047
Fwd Pkt Len Std,Subflow Bwd Pkts,0.020866721128628044,0.020866721128628044
Fwd IAT Max,PSH Flag Cnt,-0.020486148396554188,0.020486148396554188
Flow Byts/s,Fwd IAT Mean,-0.020434347855771886,0.020434347855771886
Dst Port,Active Min,-0.0203786904042871,0.0203786904042871
Flow Byts/s,Fwd IAT Std,-0.020369658710234762,0.020369658710234762
TotLen Bwd Pkts,Fwd PSH Flags,0.0198531684451252,0.0198531684451252
TotLen Bwd Pkts,SYN Flag Cnt,0.0198531684451252,0.0198531684451252
Fwd PSH Flags,Subflow Bwd Byts,0.019852815526662234,0.019852815526662234
SYN Flag Cnt,Subflow Bwd Byts,0.019852815526662234,0.019852815526662234
Pkt Len Mean,Fwd Seg Size Min,0.01983056640815906,0.01983056640815906
Dst Port,Idle Mean,0.019676772598785086,0.019676772598785086
Init Bwd Win Byts,Active Max,-0.01964364757845043,0.01964364757845043
Fwd Pkt Len Max,Idle Min,-0.019508312754211485,0.019508312754211485
Flow Byts/s,Bwd IAT Max,-0.019370485450633263,0.019370485450633263
Flow Byts/s,Bwd IAT Std,-0.019252766729037467,0.019252766729037467
Protocol,Subflow Fwd Byts,0.01916356355022509,0.01916356355022509
Protocol,TotLen Fwd Pkts,0.01916356355022509,0.01916356355022509
Flow IAT Std,FIN Flag Cnt,-0.019149433252648104,0.019149433252648104
Fwd IAT Mean,FIN Flag Cnt,-0.019011432410779128,0.019011432410779128
Flow Byts/s,Flow IAT Mean,-0.018944719130199763,0.018944719130199763
Fwd Pkt Len Max,Flow Byts/s,-0.018784627275436745,0.018784627275436745
Fwd IAT Tot,SYN Flag Cnt,0.01868453721538735,0.01868453721538735
Fwd IAT Tot,Fwd PSH Flags,0.01868453721538735,0.01868453721538735
Flow Byts/s,RST Flag Cnt,-0.01862069514240945,0.01862069514240945
Flow Byts/s,ECE Flag Cnt,-0.018613920794042293,0.018613920794042293
Flow Pkts/s,Idle Std,-0.018584245663575045,0.018584245663575045
Pkt Len Min,Subflow Bwd Pkts,-0.018571121364203573,0.018571121364203573
Tot Bwd Pkts,Pkt Len Min,-0.01857112136420357,0.01857112136420357
Fwd Pkt Len Std,Bwd IAT Min,-0.01856146941422773,0.01856146941422773
Protocol,Fwd Header Len,0.018502332676534252,0.018502332676534252
Fwd IAT Std,FIN Flag Cnt,-0.018480671752097454,0.018480671752097454
Idle Std,Src Port,-0.018451315432454787,0.018451315432454787
TotLen Bwd Pkts,PSH Flag Cnt,0.018433541425298898,0.018433541425298898
PSH Flag Cnt,Subflow Bwd Byts,0.018433488186694543,0.018433488186694543
Flow IAT Mean,Fwd Seg Size Min,-0.018302810867798367,0.018302810867798367
Init Bwd Win Byts,Active Std,-0.018290912384698363,0.018290912384698363
Subflow Fwd Pkts,Subflow Bwd Pkts,0.018240372667239265,0.018240372667239265
Tot Bwd Pkts,Subflow Fwd Pkts,0.018240372667239265,0.018240372667239265
Tot Fwd Pkts,Subflow Bwd Pkts,0.018240372667239265,0.018240372667239265
Tot Fwd Pkts,Tot Bwd Pkts,0.018240372667239265,0.018240372667239265
FIN Flag Cnt,Fwd Seg Size Min,0.018210665118044058,0.018210665118044058
Bwd IAT Max,FIN Flag Cnt,-0.01819023062991998,0.01819023062991998
Tot Fwd Pkts,Bwd Header Len,0.018169757575428533,0.018169757575428533
Bwd Header Len,Subflow Fwd Pkts,0.018169757575428533,0.018169757575428533
Subflow Fwd Pkts,Subflow Bwd Byts,0.018165363245783175,0.018165363245783175
Tot Fwd Pkts,Subflow Bwd Byts,0.018165363245783175,0.018165363245783175
Tot Fwd Pkts,TotLen Bwd Pkts,0.018165113412621812,0.018165113412621812
TotLen Bwd Pkts,Subflow Fwd Pkts,0.018165113412621812,0.018165113412621812
Bwd IAT Std,FIN Flag Cnt,-0.018045809089381214,0.018045809089381214
SYN Flag Cnt,Subflow Bwd Pkts,0.01787576163262148,0.01787576163262148
Fwd PSH Flags,Subflow Bwd Pkts,0.01787576163262148,0.01787576163262148
Tot Bwd Pkts,Fwd PSH Flags,0.01787576163262148,0.01787576163262148
Tot Bwd Pkts,SYN Flag Cnt,0.01787576163262148,0.01787576163262148
Flow Duration,SYN Flag Cnt,0.01782498687977127,0.01782498687977127
Flow Duration,Fwd PSH Flags,0.01782498687977127,0.01782498687977127
Fwd IAT Max,Subflow Bwd Byts,0.01774894177766173,0.01774894177766173
TotLen Bwd Pkts,Fwd IAT Max,0.017748450718345302,0.017748450718345302
SYN Flag Cnt,URG Flag Cnt,-0.017675387272572257,0.017675387272572257
Fwd PSH Flags,URG Flag Cnt,-0.017675387272572257,0.017675387272572257
Flow IAT Mean,FIN Flag Cnt,-0.017611230238930426,0.017611230238930426
Flow IAT Std,Bwd Header Len,0.017574554090084158,0.017574554090084158
Tot Bwd Pkts,Fwd Pkt Len Min,-0.01750454621753105,0.01750454621753105
Fwd Pkt Len Min,Subflow Bwd Pkts,-0.01750454621753105,0.01750454621753105
Fwd PSH Flags,Bwd Header Len,0.0173730747647237,0.0173730747647237
Bwd Header Len,SYN Flag Cnt,0.017373074764723696,0.017373074764723696
Bwd IAT Min,Pkt Size Avg,-0.017148283497994448,0.017148283497994448
Fwd Act Data Pkts,Fwd Seg Size Min,-0.01709129287016875,0.01709129287016875
Dst Port,Bwd Header Len,-0.017029829305459078,0.017029829305459078
Dst Port,Subflow Bwd Pkts,-0.01702066402177715,0.01702066402177715
Dst Port,Tot Bwd Pkts,-0.01702066402177715,0.01702066402177715
Flow Byts/s,Fwd IAT Min,-0.01692230787910074,0.01692230787910074
Subflow Fwd Pkts,Fwd Seg Size Min,-0.01685819861020329,0.01685819861020329
Tot Fwd Pkts,Fwd Seg Size Min,-0.01685819861020329,0.01685819861020329
Dst Port,Idle Max,0.016843377798882023,0.016843377798882023
Bwd Header Len,ACK Flag Cnt,-0.016639009149887647,0.016639009149887647
Flow Byts/s,Flow IAT Min,-0.01663121618210127,0.01663121618210127
Bwd Header Len,Fwd Seg Size Min,0.016566236785508785,0.016566236785508785
Bwd IAT Mean,Down/Up Ratio,-0.01656198082407201,0.01656198082407201
Fwd Pkt Len Std,Flow IAT Max,-0.01653129094440883,0.01653129094440883
Flow IAT Min,Idle Std,-0.016445424693612737,0.016445424693612737
Fwd Pkt Len Std,Fwd IAT Max,-0.016435589652050057,0.016435589652050057
ACK Flag Cnt,Subflow Bwd Pkts,-0.01625258948048532,0.01625258948048532
Tot Bwd Pkts,ACK Flag Cnt,-0.01625258948048532,0.01625258948048532
Flow IAT Min,Bwd IAT Min,-0.016187126669241898,0.016187126669241898
Bwd IAT Mean,Active Mean,0.016142099486937574,0.016142099486937574
Flow Pkts/s,Active Max,-0.0161413163866292,0.0161413163866292
Fwd IAT Std,Down/Up Ratio,-0.016131701027924588,0.016131701027924588
Fwd Pkts/s,Idle Std,-0.016064167934583616,0.016064167934583616
Bwd Header Len,RST Flag Cnt,0.0160387788760915,0.0160387788760915
Bwd Header Len,ECE Flag Cnt,0.016037924405378077,0.016037924405378077
Bwd IAT Min,Down/Up Ratio,-0.015995159006291528,0.015995159006291528
Bwd Pkts/s,Idle Std,-0.015981036856236027,0.015981036856236027
Fwd Pkt Len Min,Flow Byts/s,0.015942808994649647,0.015942808994649647
Pkt Len Min,Active Mean,-0.015906664086430787,0.015906664086430787
Fwd IAT Min,FIN Flag Cnt,-0.01582945018111692,0.01582945018111692
Flow Byts/s,URG Flag Cnt,-0.01554411418808735,0.01554411418808735
Flow IAT Min,FIN Flag Cnt,-0.015517386298694168,0.015517386298694168
Flow Pkts/s,Bwd IAT Min,-0.015464392682556496,0.015464392682556496
Tot Bwd Pkts,Flow IAT Std,0.015432800665259493,0.015432800665259493
Flow IAT Std,Subflow Bwd Pkts,0.015432800665259493,0.015432800665259493
Fwd IAT Min,Active Max,-0.015342854794227189,0.015342854794227189
Flow IAT Min,Active Max,-0.015308199806420522,0.015308199806420522
Bwd IAT Mean,Init Bwd Win Byts,-0.015225272680111337,0.015225272680111337
FIN Flag Cnt,SYN Flag Cnt,-0.015117726053485945,0.015117726053485945
Fwd PSH Flags,FIN Flag Cnt,-0.015117726053485945,0.015117726053485945
Fwd Seg Size Avg,Active Std,-0.015092273492264684,0.015092273492264684
Fwd Pkt Len Mean,Active Std,-0.015092273492264684,0.015092273492264684
Bwd IAT Mean,Active Std,0.015081918451038644,0.015081918451038644
Init Bwd Win Byts,Active Mean,-0.015077382692325727,0.015077382692325727
Bwd IAT Min,Pkt Len Mean,-0.01503874067555092,0.01503874067555092
Pkt Size Avg,Active Max,0.015036859130683687,0.015036859130683687
Bwd IAT Tot,Init Fwd Win Byts,-0.01501579508394306,0.01501579508394306
Subflow Fwd Byts,Fwd Seg Size Min,-0.01500554325188031,0.01500554325188031
TotLen Fwd Pkts,Fwd Seg Size Min,-0.01500554325188031,0.01500554325188031
Fwd IAT Min,Idle Std,-0.014776808218692851,0.014776808218692851
FIN Flag Cnt,URG Flag Cnt,-0.014741248426132045,0.014741248426132045
Init Fwd Win Byts,Active Min,-0.01466502579363764,0.01466502579363764
Bwd IAT Std,SYN Flag Cnt,0.014599987748967464,0.014599987748967464
Bwd IAT Std,Fwd PSH Flags,0.014599987748967464,0.014599987748967464
Fwd Pkt Len Min,Active Mean,-0.014583376288520557,0.014583376288520557
Flow Byts/s,Bwd IAT Mean,-0.014573362738091329,0.014573362738091329
Flow Byts/s,Pkt Len Mean,-0.014270209720707984,0.014270209720707984
Fwd Header Len,Fwd Seg Size Min,-0.014240501774938304,0.014240501774938304
Fwd URG Flags,Init Fwd Win Byts,0.014159525446160628,0.014159525446160628
CWE Flag Count,Init Fwd Win Byts,0.014159525446160628,0.014159525446160628
Flow Pkts/s,Active Mean,-0.014047981812444205,0.014047981812444205
Bwd Seg Size Avg,Active Max,0.014018118257637687,0.014018118257637687
Bwd Pkt Len Mean,Active Max,0.014018118257637687,0.014018118257637687
Bwd IAT Std,Init Fwd Win Byts,-0.014010046643661558,0.014010046643661558
Fwd Pkt Len Max,Idle Mean,-0.014009247488745734,0.014009247488745734
Fwd Pkts/s,Active Max,-0.013952592391152225,0.013952592391152225
Bwd Pkts/s,Active Max,-0.013880372169367999,0.013880372169367999
Fwd Pkt Len Mean,Bwd Header Len,0.013840989915905346,0.013840989915905346
Bwd Header Len,Fwd Seg Size Avg,0.013840989915905341,0.013840989915905341
Tot Bwd Pkts,TotLen Fwd Pkts,0.013757444925294685,0.013757444925294685
Tot Bwd Pkts,Subflow Fwd Byts,0.013757444925294685,0.013757444925294685
TotLen Fwd Pkts,Subflow Bwd Pkts,0.013757444925294685,0.013757444925294685
Subflow Fwd Byts,Subflow Bwd Pkts,0.013757444925294685,0.013757444925294685
RST Flag Cnt,Subflow Bwd Pkts,0.013675849989314877,0.013675849989314877
Tot Bwd Pkts,RST Flag Cnt,0.013675849989314873,0.013675849989314873
ECE Flag Cnt,Subflow Bwd Pkts,0.013675063129688636,0.013675063129688636
Tot Bwd Pkts,ECE Flag Cnt,0.013675063129688634,0.013675063129688634
Bwd IAT Mean,FIN Flag Cnt,-0.013656944984013942,0.013656944984013942
Bwd IAT Min,URG Flag Cnt,-0.013566606549741672,0.013566606549741672
PSH Flag Cnt,Active Std,-0.01356448372575883,0.01356448372575883
RST Flag Cnt,Idle Max,0.013551374905148801,0.013551374905148801
ECE Flag Cnt,Idle Max,0.013546569030398808,0.013546569030398808
Protocol,TotLen Bwd Pkts,-0.01351150745210663,0.01351150745210663
Protocol,Subflow Bwd Byts,-0.013511402736299579,0.013511402736299579
TotLen Bwd Pkts,Bwd Pkt Len Std,0.013457287315934399,0.013457287315934399
Bwd Pkt Len Std,Subflow Bwd Byts,0.013457119247355697,0.013457119247355697
Down/Up Ratio,Active Std,-0.013438850083874817,0.013438850083874817
Bwd IAT Min,Fwd Pkts/s,-0.013367380843421494,0.013367380843421494
URG Flag Cnt,Active Max,-0.013324937757719663,0.013324937757719663
Pkt Len Var,Active Std,0.013321909909586252,0.013321909909586252
Bwd IAT Min,Bwd Pkts/s,-0.013298493996793568,0.013298493996793568
Bwd IAT Mean,Active Min,0.013204986070180476,0.013204986070180476
Fwd IAT Min,Active Mean,-0.013044225324539293,0.013044225324539293
Flow IAT Min,Active Mean,-0.013016762512486709,0.013016762512486709
Flow Byts/s,Init Fwd Win Byts,-0.012991676282936286,0.012991676282936286
PSH Flag Cnt,Down/Up Ratio,-0.012918421886805162,0.012918421886805162
Fwd IAT Mean,Fwd Seg Size Min,-0.012748121975477027,0.012748121975477027
TotLen Fwd Pkts,Bwd Header Len,0.012639562772231435,0.012639562772231435
Bwd Header Len,Subflow Fwd Byts,0.012639562772231435,0.012639562772231435
Init Fwd Win Byts,Idle Std,-0.012584273639336223,0.012584273639336223
RST Flag Cnt,Idle Mean,0.012549331767697748,0.012549331767697748
Bwd IAT Min,Fwd Seg Size Avg,-0.012547310186634792,0.012547310186634792
Fwd Pkt Len Mean,Bwd IAT Min,-0.012547310186634787,0.012547310186634787
ECE Flag Cnt,Idle Mean,0.01254458889526911,0.01254458889526911
Bwd Pkt Len Mean,Bwd IAT Min,-0.012349030446705517,0.012349030446705517
Bwd IAT Min,Bwd Seg Size Avg,-0.012349030446705513,0.012349030446705513
Bwd IAT Std,Bwd IAT Min,0.01231987769802937,0.01231987769802937
Fwd Pkts/s,Active Mean,-0.012143157682625064,0.012143157682625064
Bwd Pkts/s,Active Mean,-0.012080315016751102,0.012080315016751102
TotLen Fwd Pkts,ACK Flag Cnt,-0.012063076227247492,0.012063076227247492
ACK Flag Cnt,Subflow Fwd Byts,-0.012063076227247492,0.012063076227247492
Flow IAT Mean,Bwd IAT Max,0.01203224164280146,0.01203224164280146
Pkt Len Min,Fwd Act Data Pkts,0.012008170049424229,0.012008170049424229
Fwd Pkt Len Mean,Subflow Bwd Pkts,0.011965456371890141,0.011965456371890141
Fwd Seg Size Avg,Subflow Bwd Pkts,0.011965456371890141,0.011965456371890141
Tot Bwd Pkts,Fwd Pkt Len Mean,0.01196545637189014,0.01196545637189014
Tot Bwd Pkts,Fwd Seg Size Avg,0.011965456371890136,0.011965456371890136
CWE Flag Count,Fwd Seg Size Avg,-0.011900161271653479,0.011900161271653479
Fwd URG Flags,Fwd Seg Size Avg,-0.011900161271653479,0.011900161271653479
Fwd Pkt Len Mean,CWE Flag Count,-0.011900161271653477,0.011900161271653477
Fwd Pkt Len Mean,Fwd URG Flags,-0.011900161271653477,0.011900161271653477
Bwd Header Len,Src Port,0.011879919576605334,0.011879919576605334
Tot Bwd Pkts,Src Port,0.011831086973279465,0.011831086973279465
Subflow Bwd Pkts,Src Port,0.011831086973279465,0.011831086973279465
Pkt Len Var,Active Mean,0.01181703443686628,0.01181703443686628
Fwd URG Flags,Pkt Size Avg,-0.011762029053677209,0.011762029053677209
CWE Flag Count,Pkt Size Avg,-0.011762029053677209,0.011762029053677209
Flow Pkts/s,Active Std,-0.011693891598167649,0.011693891598167649
URG Flag Cnt,Active Std,-0.01169213746898946,0.01169213746898946
TotLen Bwd Pkts,Pkt Len Min,-0.01160126960423169,0.01160126960423169
Pkt Len Min,Subflow Bwd Byts,-0.011601179721797387,0.011601179721797387
Tot Bwd Pkts,Fwd Seg Size Min,0.011517539483263667,0.011517539483263667
Subflow Bwd Pkts,Fwd Seg Size Min,0.011517539483263667,0.011517539483263667
Fwd IAT Min,Active Std,-0.011461393281554778,0.011461393281554778
Flow IAT Min,Active Std,-0.011401132441199908,0.011401132441199908
PSH Flag Cnt,Active Mean,-0.01132634138601151,0.01132634138601151
Pkt Len Min,Subflow Fwd Pkts,0.011322555680740524,0.011322555680740524
Tot Fwd Pkts,Pkt Len Min,0.011322555680740524,0.011322555680740524
Bwd Pkt Len Min,Bwd Header Len,-0.011300921652238425,0.011300921652238425
Fwd Pkt Len Min,Fwd Act Data Pkts,0.011189620515791896,0.011189620515791896
Fwd IAT Min,Bwd Header Len,-0.011150506548102977,0.011150506548102977
Bwd Pkt Len Max,Down/Up Ratio,0.011136982445712151,0.011136982445712151
Flow IAT Min,Bwd Header Len,-0.011121083930823271,0.011121083930823271
Dst Port,TotLen Bwd Pkts,-0.011081840072051204,0.011081840072051204
Dst Port,Subflow Bwd Byts,-0.011081753778152861,0.011081753778152861
Flow Pkts/s,Active Min,-0.011074997320185449,0.011074997320185449
Protocol,Flow Byts/s,-0.011061789974086179,0.011061789974086179
Fwd Pkt Len Min,Subflow Fwd Byts,0.011036118676340875,0.011036118676340875
TotLen Fwd Pkts,Fwd Pkt Len Min,0.011036118676340875,0.011036118676340875
TotLen Bwd Pkts,Fwd Pkt Len Min,-0.010969505592882477,0.010969505592882477
Fwd Pkt Len Min,Subflow Bwd Byts,-0.01096942058022012,0.01096942058022012
Down/Up Ratio,Fwd Seg Size Avg,-0.010834543370669145,0.010834543370669145
Fwd Pkt Len Mean,Down/Up Ratio,-0.01083454337066914,0.01083454337066914
Pkt Len Std,Active Max,0.010813880705641984,0.010813880705641984
Fwd URG Flags,Pkt Len Max,-0.010810917405879424,0.010810917405879424
Pkt Len Max,CWE Flag Count,-0.010810917405879424,0.010810917405879424
Fwd Header Len,ACK Flag Cnt,-0.0107539915742462,0.0107539915742462
Flow Duration,ACK Flag Cnt,-0.010717575272513888,0.010717575272513888
Fwd URG Flags,Pkt Len Mean,-0.010639042807511078,0.010639042807511078
Pkt Len Mean,CWE Flag Count,-0.010639042807511078,0.010639042807511078
Fwd URG Flags,Pkt Len Std,-0.01063481566203068,0.01063481566203068
Pkt Len Std,CWE Flag Count,-0.010634815662030679,0.010634815662030679
Fwd IAT Min,Subflow Bwd Pkts,-0.010573319400342151,0.010573319400342151
Tot Bwd Pkts,Fwd IAT Min,-0.010573319400342151,0.010573319400342151
Flow IAT Min,Subflow Bwd Pkts,-0.010564862304598112,0.010564862304598112
Tot Bwd Pkts,Flow IAT Min,-0.010564862304598112,0.010564862304598112
RST Flag Cnt,Idle Min,0.010542297364959116,0.010542297364959116
Tot Fwd Pkts,Fwd Pkt Len Min,0.010541572088835965,0.010541572088835965
Fwd Pkt Len Min,Subflow Fwd Pkts,0.010541572088835965,0.010541572088835965
ECE Flag Cnt,Idle Min,0.010537678605099304,0.010537678605099304
Pkt Len Mean,Active Min,0.010526808336157798,0.010526808336157798
Fwd Header Len,Pkt Len Mean,0.01036410393005692,0.01036410393005692
Fwd Pkt Len Max,Idle Max,-0.010317098114061516,0.010317098114061516
Pkt Len Var,Active Min,0.01028379782682333,0.01028379782682333
URG Flag Cnt,Active Mean,-0.010270940946411214,0.010270940946411214
Bwd Pkt Len Max,Active Max,0.01014114679850543,0.01014114679850543
Fwd Pkts/s,Active Std,-0.010108269790311826,0.010108269790311826
Tot Fwd Pkts,ACK Flag Cnt,-0.010069197735439066,0.010069197735439066
ACK Flag Cnt,Subflow Fwd Pkts,-0.010069197735439062,0.010069197735439062
Bwd Pkts/s,Active Std,-0.010056085669042173,0.010056085669042173
Bwd Pkts/s,FIN Flag Cnt,-0.010046960360871725,0.010046960360871725
Bwd Pkt Len Max,Fwd URG Flags,-0.010023173244153272,0.010023173244153272
Bwd Pkt Len Max,CWE Flag Count,-0.010023173244153272,0.010023173244153272
Fwd IAT Min,Active Min,-0.010008504855722071,0.010008504855722071
Flow IAT Min,Active Min,-0.010003500867987118,0.010003500867987118
PSH Flag Cnt,Idle Min,-0.009966385850674133,0.009966385850674133
ACK Flag Cnt,Fwd Act Data Pkts,-0.009906538073015638,0.009906538073015638
ACK Flag Cnt,CWE Flag Count,-0.009906476071970755,0.009906476071970755
Fwd URG Flags,ACK Flag Cnt,-0.009906476071970753,0.009906476071970753
Flow IAT Mean,Bwd Header Len,-0.00989403411098617,0.00989403411098617
PSH Flag Cnt,Fwd Act Data Pkts,-0.009870163143999022,0.009870163143999022
Flow IAT Std,Down/Up Ratio,-0.009869652866146803,0.009869652866146803
Pkt Len Min,Subflow Fwd Byts,0.009813149585301637,0.009813149585301637
TotLen Fwd Pkts,Pkt Len Min,0.009813149585301637,0.009813149585301637
CWE Flag Count,Bwd Seg Size Avg,-0.009799650129087466,0.009799650129087466
Fwd URG Flags,Bwd Seg Size Avg,-0.009799650129087466,0.009799650129087466
Bwd Pkt Len Mean,Fwd URG Flags,-0.009799650129087466,0.009799650129087466
Bwd Pkt Len Mean,CWE Flag Count,-0.009799650129087466,0.009799650129087466
Pkt Len Mean,Active Mean,0.009789169599065724,0.009789169599065724
Fwd Pkt Len Std,Flow Byts/s,-0.00978423557578876,0.00978423557578876
Flow IAT Mean,Subflow Bwd Pkts,-0.009665494805913145,0.009665494805913145
Tot Bwd Pkts,Flow IAT Mean,-0.009665494805913144,0.009665494805913144
TotLen Fwd Pkts,Bwd Pkt Len Min,-0.009646843074569752,0.009646843074569752
Bwd Pkt Len Min,Subflow Fwd Byts,-0.009646843074569752,0.009646843074569752
Fwd Pkts/s,Active Min,-0.009573366980632112,0.009573366980632112
Fwd Pkts/s,PSH Flag Cnt,-0.009566071650819581,0.009566071650819581
Bwd Pkts/s,Active Min,-0.00952374209866274,0.00952374209866274
Fwd Pkt Len Max,CWE Flag Count,-0.00949796100079324,0.00949796100079324
Fwd Pkt Len Max,Fwd URG Flags,-0.00949796100079324,0.00949796100079324
Bwd Pkt Len Min,Flow Byts/s,-0.009484784800876537,0.009484784800876537
Flow IAT Mean,Idle Std,0.009472217098741614,0.009472217098741614
Dst Port,RST Flag Cnt,-0.009467635023349616,0.009467635023349616
Bwd IAT Min,Fwd Seg Size Min,0.009456603386469253,0.009456603386469253
Flow Pkts/s,Bwd Header Len,-0.009435500770552425,0.009435500770552425
Dst Port,ECE Flag Cnt,-0.00943406779991424,0.00943406779991424
Fwd Pkts/s,Init Fwd Win Byts,0.009348322150555689,0.009348322150555689
ECE Flag Cnt,Active Std,-0.009286773583264263,0.009286773583264263
RST Flag Cnt,Active Std,-0.009286022306786667,0.009286022306786667
Bwd Pkt Len Min,Fwd Header Len,-0.009231286158673437,0.009231286158673437
Fwd Pkt Len Max,Active Max,0.009210713563221866,0.009210713563221866
Flow IAT Max,PSH Flag Cnt,-0.009202638816931681,0.009202638816931681
Bwd Pkt Len Std,Fwd URG Flags,-0.009162693417686983,0.009162693417686983
Bwd Pkt Len Std,CWE Flag Count,-0.009162693417686983,0.009162693417686983
Tot Fwd Pkts,PSH Flag Cnt,-0.009124333015451945,0.009124333015451945
PSH Flag Cnt,Subflow Fwd Pkts,-0.009124333015451942,0.009124333015451942
ECE Flag Cnt,Active Mean,-0.009122857349382686,0.009122857349382686
RST Flag Cnt,Active Mean,-0.009121930091087678,0.009121930091087678
Flow Byts/s,Pkt Size Avg,-0.009089055792633402,0.009089055792633402
Fwd Header Len,Pkt Len Min,0.009014673405957133,0.009014673405957133
Init Bwd Win Byts,Active Min,-0.009005155998797329,0.009005155998797329
Flow Pkts/s,Subflow Bwd Pkts,-0.008934854015835174,0.008934854015835174
Tot Bwd Pkts,Flow Pkts/s,-0.008934854015835174,0.008934854015835174
TotLen Fwd Pkts,Pkt Len Mean,0.008898248277599118,0.008898248277599118
Pkt Len Mean,Subflow Fwd Byts,0.008898248277599115,0.008898248277599115
TotLen Bwd Pkts,Fwd IAT Std,0.008880663276828902,0.008880663276828902
Fwd IAT Std,Subflow Bwd Byts,0.008880521043727059,0.008880521043727059
Pkt Len Std,Fwd Act Data Pkts,-0.008795547207568252,0.008795547207568252
ACK Flag Cnt,Init Fwd Win Byts,0.008711734815378791,0.008711734815378791
Fwd Pkt Len Std,CWE Flag Count,-0.00867420516409596,0.00867420516409596
Fwd Pkt Len Std,Fwd URG Flags,-0.00867420516409596,0.00867420516409596
Pkt Len Max,Active Max,0.008624801681877445,0.008624801681877445
Fwd Pkts/s,Down/Up Ratio,-0.008596367409688969,0.008596367409688969
Pkt Len Mean,Active Std,0.008518347899002118,0.008518347899002118
Bwd Header Len,URG Flag Cnt,-0.008442517191578337,0.008442517191578337
Fwd Pkt Len Min,Fwd Header Len,0.008432115865949165,0.008432115865949165
Bwd Header Len,Fwd Pkts/s,-0.008413022881575303,0.008413022881575303
Dst Port,Init Bwd Win Byts,-0.008397456862105107,0.008397456862105107
Bwd IAT Mean,Bwd Header Len,0.008281479063941801,0.008281479063941801
TotLen Fwd Pkts,Down/Up Ratio,-0.008258294309485333,0.008258294309485333
Down/Up Ratio,Subflow Fwd Byts,-0.008258294309485333,0.008258294309485333
Bwd Seg Size Avg,Fwd Act Data Pkts,-0.00825708847488257,0.00825708847488257
Bwd Pkt Len Mean,Fwd Act Data Pkts,-0.00825708847488257,0.00825708847488257
URG Flag Cnt,Subflow Bwd Pkts,-0.008252386790016556,0.008252386790016556
Tot Bwd Pkts,URG Flag Cnt,-0.008252386790016556,0.008252386790016556
Fwd Header Len,Pkt Size Avg,0.008110913845029528,0.008110913845029528
Bwd Pkt Len Max,Fwd Act Data Pkts,-0.008102566889808748,0.008102566889808748
Pkt Len Max,Fwd Act Data Pkts,-0.008034087417937331,0.008034087417937331
Down/Up Ratio,Fwd Act Data Pkts,-0.008025766848824167,0.008025766848824167
Protocol,Fwd URG Flags,-0.00798641119442428,0.00798641119442428
Protocol,CWE Flag Count,-0.00798641119442428,0.00798641119442428
Tot Bwd Pkts,Fwd Pkts/s,-0.007974260030673615,0.007974260030673615
Fwd Pkts/s,Subflow Bwd Pkts,-0.007974260030673615,0.007974260030673615
Tot Bwd Pkts,Fwd IAT Mean,-0.00793270318897807,0.00793270318897807
Fwd IAT Mean,Subflow Bwd Pkts,-0.007932703188978069,0.007932703188978069
ECE Flag Cnt,Active Max,-0.007900050183275985,0.007900050183275985
RST Flag Cnt,Active Max,-0.00789895333655071,0.00789895333655071
Fwd IAT Mean,Fwd PSH Flags,-0.007887222905515539,0.007887222905515539
Fwd IAT Mean,SYN Flag Cnt,-0.007887222905515539,0.007887222905515539
Fwd Pkt Len Mean,Subflow Bwd Byts,-0.007864386834504699,0.007864386834504699
Fwd Seg Size Avg,Subflow Bwd Byts,-0.007864386834504699,0.007864386834504699
TotLen Bwd Pkts,Fwd Seg Size Avg,-0.007864350225440436,0.007864350225440436
TotLen Bwd Pkts,Fwd Pkt Len Mean,-0.007864350225440436,0.007864350225440436
Fwd Header Len,Src Port,0.007849775076247867,0.007849775076247867
Fwd IAT Mean,Bwd Header Len,-0.007844108798638076,0.007844108798638076
Subflow Fwd Byts,Src Port,0.007824145891473778,0.007824145891473778
TotLen Fwd Pkts,Src Port,0.007824145891473778,0.007824145891473778
Bwd Pkt Len Min,Subflow Fwd Pkts,-0.0076574919383105185,0.0076574919383105185
Tot Fwd Pkts,Bwd Pkt Len Min,-0.0076574919383105185,0.0076574919383105185
TotLen Bwd Pkts,Bwd IAT Std,0.007640745261373577,0.007640745261373577
Bwd IAT Std,Subflow Bwd Byts,0.007640576667936179,0.007640576667936179
Bwd Header Len,Bwd Pkts/s,-0.00754592474364119,0.00754592474364119
Dst Port,Fwd Header Len,-0.007524726008728182,0.007524726008728182
Bwd Pkt Len Std,Fwd Act Data Pkts,-0.007499969438553374,0.007499969438553374
Fwd URG Flags,Pkt Len Var,-0.007456478931163941,0.007456478931163941
Pkt Len Var,CWE Flag Count,-0.00745647893116394,0.00745647893116394
Fwd Pkt Len Mean,Fwd IAT Tot,-0.007405109253383977,0.007405109253383977
Fwd IAT Tot,Fwd Seg Size Avg,-0.007405109253383977,0.007405109253383977
Bwd Pkt Len Min,CWE Flag Count,-0.007400497977420175,0.007400497977420175
Bwd Pkt Len Min,Fwd URG Flags,-0.007400497977420175,0.007400497977420175
Bwd Pkt Len Min,Fwd Act Data Pkts,-0.007380166765931097,0.007380166765931097
Fwd Pkt Len Std,Fwd Act Data Pkts,-0.007341781070290453,0.007341781070290453
PSH Flag Cnt,Active Max,-0.007287802554900836,0.007287802554900836
Init Fwd Win Byts,Fwd Act Data Pkts,-0.0072577769771694665,0.0072577769771694665
Tot Fwd Pkts,Down/Up Ratio,-0.0072410039989263646,0.0072410039989263646
Down/Up Ratio,Subflow Fwd Pkts,-0.0072410039989263646,0.0072410039989263646
Tot Fwd Pkts,Init Fwd Win Byts,-0.007148384746316773,0.007148384746316773
Subflow Fwd Pkts,Init Fwd Win Byts,-0.007148384746316773,0.007148384746316773
Bwd Pkts/s,Subflow Bwd Pkts,-0.0071286830808147544,0.0071286830808147544
Tot Bwd Pkts,Bwd Pkts/s,-0.007128683080814754,0.007128683080814754
Dst Port,Subflow Fwd Pkts,-0.006969504161494684,0.006969504161494684
Dst Port,Tot Fwd Pkts,-0.006969504161494684,0.006969504161494684
Pkt Size Avg,Subflow Fwd Byts,0.00695824371010045,0.00695824371010045
TotLen Fwd Pkts,Pkt Size Avg,0.006958243710100448,0.006958243710100448
Fwd URG Flags,Down/Up Ratio,-0.006941644742827628,0.006941644742827628
CWE Flag Count,Down/Up Ratio,-0.006941644742827628,0.006941644742827628
Fwd Act Data Pkts,Src Port,0.006882771070143169,0.006882771070143169
Fwd URG Flags,Pkt Len Min,-0.006859436595059091,0.006859436595059091
Pkt Len Min,CWE Flag Count,-0.0068594365950590905,0.0068594365950590905
Flow Byts/s,Idle Std,-0.0068551943588718006,0.0068551943588718006
CWE Flag Count,ECE Flag Cnt,-0.0068454858417645,0.0068454858417645
Fwd URG Flags,ECE Flag Cnt,-0.0068454858417645,0.0068454858417645
Fwd URG Flags,RST Flag Cnt,-0.006845352371699071,0.006845352371699071
RST Flag Cnt,CWE Flag Count,-0.006845352371699071,0.006845352371699071
Fwd Pkt Len Std,Subflow Fwd Pkts,-0.006822610960198462,0.006822610960198462
Tot Fwd Pkts,Fwd Pkt Len Std,-0.00682261096019846,0.00682261096019846
URG Flag Cnt,Idle Std,-0.0068145012597002905,0.0068145012597002905
Fwd Pkt Len Std,Active Std,-0.006786216516870555,0.006786216516870555
Subflow Fwd Pkts,Src Port,0.006727617138766646,0.006727617138766646
Tot Fwd Pkts,Src Port,0.006727617138766646,0.006727617138766646
Dst Port,Fwd Act Data Pkts,-0.006689530611568811,0.006689530611568811
Tot Fwd Pkts,Bwd Pkt Len Std,-0.006657456353222758,0.006657456353222758
Bwd Pkt Len Std,Subflow Fwd Pkts,-0.006657456353222757,0.006657456353222757
URG Flag Cnt,Active Min,-0.0065443363745145994,0.0065443363745145994
TotLen Bwd Pkts,Src Port,0.0065152887426961495,0.0065152887426961495
Subflow Bwd Byts,Src Port,0.0065152887426961495,0.0065152887426961495
Tot Bwd Pkts,Bwd Pkt Len Min,-0.006503510196996056,0.006503510196996056
Bwd Pkt Len Min,Subflow Bwd Pkts,-0.006503510196996053,0.006503510196996053
Fwd Pkt Len Min,CWE Flag Count,-0.006484051383097528,0.006484051383097528
Fwd Pkt Len Min,Fwd URG Flags,-0.006484051383097528,0.006484051383097528
Bwd Pkt Len Min,Bwd IAT Mean,-0.006480009857646905,0.006480009857646905
Flow IAT Std,Fwd IAT Min,-0.006478073127379515,0.006478073127379515
Pkt Len Min,Active Min,-0.006469626501646169,0.006469626501646169
Pkt Len Std,Subflow Fwd Pkts,-0.006468431285852002,0.006468431285852002
Tot Fwd Pkts,Pkt Len Std,-0.006468431285852002,0.006468431285852002
Flow Duration,Fwd Seg Size Avg,-0.006459071285682153,0.006459071285682153
Flow Duration,Fwd Pkt Len Mean,-0.006459071285682153,0.006459071285682153
FIN Flag Cnt,Idle Std,-0.006447797216589949,0.006447797216589949
Fwd URG Flags,PSH Flag Cnt,0.006415180167837758,0.006415180167837758
PSH Flag Cnt,CWE Flag Count,0.006415180167837757,0.006415180167837757
Fwd Pkt Len Max,Fwd Act Data Pkts,-0.006379936479370337,0.006379936479370337
Flow IAT Mean,Active Max,-0.006369972814915631,0.006369972814915631
Fwd IAT Tot,ACK Flag Cnt,-0.006358878583541789,0.006358878583541789
Fwd Header Len,Init Fwd Win Byts,-0.006337165282043906,0.006337165282043906
Bwd Pkt Len Max,Subflow Fwd Pkts,-0.006332600582100271,0.006332600582100271
Tot Fwd Pkts,Bwd Pkt Len Max,-0.00633260058210027,0.00633260058210027
Pkt Len Max,Subflow Fwd Pkts,-0.0063045146655371824,0.0063045146655371824
Tot Fwd Pkts,Pkt Len Max,-0.0063045146655371824,0.0063045146655371824
Bwd Seg Size Avg,Active Std,0.006292514807882281,0.006292514807882281
Bwd Pkt Len Mean,Active Std,0.006292514807882279,0.006292514807882279
Bwd Header Len,Init Bwd Win Byts,0.006278511339910133,0.006278511339910133
TotLen Bwd Pkts,Fwd Seg Size Min,0.006256958747569,0.006256958747569
Subflow Bwd Byts,Fwd Seg Size Min,0.006256909231977281,0.006256909231977281
SYN Flag Cnt,Active Std,-0.006171468892607299,0.006171468892607299
Fwd PSH Flags,Active Std,-0.006171468892607299,0.006171468892607299
Bwd IAT Mean,Subflow Bwd Pkts,0.006122978285840768,0.006122978285840768
Tot Bwd Pkts,Bwd IAT Mean,0.006122978285840768,0.006122978285840768
TotLen Fwd Pkts,Init Fwd Win Byts,-0.006040181338707138,0.006040181338707138
Subflow Fwd Byts,Init Fwd Win Byts,-0.006040181338707138,0.006040181338707138
Bwd Pkts/s,SYN Flag Cnt,-0.006039081724014742,0.006039081724014742
Fwd PSH Flags,Bwd Pkts/s,-0.006039081724014741,0.006039081724014741
Fwd URG Flags,Init Bwd Win Byts,-0.006023520421331298,0.006023520421331298
CWE Flag Count,Init Bwd Win Byts,-0.006023520421331298,0.006023520421331298
Fwd Pkt Len Min,Active Min,-0.005970506022171471,0.005970506022171471
Pkt Size Avg,Fwd Act Data Pkts,-0.005970410432516162,0.005970410432516162
Pkt Size Avg,Active Min,0.005969092236741597,0.005969092236741597
Fwd Header Len,Down/Up Ratio,-0.005955856695204006,0.005955856695204006
Flow Byts/s,Active Max,-0.005947559584988986,0.005947559584988986
Bwd Pkt Len Std,Active Max,0.005923426839944216,0.005923426839944216
Pkt Len Var,Fwd Act Data Pkts,-0.005886961898624065,0.005886961898624065
Fwd Pkt Len Max,Active Min,0.005809528683032081,0.005809528683032081
Bwd IAT Tot,Fwd Header Len,0.005803108237035352,0.005803108237035352
ECE Flag Cnt,Fwd Act Data Pkts,-0.005792634614792751,0.005792634614792751
RST Flag Cnt,Fwd Act Data Pkts,-0.0057924848573825995,0.0057924848573825995
Dst Port,TotLen Fwd Pkts,-0.00576218330122637,0.00576218330122637
Dst Port,Subflow Fwd Byts,-0.00576218330122637,0.00576218330122637
Flow Byts/s,Bwd IAT Min,-0.00572076760692774,0.00572076760692774
Bwd Pkt Len Mean,Fwd Header Len,0.005672274886609848,0.005672274886609848
Fwd Header Len,Bwd Seg Size Avg,0.005672274886609843,0.005672274886609843
TotLen Bwd Pkts,Flow IAT Mean,-0.005607348843660281,0.005607348843660281
Flow IAT Mean,Subflow Bwd Byts,-0.005607308258862195,0.005607308258862195
FIN Flag Cnt,Active Max,-0.005600297256494949,0.005600297256494949
Bwd IAT Min,Init Bwd Win Byts,-0.005570032815552883,0.005570032815552883
Flow IAT Mean,Active Std,-0.00554264731347924,0.00554264731347924
Fwd Header Len,PSH Flag Cnt,-0.005529861883240366,0.005529861883240366
TotLen Bwd Pkts,Fwd IAT Min,-0.005514190339523577,0.005514190339523577
Fwd IAT Min,Subflow Bwd Byts,-0.005514146191585556,0.005514146191585556
Flow Duration,Fwd URG Flags,-0.005477398892032425,0.005477398892032425
Flow Duration,CWE Flag Count,-0.005477398892032425,0.005477398892032425
Tot Fwd Pkts,ECE Flag Cnt,-0.00545787507046019,0.00545787507046019
ECE Flag Cnt,Subflow Fwd Pkts,-0.005457875070460188,0.005457875070460188
Tot Fwd Pkts,RST Flag Cnt,-0.005457699742899426,0.005457699742899426
RST Flag Cnt,Subflow Fwd Pkts,-0.005457699742899425,0.005457699742899425
PSH Flag Cnt,Idle Mean,-0.005428781499552535,0.005428781499552535
TotLen Bwd Pkts,Flow IAT Min,-0.005425088494157657,0.005425088494157657
Flow IAT Min,Subflow Bwd Byts,-0.005425045016327439,0.005425045016327439
Tot Bwd Pkts,Init Bwd Win Byts,0.005401627582657292,0.005401627582657292
Subflow Bwd Pkts,Init Bwd Win Byts,0.005401627582657292,0.005401627582657292
Down/Up Ratio,Active Min,0.005370592719724536,0.005370592719724536
Bwd IAT Min,FIN Flag Cnt,-0.00536369967698389,0.00536369967698389
TotLen Fwd Pkts,Fwd Pkt Len Max,0.005360415481446343,0.005360415481446343
Fwd Pkt Len Max,Subflow Fwd Byts,0.0053604154814463414,0.0053604154814463414
Fwd IAT Tot,CWE Flag Count,-0.0053565758398481204,0.0053565758398481204
Fwd IAT Tot,Fwd URG Flags,-0.0053565758398481204,0.0053565758398481204
Fwd Header Len,Pkt Len Var,0.00529902395052716,0.00529902395052716
Tot Fwd Pkts,Fwd Pkt Len Max,-0.005287165116840939,0.005287165116840939
Fwd Pkt Len Max,Subflow Fwd Pkts,-0.005287165116840937,0.005287165116840937
ECE Flag Cnt,Active Min,-0.005218640183652899,0.005218640183652899
RST Flag Cnt,Active Min,-0.005217885141700586,0.005217885141700586
TotLen Bwd Pkts,Fwd IAT Mean,-0.005189428452090817,0.005189428452090817
Fwd IAT Mean,Subflow Bwd Byts,-0.005189398059570363,0.005189398059570363
Flow Byts/s,Active Mean,-0.005177276819888719,0.005177276819888719
Flow IAT Mean,Active Mean,-0.005156699135936328,0.005156699135936328
Bwd IAT Min,Active Min,0.005156578409896448,0.005156578409896448
Flow Byts/s,FIN Flag Cnt,-0.005138807365465061,0.005138807365465061
TotLen Bwd Pkts,Flow Pkts/s,-0.005117237605855977,0.005117237605855977
Flow Pkts/s,Subflow Bwd Byts,-0.005117196555433959,0.005117196555433959
TotLen Bwd Pkts,URG Flag Cnt,-0.005106306759459759,0.005106306759459759
URG Flag Cnt,Subflow Bwd Byts,-0.00510626602614852,0.00510626602614852
Init Bwd Win Byts,Fwd Act Data Pkts,-0.0050334516192196265,0.0050334516192196265
ACK Flag Cnt,Subflow Bwd Byts,-0.004998374743763739,0.004998374743763739
TotLen Bwd Pkts,ACK Flag Cnt,-0.004998319612167977,0.004998319612167977
Fwd Seg Size Avg,Active Min,0.004931679357295147,0.004931679357295147
Fwd Pkt Len Mean,Active Min,0.004931679357295146,0.004931679357295146
TotLen Fwd Pkts,PSH Flag Cnt,-0.004906579184834858,0.004906579184834858
PSH Flag Cnt,Subflow Fwd Byts,-0.004906579184834857,0.004906579184834857
FIN Flag Cnt,Active Mean,-0.004874024514668835,0.004874024514668835
Flow IAT Max,Fwd URG Flags,-0.0048331821438433705,0.0048331821438433705
Flow IAT Max,CWE Flag Count,-0.0048331821438433705,0.0048331821438433705
Tot Fwd Pkts,Init Bwd Win Byts,-0.004828086396287998,0.004828086396287998
Subflow Fwd Pkts,Init Bwd Win Byts,-0.004828086396287998,0.004828086396287998
Pkt Len Std,Down/Up Ratio,0.004766312431663107,0.004766312431663107
SYN Flag Cnt,Active Max,-0.004747237020515753,0.004747237020515753
Fwd PSH Flags,Active Max,-0.004747237020515753,0.004747237020515753
TotLen Bwd Pkts,Init Bwd Win Byts,-0.0047374415415955455,0.0047374415415955455
Subflow Bwd Byts,Init Bwd Win Byts,-0.004737439241400616,0.004737439241400616
Fwd IAT Max,CWE Flag Count,-0.004695809554854032,0.004695809554854032
Fwd IAT Max,Fwd URG Flags,-0.004695809554854032,0.004695809554854032
Dst Port,Fwd IAT Max,0.004691711594115159,0.004691711594115159
Pkt Len Mean,Fwd Act Data Pkts,-0.004649522766837988,0.004649522766837988
Fwd IAT Mean,Subflow Fwd Byts,-0.004611050409834098,0.004611050409834098
TotLen Fwd Pkts,Fwd IAT Mean,-0.004611050409834097,0.004611050409834097
TotLen Fwd Pkts,Flow IAT Mean,-0.004566173622735069,0.004566173622735069
Flow IAT Mean,Subflow Fwd Byts,-0.004566173622735069,0.004566173622735069
Fwd IAT Max,ECE Flag Cnt,-0.004558182337702113,0.004558182337702113
Fwd IAT Max,RST Flag Cnt,-0.004552935315671877,0.004552935315671877
Fwd IAT Mean,Active Mean,-0.004489735825191525,0.004489735825191525
TotLen Bwd Pkts,Fwd Pkts/s,-0.004430965663839625,0.004430965663839625
Fwd Pkts/s,Subflow Bwd Byts,-0.004430930128058652,0.004430930128058652
Down/Up Ratio,Active Max,-0.004409294651013376,0.004409294651013376
TotLen Fwd Pkts,Fwd IAT Min,-0.004403777764567011,0.004403777764567011
Fwd IAT Min,Subflow Fwd Byts,-0.004403777764567011,0.004403777764567011
PSH Flag Cnt,Active Min,-0.004403625011645878,0.004403625011645878
TotLen Bwd Pkts,Bwd Pkts/s,-0.004384113168933874,0.004384113168933874
Bwd Pkts/s,Subflow Bwd Byts,-0.004384077979287996,0.004384077979287996
Flow Byts/s,Down/Up Ratio,-0.004355688998534154,0.004355688998534154
Flow IAT Min,Subflow Fwd Byts,-0.0043386190575859665,0.0043386190575859665
TotLen Fwd Pkts,Flow IAT Min,-0.0043386190575859665,0.0043386190575859665
TotLen Bwd Pkts,Flow IAT Std,0.0043381224331434055,0.0043381224331434055
Flow IAT Std,Subflow Bwd Byts,0.004338033729466433,0.004338033729466433
CWE Flag Count,Idle Max,-0.004334009456419844,0.004334009456419844
Fwd URG Flags,Idle Max,-0.004334009456419844,0.004334009456419844
Bwd IAT Min,Active Mean,0.0043261686206417654,0.0043261686206417654
Flow Byts/s,Active Std,-0.004314534791560086,0.004314534791560086
Flow IAT Mean,Fwd Header Len,-0.004286720770332313,0.004286720770332313
Fwd IAT Mean,Fwd Header Len,-0.004286652748103696,0.004286652748103696
Fwd URG Flags,Idle Mean,-0.004286560179662637,0.004286560179662637
CWE Flag Count,Idle Mean,-0.004286560179662637,0.004286560179662637
Pkt Len Min,Pkt Len Mean,0.004283362748589276,0.004283362748589276
Fwd URG Flags,Idle Min,-0.004193462049102487,0.004193462049102487
CWE Flag Count,Idle Min,-0.004193462049102487,0.004193462049102487
TotLen Fwd Pkts,Pkt Len Var,0.004175058169320328,0.004175058169320328
Pkt Len Var,Subflow Fwd Byts,0.0041750581693203274,0.0041750581693203274
Bwd IAT Tot,CWE Flag Count,-0.004170426503388292,0.004170426503388292
Bwd IAT Tot,Fwd URG Flags,-0.004170426503388292,0.004170426503388292
Fwd Seg Size Min,Idle Std,-0.004159605315650502,0.004159605315650502
Fwd IAT Min,Fwd Header Len,-0.004153132139827368,0.004153132139827368
Flow IAT Min,Fwd Header Len,-0.004092584604887652,0.004092584604887652
Flow Byts/s,Pkt Len Min,-0.00408764034656479,0.00408764034656479
Flow Byts/s,Active Min,-0.004078387571336681,0.004078387571336681
FIN Flag Cnt,Active Std,-0.004057255642037924,0.004057255642037924
Flow Pkts/s,Subflow Fwd Byts,-0.004024840187698418,0.004024840187698418
TotLen Fwd Pkts,Flow Pkts/s,-0.004024840187698418,0.004024840187698418
URG Flag Cnt,Subflow Fwd Byts,-0.004005033717699825,0.004005033717699825
TotLen Fwd Pkts,URG Flag Cnt,-0.004005033717699825,0.004005033717699825
Fwd IAT Mean,Active Max,-0.003983088121811782,0.003983088121811782
Flow IAT Max,Fwd Act Data Pkts,-0.003979849499737502,0.003979849499737502
Bwd Pkt Len Mean,Subflow Fwd Pkts,-0.003941430351093685,0.003941430351093685
Tot Fwd Pkts,Bwd Pkt Len Mean,-0.003941430351093685,0.003941430351093685
Tot Fwd Pkts,Bwd Seg Size Avg,-0.003941430351093684,0.003941430351093684
Bwd Seg Size Avg,Subflow Fwd Pkts,-0.003941430351093684,0.003941430351093684
Fwd Header Len,URG Flag Cnt,-0.0039315061093504996,0.0039315061093504996
Fwd Pkt Len Std,Fwd Header Len,-0.003897675869213745,0.003897675869213745
Fwd IAT Max,Fwd Act Data Pkts,-0.003843464189476619,0.003843464189476619
FIN Flag Cnt,Active Min,-0.003842564141593767,0.003842564141593767
Fwd IAT Std,Fwd URG Flags,-0.003801015203372263,0.003801015203372263
Fwd IAT Std,CWE Flag Count,-0.003801015203372263,0.003801015203372263
Tot Fwd Pkts,Fwd IAT Mean,-0.0037969671636686316,0.0037969671636686316
Fwd IAT Mean,Subflow Fwd Pkts,-0.0037969671636686316,0.0037969671636686316
Fwd Act Data Pkts,Idle Max,-0.0037647347436214496,0.0037647347436214496
Flow Pkts/s,Fwd Header Len,-0.003756992447541105,0.003756992447541105
Fwd Pkt Len Std,Active Min,0.0037506869600040277,0.0037506869600040277
Fwd Act Data Pkts,Idle Mean,-0.0037448433378707265,0.0037448433378707265
Flow IAT Std,CWE Flag Count,-0.003721967352838746,0.003721967352838746
Flow IAT Std,Fwd URG Flags,-0.003721967352838746,0.003721967352838746
Pkt Size Avg,Active Mean,0.0037206091045019593,0.0037206091045019593
Fwd Act Data Pkts,Idle Min,-0.003690850839673515,0.003690850839673515
Fwd IAT Mean,Fwd Act Data Pkts,-0.00368668494530846,0.00368668494530846
Flow IAT Mean,Subflow Fwd Pkts,-0.003635540602035413,0.003635540602035413
Tot Fwd Pkts,Flow IAT Mean,-0.0036355406020354124,0.0036355406020354124
TotLen Fwd Pkts,Bwd IAT Tot,0.00363182953049177,0.00363182953049177
Bwd IAT Tot,Subflow Fwd Byts,0.003631829530491769,0.003631829530491769
Bwd IAT Max,Fwd URG Flags,-0.003620441127854054,0.003620441127854054
Bwd IAT Max,CWE Flag Count,-0.003620441127854054,0.003620441127854054
Fwd Pkt Len Std,Active Max,0.003608529654370861,0.003608529654370861
Fwd Header Len,ECE Flag Cnt,-0.003597732259411771,0.003597732259411771
Fwd Header Len,RST Flag Cnt,-0.0035974751740655295,0.0035974751740655295
Bwd IAT Std,Fwd URG Flags,-0.0035927524840455383,0.0035927524840455383
Bwd IAT Std,CWE Flag Count,-0.0035927524840455383,0.0035927524840455383
SYN Flag Cnt,Active Mean,-0.003588074930871082,0.003588074930871082
Fwd PSH Flags,Active Mean,-0.003588074930871082,0.003588074930871082
Fwd IAT Mean,Active Min,-0.0035387181913398348,0.0035387181913398348
Bwd Pkts/s,Subflow Fwd Byts,-0.0035252206642313664,0.0035252206642313664
TotLen Fwd Pkts,Bwd Pkts/s,-0.003525220664231366,0.003525220664231366
Fwd IAT Mean,Fwd URG Flags,-0.00349896686083344,0.00349896686083344
Fwd IAT Mean,CWE Flag Count,-0.00349896686083344,0.00349896686083344
Flow IAT Mean,Fwd Act Data Pkts,-0.0034929418243389394,0.0034929418243389394
Fwd Pkts/s,Subflow Fwd Byts,-0.003448893871516839,0.003448893871516839
TotLen Fwd Pkts,Fwd Pkts/s,-0.003448893871516839,0.003448893871516839
Flow IAT Mean,Active Min,-0.0034132110226585775,0.0034132110226585775
Tot Fwd Pkts,Fwd IAT Min,-0.0033724716118336932,0.0033724716118336932
Fwd IAT Min,Subflow Fwd Pkts,-0.003372471611833693,0.003372471611833693
Fwd Header Len,Bwd Pkts/s,-0.003322517627111751,0.003322517627111751
Tot Fwd Pkts,Flow IAT Min,-0.0033197999593693726,0.0033197999593693726
Flow IAT Min,Subflow Fwd Pkts,-0.003319799959369372,0.003319799959369372
Bwd Header Len,FIN Flag Cnt,-0.003300224303990789,0.003300224303990789
Fwd Header Len,Init Bwd Win Byts,-0.003257010025810341,0.003257010025810341
Flow IAT Mean,Fwd URG Flags,-0.003253657604720249,0.003253657604720249
Flow IAT Mean,CWE Flag Count,-0.003253657604720249,0.003253657604720249
Fwd IAT Mean,Active Std,-0.0032493742648351718,0.0032493742648351718
Tot Fwd Pkts,URG Flag Cnt,-0.0032398204025189453,0.0032398204025189453
URG Flag Cnt,Subflow Fwd Pkts,-0.003239820402518945,0.003239820402518945
Fwd Header Len,Fwd Pkts/s,-0.0032045845403411966,0.0032045845403411966
Fwd IAT Min,Fwd Act Data Pkts,-0.0031971584901556594,0.0031971584901556594
Subflow Fwd Byts,Idle Min,-0.003159592617077512,0.003159592617077512
TotLen Fwd Pkts,Idle Min,-0.003159592617077512,0.003159592617077512
Flow Pkts/s,Subflow Fwd Pkts,-0.003159180422006152,0.003159180422006152
Tot Fwd Pkts,Flow Pkts/s,-0.003159180422006152,0.003159180422006152
Flow IAT Min,Fwd Act Data Pkts,-0.00314870583081217,0.00314870583081217
Tot Bwd Pkts,FIN Flag Cnt,-0.003136929158936498,0.003136929158936498
FIN Flag Cnt,Subflow Bwd Pkts,-0.003136929158936498,0.003136929158936498
TotLen Fwd Pkts,Bwd Pkt Len Mean,-0.0031287163150821523,0.0031287163150821523
TotLen Fwd Pkts,Bwd Seg Size Avg,-0.0031287163150821523,0.0031287163150821523
Bwd Seg Size Avg,Subflow Fwd Byts,-0.0031287163150821523,0.0031287163150821523
Bwd Pkt Len Mean,Subflow Fwd Byts,-0.0031287163150821523,0.0031287163150821523
Flow IAT Max,Subflow Fwd Pkts,-0.003121063871061968,0.003121063871061968
Tot Fwd Pkts,Flow IAT Max,-0.003121063871061968,0.003121063871061968
TotLen Bwd Pkts,Fwd Pkt Len Std,0.0031199111115398706,0.0031199111115398706
Fwd Pkt Len Std,Subflow Bwd Byts,0.003119752837349967,0.003119752837349967
SYN Flag Cnt,Subflow Fwd Byts,-0.00311136618353274,0.00311136618353274
Fwd PSH Flags,Subflow Fwd Byts,-0.00311136618353274,0.00311136618353274
TotLen Fwd Pkts,Fwd PSH Flags,-0.00311136618353274,0.00311136618353274
TotLen Fwd Pkts,SYN Flag Cnt,-0.00311136618353274,0.00311136618353274
Fwd Pkt Len Max,Active Std,-0.003097909898473973,0.003097909898473973
Fwd IAT Max,Subflow Fwd Pkts,-0.0030828970657706093,0.0030828970657706093
Tot Fwd Pkts,Fwd IAT Max,-0.0030828970657706084,0.0030828970657706084
Bwd Pkt Len Std,Active Mean,-0.0030718316745246004,0.0030718316745246004
Flow IAT Std,Fwd Act Data Pkts,-0.0030631998501610054,0.0030631998501610054
Subflow Fwd Byts,Idle Mean,-0.003053942737282707,0.003053942737282707
TotLen Fwd Pkts,Idle Mean,-0.003053942737282707,0.003053942737282707
Flow IAT Max,Subflow Fwd Byts,-0.0029769281918282688,0.0029769281918282688
TotLen Fwd Pkts,Flow IAT Max,-0.0029769281918282688,0.0029769281918282688
URG Flag Cnt,Fwd Act Data Pkts,-0.002966671861623114,0.002966671861623114
Fwd Pkt Len Mean,Active Mean,-0.002949681620118343,0.002949681620118343
Fwd Seg Size Avg,Active Mean,-0.002949681620118335,0.002949681620118335
Bwd Pkt Len Std,Fwd Header Len,-0.0029490445642593906,0.0029490445642593906
TotLen Fwd Pkts,Idle Max,-0.0029191960933928167,0.0029191960933928167
Subflow Fwd Byts,Idle Max,-0.0029191960933928167,0.0029191960933928167
Flow IAT Mean,Bwd IAT Std,-0.0029161263433520107,0.0029161263433520107
Flow Pkts/s,Fwd Act Data Pkts,-0.0029117131952567,0.0029117131952567
Fwd PSH Flags,Fwd Act Data Pkts,-0.0029084881542290747,0.0029084881542290747
SYN Flag Cnt,Fwd Act Data Pkts,-0.0029084881542290747,0.0029084881542290747
Subflow Fwd Pkts,Idle Min,-0.0028987791727260515,0.0028987791727260515
Tot Fwd Pkts,Idle Min,-0.0028987791727260515,0.0028987791727260515
Fwd IAT Std,Fwd Act Data Pkts,-0.0028878223735916498,0.0028878223735916498
Tot Fwd Pkts,Idle Mean,-0.002876918341650798,0.002876918341650798
Subflow Fwd Pkts,Idle Mean,-0.002876918341650798,0.002876918341650798
Fwd Pkt Len Mean,Fwd Act Data Pkts,-0.002866931028462204,0.002866931028462204
Fwd Seg Size Avg,Fwd Act Data Pkts,-0.002866931028462204,0.002866931028462204
Flow IAT Min,Fwd URG Flags,-0.0028578963694072747,0.0028578963694072747
Flow IAT Min,CWE Flag Count,-0.0028578963694072747,0.0028578963694072747
TotLen Bwd Pkts,Subflow Fwd Byts,0.002852915060916679,0.002852915060916679
TotLen Fwd Pkts,TotLen Bwd Pkts,0.002852915060916679,0.002852915060916679
TotLen Fwd Pkts,Subflow Bwd Byts,0.002852868165636688,0.002852868165636688
Subflow Fwd Byts,Subflow Bwd Byts,0.002852868165636688,0.002852868165636688
Fwd IAT Min,CWE Flag Count,-0.00284294535290492,0.00284294535290492
Fwd IAT Min,Fwd URG Flags,-0.00284294535290492,0.00284294535290492
Pkt Size Avg,Active Std,0.002836132937919949,0.002836132937919949
Subflow Fwd Pkts,Idle Max,-0.0028349178571577547,0.0028349178571577547
Tot Fwd Pkts,Idle Max,-0.0028349178571577547,0.0028349178571577547
Fwd IAT Max,Subflow Fwd Byts,-0.0028257683423243015,0.0028257683423243015
TotLen Fwd Pkts,Fwd IAT Max,-0.0028257683423243015,0.0028257683423243015
Bwd Pkts/s,Subflow Fwd Pkts,-0.002809012409791155,0.002809012409791155
Tot Fwd Pkts,Bwd Pkts/s,-0.002809012409791155,0.002809012409791155
Tot Fwd Pkts,Fwd Pkt Len Mean,-0.0027723397936009666,0.0027723397936009666
Fwd Pkt Len Mean,Subflow Fwd Pkts,-0.0027723397936009666,0.0027723397936009666
Tot Fwd Pkts,Fwd Seg Size Avg,-0.0027723397936009666,0.0027723397936009666
Fwd Seg Size Avg,Subflow Fwd Pkts,-0.0027723397936009666,0.0027723397936009666
FIN Flag Cnt,Down/Up Ratio,0.0027660137761943856,0.0027660137761943856
Bwd IAT Min,Active Max,0.002734957578475223,0.002734957578475223
Bwd IAT Mean,Fwd URG Flags,-0.002718866483587294,0.002718866483587294
Bwd IAT Mean,CWE Flag Count,-0.002718866483587294,0.002718866483587294
Fwd Pkts/s,Subflow Fwd Pkts,-0.00268783209700406,0.00268783209700406
Tot Fwd Pkts,Fwd Pkts/s,-0.0026878320970040595,0.0026878320970040595
Pkt Len Var,Subflow Fwd Pkts,-0.0026632767793132975,0.0026632767793132975
Tot Fwd Pkts,Pkt Len Var,-0.0026632767793132975,0.0026632767793132975
Bwd IAT Std,Fwd Act Data Pkts,-0.0026416346359723155,0.0026416346359723155
Bwd IAT Max,Fwd Header Len,0.0026343347380392646,0.0026343347380392646
Bwd IAT Max,Fwd Act Data Pkts,-0.00262868560288468,0.00262868560288468
Tot Fwd Pkts,Flow IAT Std,-0.002600226705932786,0.002600226705932786
Flow IAT Std,Subflow Fwd Pkts,-0.0026002267059327855,0.0026002267059327855
Bwd IAT Mean,ACK Flag Cnt,-0.002587669105143507,0.002587669105143507
Fwd Pkt Len Mean,Active Max,-0.002563245617197225,0.002563245617197225
Fwd Seg Size Avg,Active Max,-0.002563245617197225,0.002563245617197225
Bwd Pkts/s,Fwd Act Data Pkts,-0.0025612049418483737,0.0025612049418483737
Bwd IAT Tot,Fwd Act Data Pkts,-0.0025074402160405337,0.0025074402160405337
PSH Flag Cnt,Idle Max,-0.0024965163556876185,0.0024965163556876185
Fwd Pkts/s,Fwd Act Data Pkts,-0.0024897401973575555,0.0024897401973575555
Bwd Header Len,Init Fwd Win Byts,0.002439086464823612,0.002439086464823612
Flow Byts/s,Bwd Header Len,-0.0023648039441962693,0.0023648039441962693
Fwd IAT Tot,Fwd Seg Size Min,-0.0023468245348916557,0.0023468245348916557
Fwd IAT Std,Subflow Fwd Pkts,-0.0022858360078799236,0.0022858360078799236
Tot Fwd Pkts,Fwd IAT Std,-0.002285836007879923,0.002285836007879923
Flow Pkts/s,Fwd URG Flags,-0.0022791725292082734,0.0022791725292082734
Flow Pkts/s,CWE Flag Count,-0.0022791725292082734,0.0022791725292082734
Tot Fwd Pkts,SYN Flag Cnt,-0.002230030965562785,0.002230030965562785
Tot Fwd Pkts,Fwd PSH Flags,-0.002230030965562785,0.002230030965562785
SYN Flag Cnt,Subflow Fwd Pkts,-0.0022300309655627847,0.0022300309655627847
Fwd PSH Flags,Subflow Fwd Pkts,-0.0022300309655627847,0.0022300309655627847
Bwd IAT Mean,Fwd Act Data Pkts,-0.00213945359418148,0.00213945359418148
Flow Byts/s,Subflow Bwd Pkts,-0.0021364155170760842,0.0021364155170760842
Tot Bwd Pkts,Flow Byts/s,-0.0021364155170760842,0.0021364155170760842
Fwd URG Flags,Fwd Pkts/s,-0.002119012615009133,0.002119012615009133
Fwd Pkts/s,CWE Flag Count,-0.002119012615009133,0.002119012615009133
TotLen Fwd Pkts,Bwd Pkt Len Std,-0.0020796983850736375,0.0020796983850736375
Bwd Pkt Len Std,Subflow Fwd Byts,-0.0020796983850736375,0.0020796983850736375
Bwd IAT Std,Subflow Fwd Pkts,-0.0020627153884052894,0.0020627153884052894
Tot Fwd Pkts,Bwd IAT Std,-0.002062715388405289,0.002062715388405289
Bwd IAT Mean,Subflow Fwd Pkts,-0.0020130089702174734,0.0020130089702174734
Tot Fwd Pkts,Bwd IAT Mean,-0.002013008970217473,0.002013008970217473
Pkt Len Std,Active Std,0.0020033895059604514,0.0020033895059604514
Bwd IAT Min,Bwd Header Len,-0.002000928078072817,0.002000928078072817
Bwd Pkt Len Max,Active Std,0.002000892285093534,0.002000892285093534
Fwd Pkt Len Max,Fwd IAT Max,0.0019660271074479607,0.0019660271074479607
Bwd IAT Min,Subflow Bwd Pkts,-0.00186908016130554,0.00186908016130554
Tot Bwd Pkts,Bwd IAT Min,-0.00186908016130554,0.00186908016130554
TotLen Bwd Pkts,FIN Flag Cnt,-0.0017762844076905254,0.0017762844076905254
FIN Flag Cnt,Subflow Bwd Byts,-0.0017762702043624108,0.0017762702043624108
TotLen Bwd Pkts,Bwd IAT Min,-0.0017580142282607359,0.0017580142282607359
Bwd IAT Min,Subflow Bwd Byts,-0.0017580009841227568,0.0017580009841227568
Fwd Pkt Len Std,Subflow Fwd Byts,0.001717247921386908,0.001717247921386908
TotLen Fwd Pkts,Fwd Pkt Len Std,0.0017172479213869074,0.0017172479213869074
Fwd Pkt Len Max,Active Mean,0.0017048115486240627,0.0017048115486240627
Fwd PSH Flags,Active Min,-0.0016989956931427296,0.0016989956931427296
SYN Flag Cnt,Active Min,-0.0016989956931427296,0.0016989956931427296
Bwd Pkt Len Max,Active Min,0.00165952796137077,0.00165952796137077
Pkt Size Avg,Subflow Fwd Pkts,-0.0016546769966441458,0.0016546769966441458
Tot Fwd Pkts,Pkt Size Avg,-0.0016546769966441451,0.0016546769966441451
Down/Up Ratio,Active Mean,-0.0016509009009862243,0.0016509009009862243
Fwd IAT Max,Fwd Header Len,-0.0016438616434069635,0.0016438616434069635
Bwd Pkts/s,CWE Flag Count,-0.0016302052719548814,0.0016302052719548814
Fwd URG Flags,Bwd Pkts/s,-0.0016302052719548814,0.0016302052719548814
TotLen Fwd Pkts,Active Max,0.0015983279858347128,0.0015983279858347128
Subflow Fwd Byts,Active Max,0.0015983279858347128,0.0015983279858347128
Flow Byts/s,Fwd Seg Size Min,-0.0015980326252945539,0.0015980326252945539
TotLen Fwd Pkts,Bwd IAT Mean,-0.0014863155058704271,0.0014863155058704271
Bwd IAT Mean,Subflow Fwd Byts,-0.0014863155058704271,0.0014863155058704271
Bwd IAT Mean,Subflow Bwd Byts,-0.001463318190774989,0.001463318190774989
TotLen Bwd Pkts,Bwd IAT Mean,-0.001463304502655462,0.001463304502655462
TotLen Fwd Pkts,Flow IAT Std,-0.0014325325105265393,0.0014325325105265393
Flow IAT Std,Subflow Fwd Byts,-0.0014325325105265393,0.0014325325105265393
Pkt Len Std,Active Min,0.001429791563991599,0.001429791563991599
Flow IAT Max,Fwd Header Len,-0.0014290170280354293,0.0014290170280354293
FIN Flag Cnt,Subflow Fwd Byts,-0.00142306167065197,0.00142306167065197
TotLen Fwd Pkts,FIN Flag Cnt,-0.00142306167065197,0.00142306167065197
Fwd Header Len,Idle Std,0.0013811406805104064,0.0013811406805104064
ECE Flag Cnt,Subflow Fwd Byts,-0.0013403858845927256,0.0013403858845927256
TotLen Fwd Pkts,ECE Flag Cnt,-0.001340385884592725,0.001340385884592725
TotLen Fwd Pkts,RST Flag Cnt,-0.0013401055779609001,0.0013401055779609001
RST Flag Cnt,Subflow Fwd Byts,-0.0013401055779609,0.0013401055779609
Bwd Pkt Len Std,Active Min,-0.0013387578966329403,0.0013387578966329403
Fwd Header Len,FIN Flag Cnt,-0.0013368614426048284,0.0013368614426048284
Bwd Pkt Len Mean,Active Min,0.0013309101398363713,0.0013309101398363713
Bwd Seg Size Avg,Active Min,0.001330910139836368,0.001330910139836368
Pkt Len Max,Active Min,0.0013142745425443066,0.0013142745425443066
Fwd Header Len,Idle Min,-0.0012859152429887943,0.0012859152429887943
Fwd URG Flags,Idle Std,-0.0012826370373744719,0.0012826370373744719
CWE Flag Count,Idle Std,-0.0012826370373744719,0.0012826370373744719
RST Flag Cnt,Subflow Bwd Byts,0.0012517811795250118,0.0012517811795250118
TotLen Bwd Pkts,RST Flag Cnt,0.0012514015912221093,0.0012514015912221093
ECE Flag Cnt,Subflow Bwd Byts,0.0012513866761577883,0.0012513866761577883
TotLen Bwd Pkts,ECE Flag Cnt,0.0012510070894337934,0.0012510070894337934
Bwd Pkt Len Mean,Active Mean,0.0012328451548468736,0.0012328451548468736
Bwd Seg Size Avg,Active Mean,0.0012328451548468716,0.0012328451548468716
Flow Duration,Fwd Seg Size Min,0.0012042696242810682,0.0012042696242810682
Bwd IAT Max,Subflow Fwd Pkts,-0.001190631374067788,0.001190631374067788
Tot Fwd Pkts,Bwd IAT Max,-0.0011906313740677878,0.0011906313740677878
Bwd IAT Min,Subflow Fwd Byts,-0.0011700841917656518,0.0011700841917656518
TotLen Fwd Pkts,Bwd IAT Min,-0.0011700841917656518,0.0011700841917656518
Flow Byts/s,Fwd Header Len,-0.0011427078768887885,0.0011427078768887885
Flow Byts/s,Fwd Seg Size Avg,0.0011354665883444594,0.0011354665883444594
Fwd Pkt Len Mean,Flow Byts/s,0.0011354665883444586,0.0011354665883444586
Subflow Fwd Pkts,Active Max,0.0011335418016335346,0.0011335418016335346
Tot Fwd Pkts,Active Max,0.0011335418016335346,0.0011335418016335346
Fwd Header Len,Idle Mean,-0.001131798946820653,0.001131798946820653
Fwd Seg Size Min,Idle Min,0.00112372025842796,0.00112372025842796
Fwd Pkt Len Std,Active Mean,-0.0011200991246828249,0.0011200991246828249
Fwd URG Flags,Active Max,-0.00111404692799656,0.00111404692799656
CWE Flag Count,Active Max,-0.00111404692799656,0.00111404692799656
FIN Flag Cnt,Subflow Fwd Pkts,-0.001105699670305776,0.001105699670305776
Tot Fwd Pkts,FIN Flag Cnt,-0.0011056996703057759,0.0011056996703057759
Bwd IAT Mean,Fwd Header Len,-0.001099605633800077,0.001099605633800077
Fwd Seg Size Min,Idle Mean,0.0010979801588949349,0.0010979801588949349
Subflow Bwd Pkts,Init Fwd Win Byts,0.0010949156946051949,0.0010949156946051949
Tot Bwd Pkts,Init Fwd Win Byts,0.0010949156946051949,0.0010949156946051949
Pkt Len Max,Active Mean,-0.0010928844310212306,0.0010928844310212306
Bwd IAT Min,Fwd Header Len,-0.0010911704219217413,0.0010911704219217413
Flow Byts/s,CWE Flag Count,-0.0010856758517560556,0.0010856758517560556
Flow Byts/s,Fwd URG Flags,-0.0010856758517560556,0.0010856758517560556
Bwd IAT Min,CWE Flag Count,-0.0010673247328674288,0.0010673247328674288
Bwd IAT Min,Fwd URG Flags,-0.0010673247328674288,0.0010673247328674288
Subflow Fwd Byts,Active Std,0.0010642429321271237,0.0010642429321271237
TotLen Fwd Pkts,Active Std,0.0010642429321271237,0.0010642429321271237
Flow IAT Std,Fwd Header Len,-0.0010624428714024131,0.0010624428714024131
Fwd Header Len,Active Max,0.0010576633697207737,0.0010576633697207737
Tot Fwd Pkts,Bwd IAT Min,-0.0010379298677051097,0.0010379298677051097
Bwd IAT Min,Subflow Fwd Pkts,-0.0010379298677051097,0.0010379298677051097
FIN Flag Cnt,Fwd Act Data Pkts,-0.0010333067032796603,0.0010333067032796603
FIN Flag Cnt,CWE Flag Count,-0.0010175719600160071,0.0010175719600160071
Fwd URG Flags,FIN Flag Cnt,-0.0010175719600160071,0.0010175719600160071
Fwd Header Len,Idle Max,-0.0010065660114718126,0.0010065660114718126
Bwd IAT Min,Fwd Act Data Pkts,-0.0010034495814626604,0.0010034495814626604
Tot Fwd Pkts,Flow Byts/s,-0.000970249688388683,0.000970249688388683
Flow Byts/s,Subflow Fwd Pkts,-0.0009702496883886829,0.0009702496883886829
CWE Flag Count,Active Mean,-0.0009695721117748554,0.0009695721117748554
Fwd URG Flags,Active Mean,-0.0009695721117748554,0.0009695721117748554
Fwd PSH Flags,Fwd Header Len,-0.0009512964687139426,0.0009512964687139426
Fwd Header Len,SYN Flag Cnt,-0.0009512964687139424,0.0009512964687139424
Flow Byts/s,Subflow Fwd Byts,-0.000925106819642746,0.000925106819642746
TotLen Fwd Pkts,Flow Byts/s,-0.000925106819642746,0.000925106819642746
Flow Byts/s,Fwd Act Data Pkts,-0.0009124849902324531,0.0009124849902324531
Subflow Fwd Pkts,Active Std,0.0008996889879270249,0.0008996889879270249
Tot Fwd Pkts,Active Std,0.0008996889879270249,0.0008996889879270249
Fwd Act Data Pkts,Active Max,-0.0008894191800751671,0.0008894191800751671
Fwd Act Data Pkts,Idle Std,-0.0008824147597310424,0.0008824147597310424
Fwd Pkt Len Max,Fwd Header Len,-0.0008416324208255833,0.0008416324208255833
Fwd Act Data Pkts,Active Mean,-0.0008412346107550405,0.0008412346107550405
Pkt Len Max,Subflow Fwd Byts,0.0008286020599065087,0.0008286020599065087
TotLen Fwd Pkts,Pkt Len Max,0.0008286020599065087,0.0008286020599065087
TotLen Bwd Pkts,Flow Byts/s,-0.0008171053392427634,0.0008171053392427634
Flow Byts/s,Subflow Bwd Byts,-0.0008170946244439163,0.0008170946244439163
TotLen Fwd Pkts,Pkt Len Std,0.0008108695720468269,0.0008108695720468269
Pkt Len Std,Subflow Fwd Byts,0.0008108695720468249,0.0008108695720468249
CWE Flag Count,Active Std,-0.0008070952267519763,0.0008070952267519763
Fwd URG Flags,Active Std,-0.0008070952267519763,0.0008070952267519763
Subflow Fwd Byts,Init Bwd Win Byts,-0.0007833488960423841,0.0007833488960423841
TotLen Fwd Pkts,Init Bwd Win Byts,-0.0007833488960423841,0.0007833488960423841
Tot Fwd Pkts,Active Mean,0.0007803295508909368,0.0007803295508909368
Subflow Fwd Pkts,Active Mean,0.0007803295508909368,0.0007803295508909368
TotLen Fwd Pkts,Fwd IAT Std,-0.000777374187722769,0.000777374187722769
Fwd IAT Std,Subflow Fwd Byts,-0.0007773741877227688,0.0007773741877227688
Fwd URG Flags,Active Min,-0.0007643874211511988,0.0007643874211511988
CWE Flag Count,Active Min,-0.0007643874211511988,0.0007643874211511988
Subflow Fwd Byts,Idle Std,0.0007495955309312116,0.0007495955309312116
TotLen Fwd Pkts,Idle Std,0.0007495955309312116,0.0007495955309312116
Fwd URG Flags,Bwd Header Len,-0.0007132179521806015,0.0007132179521806015
Bwd Header Len,CWE Flag Count,-0.0007132179521806015,0.0007132179521806015
Fwd Pkt Len Max,Flow IAT Max,0.0006842351335936843,0.0006842351335936843
CWE Flag Count,Subflow Bwd Pkts,-0.0006769419826608545,0.0006769419826608545
Tot Bwd Pkts,Fwd URG Flags,-0.0006769419826608545,0.0006769419826608545
Fwd URG Flags,Subflow Bwd Pkts,-0.0006769419826608545,0.0006769419826608545
Tot Bwd Pkts,CWE Flag Count,-0.0006769419826608545,0.0006769419826608545
Fwd Act Data Pkts,Active Min,-0.0006768906932426132,0.0006768906932426132
Fwd Act Data Pkts,Active Std,-0.0006535995907405969,0.0006535995907405969
Dst Port,Flow IAT Max,-0.0006469680032847276,0.0006469680032847276
Bwd Pkt Len Max,Fwd Header Len,-0.0005969156552140798,0.0005969156552140798
Bwd IAT Min,Src Port,0.0005616015301784262,0.0005616015301784262
Fwd Header Len,Pkt Len Max,-0.0005528088826573308,0.0005528088826573308
TotLen Fwd Pkts,Active Mean,0.0005109616001812071,0.0005109616001812071
Subflow Fwd Byts,Active Mean,0.0005109616001812071,0.0005109616001812071
Subflow Fwd Pkts,Active Min,0.0005091705554507248,0.0005091705554507248
Tot Fwd Pkts,Active Min,0.0005091705554507248,0.0005091705554507248
Dst Port,Fwd URG Flags,0.00046041034040133144,0.00046041034040133144
Dst Port,CWE Flag Count,0.00046041034040133144,0.00046041034040133144
TotLen Fwd Pkts,Bwd Pkt Len Max,-0.00044525612162330056,0.00044525612162330056
Bwd Pkt Len Max,Subflow Fwd Byts,-0.0004452561216233004,0.0004452561216233004
Bwd IAT Std,Subflow Fwd Byts,-0.00043812636463400365,0.00043812636463400365
TotLen Fwd Pkts,Bwd IAT Std,-0.00043812636463400365,0.00043812636463400365
Fwd Header Len,Fwd Seg Size Avg,-0.0004148762265695949,0.0004148762265695949
Fwd Pkt Len Mean,Fwd Header Len,-0.0004148762265695945,0.0004148762265695945
TotLen Bwd Pkts,Bwd Pkt Len Min,0.0004085989006842343,0.0004085989006842343
Bwd Pkt Len Min,Subflow Bwd Byts,0.00040849254880078,0.00040849254880078
Fwd IAT Std,Fwd Header Len,-0.00038074623584120497,0.00038074623584120497
TotLen Bwd Pkts,CWE Flag Count,-0.0003541881532948154,0.0003541881532948154
TotLen Bwd Pkts,Fwd URG Flags,-0.0003541881532948154,0.0003541881532948154
Fwd URG Flags,Subflow Bwd Byts,-0.00035418531469052133,0.00035418531469052133
CWE Flag Count,Subflow Bwd Byts,-0.00035418531469052133,0.00035418531469052133
Flow IAT Mean,Bwd IAT Tot,-0.00033848672733254124,0.00033848672733254124
Subflow Bwd Byts,Init Fwd Win Byts,-0.0003373869559286849,0.0003373869559286849
Fwd Header Len,Active Std,0.00033738549548513024,0.00033738549548513024
TotLen Bwd Pkts,Init Fwd Win Byts,-0.0003373835347939999,0.0003373835347939999
TotLen Fwd Pkts,Bwd IAT Max,0.0003342477209539165,0.0003342477209539165
Bwd IAT Max,Subflow Fwd Byts,0.00033424772095391644,0.00033424772095391644
Fwd Header Len,Active Min,0.00032810405317967205,0.00032810405317967205
Fwd Header Len,Active Mean,0.000298433087264074,0.000298433087264074
TotLen Fwd Pkts,Fwd URG Flags,-0.000284216742282381,0.000284216742282381
TotLen Fwd Pkts,CWE Flag Count,-0.000284216742282381,0.000284216742282381
Fwd URG Flags,Subflow Fwd Byts,-0.00028421674228238096,0.00028421674228238096
CWE Flag Count,Subflow Fwd Byts,-0.00028421674228238096,0.00028421674228238096
Fwd Seg Size Min,Idle Max,0.00027242692188696036,0.00027242692188696036
Pkt Len Std,Active Mean,-0.00026103835101003343,0.00026103835101003343
Bwd IAT Tot,Subflow Fwd Pkts,-0.0002506265424853868,0.0002506265424853868
Tot Fwd Pkts,Bwd IAT Tot,-0.0002506265424853866,0.0002506265424853866
Fwd Header Len,CWE Flag Count,-0.00022691936250178715,0.00022691936250178715
Fwd URG Flags,Fwd Header Len,-0.00022691936250178712,0.00022691936250178712
Fwd URG Flags,Subflow Fwd Pkts,-0.0002187448057969259,0.0002187448057969259
Tot Fwd Pkts,CWE Flag Count,-0.0002187448057969259,0.0002187448057969259
CWE Flag Count,Subflow Fwd Pkts,-0.0002187448057969259,0.0002187448057969259
Tot Fwd Pkts,Fwd URG Flags,-0.0002187448057969259,0.0002187448057969259
FIN Flag Cnt,ACK Flag Cnt,-0.00020920198016042185,0.00020920198016042185
CWE Flag Count,Fwd Act Data Pkts,-0.000205668718522237,0.000205668718522237
Fwd URG Flags,Fwd Act Data Pkts,-0.000205668718522237,0.000205668718522237
Fwd Header Len,Pkt Len Std,0.00018584458224898577,0.00018584458224898577
Bwd Pkt Len Std,Active Std,0.00017869488337321498,0.00017869488337321498
Bwd IAT Std,Fwd Header Len,0.00014445108873987317,0.00014445108873987317
Subflow Fwd Byts,Active Min,0.00013134780584336776,0.00013134780584336776
TotLen Fwd Pkts,Active Min,0.00013134780584336776,0.00013134780584336776
Bwd IAT Min,Active Std,-0.00012822387759435345,0.00012822387759435345
Flow IAT Max,ECE Flag Cnt,-9.337516184634429e-05,9.337516184634429e-05
Flow IAT Max,RST Flag Cnt,-8.792812064955582e-05,8.792812064955582e-05
Pkt Len Max,Active Std,-6.485231213568386e-05,6.485231213568386e-05
Bwd Header Len,Fwd Act Data Pkts,-6.461158984592333e-05,6.461158984592333e-05
Pkt Len Mean,Subflow Fwd Pkts,-5.510381256525622e-05,5.510381256525622e-05
Tot Fwd Pkts,Pkt Len Mean,-5.510381256525617e-05,5.510381256525617e-05
Subflow Bwd Byts,Fwd Act Data Pkts,-4.166067227374641e-05,4.166067227374641e-05
TotLen Bwd Pkts,Fwd Act Data Pkts,-4.165886162212233e-05,4.165886162212233e-05
Bwd Pkt Len Max,Active Mean,-3.631326025900773e-05,3.631326025900773e-05
Tot Fwd Pkts,Idle Std,2.684482482055155e-05,2.684482482055155e-05
Subflow Fwd Pkts,Idle Std,2.684482482055155e-05,2.684482482055155e-05
Subflow Bwd Pkts,Fwd Act Data Pkts,1.2672784414349122e-05,1.2672784414349122e-05
Tot Bwd Pkts,Fwd Act Data Pkts,1.2672784414349122e-05,1.2672784414349122e-05
